from_stop,to_stop,services,AM_Peak_bph,link_km,from_Latitude,from_Longitude,to_Latitude,to_Longitude,matched_m,match_ratio,v_peak,v_ref,bus_h_lost_per_h
94089,94039,11,55.35793025722798,0.30000000000000004,1.31536333302999,103.94294138900047,1.31485363967239,103.94066333773824,288.17273171029746,0.960575772367658,15.618749529413934,38.47794553662347,0.6316898729362141
70299,70289,16,76.9674290621659,0.2999999999999998,1.3374750000156,103.88758305557131,1.335054333,103.8885833,271.8235000743765,0.9060783335812556,25.631187965342953,59.537112598513275,0.5130353882555672
63101,62231,7,52.62170577960052,0.40000000000000036,1.35110728949265,103.8903098431232,1.34771728070981,103.89029313192805,266.0783596780933,0.6651958991952327,24.233767204228116,55.0,0.48586499880166917
72019,83119,14,95.99793481372429,0.6999999999999993,1.32884628389091,103.90546507501655,1.32306974700238,103.90560762847845,365.3482388205571,0.5219260554579392,37.93285576460323,49.51396017388761,0.4143493907272535
11029,11019,8,48.82121737911211,0.5999999999999996,1.29013472201419,103.80202111098815,1.28679632523156,103.80565677295323,450.3228315819356,0.7505380526365597,25.604099913027476,40.11552350014928,0.4138547050190433
98019,76249,11,65.4028549634957,0.6000000000000001,1.3622609999684,103.96338699998489,1.35836639849151,103.95947435534286,691.4628553820933,1.0,28.095535981558662,39.54405350189518,0.404369790846562
63209,63199,15,67.80779709218018,0.40000000000000036,1.36605804817414,103.87522122785421,1.36327972197547,103.87383805598819,306.7790494872608,0.7669476237181514,27.519242505133928,45.01802522563648,0.3831109365895774
62071,62081,4,22.77310924369748,0.40000000000000036,1.34252980960729,103.88002892732668,1.34384211984571,103.87773872280378,239.79608251323626,0.5994902062830901,13.553185606367549,30.788155230894148,0.37624244646654487
62231,62241,7,52.62170577960052,0.30000000000000027,1.34771728070981,103.89029313192805,1.345072,103.891184,326.81538646626325,1.0,17.7271535398279,30.34968173445198,0.37037305069619464
17189,17179,11,69.98955946014769,0.2999999999999998,1.31790502165515,103.76406408827933,1.31528191560846,103.76536000516927,398.8341277748862,1.0,24.992099699340976,44.280780835428445,0.36596456238250574
41109,11119,9,46.66544211988858,0.40000000000000036,1.31944666701923,103.81052861101583,1.31747833490912,103.80785606728587,423.6321614345754,1.0,28.42109692764639,63.93487923065687,0.36481578340045295
59041,59051,16,80.62610813465108,0.3999999999999986,1.41625420109094,103.832591612732,1.41968270185637,103.83429674432547,372.00264517830715,0.9300066129457711,27.81422355912433,40.470873751917274,0.3626143137914594
03129,03218,33,139.20513527099646,0.5,1.27807003532092,103.84956718123823,1.2740788888387,103.84687388890413,549.5529819400333,1.0,33.627405942479854,40.764627399068516,0.3623911554642875
41119,41109,9,46.66544211988858,0.3000000000000007,1.32074221277671,103.81245374678939,1.31944666701923,103.81052861101583,557.8997935955445,1.0,22.6542314418424,54.376274933036974,0.3605114062012976
17239,17159,6,34.99683065472539,0.5000000000000001,1.31244056,103.7658489,1.31197556,103.7698144,399.1051994167853,0.7982103988335704,21.021389351093866,36.81898235963611,0.35715476141996194
63039,63029,9,46.14522068171281,0.5,1.360036,103.885203,1.35727472200293,103.88218027802674,399.20673757531586,0.7984134751506317,26.637582716560818,42.878711875802765,0.3280774722963223
46549,46539,17,90.23076923076923,0.4,1.43319818915334,103.7812567265195,1.43209962904173,103.77822365534921,394.231113584994,0.985577783962485,31.741717536901,43.734092139120904,0.31179510942541055
44141,44251,6,47.75454545454545,0.6000000000000001,1.37835602806756,103.75773677895589,1.38030076722264,103.76231669235113,627.2292294370033,1.0,28.54943788229417,41.21422311331055,0.30840337062132117
17169,17159,7,42.370511841100075,0.39999999999999947,1.31284527799656,103.76679666702314,1.31197556,103.7698144,226.65296116436696,0.5666324029109181,21.506410294546974,35.22824735043177,0.30695661402837227
20261,20271,6,33.169934640522875,0.3999999999999999,1.3215997308483,103.74546423225033,1.325103,103.745617,378.1429258652777,0.9453573146631945,17.6662742821461,29.72675239672374,0.30470297697647314
64119,64109,11,53.21602257391731,0.5,1.37679164872283,103.87713655364794,1.37202330151763,103.87690900449827,531.9501397963523,1.0,29.847050081101003,44.34534671844641,0.2914606494033878
76241,98011,14,64.93700159489633,0.5999999999999999,1.35845802746258,103.95917058122039,1.36221388889515,103.96291600002557,611.5300166149407,1.0,29.90952151744876,38.48941406268321,0.2903852586023033
43119,43109,8,45.33937630996454,0.40000000000000036,1.37337830995776,103.76300821940876,1.37043731031208,103.76391083181434,357.04693861067904,0.8926173465266968,29.510855068869922,53.919863907142876,0.27819870049622664
75131,75121,5,52.08791208791209,0.3000000000000007,1.35594818346107,103.93709646027764,1.35593392058986,103.93903255460283,231.5925702216683,0.7719752340722259,20.194661364201256,30.754473589820698,0.26568652395150655
60089,52089,10,62.57368928912878,0.7,1.32865054961465,103.86615967295366,1.32991690265608,103.86027368842302,358.9369878752234,0.5127671255360334,38.3800399554936,49.96276008786095,0.2645748262636875
60139,60119,13,72.86455282208179,0.5,1.32204861560134,103.86628982237994,1.31880431510648,103.86409707876385,422.86757044715057,0.8457351408943011,36.34931049307179,49.15542294215918,0.2611175155289327
08057,08069,28,162.4094868592917,0.5,1.29930997279734,103.84529021429745,1.29821382250893,103.84936128375956,422.44117815265247,0.844882356305305,35.989682079238094,40.694898732135464,0.26088135505425564
60119,60099,10,55.35200878450306,0.5,1.31880431510648,103.86409707876385,1.315304,103.861404,440.7631050919949,0.8815262101839898,32.02010651670446,45.79942902583632,0.26004494732854583
11089,11079,8,41.93426803081975,0.5,1.30946135492693,103.80334087354639,1.305441389003,103.80185250000659,537.1803071612431,1.0,34.652982998728135,60.30233541066501,0.2573598046431719
03111,03071,33,105.95725144420797,0.30000000000000004,1.2778259536079,103.8481011719729,1.27990609626764,103.84940030424481,321.0705809505831,1.0,27.278838864353787,35.0,0.2570636264853118
12079,12069,7,45.761831048208755,0.2999999999999998,1.32383187575187,103.77263094375739,1.32143306,103.7710419,415.25696800754315,1.0,28.169462113312377,58.230817943022856,0.2515948618216523
59059,59049,19,94.4232772058859,0.5,1.42054602879781,103.83497942324875,1.41700998157675,103.83339984073773,394.6382781980136,0.7892765563960272,34.34683918947145,41.93295436593708,0.24867164534415945
20299,17079,6,36.54965264620437,0.19999999999999996,1.3109280417106,103.75857544044081,1.30968304242083,103.75999360222924,263.33844019774074,1.0,15.026602020148715,30.2418134295742,0.24474995839798497
84151,93131,7,31.32549019607843,0.5,1.31656999665769,103.93334015990408,1.31277833350682,103.93415826027375,502.12724204291294,1.0,27.00169544204843,46.19013906032109,0.24097241286628862
20109,17189,8,50.348866819455054,0.3999999999999999,1.32085220079341,103.76206999856427,1.31790502165515,103.76406408827933,388.04327819102,0.9701081954775503,27.53307980681959,40.76383954773463,0.23741305574627614
03059,03129,24,143.3073636680761,0.40000000000000036,1.281111,103.851461,1.27807003532092,103.84956718123823,407.3076407930807,1.0,31.83147511706509,36.66246158134375,0.23729354957346813
60159,60139,13,72.86455282208179,0.30000000000000027,1.32409476572475,103.86764196002876,1.32204861560134,103.86628982237994,283.8233979168129,0.9460779930560421,30.664976452324915,45.96153981484906,0.2372434456875102
11049,11039,12,73.76566182355656,0.39999999999999925,1.2954609366563,103.79952549937242,1.29245762862665,103.79998683928974,251.8770567943056,0.6296926419857651,32.03563738049892,43.142549521995655,0.2371201143070035
43049,43029,7,42.11120973969271,0.3999999999999986,1.3556996199834,103.76885141403912,1.35218580086883,103.77000849173528,417.51698822584467,1.0,30.619824666282103,53.023301110364834,0.23243614393117165
53099,53089,7,35.23954806803104,0.3000000000000007,1.36660638165473,103.82842866172699,1.363977,103.828198,355.42326469366526,1.0,25.077918600395662,55.0,0.22934496335468194
11059,11049,12,73.76566182355656,0.3999999999999997,1.29882892782979,103.80097389222824,1.2954609366563,103.79952549937242,383.7066116510589,0.9592665291276479,41.19835053432763,60.276791801358826,0.22668728777965166
77019,77029,12,56.80227053906058,0.40000000000000013,1.3737108000359,103.94351079998545,1.373014,103.945543,252.5109802493176,0.6312774506232939,28.764223006457286,40.228662113565775,0.22510765435774435
63179,63369,16,75.80779709218018,0.40000000000000036,1.35999305129204,103.87393532776181,1.356702,103.874108,420.07671331098754,1.0,35.08571301987095,47.40822176497878,0.22464100350710206
84011,84021,15,79.12542005045475,0.3000000000000007,1.32257749632692,103.92233358172962,1.32338320435233,103.92508721683168,439.6842332299563,1.0,28.15700219764983,38.07061341654968,0.21952949445263767
28369,28359,3,17.23076923076923,0.3999999999999999,1.34449722197147,103.72747138899737,1.34388722199927,103.73119944403174,354.82046103967195,0.8870511525991801,18.33262457357466,43.866007268309204,0.2188367522568707
62061,62071,4,20.32967032967033,0.30000000000000027,1.341751,103.881765,1.34252980960729,103.88002892732668,247.68523762522292,0.8256174587507423,18.85743290451196,55.0,0.21253248789286525
19039,19029,7,40.78697188604309,0.5,1.31167951129602,103.77868390552867,1.3095609201372,103.78201879388226,434.1350112118178,0.8682700224236356,34.97001342466679,55.0,0.21238001032093495
10169,10149,11,47.88621320200267,0.5999999999999999,1.285965,103.82756,1.286015,103.832988,609.822852318403,1.0,26.863542049263113,33.4887316527374,0.21159143410287243
98029,98019,3,22.360248447204967,0.40000000000000036,1.36438833297951,103.96545638898216,1.3622609999684,103.96338699998489,299.5859562739014,0.7489648906847528,21.264208257151036,42.23697150604059,0.20885759978215462
17129,16099,4,26.926482213438735,1.0999999999999996,1.30514136653386,103.76985839745124,1.30061249997689,103.77815138886747,967.6749723229739,0.879704520293613,49.48522738747718,74.99999999999999,0.20362315999390607
75369,75319,12,78.7914242620125,0.3000000000000007,1.370271,103.930686,1.367593,103.931091,331.58538494875677,1.0,35.92788875108495,52.028764964214254,0.2035984665063526
70289,70279,13,63.396000490737336,0.5,1.335054333,103.8885833,1.33155751923227,103.88951499040957,375.23906207746006,0.7504781241549201,33.57163854506813,42.67173344475988,0.20135617920937965
92079,92069,10,52.01998231653404,0.5,1.3066285,103.9148705,1.30566306799291,103.9110051545323,450.96270496030996,0.90192540992062,31.244198445196908,41.18823195001082,0.20098342653144488
46539,46529,17,90.23076923076923,0.3999999999999999,1.43209962904173,103.77822365534921,1.43208152770031,103.77459689006626,398.18904756569117,0.9954726189142282,39.76206594061031,50.96687452604088,0.1995547867906419
46289,46009,5,49.796918767507,0.5,1.43872239825648,103.79091198323174,1.436946,103.785936,577.6029869659446,1.0,26.49235401145318,33.59262406160332,0.19864738981794414
28509,28499,11,62.39714929033814,0.5,1.35003470887569,103.72654009750788,1.34963044051902,103.73046199733298,473.3134231134726,0.9466268462269452,31.327727541217833,39.081336181014734,0.19757879511714582
15059,15049,12,63.317480104436626,0.2999999999999998,1.27686194443878,103.80270111113056,1.274590541032,103.80216344738955,214.534653208479,0.7151155106949304,34.98685612855962,54.97371225711925,0.1973919237071544
84039,84029,7,46.28330431178728,0.4,1.32353645344906,103.92886300203479,1.32295305994698,103.92517704260585,414.19086709909595,1.0,28.582650243925613,41.10729517962665,0.197346021109884
22469,22189,5,26.81673313898378,0.2999999999999998,1.33649062479414,103.69631873743737,1.33369710730493,103.69666289847902,361.2219183194687,1.0,19.177231651906027,36.19560864886663,0.19724384809741213
64019,63069,9,48.16386870036082,0.2999999999999998,1.368308353364,103.89393838248249,1.36637999879956,103.89194715850095,332.6505727400962,1.0,27.782036321030247,44.743710482921756,0.1971583902562612
59171,59161,7,53.21128871128871,0.40000000000000036,1.43226509746155,103.84019665786346,1.43014843981169,103.83793159453417,208.75834485605145,0.5218958621401282,25.23718292674876,32.72984745259982,0.19307017923113415
07518,04019,7,36.0423421084681,0.40000000000000036,1.30095828368506,103.85211175034802,1.29807216909408,103.84975607305783,479.99527248302604,1.0,21.120508847078725,29.42910875031677,0.19271670207629435
60269,60209,11,52.16132336875371,0.09999999999999964,1.33099030126892,103.86922890950602,1.32986133945973,103.86896099565628,114.33791163741074,1.0,18.17809375176959,54.99999999999999,0.19210728784533443
46521,46531,13,71.86623902413376,0.3999999999999986,1.43237833345523,103.77429333367095,1.43240249999047,103.77751138903017,355.2220228341188,0.8880550570853001,36.6149681086146,48.44454942109871,0.19171261960022662
76361,76391,3,21.623376623376622,0.40000000000000036,1.36002524992852,103.95032266084807,1.35844376751138,103.947541136035,217.01466293281283,0.5425366573320316,18.139213023777728,30.000000000000004,0.18851994920272205
72041,72051,7,40.693797251342005,0.40000000000000036,1.33470286981513,103.90743417265202,1.33343973211343,103.90412516288117,286.378101969245,0.7159452549231119,24.82287693673349,34.82287693673349,0.18830915997326297
17149,17139,7,45.297910784867305,0.6000000000000014,1.31171515103681,103.76346179699715,1.307653,103.76674,1034.356493858287,1.0,45.88324422099966,66.99996041283597,0.18669261628366018
60099,07329,12,61.95351254390156,0.3000000000000007,1.315304,103.861404,1.31284472583438,103.85989088288474,259.6615938698594,0.8655386462328628,26.594533186879765,35.94490518708343,0.18179685444751434
66459,54659,7,36.14423896648961,0.40000000000000036,1.37848946701219,103.87075091953804,1.37834008020794,103.86686274044777,384.71299818909,0.9617824954727242,31.537134241851533,51.730676452068906,0.17895391278181327
64129,64119,8,42.1002331002331,0.40000000000000013,1.37995970749936,103.87686804999332,1.37679164872283,103.87713655364794,251.92576046553316,0.6298144011638327,29.50930604842869,42.96691764490246,0.17873898426306567
63029,63019,9,46.14522068171281,0.6000000000000001,1.35727472200293,103.88218027802674,1.35347964311763,103.87800141702434,700.3349769083515,1.0,35.93235532853142,46.572726904206434,0.17604245607344382
63219,63209,17,73.02518839652801,0.2999999999999998,1.368497,103.876166,1.36605804817414,103.87522122785421,292.9481961534424,0.9764939871781418,38.14990988495233,55.0,0.1759300243115873
59409,59419,7,59.367737525632265,0.20000000000000018,1.42663883088373,103.84640616622914,1.42536,103.84607,157.96888303788097,0.7898444151894042,18.248095488612048,25.000000000000004,0.17573134471172194
17189,17009,3,21.08479755538579,0.3000000000000007,1.31790502165515,103.76406408827933,1.31491572870629,103.76412225438476,186.36276576216488,0.6212092192072148,20.0,45.00000000000001,0.17570664629488203
11099,11089,6,30.934268030819755,0.39999999999999947,1.31305333300118,103.80437666697586,1.30946135492693,103.80334087354639,845.516596832731,1.0,31.167690232227862,55.69001466671595,0.1748153315772753
18119,19089,5,23.690402476780186,0.5,1.30004638896912,103.78466749999943,1.30370305599194,103.78184388900041,589.8790830188767,1.0,26.47045393358372,43.35510838850741,0.1742741428258011
11039,11029,12,73.76566182355656,0.40000000000000036,1.29245762862665,103.79998683928974,1.29013472201419,103.80202111098815,210.66685411120017,0.526667135278,33.22884910380664,41.32615307148542,0.1739860377048983
71051,71061,6,46.305916305916305,0.5,1.34151105876514,103.89189250385124,1.33901443022109,103.89506854137488,299.20404810930296,0.5984080962186059,40.25926911336964,57.54321151889495,0.17273856784991512
84659,84359,8,50.65934065934066,0.4,1.327201,103.93063,1.32787704925987,103.934076210002,392.2403677979373,0.9806009194948433,25.000000000000004,31.755486824007534,0.17243181198071555
71089,71079,9,61.99306351809821,0.3999999999999999,1.33291479894363,103.90097214917817,1.33554558497215,103.89825312082961,480.01384319948954,1.0,37.19094696254059,50.161079617165775,0.17240243516783024
66041,66051,9,49.13064424646325,0.2999999999999998,1.3557230306281,103.8697219448858,1.35585499445871,103.87196190877665,152.48848231767386,0.5082949410589132,29.10054033434549,44.10054033434549,0.17227410773048196
63361,63181,12,61.52104215265062,0.40000000000000013,1.35744648841295,103.87383985365209,1.36083138898279,103.87346222201559,256.4453585901951,0.6411133964754876,38.67975108801423,53.02547287686925,0.17212258440368458
45049,45039,8,45.28055278055278,0.20000000000000018,1.39773638898124,103.75499277801016,1.39585817355572,103.75427816224409,279.1559487411664,1.0,27.998658753758022,59.66756083082798,0.17167189886212736
70271,70281,11,54.8110759553484,0.6000000000000001,1.33078171512111,103.88931512831826,1.3354935,103.8879965,333.84679681658383,0.5564113280276396,37.45874309181131,46.48141042664816,0.17042057432929822
63369,66379,11,48.55325163763472,0.40000000000000036,1.356702,103.874108,1.35339155862192,103.87285801649963,413.83657228061105,1.0,27.734438783621503,36.46300033235768,0.1676290201936431
11369,18149,11,55.417401132840624,0.6000000000000001,1.3063259638605,103.79084827741467,1.302549,103.787196,367.09371035202645,0.6118228505867106,37.183560843075064,45.75616289554567,0.16753652176801523
11119,11109,9,46.66544211988858,0.2999999999999998,1.31747833490912,103.80785606728587,1.31552472199926,103.80574305602846,354.43878853649204,1.0,33.515044645105284,55.85954601366572,0.16708986305346732
71091,72019,16,101.61382235867362,0.40000000000000036,1.33073374785934,103.90373154551283,1.32884628389091,103.90546507501655,209.9739973976756,0.5249349934941885,36.400758611613504,42.7743109466775,0.16637990770488797
45019,44069,7,44.66516816516817,0.3000000000000007,1.38829923721056,103.75553944051408,1.38592018696626,103.75717769160771,356.1213164527023,1.0,29.582185478596806,46.583325420737566,0.16531319766840352
05029,05199,5,29.630075187969926,0.40000000000000036,1.28712283362119,103.84819780822524,1.28451455846092,103.84666049314171,334.6028369950678,0.8365070924876687,21.378640133170634,30.288274878666098,0.16307899645730198
63049,63039,14,68.8305353670275,0.3999999999999999,1.36219166668854,103.88752277779692,1.360036,103.885203,360.6651579621661,0.9016628949054155,33.56144084976793,41.87045436030692,0.1627954763122248
11069,11059,6,31.796336996336997,0.3999999999999986,1.30236853162324,103.80161762237655,1.29882892782979,103.80097389222824,331.0628370725687,0.8276570926814247,24.793820157118454,36.28588458591274,0.16246281467263285
53391,53381,6,36.102188859733616,0.5,1.35444291744538,103.84696320325273,1.35830432828214,103.84496212009292,504.91944653339306,1.0,25.552276830453383,33.159687813636836,0.16206915965653604
04121,08041,29,91.869455497815,0.2999999999999998,1.29618544092334,103.84958029974611,1.29811014243867,103.84780636909545,293.9960662353393,0.9799868874511316,28.43796856909936,34.02685691196622,0.15918327134671487
63181,63191,11,53.52104215265062,0.3999999999999999,1.36083138898279,103.87346222201559,1.36426277802723,103.87403972199432,237.92061699815844,0.5948015424953963,29.25276219400696,37.31303252505183,0.15809084947457272
76231,76241,20,94.16777082566556,0.30000000000000027,1.35666908955685,103.95736200626966,1.35845802746258,103.95917058122039,345.4852974927719,1.0,32.245031862278914,39.326113966460696,0.15775361881843186
67029,67019,9,48.060716978992986,0.2999999999999998,1.38906690681702,103.86517736947857,1.38976371710347,103.86253811109862,247.0942064267105,0.8236473547557022,32.20614430658766,49.7171022315785,0.1576800911413252
60039,60029,7,37.76928385624038,0.5,1.31996473842763,103.86983042567824,1.31717045698013,103.86600136758759,301.5096357247596,0.6030192714495193,39.95925243727782,59.894912882146045,0.1573012197011201
59399,59409,7,59.367737525632265,0.3999999999999999,1.43026750784845,103.84552062872451,1.42663883088373,103.84640616622914,391.1382072078529,0.9778455180196325,28.242276658553365,34.70401041182055,0.15655977243744695
56029,56019,5,30.48739495798319,0.5,1.37359500001635,103.82870000002058,1.369486,103.828616,388.55843314144295,0.7771168662828859,34.240893555426155,52.64826800527203,0.1556513852729362
84049,84039,13,74.43678416526714,0.6999999999999997,1.32432719820227,103.93471220144858,1.32353645344906,103.92886300203479,612.5321923250696,0.875045989035814,42.47539505144117,48.61487286599339,0.15492107274385264
28501,28511,11,54.66830735187733,0.40000000000000036,1.34980328426271,103.72737769835274,1.35063596491215,103.7237236090261,490.4914143129271,1.0,27.266239360539004,33.760979330707656,0.15428265635131286
71081,71091,8,51.734487734487736,0.5,1.33375855817569,103.9005998503616,1.33073374785934,103.90373154551283,551.8511949378783,1.0,35.859403947966285,45.55131653439049,0.15348136250179267
44131,44141,10,60.01827277581753,0.3000000000000007,1.37710069702793,103.75532192967427,1.37835602806756,103.75773677895589,364.18219866267987,1.0,31.406097728645697,42.881761965648245,0.15342494669634787
41129,41119,3,15.514285714285714,0.5999999999999996,1.32542946413096,103.81399869920736,1.32074221277671,103.81245374678939,1127.0794348730035,1.0,28.767496985163696,54.52265298696583,0.1528509577774135
46399,46289,6,61.796918767507,0.3999999999999999,1.43896035246776,103.79423705109248,1.43872239825648,103.79091198323174,304.87374881716767,0.7621843720429193,35.00243302601247,44.57055457532924,0.1516028009984841
46529,46491,12,61.70629370629371,0.30000000000000004,1.43208152770031,103.77459689006626,1.43188974761143,103.77200799456398,352.2512884422701,1.0,28.88622214278125,37.69768733427483,0.14979364603537343
64109,63219,12,50.23341387826513,0.3999999999999999,1.37202330151763,103.87690900449827,1.368497,103.876166,469.4863421287015,1.0,32.459771912182354,42.772814541273846,0.14925407789895812
42039,42029,12,67.9844160252402,0.5,1.33474752657285,103.7877986922408,1.33325151466609,103.79206171859214,595.980633033539,1.0,42.1717513707261,51.75420172024224,0.14924118947168769
28499,28469,11,62.39714929033814,0.3999999999999999,1.34963044051902,103.73046199733298,1.34612717332075,103.73193313637753,294.7042484732937,0.7367606211832345,28.943654268815173,35.0,0.14921551872886518
76059,76069,10,64.76077070504316,0.5000000000000001,1.35296163572491,103.94165154852797,1.348675,103.942076,322.20681158503953,0.6444136231700789,37.38436542171847,45.150570075810116,0.1489833009385232
27309,22459,5,34.76817300346712,0.2999999999999998,1.3410704693164,103.69426536144466,1.33856290426228,103.69572041924057,394.20630208455816,1.0,26.855982018745614,43.30926320940101,0.1475481646828935
28631,28641,13,63.451348523599165,0.2999999999999998,1.34053157728505,103.74418616293988,1.33917889755759,103.74610320575732,228.65801723462664,0.7621933907820893,28.179744077890252,36.05263731186105,0.14751031449961294
41081,42011,10,52.74512484419605,0.3000000000000007,1.33082323351422,103.79727250094409,1.33161452117352,103.79503057628676,393.3721404165942,1.0,30.296702371475455,42.20151419951514,0.1473339119317011
71071,71081,9,60.305916305916305,0.40000000000000036,1.33638181561906,103.89785574766542,1.33375855817569,103.9005998503616,418.9300691079603,1.0,39.15379590378501,51.31276754617068,0.14598809651888786
76229,76219,7,51.17293233082707,0.2999999999999998,1.35614001051089,103.95353851635838,1.35644168689504,103.95114418566536,233.3264453661886,0.7777548178872958,31.046945335560196,44.03129689037347,0.14581475411482064
10191,10201,6,29.186813186813186,0.3000000000000007,1.28860026020096,103.81903121724014,1.28928144532567,103.81662854691157,288.14441460718814,0.9604813820239583,21.959519269614276,34.59236158000274,0.14561495083868747
14069,05641,8,47.504283332766306,0.5999999999999996,1.272538056,103.8364069,1.27272393115133,103.84140618785226,677.238822452098,1.0,43.88047380078122,56.547773951483,0.14550612017603762
61049,61039,12,57.66346933579531,0.40000000000000013,1.34196277802503,103.8709686110327,1.33845332842129,103.87084881783568,461.0347570295322,1.0,38.40087301577858,50.633530852605595,0.14511164874962537
59429,59569,6,39.89154704944178,0.30000000000000027,1.417434,103.835047,1.41849332350079,103.83293900021363,326.2360361334062,1.0,19.069864626404208,24.800069330846664,0.14500125655107185
28461,28491,10,52.59934183463595,0.5,1.345332402809,103.73205383657178,1.34905596073619,103.7307863306416,506.355921949246,1.0,28.634307846443377,33.93088716770093,0.143371850326816
71159,71169,4,26.601503759398497,0.3000000000000005,1.32787641919412,103.89457489895001,1.32706502989935,103.89217317535862,231.91704748778642,0.7730568249592867,21.09418509323707,33.96382336171118,0.14335553192512496
08138,08057,25,122.61773853941037,0.39999999999999947,1.3004785730821,103.84184700607595,1.29930997279734,103.84529021429745,450.8205516700825,1.0,35.75780612772533,39.930233005320844,0.1433274314245055
43629,42319,6,36.16342123056119,0.40000000000000013,1.34240810773422,103.75915813592935,1.33915373900693,103.76043841269879,502.96435979608657,1.0,31.770094184604005,46.34274022221334,0.14317516934817812
76369,76359,6,32.182863576052426,0.30000000000000004,1.36025642698418,103.95022273065783,1.36209168075863,103.95217875196944,279.64567651836825,0.9321522550612273,20.862370367153602,30.15566521627764,0.14262087314727495
78109,78119,6,41.541279669762645,0.5,1.375403,103.954556,1.37568,103.957966,320.62293105149854,0.641245862102997,30.61350210028324,38.65437904735033,0.14113722541048135
41089,41079,11,62.43999915179106,0.40000000000000036,1.33044921085796,103.79993319513187,1.32940305598521,103.80304777797754,453.7277824813449,1.0,42.20022217794148,55.37171322419218,0.14078459063619198
63341,63249,7,43.14718614718615,0.5999999999999996,1.36751402871615,103.88882988119938,1.36395805601148,103.89261277802149,527.110972124355,0.8785182868739255,38.09405887634192,48.02016062998686,0.14047582602052108
53231,53211,5,23.052902875746067,0.40000000000000036,1.35089997844732,103.84797987894204,1.34707169454274,103.84712672325323,465.58590969140414,1.0,26.77707559889231,45.06221248660074,0.1397359564799575
55089,55079,9,50.632145550421555,0.2999999999999998,1.39129403706334,103.85630398734284,1.391952,103.853366,347.83724689518664,1.0,37.641387534818065,57.5111977729222,0.13941941904131952
70139,70129,5,28.67603792088918,0.29999999999999893,1.33218202150261,103.88328460405727,1.33157543468156,103.88058185579888,338.37961053501203,1.0,25.527141938048647,43.177774910204604,0.13776478979381607
03222,03111,17,57.55682609822908,0.7,1.27397836925637,103.84489562922414,1.2778259536079,103.8481011719729,652.9805608938997,0.932829372705571,34.568208359797204,39.16381380310315,0.13676525019892677
76249,76239,16,94.63362419426493,0.30000000000000027,1.35836639849151,103.95947435534286,1.3564927293972,103.95754826481253,357.4466828368072,1.0,33.34380723946819,39.68737051957699,0.1360919670973857
83119,83109,16,103.99793481372429,0.20000000000000018,1.32306974700238,103.90560762847845,1.32135678897249,103.90537221650075,158.71633800404544,0.7935816900202265,35.0,45.28364661870674,0.1349560685724253
17069,17049,4,20.652216748768474,0.5,1.3077663717505,103.76214066046377,1.304845,103.764494,408.64722633560586,0.8172944526712117,24.227633149150968,35.445211514211664,0.13488610981834792
84209,84529,8,54.46032728881026,0.5,1.33702513693776,103.93333589306084,1.33213305553955,103.93431305555218,716.7244780147352,1.0,32.02890446384872,38.067458419737704,0.13486126728644274
17079,17069,6,36.54965264620437,0.30000000000000004,1.30968304242083,103.75999360222924,1.3077663717505,103.76214066046377,269.06677633605,0.8968892544534999,28.925797384278813,44.82178415945718,0.13443660044724196
77209,77199,6,43.154061624649856,0.40000000000000036,1.37902915784394,103.94271591238348,1.376671,103.94637,507.16188832470755,1.0,35.52008111801268,48.92236652202341,0.13313097876256075
27091,27101,5,25.087521174477693,0.5,1.34910999998031,103.70388500000492,1.35259472200365,103.70111638902962,250.05100150648832,0.5001020030129767,33.74727247403691,52.49454494807382,0.13274341753064917
54339,54329,9,48.96876741361867,0.40000000000000036,1.3678447007404,103.85057966582927,1.36449772525141,103.85247983714417,423.55314189666126,1.0,30.99823273743297,39.21876670783814,0.13244889063545032
28249,28239,11,53.21823406478579,0.5,1.332605,103.739045,1.329722,103.7431495,630.0069998550725,1.0,38.08000941329324,46.983456526701474,0.13241788155078674
42151,42161,11,52.077097131543596,0.29999999999999893,1.34009254981171,103.77531978477353,1.34027669212035,103.77264625507586,299.6429673300971,0.9988098911003274,29.60046436235263,39.50299013277654,0.13230781868960853
54351,54471,7,48.64696944447168,0.3999999999999999,1.37647777885877,103.85003474200923,1.37613470846106,103.853296559924,352.744210496219,0.8818605262405478,38.58236838119254,52.08818833853957,0.1307701438763763
96289,96109,6,36.5114709851552,0.40000000000000036,1.34004,103.948359,1.33737118239889,103.95067333143491,502.7879180680883,1.0,33.42857969885809,47.60607529339657,0.13010935940913307
28021,28031,4,24.0,0.5,1.32615808379173,103.75545022241596,1.32790100001681,103.75101499996688,522.1667703107032,1.0,32.92282989298563,50.95291401810051,0.12897716139765542
17139,17129,5,31.926482213438735,0.5,1.307653,103.76674,1.30514136653386,103.76985839745124,284.82485596154635,0.5696497119230927,44.80791915673403,70.19208084326597,0.12883711914548918
10099,10089,7,37.77396221881348,0.5,1.28420923932422,103.81765723225827,1.28292332245689,103.82165660905856,432.80741043468913,0.8656148208693782,31.505967582344603,40.12167765187971,0.12873057695184653
28629,28319,2,16.07142857142857,0.5,1.342682,103.744754,1.33862623918679,103.74173313734524,643.6033966130009,1.0,20.97325368502011,31.551253460298817,0.12845340261021762
42049,42039,12,67.9844160252402,0.40000000000000036,1.33580349277905,103.7846322701164,1.33474752657285,103.7877986922408,374.2517297842598,0.9356293244606487,42.42096966439219,52.947768940673555,0.12744929815830947
28539,28409,7,38.32572071890957,0.2999999999999998,1.34975477386966,103.71542393424821,1.35081149361542,103.71793769087185,263.68835886723815,0.8789611962241277,24.611445871244946,33.80732336012262,0.12707404254701868
27109,27099,4,25.087521174477693,0.5,1.35309472199852,103.70082305601869,1.35023689448473,103.70360999821403,414.7201808140422,0.8294403616280843,29.343757454403406,41.719127055962524,0.126804596948838
17151,17161,12,64.4866606315119,0.3000000000000007,1.31169519353522,103.76960993525367,1.31240993603605,103.76685476875124,351.6800621757444,1.0,30.01830439495189,37.35169650144647,0.12653176330452265
62059,62049,11,53.780615875352716,0.40000000000000036,1.35170138896709,103.87859583297927,1.348714,103.8803845,362.54298484925096,0.9063574621231266,36.30235380412046,46.11066874799916,0.12605032192083496
80069,80049,12,66.23750796254267,0.5,1.31214703288286,103.87715016317217,1.31077707819718,103.87363663982293,463.69436069636816,0.9273887213927363,31.899602408498374,36.302520282769336,0.12591936561599043
09169,09179,14,70.28824055201764,0.2999999999999994,1.3070135326348,103.82835507326037,1.30587966240898,103.83049004618626,275.5359279879465,0.9184530932931568,30.744074371261163,37.64055922235015,0.12566496783542797
53059,53049,10,53.61097663945961,0.40000000000000036,1.355471,103.8312231,1.35362664583092,103.83422172361446,447.45079550048456,1.0,38.40645371116935,49.555794851284226,0.1256215823763164
60211,70101,8,48.83031286554525,0.3999999999999999,1.328541,103.870488,1.3296996501314,103.87395296821519,831.2826001971023,1.0,29.231064842450504,35.99338787129124,0.12553882172110067
55179,55189,10,52.52107187538104,0.40000000000000036,1.385991667,103.8431694,1.382955556,103.844225,589.1348021690778,1.0,33.77730504823854,42.27459162382735,0.1250170999979205
46009,46281,8,79.73809523809524,0.5,1.436946,103.785936,1.43878695707764,103.79002589502426,360.3247156879123,0.7206494313758246,30.89709415059773,34.208614817895906,0.12491373839874592
93099,93089,9,43.855896658642656,0.5,1.31390444400831,103.93171138898548,1.31295810131062,103.92790605020116,440.06756725712216,0.8801351345142443,34.12512799217459,42.33048819868975,0.12455698402749717
83079,83059,12,67.83348746197044,0.3999999999999999,1.31976833302337,103.91505416701378,1.31888900641724,103.91222670426201,367.139340274331,0.9178483506858278,31.586437718613062,36.921463079186545,0.12412551784142552
17161,17171,18,106.26815449996228,0.39999999999999947,1.31240993603605,103.76685476875124,1.315334,103.764861,401.74500853145514,1.0,37.43108121973839,42.02228121179324,0.1240730173223694
59051,58991,8,43.025149079595536,0.6000000000000014,1.41968270185637,103.83429674432547,1.424583611,103.8350086,439.04821333455516,0.7317470222242569,36.922398203312184,44.85726620931382,0.12367748262323637
70279,70269,13,70.1579052526421,0.3000000000000007,1.33155751923227,103.88951499040957,1.32824611112671,103.89014388885742,510.82306351273246,1.0,36.42863809161465,46.34811756244079,0.12365500979296369
63091,63101,7,49.9074200653148,0.2999999999999998,1.35385498086943,103.89147049226345,1.35110728949265,103.8903098431232,305.4807085023853,1.0,33.6528425031796,46.602613922348255,0.12362788725093511
76221,76231,6,44.76623376623377,0.3999999999999999,1.3563896244901,103.95390226733993,1.35666908955685,103.95736200626966,346.8513930605316,0.8671284826513292,29.300309929955397,36.706891818302736,0.1233129116266888
10081,10091,7,36.61120448179272,0.6000000000000014,1.2822783541702,103.82241744338572,1.28394108576437,103.81783962251122,507.7323027133059,0.8462205045221746,36.44300836842934,45.79157882662871,0.12305822164049793
53021,53041,9,40.92597928387402,0.40000000000000036,1.34967996840542,103.83652457261991,1.353099,103.834337,428.60742605296485,1.0,23.61444769048405,28.693236808122997,0.12270490305619584
42061,42071,9,42.50844287558284,0.40000000000000036,1.33687567142278,103.78038743713434,1.33876225175982,103.77694915592028,315.347927603624,0.7883698190090593,33.21467636682348,43.61833876536648,0.12210186358489557
03241,03111,20,71.13986013986013,0.5,1.27456,103.84537,1.2778259536079,103.8481011719729,616.6120125976959,1.0,34.6665952171262,39.33928115462983,0.12187426066146519
76201,76211,7,48.14285714285714,0.29999999999999993,1.35687499368341,103.9479674220669,1.35674667237884,103.95100259167165,447.7553820022965,1.0,33.561857630799416,46.81557243292557,0.12183004589165068
43491,43481,5,26.387218045112782,0.5,1.36395398644152,103.74714799810218,1.36015,103.74612,336.2108822272798,0.6724217644545596,23.54586823510577,30.08504160187369,0.12179266566803718
17159,19049,6,33.72814835663133,0.5,1.31197556,103.7698144,1.31266302174215,103.77479215922537,598.32439566356,1.0,32.69812596158006,42.80105210352332,0.12173974135575664
83101,83111,17,100.2903225026637,0.29999999999999993,1.32066709057479,103.90489836683336,1.32346854012914,103.90527311322877,391.61723095541817,1.0,39.128195768702646,46.477409003600755,0.12158763164358308
45059,45049,7,37.28055278055278,0.5999999999999996,1.40340952558706,103.75620896675814,1.39773638898124,103.75499277801016,559.8522306366672,0.9330870510611124,45.74791287544584,60.83821694771282,0.12127850144870407
28321,28331,6,26.029411764705884,0.39999999999999925,1.34127166427214,103.74090313908255,1.34204392869092,103.73804926872124,288.30510261675295,0.7207627565418837,21.272898105259742,28.190760229118972,0.1201054734121264
83049,83029,8,43.59106321954619,0.3999999999999999,1.318489754773,103.91002178191968,1.31774429797349,103.90635251996308,428.0052750497671,1.0,33.38010183700345,43.325515156848965,0.11990820375238126
60029,60019,4,22.04278812974465,0.5,1.31717045698013,103.86600136758759,1.31479811892165,103.86413644350252,251.5960240654356,0.5031920481308713,29.05224783696068,42.3896078856919,0.1193623241107448
28231,28241,8,45.614379084967325,0.40000000000000036,1.32986201071411,103.74248183726264,1.33175858461326,103.73957485927775,410.01133713631236,1.0,35.9403802572472,46.95229928937202,0.11906530689948006
10111,10131,10,53.696918767507,0.2999999999999998,1.28592835098556,103.80935410958449,1.28619141382394,103.80686549059318,266.2379598218494,0.8874598660728319,37.597086385997784,52.03531346647863,0.118886385408062
59419,59639,5,36.22488038277512,0.2999999999999998,1.42536,103.84607,1.42318166665872,103.84412388893058,365.3567740413055,1.0,23.640177602364574,31.801291751370798,0.1179728770982332
93011,93021,14,72.92101915224812,0.3999999999999986,1.30822971200422,103.92151900444857,1.30867772794032,103.92426998119757,364.11205410966465,0.9102801352741648,45.0,55.0,0.11785215216524912
70109,60219,7,41.43427967913094,0.40000000000000036,1.32946242383323,103.874037265782,1.32829192682419,103.8704918465033,425.7601584522271,1.0,33.218993994277945,43.430704962341274,0.1173099753690913
70309,70299,16,76.9674290621659,0.20000000000000018,1.33965000001824,103.88639700003634,1.3374750000156,103.88758305557131,459.36630120652075,1.0,42.13897229131605,62.063544164721456,0.11727500549518213
41071,41081,11,56.74512484419605,0.5999999999999996,1.328988333013,103.80266277802423,1.33082323351422,103.79727250094409,674.4403885224135,1.0,46.182835948208464,54.90567764616576,0.11712239460779243
75319,75299,11,72.7914242620125,0.40000000000000036,1.367593,103.931091,1.364115,103.931119,426.9917677938478,1.0,39.00543398263682,46.23826608572703,0.11676748816796274
46501,46511,4,28.416894030339407,0.3999999999999999,1.43796940271606,103.77118912980488,1.43438229479103,103.77255675974702,410.1605587023889,1.0,25.030318549543875,33.44300213792066,0.11423508800879657
20219,20209,5,27.666666666666668,0.30000000000000004,1.32205689998871,103.74143326706027,1.321453,103.744211,167.5589432186847,0.5585298107289489,22.063501457070224,31.61970819547873,0.11369237416045835
21571,21581,5,27.538095238095238,0.1999999999999993,1.33056719470166,103.72307005592994,1.33243350969467,103.72328639029729,172.8894457507124,0.8644472287535652,15.46106100846076,22.66768086381495,0.11325284578412502
28331,28451,6,26.029411764705884,0.5,1.34204392869092,103.73804926872124,1.34394189080479,103.73465998158574,493.6159614916246,0.9872319229832492,25.413769334982,32.61964346216719,0.11312868421872745
54321,54331,9,47.353725766066965,0.3999999999999986,1.3639846735447,103.85237785571755,1.36719473720813,103.85056845375878,421.21047696222905,1.0,31.161505267900246,38.25066347098845,0.11265524425535174
45039,45029,8,45.28055278055278,0.2999999999999998,1.39585817355572,103.75427816224409,1.39303959514259,103.75414864750223,507.04402167679166,1.0,31.254703461338703,42.16073888928102,0.11242846536462757
76209,76199,6,44.85714285714286,0.3000000000000007,1.35660332787929,103.94766913185744,1.35660016333768,103.94535428432116,194.3482497036863,0.6478274990122862,19.095061155128477,22.690115598081753,0.11166075816969953
64397,64389,6,45.87689434748258,0.29999999999999993,1.371948,103.890003,1.37313809346006,103.89156818388481,198.98007212339564,0.6632669070779856,30.28794327309234,40.14397163654617,0.11156477387060344
18049,18019,3,16.254545454545454,1.7999999999999998,1.29018147748939,103.79208093037771,1.28091055556275,103.80252305556165,1081.3724281153402,0.600762460064078,50.16400894874537,62.003134383243236,0.11136816788180424
76219,76209,7,51.17293233082707,0.40000000000000036,1.35644168689504,103.95114418566536,1.35660332787929,103.94766913185744,452.8898534772099,1.0,36.89233159256392,46.12664071181224,0.11107511536317084
43091,43111,8,39.8917618329383,0.5,1.36863253283887,103.76474109358477,1.37229972154626,103.76298146518725,430.27918425847207,0.8605583685169441,40.56396024824207,52.393909102890234,0.11102350608439358
75239,75249,11,58.505545961208824,0.39999999999999947,1.34675259898315,103.93257655832721,1.34791499671757,103.93017010145029,572.6291038129167,1.0,38.904205237284,47.549789648427875,0.10937202056565772
43453,28299,11,62.945012881854986,0.39999999999999947,1.3479,103.7385,1.344658,103.736797,481.9414508165311,1.0,35.74589597096754,42.30820055702942,0.10925138734409179
21431,21441,3,20.476190476190474,0.20000000000000018,1.34765638897246,103.71241055602675,1.34638242521451,103.71326229185901,164.693585574066,0.8234679278703293,15.000000000000002,25.0,0.10920634920634922
10201,10281,4,20.9010989010989,0.40000000000000013,1.28928144532567,103.81662854691157,1.29153833298318,103.81445166697797,202.42256245713037,0.5060564061428258,24.847249493515726,36.650982657006246,0.10836388106482678
41029,41019,8,40.610110951666925,0.5,1.32333331915013,103.81630566925632,1.32267444098276,103.82025232877241,539.549529414907,1.0,40.899129344338746,52.31519781534953,0.10833750024822243
46289,46008,2,27.0,0.5,1.43872239825648,103.79091198323174,1.43684944,103.7857369,577.6029869659446,1.0,26.49235401145318,33.59262406160332,0.10770705613585507
67491,67481,3,12.31578947368421,0.40000000000000036,1.39087538517899,103.87466488789592,1.3914815,103.877678,272.2220131121432,0.6805550327803574,19.18711259008346,32.9658183328328,0.10731419898380198
15199,15169,8,45.52364532019705,0.5,1.27604240853686,103.79318399639808,1.27481499269165,103.79673994290195,349.4033411032592,0.6988066822065184,44.73267908842904,56.67342890899964,0.10720973826421444
77219,77209,4,27.15406162464986,0.399999999999999,1.3805766269449,103.94064766803564,1.37902915784394,103.94271591238348,277.618756105309,0.6940468902632742,26.576033037005885,36.00122532060671,0.10699847111958538
43439,43429,3,21.0,0.2999999999999998,1.3512355,103.756353,1.35108692530475,103.75389074656302,268.05991709193916,0.893533056973131,18.314991639081267,26.53952513875587,0.10659871037624426
63081,63091,7,49.9074200653148,0.40000000000000036,1.3568307844677,103.89260949897677,1.35385498086943,103.89147049226345,363.2857677912363,0.90821441947809,46.018965527289836,60.983978015009214,0.10645096254320986
59719,59439,7,44.89154704944178,0.3999999999999999,1.41756544907262,103.84200497226853,1.417834,103.838374,295.22772405144826,0.7380693101286209,30.002136066875735,36.49152814204838,0.10643497214158058
81119,81109,10,47.70630422209369,0.30000000000000004,1.31856724602339,103.89169495502705,1.3209137166719,103.89117183414866,367.186421581731,1.0,28.092195715864637,35.4552765055533,0.10580106312171292
44689,44079,7,37.917582417582416,0.2999999999999998,1.37811000397911,103.73849893266107,1.37657500784909,103.73634658951725,351.15605528812983,1.0,25.934610824644523,34.12740802434179,0.105295802437515
15041,15051,12,51.83880209324855,0.3000000000000007,1.274632,103.801892,1.276978,103.8023815,266.1556994911617,0.8871856649705371,39.38929406125397,53.60205456052907,0.10468754508854196
63299,63289,5,30.52014652014652,0.2999999999999998,1.35263165715857,103.88833522800789,1.353941,103.88966,173.23347860377444,0.5774449286792485,25.000000000000004,35.0,0.10464050235478796
17179,17169,8,50.941940412528645,0.30000000000000027,1.31528191560846,103.76536000516927,1.31284527799656,103.76679666702314,337.9950191611708,1.0,33.88066472605781,44.1136049236369,0.10463396974478799
27271,27131,3,23.714285714285715,0.2999999999999998,1.34199989028017,103.69132051378558,1.34193999997072,103.6885297219715,295.8025163259804,0.9860083877532685,21.004169986252673,30.39206686091177,0.10462461013171367
54499,54489,7,36.14423896648961,0.5999999999999996,1.37700806651463,103.86055355422364,1.375675,103.855423,679.9896619891973,1.0,34.99955636790874,42.03974098119731,0.10376522017017756
46531,46541,13,71.86623902413376,0.3999999999999986,1.43240249999047,103.77751138903017,1.43328331503309,103.78083569681783,212.5054567708191,0.5312636419270497,42.831656195964534,50.66331239192908,0.10374808143380365
13029,13019,8,40.459233645611356,0.5999999999999996,1.30671783282361,103.8145185880206,1.3067380217198,103.82013079894885,691.8029269492603,1.0,40.49444412949873,48.937788310379,0.10342930728946155
50201,50211,5,30.267942583732058,0.30000000000000027,1.32495,103.85092,1.32306968689436,103.8525670514891,338.658209132672,1.0,25.490373317197367,35.7817294518212,0.10245643488198136
93201,93029,13,66.89459531963001,0.40000000000000036,1.30920003741893,103.92781269211483,1.30851455788092,103.92471047692146,490.7212405215529,1.0,39.31658381909646,46.265865220626154,0.10222437327230925
03539,03529,28,39.738884644767,0.4,1.2775330547661,103.85561610012866,1.27939957419063,103.85278769921703,458.00641907150435,1.0,31.28631411399283,39.16217294356058,0.10217682551728227
66059,66049,7,36.23617664851785,0.39999999999999947,1.35553141738293,103.87212299732872,1.35535475300084,103.86896493522666,355.7229020529772,0.8893072551324441,34.5668262864058,45.68832471881243,0.10207066012479113
44259,44149,11,56.92758637243763,0.5999999999999996,1.38029564329691,103.76297124601712,1.37798495709362,103.75776732086608,716.1264918424621,1.0,38.94579393927524,44.07202534094256,0.10201138809475317
45361,45301,3,26.8,0.40000000000000036,1.39239930690933,103.7500200571186,1.39184565454372,103.74663514172119,382.01895690372083,0.9550473922593012,28.05603859904474,38.25108336619937,0.10183893106121569
62019,70309,13,62.352044446781285,0.2999999999999998,1.34215709944082,103.88405276089232,1.33965000001824,103.88639700003634,795.8993634281296,1.0,40.7366739976864,52.33711590406318,0.10177734840694891
43179,43189,13,73.71015157658925,0.4,1.3489707828044,103.75430345301592,1.346993,103.756815,284.0213452598358,0.7100533631495896,33.33745708532629,37.6685615204382,0.10168910994917427
76191,76201,6,43.14285714285714,0.4,1.3569438864901,103.94477445426702,1.35687499368341,103.9479674220669,242.85582471146674,0.6071395617786668,27.132714839441263,32.289023190122066,0.10156863535407559
63201,63211,12,58.73843345699845,0.30000000000000027,1.36617789459924,103.87492029493984,1.36816,103.875784,249.41999690542855,0.831399989684761,41.41765319555892,54.3720465698935,0.1013676848652125
93039,93201,15,71.69459531963001,0.2999999999999998,1.30958474832555,103.92954154203639,1.30920003741893,103.92781269211483,181.67228387121867,0.6055742795707293,39.089749006558485,47.90446977792843,0.1012458690286171
77249,78049,10,46.135603872393915,0.3000000000000007,1.37599439507295,103.939861116152,1.3744627816256,103.94180578126523,376.59707984976063,1.0,27.40211812438406,34.26469229220373,0.101161100479394
70291,70301,12,68.38250452677697,0.30000000000000027,1.33743499996855,103.88713611112668,1.33965760027057,103.88575915318087,424.30073578762665,1.0,41.12882208611916,51.58525594792201,0.10110624726676198
66031,66041,6,31.91325294211542,0.5,1.35465640659199,103.86572364607075,1.3557230306281,103.8697219448858,535.5200745466294,1.0,36.13082559767738,46.79951323195951,0.10067760070394619
63369,66059,2,8.8,0.30000000000000027,1.356702,103.874108,1.35553141738293,103.87212299732872,168.29616805884345,0.560987226862811,15.000000000000002,35.0,0.10057142857142863
46631,46331,5,32.11764705882353,0.4,1.43689297551872,103.78915264291737,1.43314769562187,103.78816378743082,427.59024039318996,1.0,31.85435828281883,42.4349714146321,0.10055919160309773
66271,66131,4,30.67193675889328,0.5,1.36398333300081,103.86578916701893,1.36346698150382,103.87019205208469,543.1813205509333,1.0,28.196225884514323,34.57430668227464,0.10033599457126702
47811,47801,2,18.57142857142857,0.5,1.46237692251291,103.80898707919847,1.46417400978934,103.8129834777538,482.3577184280859,0.9647154368561718,29.71848918020944,43.66449768243659,0.09979529051077332
61019,60269,9,45.102499839341945,0.2999999999999998,1.33320166700854,103.86976166703383,1.33099030126892,103.86922890950602,295.337601876672,0.9844586729222405,28.99950683970296,36.812168454422675,0.09902363614890863
28299,28289,10,57.49046742730953,0.2999999999999998,1.344658,103.736797,1.342062,103.73576,411.32813425966816,1.0,30.948459488855203,37.622503287617576,0.09885973041915588
08031,08111,26,112.53612216448167,0.5,1.29831153783592,103.8452569595532,1.29986928715834,103.84093746088925,555.3550410586313,1.0,38.036401879557246,40.752719411335505,0.09860216827463668
66331,66101,7,37.5069316648264,0.3999999999999999,1.371636,103.870361,1.37094045484466,103.87325896613375,473.7741164520473,1.0,28.430974677109624,34.954763304659124,0.09848572712885002
60141,60161,11,66.2648514062544,0.3000000000000007,1.32258753768004,103.86385682733587,1.32477289725503,103.8655673081052,310.1066165931549,1.0,38.74215256807424,47.93513203311916,0.09840634422640203
11079,11069,8,41.93426803081975,0.3000000000000007,1.305441389003,103.80185250000659,1.30236853162324,103.80161762237655,489.2970729334944,1.0,42.63596245965778,63.85281628374044,0.0980426807749455
43409,43411,8,51.55482923775867,0.5,1.35235542005389,103.74623591627208,1.35176519952681,103.75019891787089,293.97208824675533,0.5879441764935107,38.43720485871372,45.00000000000001,0.09780563853724537
60121,60141,10,62.12692037177163,0.40000000000000013,1.32008815616383,103.86179781146463,1.32258753768004,103.86385682733587,427.75483111806335,1.0,36.62640675815518,42.770781778870095,0.09747113645820966
64381,64391,12,65.50572925526485,0.2999999999999998,1.37299,103.891721,1.37145414929063,103.88976573946181,265.32559571115894,0.8844186523705303,36.67256511426858,44.787095359134135,0.09708893520214858
81101,81111,11,59.65455597034544,0.3000000000000007,1.32111522416649,103.89152220076973,1.31860238558389,103.89211689790608,337.6160049474713,1.0,36.904170247535234,46.06460060687457,0.09643573489823218
10141,10151,11,49.155644355644355,0.39999999999999947,1.28583847140468,103.83238179897589,1.28572048365401,103.8285292287095,400.06760013828244,1.0,30.064735333492443,35.25461452899337,0.09627583149951817
08041,08031,34,112.53612216448167,0.3000000000000004,1.29811014243867,103.84780636909545,1.29831153783592,103.8452569595532,162.69103654996272,0.5423034551665417,29.234957717412847,31.880404990652842,0.09582658486926458
16029,16019,6,34.93793103448276,0.5,1.28608472200879,103.78022138902949,1.28278078585184,103.78217614858187,276.49580796419457,0.5529916159283892,34.40519578083023,42.406224511109585,0.09579864704523601
83111,72011,16,92.2903225026637,0.5,1.32346854012914,103.90527311322877,1.32816499999482,103.90548361097667,353.6524904513889,0.7073049809027778,43.19304117419828,47.44665798102071,0.09577785810937807
10501,10081,8,41.344385259824755,0.3000000000000007,1.28105845355429,103.82528065411316,1.2822783541702,103.82241744338572,420.19357594311333,1.0,29.53995118864905,38.26729275141393,0.09575958488663086
11199,11189,4,23.82915845764143,0.5,1.30837970735444,103.78843145303215,1.30740138898924,103.79254222202354,340.04662134353964,0.6800932426870793,29.942395819915898,39.41126714203473,0.09560266058290107
54509,54499,7,36.14423896648961,0.1999999999999993,1.37758835823729,103.86257049780349,1.37700806651463,103.86055355422364,202.0389511847054,1.0,30.978726170296504,52.415071203339814,0.09543333114799807
21589,21579,7,28.654679802955666,0.29999999999999893,1.33246568746472,103.72345805167676,1.33013472279057,103.72318086110512,244.44885836562787,0.8148295278854292,18.303776517250668,22.969076248144606,0.09539203893787963
83031,83062,10,66.82338645186942,0.40000000000000036,1.32027026937212,103.91000032422843,1.32096859171096,103.9133277893385,440.60668608340944,1.0,38.211444484755845,44.23735931460888,0.09528593753215507
14169,14159,11,66.45564435564435,0.5,1.27118550385957,103.80941810434497,1.26994046445496,103.81315419081787,293.85367421426133,0.5877073484285227,47.52824626233813,55.00000000000001,0.09497514122488106
70269,70259,10,49.54252063725748,0.5,1.32824611112671,103.89014388885742,1.32498730068675,103.89080428753108,344.84372952903243,0.6896874590580648,35.01071230071439,40.42765569597963,0.09480317792358954
84019,83099,12,65.45253508101806,0.5,1.32221972730517,103.92262015530929,1.32076378388187,103.91810427638708,480.4063498454846,0.9608126996909693,41.10743844009386,46.640528362826146,0.09444529513306392
72021,72061,6,28.714285714285715,0.5,1.33096531210116,103.9063218660858,1.33177922756641,103.9098393917043,321.2802793414842,0.6425605586829684,26.65674643792159,32.30900837654819,0.09422356494238013
81081,81091,7,42.5722107136137,0.4,1.31621665907428,103.88168156879213,1.31935333297674,103.88173111103306,291.790782538148,0.72947695634537,33.42807698322676,41.00825182096362,0.0941635379858289
66479,66459,5,27.397435897435898,0.40000000000000036,1.37863834733323,103.87430288480033,1.37848946701219,103.87075091953804,518.4777961303311,1.0,37.32371512706904,54.940934723994786,0.09415131034981013
75311,75361,10,52.68208983998458,0.3000000000000025,1.367478,103.930734,1.370387,103.930339,376.97837266231465,1.0,42.24273309040208,56.44186086931905,0.09412231139956828
65339,65349,7,37.126482213438734,0.3000000000000007,1.4031330662473,103.8980438895579,1.40222088604884,103.90077963354756,389.13319761288477,1.0,25.11292153036547,31.863890565577226,0.09396694994776963
21229,21219,7,25.441981390257254,0.20000000000000018,1.34206,103.716007,1.34010356133429,103.71625930906035,160.68638657445777,0.8034319328722882,27.038596398767965,53.98070180061602,0.09392685641618255
50019,40109,5,29.978793136687873,0.1999999999999993,1.31194891032358,103.84763856174139,1.30949131269895,103.84770747833439,116.70966665072979,0.583548333253651,26.102328419184158,43.897671580815846,0.09311717109701524
55309,55159,4,23.750155685639555,0.4000000000000001,1.384084,103.844597,1.383362,103.84065,480.055823175231,1.0,21.583458453901734,27.364733398910325,0.0929903364588663
67021,67041,5,28.19114219114219,0.6,1.389306388988,103.86548666703128,1.38802587904105,103.87037184486725,720.0907696711832,1.0,40.96637550231533,52.85086139420501,0.09284632328221157
63211,64101,9,41.807259367929625,0.5,1.36816,103.875784,1.37212119701131,103.87653938842564,586.1010695235022,1.0,35.31663884230832,41.84820394957055,0.09238102479748511
43789,43759,4,23.685314685314683,0.5,1.35915702140816,103.73950237742633,1.35596765339105,103.73690126563862,323.1959551192551,0.6463919102385102,28.243862037354805,36.210020380024304,0.09224551236402742
71079,71069,6,44.99306351809821,0.5,1.33554558497215,103.89825312082961,1.3385251356058,103.89512258677937,397.91475935790663,0.7958295187158133,38.504221771095814,45.72242108367146,0.09223736120186515
99011,99021,9,54.80218885973362,0.40000000000000036,1.38328110134472,103.97812168830427,1.38667053181061,103.97916912424074,369.00026296087043,0.9225006574021752,48.02861538835727,60.15103296810207,0.09198223966630079
40029,40279,5,23.93611290670114,0.3999999999999986,1.31142305600915,103.84265999998345,1.30981925741503,103.8460393043403,475.9914858662689,1.0,29.714560214718183,41.50827123710664,0.09155037875135483
84119,84149,5,24.77310924369748,0.40000000000000013,1.31964,103.935232,1.32047933475714,103.93839375752798,260.4272041578895,0.6510680103947235,30.779504849112904,43.003969622315594,0.09151666534697388
55041,55051,11,50.071363734505844,0.3999999999999999,1.39122406741106,103.84602799523668,1.3924,103.848962,361.20346229917516,0.9030086557479382,43.667505992504076,54.538917834671125,0.09142615484180344
14139,14129,10,60.25882878731176,0.5,1.2686352773503,103.81546952380809,1.26607869101924,103.81977877391114,859.9012547709772,1.0,45.592143701303534,52.908197821367196,0.09138072905590665
10151,10161,12,56.655644355644355,0.1999999999999995,1.28572048365401,103.8285292287095,1.28593135445772,103.82668969231534,180.09237080073967,0.9004618540037005,23.62756524482031,29.183347391056333,0.09129864051451518
11189,11179,8,52.53824936673234,0.20000000000000007,1.30740138898924,103.79254222202354,1.30627521395682,103.79427940117534,235.65660691303032,1.0,29.002571041091983,38.7659082008678,0.09124675278551733
59201,59191,4,21.666666666666668,0.3000000000000004,1.43871588444799,103.8403521964609,1.43649083301477,103.84212083297022,358.64169615464857,1.0,18.70958044001067,25.36412212641829,0.09114810047541269
56019,53099,4,20.48739495798319,0.2999999999999998,1.369486,103.828616,1.36660638165473,103.82842866172699,277.3328869559299,0.9244429565197668,27.678763209638603,46.928135430849515,0.09108452246464824
19041,17151,6,33.615232060083315,0.6999999999999993,1.31235972197855,103.77552750001337,1.31169519353522,103.76960993525367,665.9989957197876,0.9514271367425546,36.85422140138298,42.97705819873016,0.09096260982518758
43779,43789,4,24.685314685314683,0.2999999999999994,1.361511,103.741404,1.35915702140816,103.73950237742633,294.5281646987347,0.9817605489957845,28.765720915086014,44.37666529727884,0.09056474582651826
80051,80071,11,66.12625780918724,0.40000000000000036,1.31251499997324,103.87326194447365,1.31380009198455,103.87655394006379,528.4271656969105,1.0,32.61365992555119,36.71231923387229,0.09054498433140099
60011,60021,4,20.585714285714285,0.6000000000000003,1.31471795031338,103.86376795493321,1.31828596087227,103.86669874193286,551.7244509341584,0.9195407515569302,33.09937674926597,43.68081718330041,0.09039645758868861
76039,76109,11,61.365453768199764,0.30000000000000004,1.35506418976437,103.9555498102644,1.35296639979416,103.9551184525466,237.81841888451603,0.7927280629483866,30.505105556349434,35.87366715178997,0.09031395029903885
14031,10361,8,39.34303931362755,0.5,1.27624277802151,103.82306027800865,1.28038092060065,103.82353025808791,322.34545504424045,0.6446909100884809,35.545867007122645,42.47421876667839,0.09027205499730313
41049,41029,5,28.072648414204394,0.6999999999999993,1.32469500003392,103.81026249997407,1.32333331915013,103.81630566925632,559.8537764876778,0.7997911092681119,35.92460175145523,43.02223120600608,0.09024223788825865
03111,03031,4,22.739434793881255,0.6000000000000001,1.2778259536079,103.8481011719729,1.28207492207952,103.85086074925066,553.428537720517,0.9223808962008616,26.243300208967845,31.731400898979143,0.08991772127027606
72039,84709,6,35.377955377955374,0.3000000000000007,1.33546648279458,103.90985114690736,1.33644333039135,103.91242511468805,295.8701153163348,0.9862337177211138,32.60930408052827,45.0,0.08961808083123912
63301,62221,8,42.578970049558286,0.30000000000000004,1.35149473186732,103.88531199399267,1.35090140225527,103.88255343944132,341.2838193846469,1.0,33.34852841656115,43.4800924719381,0.0892536052646447
84029,84019,15,74.59046611550082,0.30000000000000004,1.32295305994698,103.92517704260585,1.32221972730517,103.92262015530929,420.6754217140175,1.0,40.3978422166019,48.15634595956084,0.0892423206984224
66071,66081,3,14.285714285714285,0.2999999999999998,1.34375516528836,103.86737312632222,1.34302188357133,103.86962821126625,224.11827932266868,0.7470609310755627,25.003160147027778,52.14607053820015,0.08922018866686811
59119,59149,10,55.1948051948052,0.5,1.43037444021889,103.82794865433573,1.43061861098729,103.83218000002928,393.05524348509346,0.7861104869701869,31.72829233675177,35.352573434551054,0.08917073611453451
44231,44261,3,29.999999999999996,0.7000000000000002,1.37916686797468,103.76933485417399,1.3760822219899,103.774277778025,807.2443679053195,1.0,36.50662560142972,43.16961408314842,0.08878477513271812
40069,40059,6,30.60277957336781,0.30000000000000027,1.31830398893217,103.83435129198834,1.31662138896806,103.83634361100417,314.15857004632176,1.0,33.31805396411723,49.1187490819897,0.0886403366545562
54481,54491,6,30.406588546349713,0.5,1.37599497932237,103.855765341723,1.37717165299187,103.86010323265269,601.33716608143,1.0,34.27452960962416,42.75027023656486,0.0879437524027766
64421,64021,5,32.64612511671335,0.40000000000000013,1.37505042808455,103.89511829229477,1.37788950153352,103.89663845377325,320.62852810052846,0.8015713202513209,31.089763635587666,39.309616047528735,0.08782930167022848
62129,62119,12,57.6434063578376,0.30000000000000004,1.34698958928417,103.87205488524701,1.34483265931476,103.8710922003054,353.7507897894484,1.0,39.438220203448815,49.23047581070577,0.08721723055144047
65549,65559,4,24.454545454545453,0.19999999999999996,1.403521,103.8912,1.404046,103.8925,114.35856280642395,0.5717928140321199,25.0,45.0,0.08694949494949493
77191,77201,8,45.98739495798319,0.4,1.37654807606486,103.94602815996554,1.37864001176536,103.94276350247947,415.8831992681261,1.0,40.65319406049028,50.319985608767055,0.08692525482475472
44059,44049,9,59.55238621028094,0.5,1.38449631673384,103.75817595629141,1.38103523807931,103.7608578414621,473.04895279703294,0.9460979055940659,46.53246938487935,53.82675058341377,0.08671563536340347
15161,15191,7,39.703115418554916,0.5,1.27443806198132,103.79666055940478,1.27581227029734,103.79263571257981,505.1322569139758,1.0,42.64158827908877,52.39968366033581,0.08669571081944676
44019,43119,9,49.62509059567883,0.3000000000000007,1.37651095528157,103.7625299525816,1.37337830995776,103.76300821940876,559.0732475453046,1.0,44.01534513713864,59.149752522255916,0.08654280032107083
93021,93031,9,45.289440204879696,0.40000000000000036,1.30867772794032,103.92426998119757,1.309633889,103.9286839,546.9733828331675,1.0,37.646517978261244,45.89054773658523,0.08644670413613234
42031,42041,12,60.88305587867881,0.39999999999999947,1.33332611108217,103.78997500000864,1.33442500001261,103.78689111113574,515.5595763482416,1.0,43.51956553815721,51.45887416520222,0.08633646988581581
99041,99181,5,33.41596638655462,0.2999999999999998,1.387809,103.985447,1.387793,103.988393,238.2268122873785,0.7940893742912621,34.547634848645814,49.17337987242734,0.08630677670865838
41041,41051,11,56.74512484419605,0.40000000000000036,1.32398472197176,103.8102991670086,1.32612500001248,103.80715333299845,594.2391211664792,1.0,48.33766385871145,59.15227233115346,0.08585038719854304
45099,45079,6,32.66516816516816,0.39999999999999947,1.41341731294698,103.75591307485898,1.40959346067748,103.75588199006808,573.1530463891155,1.0,37.941208331245036,50.451431406812034,0.08539359414824414
82069,82049,12,64.6058425922203,0.5,1.31709537499354,103.90295147896967,1.31634170548514,103.89891621295058,522.6023985209833,1.0,39.112310593115524,43.614612528204056,0.08525717224575001
62069,70309,3,14.615384615384615,0.6000000000000001,1.341899,103.881654,1.33965000001824,103.88639700003634,493.4697968964918,0.8224496614941529,37.14573098948975,58.0771347653975,0.08508358154533269
84069,84059,9,52.476344604827574,0.2999999999999998,1.32548742810424,103.94219019887281,1.32493504095045,103.93953481204565,274.8689931222116,0.9162299770740391,32.22303717415821,38.99317919571932,0.08482570765651314
76239,76229,5,35.17293233082707,0.40000000000000036,1.3564927293972,103.95754826481253,1.35614001051089,103.95353851635838,460.1437426183798,1.0,33.25842529699941,41.60012576195016,0.08482557900440801
60179,60159,12,68.72662178759904,0.1999999999999995,1.32634025655419,103.86834025123765,1.32409476572475,103.86764196002876,308.6219430128398,1.0,37.08212780870946,48.05377027354857,0.08463198459423507
16099,18079,5,29.926482213438735,0.7999999999999998,1.30061249997689,103.77815138886747,1.2964817739742,103.78455389999202,1041.4404825057038,1.0,58.357740235447935,73.51432985086261,0.08458175245878898
28019,20109,10,64.92029539088362,0.6000000000000001,1.32492720506757,103.75894333173954,1.32085220079341,103.76206999856427,592.933798136633,0.9882229968943881,50.35652346811453,56.534784005817095,0.08453303843539682
11019,10139,10,58.483053127904384,0.3000000000000007,1.28679632523156,103.80565677295323,1.28635135443034,103.8081000223439,339.2287989402712,1.0,37.991197957107346,46.500661862097004,0.08451063591372558
53039,53029,10,51.03954806803104,0.2999999999999998,1.35144681735328,103.83591070615076,1.34939240848355,103.83729222566143,270.67515978907534,0.9022505326302517,41.879433160925515,54.43444173591579,0.08432775149374455
63069,63059,7,34.48865502514715,0.2999999999999998,1.36637999879956,103.89194715850095,1.36437667280221,103.88984149586426,381.5655425294068,1.0,29.83910412306419,39.40269217009581,0.08416018816433728
40249,40239,7,33.890084144530604,0.3000000000000007,1.3249247219882,103.82735055603025,1.322585278,103.8262153,238.9027581484433,0.7963425271614758,36.45419762352704,52.09160475294595,0.0837227268731574
84041,84051,9,53.08590171438468,0.5999999999999996,1.3246905167586,103.93468799273933,1.325207,103.938755,418.20413556754556,0.6970068926125763,46.46374316332495,52.92169397095181,0.08365217752701469
53079,53069,7,35.23954806803104,0.40000000000000036,1.36082666696977,103.82864333297208,1.35777159286274,103.82894351047115,442.9566547740084,1.0,34.75479850907851,43.775505392195626,0.08357664798196687
60179,60221,7,36.68982358637531,0.5999999999999996,1.32634025655419,103.86834025123765,1.32212380559601,103.87081431318353,303.63001038187866,0.5060500173031314,35.868142519308336,41.515455195410325,0.08348722332157914
17109,17099,1,6.315789473684211,0.7999999999999972,1.31552714122807,103.77218311911328,1.3078304704809,103.77165274445558,926.5517319718454,1.0,28.7033902096699,54.42317722142953,0.08318938479003368
19081,18111,6,25.75781342840166,0.2999999999999998,1.30256972202724,103.78282472199413,1.30059305599352,103.78448416698873,376.32198186369186,1.0,26.70936699270375,37.47617062772918,0.08311860338093612
84031,84041,13,73.3964734955447,0.5,1.32428292329305,103.93003627080394,1.3246905167586,103.93468799273933,565.959819143672,1.0,41.727111844579596,46.08030948993312,0.0830844731804773
75059,75229,8,41.08424908424908,0.40000000000000024,1.34471168546511,103.9402168928283,1.34499782605889,103.93676608938834,394.18078475563914,0.9854519618890973,26.122325259838817,30.08960353698359,0.08294681431218488
46541,46009,7,38.41169356958831,0.7000000000000011,1.43328331503309,103.78083569681783,1.436946,103.785936,549.8322094629449,0.785474584947063,26.229230513121287,28.532650333775287,0.08275741776369705
30089,30099,4,17.917582417582416,0.5,1.377159999987,103.73409166698833,1.37972159795466,103.73122812228895,277.06303680905245,0.5541260736181048,29.898558064095987,41.262865410293266,0.08252447281391012
10049,10017,16,86.3998527025987,0.40000000000000013,1.27623302424393,103.83483786772155,1.27832046633393,103.83762574759974,403.60083529766564,1.0,36.232765027542044,39.65833972821689,0.08238922725969433
43171,43009,6,28.00128507174984,0.5,1.34859644473183,103.75460496382075,1.34999354306126,103.75106190953444,275.8954030381076,0.5517908060762152,32.8583178755386,40.71663575107722,0.08223569103636168
08069,04179,26,126.8354556273657,0.3000000000000007,1.29821382250893,103.84936128375956,1.29647916306741,103.85147164487202,240.5512648244705,0.8018375494148998,40.67215144852843,44.58630242577476,0.08212982507938829
62239,63109,7,50.707349232383926,0.40000000000000036,1.34763066655635,103.88998897946436,1.35081444397072,103.88984416702769,340.88761624824133,0.8522190406206026,45.0,55.00000000000001,0.08195127148668119
77259,77219,4,27.15406162464986,0.39999999999999947,1.3827163599648,103.93855855739126,1.3805766269449,103.94064766803564,273.80435051256524,0.6845108762814139,32.397975698807585,42.8126600216693,0.08155504165047199
61029,61019,7,33.99138872823083,0.30000000000000027,1.336175,103.870563,1.33320166700854,103.86976166703383,372.8031503431045,1.0,35.64355659906364,49.806414502523076,0.08135322047411764
44149,44139,9,58.94684420438896,0.3000000000000007,1.37798495709362,103.75776732086608,1.37680960030968,103.75536565517723,282.6248687762678,0.9420828959208906,36.51876962506212,43.885513919016816,0.08128681066428396
44501,44621,4,22.909090909090907,0.30000000000000004,1.38087128691259,103.73879787160988,1.37922934454518,103.73710050197961,290.0498026576605,0.9668326755255349,21.727041395206594,29.22219121424472,0.0811327242118015
92081,93011,14,72.92101915224812,0.40000000000000124,1.30751338586806,103.91754269765207,1.30822971200422,103.92151900444857,443.71185369072197,1.0,46.20936432623061,52.992799675218215,0.08080077989660542
64331,64521,6,35.45760895451298,0.30000000000000027,1.37143555507852,103.88805955105329,1.36983992146019,103.88956725593734,269.3482890495739,0.8978276301652455,26.526263414782626,33.21573254610907,0.08076114022830709
81189,81179,10,40.93483709273183,0.5,1.308338,103.888514,1.30726086825664,103.88490711001795,486.6933630570161,0.9733867261140322,35.45855616587588,41.22506608862163,0.08074092233712893
62049,62039,13,62.352044446781285,0.20000000000000018,1.348714,103.8803845,1.3467680506898,103.880911959518,248.68768654744164,1.0,39.8656924677076,53.72786689986318,0.08070736016598032
71099,71089,8,53.42163494666964,0.40000000000000013,1.33022638900189,103.9038336109893,1.33291479894363,103.90097214917817,545.3884642565655,1.0,39.95993169357672,47.044789577478845,0.08053265964194774
15151,15161,8,44.703115418554916,0.1999999999999995,1.27389192906939,103.79822208982421,1.27443806198132,103.79666055940478,133.24922128837846,0.666246106441894,36.79907057569382,55.0,0.08040106705769472
13159,13119,5,24.199847444698705,0.5,1.29796011528522,103.83053183555204,1.29425,103.832501,373.436670818581,0.7468733416371619,37.18896819552441,49.36866147342844,0.08027004429594033
52311,52489,1,15.0,0.19999999999999996,1.33435800960389,103.85721839168514,1.33536277799489,103.85871194397946,115.10391159439894,0.5755195579719948,14.999999999999998,25.0,0.08000000000000002
16011,16021,7,33.141186299081035,0.5,1.28277766355314,103.78186930413443,1.28625793147796,103.77981027693801,341.5562613878801,0.6831125227757602,31.578543976536146,37.25624002602593,0.07996852194565224
78111,78101,6,34.680035650623886,0.40000000000000036,1.37545781179514,103.95798631897796,1.375053,103.954039,476.83280390704317,1.0,33.254161105739314,41.09677896073635,0.07960618276456674
28291,43459,12,61.60459826521532,0.5,1.34446090409168,103.73638303040048,1.34808666498981,103.73807456781998,526.73470529374,1.0,38.431213048178336,42.66400382762039,0.07951777768625003
42019,41089,11,62.43999915179106,0.40000000000000036,1.33170368135595,103.79657033601987,1.33044921085796,103.79993319513187,332.21231361338357,0.8305307840334583,43.84177645248529,50.92425610999467,0.07923104403312502
71171,71021,5,18.00064253587492,0.39999999999999947,1.33497828854869,103.89238738026172,1.33655775095595,103.89468782549605,306.45909566643326,0.7661477391660841,30.98080289720951,46.90989404609418,0.07891905487443573
40279,40019,5,23.93611290670114,0.5,1.30981925741503,103.8460393043403,1.30664404460339,103.84920416709382,584.3367412611555,1.0,31.620933842028677,39.93806561446525,0.07881982997155952
01519,01629,6,33.730158730158735,0.40000000000000036,1.29907492488417,103.8589102973441,1.297085,103.856894,281.97511056116593,0.7049377764029142,27.966829939340393,33.4136577369747,0.0786420380909634
28229,20269,5,22.054597701149426,0.3999999999999999,1.32536675242565,103.74593185918442,1.32151780618055,103.74580944947768,822.5616423859049,1.0,31.462294085931003,43.72315333397289,0.07862817150090892
75171,75141,3,26.373626373626372,0.29999999999999893,1.3575,103.9313,1.35625000000112,103.93377888890949,291.4795893957229,0.9715986313190798,26.94086181233251,36.7901509366481,0.07862360202980057
54479,54359,6,31.70306249590137,0.30000000000000027,1.37579335077466,103.853200441537,1.37615334768079,103.8499921086812,348.4180478241112,1.0,35.64182376881481,50.480542981933525,0.07843952450279434
84211,84521,5,37.20168067226891,0.30000000000000004,1.33012,103.93447,1.33230500002897,103.93393805556471,303.0377459479171,1.0,26.629652002249117,32.757942793042545,0.07840451428234084
43751,43781,8,39.75428020255606,0.3999999999999997,1.3561115,103.736562,1.3591085,103.738945,474.0621583432032,1.0,38.61090752492839,47.63208684692972,0.0780005352420691
59181,59171,3,29.802197802197803,0.30000000000000027,1.43416611096992,103.84218833299445,1.43226509746155,103.84019665786346,334.7493565924859,1.0,23.423888123773107,29.422847250673307,0.07782188898095627
67349,67359,4,35.57575757575758,0.6,1.38837810902521,103.8953369095349,1.39008740102191,103.89042014225743,665.3247496202888,1.0,27.765646483830587,30.88794876187398,0.07771117852539047
82079,92169,9,46.77389138588261,0.5,1.30801114591342,103.8951960850957,1.303782,103.8967661,521.6941649141459,1.0,36.337888015872245,41.32570265470288,0.07767904612553979
54659,54509,8,44.71566753791818,0.5,1.37834008020794,103.86686274044777,1.37758835823729,103.86257049780349,485.935083110769,0.9718701662215381,45.2952462314611,53.646218641518736,0.076837819421015
10089,10079,8,39.03061667546793,0.6999999999999993,1.28292332245689,103.82165660905856,1.2803950142786,103.82708906887606,622.2819136472756,0.8889741623532517,37.93770714378463,42.46677304063864,0.0768053993953877
65341,65331,8,41.67193675889328,0.30000000000000004,1.40194694990354,103.9009230492748,1.4028650002354,103.89851804993967,380.66124498802606,1.0,29.394510459259365,35.85981797591688,0.07667959564941215
43591,43511,3,21.533180778032037,0.3999999999999999,1.3447586640008,103.7521198162659,1.34497394208663,103.74849870531534,229.65894838959736,0.5741473709739936,29.658920177725868,40.254397141969434,0.0764398853985835
41111,41031,3,15.0,0.40000000000000036,1.32081170217365,103.81185140010722,1.3230683576264,103.811977237669,245.44871489859855,0.6136217872464959,18.244722383820637,23.739330014465896,0.07611709726106168
13199,13159,7,33.90144927536232,0.5,1.302127,103.829875,1.29796011528522,103.83053183555204,263.7855170924952,0.5275710341849904,34.63512964878913,41.00906705198426,0.07606753727749364
17121,17131,7,33.11057178116002,0.5,1.30476410258543,103.76944539352431,1.3080413890204,103.76591111102081,707.4334353462494,1.0,52.05657727841874,68.42090404748416,0.07606246748354938
72031,72041,7,40.693797251342005,0.30000000000000027,1.33521859078695,103.9099203114682,1.33470286981513,103.90743417265202,383.1726144051793,1.0,26.403076258512733,31.59384943137007,0.07596690779815418
15159,15149,9,45.52364532019705,0.3000000000000007,1.27426303773784,103.79839350407595,1.27341871854745,103.80055546758587,255.27535906675217,0.8509178635558386,43.084050628136964,56.63121687832898,0.07582882473477637
22591,27371,7,42.662886985137625,0.3999999999999999,1.3447589,103.70289,1.347539667,103.701155,470.63724247867947,1.0,22.37509707687162,24.843170017965566,0.07576982477261196
40059,40049,6,30.60277957336781,0.39999999999999947,1.31662138896806,103.83634361100417,1.31402305600959,103.83884638900086,589.3956056255653,1.0,41.47817168439414,55.799156800478634,0.07574370028223976
77201,77211,7,39.98739495798319,0.30000000000000004,1.37864001176536,103.94276350247947,1.37999169580419,103.94094544562029,330.82922871955304,1.0,30.26354583985342,37.39915405028828,0.07562994312022371
59591,59601,2,23.142857142857142,0.39999999999999997,1.42653688735925,103.84947950182573,1.429842,103.849376,385.2742295204875,0.9631855738012188,26.645060070124853,34.05481329741764,0.07559368265103551
41079,41069,11,62.43999915179106,0.5999999999999996,1.32940305598521,103.80304777797754,1.32652777798065,103.80758583296918,548.7720333543547,0.9146200555905917,55.0,61.85434039289831,0.07548261502457664
64061,64401,5,20.025974025974026,0.5,1.37557886299976,103.90111900001394,1.37839309319848,103.9032366204475,348.8849204282715,0.697769840856543,35.0,47.53173801293316,0.07542637236829772
55151,55301,3,20.17142857142857,0.5,1.3833944010563,103.8403312479222,1.38425166698696,103.84445666701023,453.5404160494682,0.9070808320989364,28.71173731220128,36.5587860657563,0.07539833810193013
80031,80051,12,66.36318513307108,0.3000000000000007,1.31107705658993,103.8713149052975,1.31251499997324,103.87326194447365,308.5556563221205,1.0,34.231388761278,39.32388022124448,0.0753178480041784
52061,66061,6,31.532677848467323,0.5,1.34352174018964,103.85873879159365,1.34405111099275,103.86346055601665,945.3378766356568,1.0,39.068473480739165,48.015961298883845,0.07520035721316874
50211,50221,5,33.03318077803203,0.20000000000000018,1.32306968689436,103.8525670514891,1.32143805851672,103.8530377626759,221.52916274518074,1.0,23.314019021795495,31.724307787142376,0.07512456945067197
27401,27399,4,19.90270598966251,0.40000000000000013,1.34736600563095,103.6941379590552,1.3486765,103.696401,251.4428515798098,0.6286071289495243,19.183087901141658,23.366175802283315,0.07429557578122852
71029,71179,4,19.961752206603464,0.5,1.33654331402892,103.89504292943955,1.334175,103.891169,496.72979893394654,0.9934595978678931,37.286409034001835,51.58908646712915,0.07421259394204163
64399,64389,4,24.686813186813186,0.39999999999999925,1.37121818386818,103.8892571932248,1.37313809346006,103.89156818388481,307.5978676117138,0.7689946690292859,31.447873780624743,41.16847503011218,0.07414162190938456
28661,28671,3,16.607142857142858,0.2999999999999998,1.33665522766949,103.74951999566713,1.33715229988486,103.75226376356609,219.20600568089975,0.7306866856029995,24.55160064201169,38.67856702923601,0.07411649974948813
10101,10111,10,53.696918767507,0.5,1.28506195168861,103.8137833011436,1.28592835098556,103.80935410958449,463.5145257259073,0.9270290514518146,44.35821419679347,50.54352766364717,0.07406985263101847
67381,67391,7,35.0,0.2999999999999998,1.39459040201234,103.88844266691056,1.39425676218487,103.89144488028346,352.9889324565098,1.0,31.71590912957193,40.85381980007652,0.07405022346464143
04179,02049,28,136.22316114435512,0.40000000000000013,1.29647916306741,103.85147164487202,1.29452091230981,103.85402155505173,399.4757101119884,0.9986892752799708,37.391746931315296,39.39350105413119,0.07404936547301806
52099,50159,8,44.97993534192656,0.30000000000000004,1.32652328466497,103.85488905075222,1.32456066077113,103.85326623915941,270.6817611487259,0.9022725371624195,31.430126738992122,37.957321125316795,0.0738286524843097
56039,56029,6,30.48739495798319,0.40000000000000036,1.37673055602474,103.82848388900504,1.37359500001635,103.82870000002058,396.6697865811132,0.9916744664527822,42.91070348267694,57.92504550983551,0.07366388083683417
43268,43259,5,29.9010989010989,0.40000000000000036,1.36036935442362,103.76427530511685,1.35757277797812,103.76266305599302,333.098113233008,0.8327452830825193,35.03914392870979,44.67897102450564,0.07364779276095211
71141,71121,4,29.214285714285715,0.3000000000000007,1.32917333299413,103.89706805602555,1.330081111,103.8994169,241.85560853599327,0.8061853617866424,24.67090243692757,31.106084943235395,0.07349317432963096
77231,77281,7,34.26985109833407,0.2999999999999998,1.37670503142246,103.93844026085439,1.37837166677052,103.93618729229594,350.9135310772789,1.0,29.730695841265984,37.74124786892949,0.0733963711640924
62221,62051,4,25.392156862745097,0.6000000000000008,1.35090140225527,103.88255343944132,1.35170429575719,103.87775496869286,412.06651027496645,0.6867775171249432,36.382666198816054,44.101067930074095,0.07328829086101954
59061,59079,8,45.46302802057278,0.39999999999999947,1.42556399229911,103.83495820649408,1.42926606883551,103.83516195358482,404.8205285198094,1.0,38.09626044509474,44.99999999999999,0.07323317912499126
76061,76051,9,58.20555914673562,0.5,1.3482019444416,103.94189805552267,1.35313809279079,103.9412639409046,564.7062646012354,1.0,39.98120774893455,44.44122336847901,0.07305146584860163
40039,40029,5,23.93611290670114,0.3000000000000007,1.31230305602353,103.8407255559936,1.31142305600915,103.84265999998345,385.156229363965,1.0,37.3097882511656,60.10551534266618,0.07299468169535217
52199,52189,3,22.967914438502675,0.2999999999999998,1.335495,103.846639,1.333207,103.846713,285.425150655829,0.9514171688527638,25.763648549601086,35.4196982346292,0.07291050144438412
82061,83011,7,41.46985109833407,0.6000000000000014,1.31876162629115,103.9022689641617,1.31971491091921,103.90725404505461,495.47795343322787,0.8257965890553779,37.509528510597,42.13352830314098,0.07280012051212333
07221,60101,5,33.78831694621168,0.40000000000000036,1.314966,103.857819,1.31783421341306,103.86004042483177,389.56635869253535,0.9739158967313375,29.88230715508889,35.61460825876879,0.07279696078744813
11219,11209,8,40.459233645611356,0.3999999999999999,1.30988506093033,103.80716407830104,1.30817280849852,103.81038349817638,359.578988537088,0.8989474713427202,43.295562709105454,53.76457679212029,0.07278532199285423
84191,84211,3,19.11764705882353,0.5,1.32566318975139,103.93533757051014,1.33012,103.93447,442.6315342290513,0.8852630684581025,29.229564991024922,37.55167507590607,0.07247466787504768
46339,46639,4,30.6890756302521,0.3999999999999986,1.43352632033198,103.78798319246935,1.43702205360453,103.78884919678751,464.99400380467955,1.0,35.08323445378626,44.230198246809564,0.07236061462738064
78049,77019,12,56.80227053906058,0.1999999999999993,1.3744627816256,103.94180578126523,1.3737108000359,103.94351079998545,150.2948108538633,0.7514740542693192,35.0,45.0,0.07212986735118776
48029,48019,1,5.714285714285714,0.5,1.41056509187543,103.77968553987141,1.41047890324886,103.77547240613428,399.95949793551483,0.7999189958710297,23.629081255860587,58.46508289580282,0.07204715771592986
20271,28221,10,54.050742721330955,0.2999999999999994,1.325103,103.745617,1.327192,103.745149,313.3010873251591,1.0,40.37721167882923,49.2038875811888,0.07204176743190772
20289,20299,4,20.652216748768474,0.5,1.31248801817062,103.75503415636196,1.3109280417106,103.75857544044081,273.81493228511846,0.5476298645702369,27.44905695088012,33.940385345347465,0.07194921536943509
94021,94031,10,43.58884390463338,0.3000000000000007,1.31475174256228,103.93834590911955,1.31504670788151,103.94089937209914,295.9454439284624,0.9864848130948725,29.168025592292892,34.74177618024759,0.0719258637428566
40049,40039,5,23.93611290670114,0.3000000000000007,1.31402305600959,103.83884638900086,1.31230305602353,103.8407255559936,242.9434862980477,0.8098116209934905,25.576538406985364,34.343703455139185,0.07167128167331038
10221,10231,4,20.196192696192696,0.399999999999999,1.29032906602668,103.83111793441608,1.29041850946952,103.82788100149519,285.4027676629023,0.7135069191572575,28.756435877854493,38.593113359740144,0.07160330299614183
96109,96119,4,23.879892037786774,0.5,1.33737118239889,103.95067333143491,1.33373145315305,103.9537488312858,408.20834082007366,0.8164166816401474,37.837792636178065,48.90617226764009,0.0714162338291928
70251,70261,8,36.821078336867814,0.40000000000000036,1.32497158481981,103.89037074589527,1.328998,103.889692,470.5958918201531,1.0,35.79154838340457,43.27669202584115,0.07117411728512134
43009,43179,7,39.666526820623304,0.6,1.34999354306126,103.75106190953444,1.3489707828044,103.75430345301592,364.18342907166954,0.6069723817861159,37.5786790604987,42.32759031659447,0.07105660028563893
76181,76411,1,17.142857142857142,0.5,1.35384110037439,103.95308027923268,1.35385001382018,103.95742752062093,406.5177577128193,0.8130355154256386,25.034101942616545,31.559840619991157,0.0707971982548733
16249,16239,2,12.3,0.5999999999999996,1.28928277099215,103.77400682988979,1.28643527800393,103.77893444397212,573.568618192117,0.9559476969868622,36.56057351589084,56.0416949671138,0.07016912387230838
70301,62061,3,15.329670329670328,0.5,1.33965760027057,103.88575915318087,1.341751,103.881765,342.2498000575146,0.6844996001150292,37.83548235601417,57.87965137940289,0.07015614131953159
28649,28639,10,45.103945926196566,0.3000000000000007,1.33901303401774,103.74603439301079,1.34045649755771,103.74395996871245,286.70498861884636,0.9556832953961524,30.62430406210853,36.39368911769089,0.0700443337608177
18149,18129,7,33.3968253968254,0.6000000000000001,1.302549,103.787196,1.29776225378985,103.78570767644749,394.2207991934865,0.6570346653224775,43.03942867324337,50.656935628633036,0.07001061353075932
59031,59041,17,82.97904931112167,0.3999999999999986,1.41277747172151,103.83083958669692,1.41625420109094,103.832591612732,436.4180578803627,1.0,46.41025482129176,51.41025482129176,0.06955602277412981
99039,99029,7,41.173617431162185,0.29999999999999993,1.38768581439487,103.98202131073424,1.38664086819653,103.97959306203218,316.1893938275703,1.0,39.543580987619094,50.81900046260583,0.06930600617411121
58191,58201,2,18.57142857142857,0.5,1.45875202875202,103.82875514072087,1.45531234912714,103.83098996673239,422.87538350390605,0.8457507670078122,41.48137935574265,60.036956892626236,0.06918595380946489
11171,11181,6,40.3921568627451,0.40000000000000213,1.30535666699303,103.79479722196947,1.30722333300814,103.79227638896938,338.05117806181556,0.8451279451545344,33.76904421352483,39.47264652418756,0.06913393192378639
10131,11021,8,44.096918767507006,0.7000000000000002,1.28619141382394,103.80686549059318,1.28941805603102,103.80228694398484,363.78304415153383,0.5196900630736195,46.29640523187646,51.649236458729604,0.06910009725887327
62131,62141,9,45.46574993633817,0.4,1.3489790064228,103.87277432797597,1.35149112412235,103.87515194713767,439.69153625980346,1.0,38.39757096224366,44.92617090030976,0.06882738196887839
17179,17259,2,16.666666666666668,0.5999999999999996,1.31528191560846,103.76536000516927,1.31092798217655,103.76746074010758,394.9296915074847,0.6582161525124748,33.32121229841016,43.2220758124767,0.06874587741727489
84059,84049,10,57.04829030618504,0.5,1.32493504095045,103.93953481204565,1.32432719820227,103.93471220144858,573.49498412659,1.0,41.88410252183837,46.580255645496734,0.0686600009768834
28521,28401,7,37.59934183463595,0.3000000000000007,1.35097548065061,103.72120042369096,1.3506545513673,103.71861401513462,240.08350668758294,0.8002783556252746,26.51890058737623,31.592263246758286,0.06830636127828103
46541,47009,6,33.45454545454545,0.6999999999999993,1.43328331503309,103.78083569681783,1.437553,103.786282,428.87021581284256,0.6126717368754899,29.03617253422418,31.718796431880804,0.06821138921755754
19029,19019,5,28.273602902085873,0.2999999999999998,1.3095609201372,103.78201879388226,1.30807305598128,103.78475916699466,413.6783314792515,1.0,29.912352702340588,39.36553565143278,0.06809476625550825
10041,10399,4,24.530075187969924,0.6000000000000005,1.27605834770353,103.83519065305671,1.27588166292683,103.83019454205221,301.50520678309636,0.5025086779718267,35.5532159956047,42.54397402752216,0.06802326193809749
44299,44289,6,44.69890635680109,0.30000000000000004,1.38177250001353,103.75131333302434,1.38140148022937,103.75380266661918,278.2671238487583,0.9275570794958607,30.6297420868791,36.2594841737582,0.06797382198828683
12209,17379,2,15.0,0.7000000000000002,1.32653202760922,103.76429968220569,1.32049089180327,103.76389432891798,652.8577372145303,0.9326539103064715,44.45506284643847,62.35777347580734,0.06781039317516545
42029,42019,10,58.56903140985558,0.5,1.33325151466609,103.79206171859214,1.33170368135595,103.79657033601987,463.496219682162,0.926992439364324,45.05627845648212,50.2839998185429,0.06757177768407775
84669,84109,3,20.741866828823348,0.40000000000000013,1.31994111212465,103.94418156021838,1.32350836424044,103.9441209521673,453.1817871441557,1.0,29.088006133876146,38.10251203299336,0.0674811069621357
54239,54229,11,55.538966296861034,0.3999999999999999,1.369186093503,103.84332015576305,1.36960577947339,103.83993274827546,410.55296337735444,1.0,40.63785738231767,46.35133601308891,0.0673853258181402
64021,65011,7,45.15949410067057,0.3999999999999999,1.37788950153352,103.89663845377325,1.38159696830765,103.89720951783346,392.16829447339643,0.9804207361834913,32.97762473939307,37.55808850524208,0.06680295267558695
70129,70119,3,20.10460934946061,0.3000000000000007,1.33157543468156,103.88058185579888,1.33075033509776,103.8777335022986,462.3447441873411,1.0,26.001078122800898,36.4875940082573,0.06666709472496171
06011,06051,6,33.11904761904762,0.6999999999999997,1.28165999996967,103.83801388886192,1.28475980959972,103.83405671725487,680.8564039099392,0.9726520055856278,33.99167565661129,37.67361205257164,0.06665647240043641
63271,63281,8,39.52014652014652,0.3000000000000004,1.35639501261001,103.88997632456076,1.354154,103.889794,302.14248960730146,1.0,29.635368014979157,35.55474866087128,0.06660519916997136
77021,77011,10,44.93651776500074,0.4,1.3726630000055,103.94557280001845,1.37376489998905,103.94266590001561,340.9131356802928,0.852282839200732,33.858743236174924,38.71540652367675,0.06659517174286084
43519,43599,4,23.71499895985022,0.40000000000000024,1.34527424103226,103.74835776931137,1.34513161798285,103.75190146961904,412.4502430943156,1.0,32.010359653692056,41.22709350040934,0.06625015150831207
44251,44241,5,42.57142857142857,0.3999999999999999,1.38030076722264,103.76231669235113,1.38117443945082,103.76586096715347,240.40092220381388,0.6010023055095348,38.80914263304952,45.6917881341076,0.06609390529657136
11169,11159,5,22.289592760180994,0.7999999999999998,1.30270500001823,103.79838166697326,1.29800440816386,103.80362656855579,820.2952309433376,1.0,40.43980850281722,47.56675424692753,0.06606675331611635
50161,50171,8,43.64255558682803,0.30000000000000027,1.32665700619185,103.84366009715464,1.32663388888255,103.84641000001729,307.7734148890891,1.0,31.855040689567076,37.949258362704285,0.06600364710507822
21179,21049,3,16.235632183908045,0.40000000000000036,1.32586166697514,103.71929527796603,1.32107250538852,103.72024520956326,587.1922683750424,1.0,28.719495552385055,40.512664425677286,0.06582518655449332
10011,10041,11,73.18446808721409,0.3000000000000007,1.2777380589964,103.83749709165197,1.27605834770353,103.83519065305671,315.4459909209633,1.0,36.9879433333121,41.5915458849324,0.06570111671345605
10369,14039,8,40.40000525789999,0.39999999999999947,1.28037471151153,103.82387343933006,1.27663637861466,103.82345826768822,510.53331941210223,1.0,35.10208140629195,40.9411676152626,0.06565884016939788
44441,44121,6,29.647643405188163,0.40000000000000013,1.37924285981093,103.74754322627454,1.377619,103.750861,461.38321167421293,1.0,33.20848744464837,40.66814884393125,0.06550369293597245
06129,06069,8,33.43061667546793,0.5,1.29078162052352,103.83440916705554,1.28623157720487,103.83496162445665,432.1215401218105,0.864243080243621,34.03160662051026,39.26359965299535,0.06544989947306865
62031,62041,9,53.05283419710664,0.40000000000000036,1.34521001044775,103.88171014272702,1.3483829232168,103.88018488884609,288.31286871847897,0.7207821717961969,48.37572036922257,56.85588110257544,0.06542893114374396
64489,64499,7,32.777572299822936,0.30000000000000027,1.37488764981722,103.88067688397112,1.3748828566071,103.87828864496953,284.1238083733909,0.9470793612446354,29.729728758623324,37.05435034828719,0.06538122917814189
78149,98109,4,28.558823529411764,0.40000000000000013,1.36970105283111,103.96411887211589,1.366943,103.965843,423.83747332328227,1.0,32.98630530613818,40.6619805337659,0.06537243959136461
10139,10119,10,58.483053127904384,0.30000000000000027,1.28635135443034,103.8081000223439,1.28598009010704,103.81122515087834,308.5274673646104,1.0,35.398947251327044,40.76831357949776,0.06527715729704711
84219,84199,3,18.48739495798319,0.3999999999999986,1.32940888887166,103.9348130555732,1.32553283664673,103.9355563841307,361.5280340246526,0.9038200850616347,27.118542195113093,35.64224321523672,0.06521275525672512
10069,10059,7,33.90094634579761,0.30000000000000004,1.27855472196877,103.83008250001669,1.27739664167497,103.83275178077875,378.63509196513746,1.0,35.44091349749471,45.84582775566524,0.06512786722976237
70261,70271,11,56.32368099736521,0.1999999999999993,1.328998,103.889692,1.33078171512111,103.88931512831826,239.55234869122665,1.0,34.58032373184963,43.174647738785055,0.06484476053727202
22529,22519,4,26.126482213438734,0.2999999999999998,1.33777262767008,103.69728617102128,1.33773359608761,103.6999522210238,281.36042069048705,0.9378680689682907,26.611619114848793,34.09611652830377,0.06465299084902137
53139,53019,2,10.487394957983193,0.9000000000000004,1.353021,103.840607,1.34600349626668,103.83871779531225,634.1824414321438,0.7046471571468262,34.23815350992276,44.71683376396522,0.06460042005679609
15141,15151,8,44.703115418554916,0.3000000000000005,1.27275860463579,103.80095947823813,1.27389192906939,103.79822208982421,317.01562994809916,1.0,43.274151846198315,54.655520546865816,0.06453434974980159
92061,92071,9,55.4894402048797,0.5,1.30585304722559,103.91059595623031,1.306815,103.914746,516.4037398338795,1.0,37.0465224280467,40.53842095399651,0.06451009591401223
46391,46761,4,42.833333333333336,0.4999999999999999,1.43921765358175,103.79299454006805,1.4396175,103.7972525,507.7501216420742,1.0,40.49439221602172,46.084747986151115,0.06415628716862626
17099,16159,4,26.738095238095237,0.8000000000000003,1.3078304704809,103.77165274445558,1.30060333385651,103.77017032679849,446.90357769785584,0.5586294721223196,47.364768271950055,55.199789128300964,0.06410143828459468
57069,57059,5,28.42857142857143,0.5,1.4189659270404,103.82460551333597,1.41472777811863,103.82356549744377,621.3154827725427,1.0,43.91076925592694,54.714392549458076,0.0639178040388276
95081,95091,5,33.41596638655462,0.40000000000000036,1.389422,103.997946,1.387294,103.999644,301.60110010748747,0.754002750268718,41.911099637939515,52.38571639267379,0.06376908941108499
28339,28329,6,31.100840336134453,0.40000000000000013,1.34270510558579,103.73737517747826,1.3414709231345,103.74043571670437,332.52321349656563,0.8313080337414138,31.314767058124897,37.28719906585313,0.0636318254831873
60161,60181,4,27.904761904761905,0.30000000000000027,1.32477289725503,103.8655673081052,1.32714561804071,103.86738538742665,300.82161415689524,1.0,33.6588618889232,45.22956433096464,0.06362641732678366
59411,59401,5,25.909090909090907,0.20000000000000107,1.42521425593657,103.84572707357924,1.42705456686774,103.84615134332738,227.64145884706477,1.0,25.000000000000004,36.06384981473676,0.06358817311565207
75249,75259,7,43.26745072311358,0.2999999999999998,1.34791499671757,103.93017010145029,1.34913805600656,103.92798027801848,218.0662409546424,0.7268874698488085,31.188370490495807,36.77937691497897,0.06326674653372102
76211,76221,8,59.05194805194805,0.30000000000000004,1.35674667237884,103.95100259167165,1.3563896244901,103.95390226733993,343.0886412833221,1.0,37.7105551833881,43.55820153560032,0.06306722432045185
83151,83139,3,18.846153846153847,0.09999999999999964,1.31488002411227,103.90911503893872,1.31451138900044,103.90997555601626,89.5510101000727,0.8955101010007303,10.0,15.0,0.06282051282051261
59259,59099,7,48.46075663466968,0.5,1.43716783426775,103.83379791523895,1.43272835490407,103.83522544787667,577.3738453166656,1.0,41.60732220622498,46.630676677962995,0.06273538048665118
28029,28019,5,31.16883116883117,0.6000000000000005,1.32688998200812,103.75436027668461,1.32492720506757,103.75894333173954,519.5986005217567,0.8659976675362603,46.434157851570596,55.00000000000001,0.0627251301266845
22089,22331,2,17.454545454545453,0.40000000000000036,1.30589277802592,103.70087805599307,1.30485847664917,103.70317916961058,274.7916444999813,0.6869791112499527,30.374937035606923,41.755901453677716,0.06264902984778949
11201,11211,7,36.399278382786626,0.2999999999999998,1.30692642897557,103.81186453577433,1.30838779885113,103.80939522851014,296.74190022304197,0.9891396674101405,37.72185896323579,48.12672655774898,0.06258513255484116
21241,28539,3,14.43850267379679,0.40000000000000013,1.34973665190679,103.71235425312759,1.34975477386966,103.71542393424821,207.38987550413486,0.518474688760337,23.772304476060754,32.0178435808486,0.06256592099919356
21339,21329,2,17.454545454545453,0.3999999999999999,1.329905,103.708306,1.32691548284142,103.70901792785014,328.19446336304054,0.8204861584076016,30.455066246114807,41.81263457629627,0.062271139329900686
83011,83031,9,62.37894200742498,0.29999999999999893,1.31971491091921,103.90725404505461,1.32027026937212,103.91000032422843,309.9256175524925,1.0,44.57361824992047,52.33216624906421,0.06224337151657657
10287,10209,5,20.40436687495511,0.5,1.291914,103.813405,1.28954631749853,103.81672885450702,258.38588793698955,0.516771775873979,34.540208977048096,43.74470166321321,0.06215020494592716
84081,84141,5,27.08889871738169,0.1999999999999993,1.3204380811482,103.94022038903293,1.32021707852141,103.93816948878941,186.093611057973,0.9304680552898683,25.0,35.0,0.061917482782586505
28091,21681,3,21.73076923076923,0.6999999999999993,1.34425795644531,103.72012487725401,1.34228732259066,103.71466298692037,704.4302011641036,1.0,38.48147711845819,45.59253619077809,0.06165409688885698
63079,63241,5,33.36281141725787,0.5,1.35978917315442,103.89296017669749,1.36409785233957,103.89213557756084,367.30493176465717,0.7346098635293143,40.02866532935238,46.969356933807795,0.061581415722101726
10079,10069,7,33.90094634579761,0.40000000000000036,1.2803950142786,103.82708906887606,1.27855472196877,103.83008250001669,424.39053547571575,1.0,35.82991979261571,42.76769424810462,0.06139462025397844
44049,44029,4,20.165168165168165,0.3000000000000007,1.38103523807931,103.7608578414621,1.37863409952448,103.7621954983533,333.6318333267303,1.0,24.264487196555113,32.17008883598084,0.06126813376125901
22181,22461,6,27.915634237884877,0.2999999999999999,1.33301611112037,103.69637694442996,1.33596194443399,103.6962049999685,416.6608258419179,1.0,29.476453319376617,37.57084377389407,0.061210612947944394
07539,07589,6,28.78205128205128,0.40000000000000036,1.30461300741211,103.8520009720951,1.30320609782822,103.85549999983388,452.68611024095287,1.0,28.837142766475015,34.053362026888315,0.061154067652961545
14241,10331,4,32.07142857142857,0.3000000000000005,1.27914353103301,103.8168725087535,1.28136306628839,103.81834423228645,262.6517506627471,0.8755058355424887,35.0,45.00000000000001,0.06108843537414977
44311,44321,2,15.630252100840336,0.19999999999999973,1.37930410199585,103.77434920734999,1.379874,103.772318,102.60818000961808,0.5130409000480911,18.19960461836246,28.199604618362464,0.06091033753297517
22459,22529,3,26.623376623376622,0.20000000000000018,1.33856290426228,103.69572041924057,1.33777262767008,103.69728617102128,115.51889108452583,0.5775944554226287,25.0,35.0,0.06085343228200377
43109,43099,8,45.33937630996454,0.19999999999999962,1.37043731031208,103.76391083181434,1.36872205121157,103.76498636840047,255.76403128310767,1.0,38.069410615567676,51.091675238977714,0.060710772295001436
40119,40069,6,30.60277957336781,0.19999999999999973,1.31889734253426,103.83249521257974,1.31830398893217,103.83435129198834,224.55791574879177,1.0,37.464314836241016,59.48834715076805,0.060483652352886795
21371,27091,5,25.087521174477693,0.5,1.34522722613512,103.70617873626036,1.34910999998031,103.70388500000492,534.1070196195271,1.0,37.446096658131935,45.68650775542879,0.06042019443753792
82049,82029,14,74.22122720760491,0.40000000000000036,1.31634170548514,103.89891621295058,1.31569833821527,103.89559528546464,295.65391185278736,0.7391347796319677,37.50464597159612,40.597536393235885,0.0603070251266414
67231,67221,3,25.0,0.3999999999999999,1.39322205615326,103.90395664347085,1.391389,103.9062225,279.1729590014031,0.697932397503508,26.659420144871735,31.76274421847694,0.06026767416619219
45069,45059,7,37.28055278055278,0.3000000000000007,1.4069390779681,103.75626773948963,1.40340952558706,103.75620896675814,474.1665767155532,1.0,43.92108806254113,57.5034574540385,0.060146739172967374
66021,66701,2,9.832775919732441,0.2999999999999985,1.350294,103.8611675,1.352218,103.862853,230.44078592468185,0.7681359530822768,20.79979383730495,36.090514660403024,0.06008599402345558
77289,77239,10,46.135603872393915,0.3000000000000005,1.37889759950996,103.93596534133927,1.37741830757924,103.93793201117523,319.06396365035266,1.0,31.70474498587503,36.75490628004822,0.05998230201651314
14179,14169,13,78.24135864135864,0.40000000000000036,1.27188454577735,103.80630000533797,1.27118550385957,103.80941810434497,215.27613609716144,0.5381903402429031,53.37949854931217,59.457031333372974,0.059930234065145034
84341,84221,2,12.115384615384615,0.40000000000000013,1.33110349338955,103.93198370934411,1.33185798500032,103.93512740972372,353.1391563968395,0.8828478909920985,25.017547757954375,36.20492138908451,0.059856730832662235
85099,84069,9,46.01169814018111,0.5,1.32684437763421,103.94645987386455,1.32548742810424,103.94219019887281,488.36233729852756,0.9767246745970551,38.94140885843801,43.32655422136492,0.059793840696180225
21609,21599,6,23.854679802955665,0.40000000000000036,1.33775166774993,103.72102625466782,1.33468356164521,103.72268493639599,404.74530527432694,1.0,20.72140665481503,23.813528551226092,0.059792567678299616
56069,56059,5,27.514285714285716,0.3999999999999986,1.38530499508514,103.82320879865532,1.38268805765919,103.82604547355085,446.6155715073157,1.0,44.763241902338024,59.140645585975385,0.059771080656299075
41061,41071,11,56.74512484419605,0.40000000000000036,1.32705333303352,103.80572472199289,1.328988333013,103.80266277802423,403.49167503534915,1.0,55.512986863642816,65.0,0.05967742798562976
70031,70041,3,18.514285714285712,0.5,1.3292670732562,103.87941087761011,1.33340805598283,103.87841250002135,449.03153142974736,0.8980630628594948,30.85255667122184,38.49599903851951,0.05957433560150977
28459,28339,6,31.100840336134453,0.399999999999999,1.34440772894012,103.7343152870331,1.34270510558579,103.73737517747826,366.54703902497306,0.9163675975624349,29.03601565545189,33.71996495748084,0.059514140269305654
64361,64031,5,33.190402476780186,0.3999999999999986,1.37634509209583,103.89054894445846,1.37699995735935,103.893660799245,435.26883686683857,1.0,33.19606390183495,38.98771762272359,0.05941015618233675
65029,65019,5,23.457894736842107,0.5,1.38461500003195,103.90061583298267,1.38151407829697,103.89749237919405,281.5756096962144,0.5631512193924288,34.40220665909837,41.63083988556035,0.059198915953467116
43769,43453,6,37.64320942215679,0.4,1.3517415,103.737677,1.3479,103.7385,420.62736925017094,1.0,41.39348428382257,49.423067905623,0.059098706491227726
27099,21379,4,25.087521174477693,0.7000000000000002,1.35023689448473,103.70360999821403,1.34534855216089,103.70648912988919,630.0772646263864,0.9001103780376946,39.72752614390585,45.8550553380326,0.05906938335514557
55109,55089,8,42.060716978992986,0.40000000000000036,1.39049447273752,103.8599334800352,1.39129403706334,103.85630398734284,414.5972664440788,1.0,35.76166900728414,40.89479593837215,0.059051759416325685
77211,77251,6,29.98739495798319,0.5,1.37999169580419,103.94094544562029,1.382905,103.937814,457.0700178574043,0.9141400357148086,36.459911236540194,42.56614450687155,0.05899323513700462
17131,17141,7,33.11057178116002,0.3999999999999986,1.3080413890204,103.76591111102081,1.3109950000148,103.76349999999258,736.6345926336662,1.0,48.685098490829255,62.16486569298648,0.05898858943297846
28381,28391,4,21.785714285714285,0.40000000000000036,1.34626967118054,103.72129604136144,1.34978093237085,103.71937165971983,508.2439430663363,1.0,28.48046423636022,35.28246593250386,0.05898784575065404
46088,46501,5,42.5078031212485,0.40000000000000036,1.44180914262822,103.77108660594439,1.43796940271606,103.77118912980488,378.9349764984199,0.947337441246049,32.72585046987545,36.89508320948372,0.05871179460956634
55071,55081,11,50.071363734505844,0.3999999999999999,1.39246274085167,103.85261828242731,1.39177133420779,103.8559732827973,277.2382634564175,0.6930956586410439,47.36508829028192,54.99999999999999,0.05869922803674598
81051,82011,6,34.1792107042454,0.6000000000000005,1.31662343087312,103.89033436777706,1.31736957951855,103.89480000904068,493.59988469856177,0.8226664744976022,34.252687324002736,37.97451356703863,0.05867897297122599
75579,75569,3,17.431578947368422,0.2999999999999998,1.363603,103.94323,1.365866,103.941721,376.6993545844247,1.0,22.820457237966686,30.661711173630515,0.05860339418986046
43099,43089,10,60.226594355077324,0.30000000000000027,1.36872205121157,103.76498636840047,1.36705664197789,103.76608527288596,179.6640587591854,0.5988801958639507,50.753775828709365,60.753775828709365,0.0585959944143211
28451,28461,11,60.09934183463595,0.3999999999999999,1.34394189080479,103.73465998158574,1.345332402809,103.73205383657178,392.84901702987884,0.9821225425746973,31.086774814676872,33.634193279080364,0.05856974279326743
59021,59031,13,71.40871683030325,0.3999999999999986,1.40922833847299,103.82908330455543,1.41277747172151,103.83083958669692,513.6292225834786,1.0,39.70986823878255,43.21673914273144,0.05836877227903077
93031,93041,10,49.90482482026431,0.6999999999999993,1.309633889,103.9286839,1.31120679321816,103.9333999156994,542.5872347561824,0.7751246210802614,43.33402919306651,46.69515265573271,0.058026205249907176
46821,46831,1,12.0,0.30000000000000027,1.44215561041047,103.79755539404626,1.44364527797106,103.7956269439894,162.28540971412502,0.5409513657137496,19.11088183195922,27.607018386973554,0.0579727301209729
63379,63389,7,42.42525176174389,0.3999999999999999,1.370839,103.885214,1.37063835467565,103.882445169636,228.3714176366277,0.5709285440915695,36.72675685071098,41.99055273516156,0.05792276545105432
84289,84249,3,18.8926049795615,0.2999999999999998,1.32663077053638,103.94017072989195,1.32941668893627,103.93960622332179,334.34636305885056,1.0,27.554201668311563,38.34890787083168,0.05790060379011097
67611,67601,5,21.998906356801093,0.5,1.38776293807936,103.89426271274473,1.38334470717282,103.8932683273077,519.1549010235485,1.0,28.175253680507616,33.05508687844288,0.057632828541743696
59391,59381,4,25.909090909090907,0.40000000000000036,1.43021107363512,103.84523111093658,1.43181131616813,103.84196021620254,318.33223911703476,0.7958305977925862,27.3372851210935,32.22012673732154,0.0574516064450833
92149,92139,8,40.15832985762758,0.2999999999999998,1.30928064742874,103.91434517290193,1.30853972762017,103.91062932209371,432.9455018154163,1.0,31.834084839758468,37.51982156122098,0.05734961536831116
42171,42181,8,38.198906356801096,0.3000000000000007,1.34261833302181,103.77026361103131,1.3436280559857,103.76943333300858,184.0894841361736,0.613631613787244,37.36266782813852,45.93054058798042,0.057214453800583584
11179,11169,10,64.65363398211696,0.5999999999999999,1.30627521395682,103.79427940117534,1.30270500001823,103.79838166697326,589.3516648754519,0.98225277479242,50.296370583350594,54.319021845752836,0.05711734165322866
22451,27301,5,32.43850267379679,0.2999999999999998,1.33817022625307,103.69561280580359,1.34045284969365,103.69439784182157,265.05961895563917,0.8835320631854644,36.1148241998288,45.772980251296545,0.056856690560086166
85109,85099,6,37.32832080200501,0.7000000000000002,1.32945523179761,103.95134864429271,1.32684437763421,103.94645987386455,676.896022142277,0.9669943173461097,38.79075447215435,42.36558005074248,0.056839463103814984
64039,64369,7,35.883384932920535,0.2999999999999998,1.37668753222312,103.89393761218089,1.376302,103.891097,351.07622248427305,1.0,31.24297454409637,37.41159169955998,0.05681250190425956
22179,22169,4,26.67193675889328,0.40000000000000013,1.33000472340216,103.6966590690515,1.32624542877841,103.6966157738775,408.09990104688114,1.0,37.38386185435886,46.662608185697366,0.056748014747462494
81099,81089,7,32.593561425597024,0.39999999999999947,1.31982276662398,103.88194665985091,1.31628194302502,103.88202243551633,388.9135969322642,0.9722839923306618,37.446253967625545,44.73048221778096,0.0566974329511084
01211,01311,15,77.63310994510117,0.3000000000000007,1.30551803523268,103.8605449516032,1.3070916463394,103.86219695240973,230.87509380078254,0.7695836460026068,46.75745969059132,52.74892135264108,0.056576559275870346
92111,92121,8,30.29666119321292,0.5,1.30477657929676,103.90293341562067,1.30720333,103.9067761,513.1598280401128,1.0,31.054861427499155,35.10957132922076,0.05633385084270426
62249,62239,7,50.707349232383926,0.40000000000000036,1.34421563693504,103.89102556910234,1.34763066655635,103.88998897946436,448.19710947366616,1.0,30.724398819015278,33.58659822852292,0.056257622451542734
66571,66581,5,24.699860153956635,0.2999999999999998,1.384484444,103.8813056,1.382511944,103.8797475,244.5930256396348,0.8153100854654498,27.688593804752998,35.057742688194736,0.05625332928012866
98139,98129,7,42.21907197661673,0.2999999999999998,1.37394091672222,103.97236010514752,1.372043,103.970477,286.93721697088654,0.9564573899029557,41.55003053996132,50.907617876680966,0.056032461812036034
76079,75059,5,29.24746649231775,0.7000000000000002,1.34794388891649,103.94563500000055,1.34471168546511,103.9402168928283,676.1567023610924,0.9659381462301316,33.446803896283576,36.80131915245279,0.0557953560447683
71139,71129,4,26.601503759398497,0.30000000000000027,1.33054224737538,103.90087888738246,1.329761944,103.8991489,284.0678832202525,0.9468929440675075,29.411659725265494,37.011229057731555,0.055713877348186704
01139,01039,12,58.309454796411316,0.3000000000000007,1.30033057855542,103.85716080665901,1.29820784139683,103.85549139837407,289.3315085388141,0.9644383617960448,27.96886183636119,30.69729285600219,0.055590213604563746
21429,21391,5,25.2436974789916,0.40000000000000036,1.34740203306581,103.71059149459593,1.34485064221938,103.70847936082643,217.24781063069418,0.543119526576735,33.674235365459324,41.325764634540676,0.05551911839193687
76419,76189,1,17.142857142857142,0.40000000000000036,1.35366243500181,103.95648530342,1.3537000000187,103.95279611102576,534.1877082319158,1.0,24.26276641757262,30.147333122344,0.05516561580446658
15209,15199,7,41.52364532019705,0.2999999999999998,1.27706561928684,103.79023432729963,1.27604240853686,103.79318399639808,386.2963753418025,1.0,43.06356329006232,53.153125846204645,0.054909854446408946
76099,76089,11,65.07973948248548,0.40000000000000036,1.35026359502623,103.95249172187374,1.34916805553714,103.94923388889873,319.3522308265633,0.7983805770664075,41.57375803984078,45.55730526318611,0.05475180680799029
11149,11139,5,25.950070213761897,0.3000000000000007,1.29506407111991,103.80596280094791,1.2931986108138,103.80744694841283,357.8349527155684,1.0,36.588145905576084,49.26054654245839,0.05473675640081056
21349,21339,2,17.454545454545453,0.5,1.335535,103.709304,1.329905,103.708306,490.80306787565405,0.9816061357513081,42.84487296516845,58.57240035842261,0.05469493574225205
07021,40011,2,9.8989898989899,0.2999999999999985,1.30372355,103.850036756528,1.30606411522588,103.84908751469008,324.38132281949015,1.0,15.628420031490755,21.937136594426892,0.05464596975666114
42181,42191,7,38.198906356801096,0.40000000000000036,1.3436280559857,103.76943333300858,1.34642944402637,103.76696388898718,432.9716869448576,1.0,40.385825032400604,47.19270481803903,0.05457015312612281
45031,45041,7,33.089904247798984,0.5,1.39623361717149,103.75421868895825,1.40062703005588,103.75556160767161,526.3589349441719,1.0,44.59769167677588,52.264627803648835,0.05442107511821872
67259,65061,6,42.84510621224617,0.20000000000000018,1.39465386086721,103.90046238900585,1.39490129020977,103.9018594759131,101.45379106925762,0.5072689553462877,35.0,45.00000000000001,0.054406484079042826
52159,52149,3,18.06993006993007,0.19999999999999973,1.33810803464351,103.84385638188928,1.33640498933489,103.84357399610558,177.82012673189234,0.8891006336594629,19.60827344952196,27.774693993340716,0.054191300168266454
84269,84259,3,14.760233918128655,0.40000000000000013,1.33402333297056,103.94185027798375,1.33328807616427,103.93910677080204,301.8633294020566,0.7546583235051413,29.80843918035026,41.02940743257916,0.054168783708290334
58069,58059,3,23.37142857142857,0.3000000000000007,1.452187,103.830428,1.45079007708143,103.82866296034206,243.955004687072,0.8131833489569048,32.1290849986663,42.73641028274701,0.05416465778689212
59319,59309,4,24.13986013986014,0.30000000000000027,1.42617166698404,103.83201083297399,1.42826195477761,103.83063072371398,294.6770949398038,0.9822569831326784,27.738915463850766,34.99999999999999,0.05416265887069221
53139,53129,2,11.884057971014492,0.5,1.353021,103.840607,1.34968057726521,103.83978033272378,453.8366140615393,0.9076732281230786,32.808060624403424,46.774641917836746,0.05407964714496072
20149,20139,5,28.152216748768474,0.40000000000000036,1.31795969674094,103.74897266925451,1.31584166892255,103.75204376675156,377.01844306471276,0.942546107661781,39.33563104849722,48.48902840727588,0.054041239428564654
20101,28011,8,47.204204491161015,0.6000000000000014,1.31993714188512,103.76221926730373,1.32425805601593,103.7591472219987,627.3163322155829,1.0,48.68274070613891,53.66723280380927,0.054034187157463456
67019,55109,9,48.060716978992986,0.2999999999999998,1.38976371710347,103.86253811109862,1.39049447273752,103.8599334800352,362.2464101428007,1.0,51.111637016562604,63.19418433180853,0.05393530029922978
68111,68061,3,14.671936758893281,0.6000000000000005,1.40222194447692,103.87138805557646,1.40719212135322,103.87206315994297,590.2028035079045,0.9836713391798398,28.851306052135655,35.02672338051169,0.053794765478230894
54221,54231,11,67.87890928498139,0.2999999999999998,1.36995608006054,103.83959341119167,1.36966012463918,103.84193909880943,279.8260850397525,0.9327536167991756,40.220479114966565,44.99999999999999,0.05377503728113368
75341,74941,10,60.4868930444378,0.3000000000000007,1.33832204097015,103.933861255669,1.3402645,103.9361875,273.23782851815724,0.9107927617271887,34.28674627554643,38.1490755407334,0.05358232261042038
70371,71161,4,24.530075187969924,0.30000000000000027,1.32623288866609,103.88932330108935,1.32732994325917,103.89209147524538,458.4474562244443,1.0,27.20598112257637,33.925058660769565,0.0535728544994609
60101,60121,9,53.59818473958772,0.30000000000000027,1.31783421341306,103.86004042483177,1.32008815616383,103.86179781146463,241.9370412112756,0.8064568040375846,38.7641661310741,44.512653409000166,0.053568684442687836
81151,81161,6,26.03876123876124,0.5999999999999996,1.31153305600814,103.88784583298123,1.31054638768125,103.88318148792811,583.5123615352895,0.9725206025588164,37.96475536395324,43.643066082407344,0.053542033792087204
54471,54481,6,42.93268373018596,0.30000000000000004,1.37613470846106,103.853296559924,1.37599497932237,103.855765341723,372.1743845550595,1.0,39.93645344998019,47.8781945773733,0.053495562470365465
51079,51119,7,36.45622612681436,0.5,1.34178289872759,103.83615392311769,1.34014305601694,103.83257583298696,276.86650453273705,0.5537330090654741,44.08002241816966,50.62248502407003,0.05344384496609083
14171,15141,5,30.04127966976264,0.7,1.27145959833005,103.80654857059398,1.27275860463579,103.80095947823813,352.0037386271776,0.5028624837531108,42.20166712490058,47.27083345296201,0.05343553262506513
22449,22499,2,10.671936758893281,0.5999999999999996,1.343058,103.703812,1.3377065,103.704634,703.9597456012074,1.0,24.62109456839923,30.987947013766593,0.053434176103698106
75031,75151,3,15.238095238095237,0.5,1.35080696753697,103.92946243284943,1.35451781224143,103.93145206236657,546.4917573113607,1.0,26.47525292123995,32.50458691607005,0.05338082251893848
75129,75139,4,34.94505494505494,0.39999999999999925,1.35563642049496,103.93936521711959,1.35563964372785,103.93612503756641,310.12769580961964,0.7753192395240506,30.60932100434573,34.626067054429186,0.05297405677482888
16091,17121,4,21.05174825174825,1.3000000000000007,1.299478,103.779229,1.30476410258543,103.76944539352431,1252.7364574660223,0.9636434288200166,58.86082786383868,66.41588563202204,0.052889684377302
54501,54651,6,30.406588546349713,0.40000000000000013,1.37787138898682,103.86266305598139,1.37854275740549,103.86551861831312,244.58975474089357,0.6114743868522338,48.3495492480043,61.166514701341356,0.05271166542464413
21449,21439,5,29.92215320910973,0.29999999999999893,1.34639805597018,103.71306138901696,1.34842277796612,103.71165888901649,238.38999045017096,0.7946333015005728,21.01272741939703,23.95052599807908,0.05240088608187696
53389,53399,6,31.187218045112783,0.5,1.35804473736933,103.84516933880761,1.35464002820911,103.8470163249439,556.1724724056896,1.0,31.290719877817672,34.96608939361653,0.05238235646608261
84489,84461,5,29.623376623376622,0.3999999999999986,1.33804722197723,103.91618833296936,1.33807138901241,103.91939027798064,359.03981945703674,0.8975995486425951,33.4752498714619,39.289275671520635,0.052380984451109364
47041,47051,3,17.746697746697745,0.4999999999999991,1.4525686110144,103.79164305597227,1.45449749999994,103.79560277796767,370.16346808498963,0.7403269361699806,41.13960947527888,54.33332937271627,0.052375518334058804
64619,64609,5,28.605626598465474,0.19999999999999973,1.37809338718149,103.88468027114665,1.37595638900393,103.884701388976,204.56741812324435,1.0,23.773261979827474,30.368815111249486,0.052265614437740214
21319,21309,2,17.454545454545453,0.5,1.32377340235344,103.70980422080449,1.31919,103.710547,532.0948136501113,1.0,32.81685937970272,40.83975462156608,0.05224317097737533
06131,13121,7,29.801104158998896,0.2999999999999998,1.29152472200833,103.83222750001508,1.29409221679274,103.8308377640795,374.0221566273912,1.0,35.582378801041266,44.90616222130176,0.05216808169642486
28241,28251,2,12.444444444444445,0.40000000000000036,1.33175858461326,103.73957485927775,1.33382805600325,103.7369883329766,377.4702975994104,0.9436757439985252,34.35771965060688,53.54468093936492,0.051915977698180356
78189,78039,9,45.42531328320802,0.09999999999999964,1.3648,103.958657,1.367181,103.959,51.437594177283714,0.514375941772839,25.000000000000004,35.0,0.05191464375223753
40321,40341,3,14.31578947368421,0.30000000000000027,1.35174487949103,103.73947152056856,1.3546236109849,103.73889587967264,267.5728478330226,0.8919094927767411,25.962145281745595,37.80555243283206,0.05182234401986739
82071,82081,6,23.875862068965517,0.40000000000000036,1.307258,103.895454,1.31037284851913,103.89412794527634,369.9399007396805,0.9248497518492005,29.907127214856764,35.69333703703833,0.05176680718617902
22171,22181,4,24.386222473178996,0.40000000000000013,1.32954166703099,103.69637694399475,1.33301611112037,103.69637694442996,408.2821413506879,1.0,38.20550542664912,47.90616123128697,0.051699732617580076
59501,59441,1,12.0,0.40000000000000036,1.41289253257843,103.83810681040471,1.41588388901051,103.83948333301474,247.33325315540586,0.6183331328885141,26.042905486051467,36.17072282958145,0.051607221199275015
93069,93059,8,40.67261557191329,0.40000000000000036,1.31168943552207,103.92240015622043,1.31076138897412,103.91930777802244,313.6985801136106,0.7842464502840258,36.21958739857405,40.90843853814678,0.051483982818034985
11279,11269,7,33.56084441873915,0.5,1.31466878886978,103.79069259768109,1.31256112590195,103.79453796697418,486.44045117315477,0.9728809023463095,45.32695795976102,52.64768194375029,0.05147793170645932
44089,44689,3,28.571428571428573,0.3999999999999999,1.37648110284286,103.74094532328145,1.37811000397911,103.73849893266107,255.49664674563735,0.6387416168640936,31.666150170923245,36.93346916863195,0.05147142569027893
01629,01619,6,33.730158730158735,0.39999999999999947,1.297085,103.856894,1.29428694178246,103.85503809424233,372.3194291176879,0.930798572794221,33.03280358809913,37.78127234677652,0.05133457215844894
83029,82069,9,48.39106321954619,0.3999999999999999,1.31774429797349,103.90635251996308,1.31709537499354,103.90295147896967,339.06784920216575,0.8476696230054146,33.384336315087985,36.62205081079448,0.05125996408810258
83309,92279,4,20.982456140350877,0.5,1.31045482788745,103.90806851700533,1.30633786714639,103.90964863731638,313.0921099050155,0.626184219810031,39.43850193643351,48.81345803952528,0.051089962769190304
54181,54191,7,26.786813186813184,0.3999999999999999,1.37053305192374,103.83653495602837,1.37447193336668,103.83756404776227,521.5865573461913,1.0,26.75360160208551,30.640665977739822,0.05080685558644258
44209,44731,5,25.64545980335454,0.40000000000000036,1.37719530827914,103.76698269593902,1.37887883000016,103.76432732997739,373.5104736407959,0.9337761841019889,26.618772946636284,30.658232580343032,0.05077601429815236
64409,64069,6,27.788819875776397,0.4000000000000002,1.37820165544364,103.90352727356866,1.37526504951859,103.90134716214978,427.82992989500093,1.0,39.470202533596634,48.14794485551806,0.05075627429232789
72059,72049,6,35.377955377955374,0.40000000000000036,1.333808,103.904357,1.33490332816583,103.90747460787432,298.86168182661584,0.7471542045665389,32.24215166678107,36.45505259045338,0.05072151550016819
47801,58141,5,34.095904095904096,0.39999999999999947,1.46417400978934,103.8129834777538,1.463365158306,103.81653183057891,425.70374691186544,1.0,44.15180284383409,52.81905182832867,0.05068791558805017
75251,75241,6,40.70445344129554,0.3000000000000007,1.3494983330038,103.92783361101397,1.34844803009871,103.92980219657613,331.42470008451994,1.0,33.08745947453887,38.32293487463727,0.05041933602693408
75161,75201,3,26.74285714285714,0.2999999999999998,1.35324997143303,103.93456070784656,1.35078500992301,103.93353377368994,352.9515039574323,1.0,25.358247723572976,30.14386508099441,0.05022834314577365
63051,63061,6,26.698073168661402,0.3000000000000007,1.36415166798646,103.8891427848695,1.36623834226067,103.89129134480065,353.7668923765677,1.0,29.40353390740151,36.04448465886805,0.050187213421975525
41021,41119,3,13.553315649867374,0.5,1.32264999998361,103.81554000003177,1.32074221277671,103.81245374678939,327.6210115289424,0.6552420230578848,31.872052208795484,41.712117469789845,0.050158122409797605
91079,91069,5,22.460327288810262,0.29999999999999893,1.3013063985688,103.8952666584497,1.30061892627157,103.89304722999233,276.12046512925986,0.9204015504308695,36.15093918810106,49.41654635017272,0.05003483741777971
84481,84701,7,40.693797251342005,0.5,1.33753167256033,103.91532871743395,1.33601304352046,103.91214210205735,435.7753327345132,0.8715506654690264,37.38982931215767,41.173112753452315,0.05000344391024436
44219,44209,6,30.445459803354538,0.3000000000000007,1.37578333297826,103.769352222019,1.37719530827914,103.76698269593902,257.56257810582804,0.8585419270194249,35.48346746175531,44.03306507648938,0.04997864729823288
21359,21349,2,17.454545454545453,0.3999999999999999,1.33867010260834,103.7099597309989,1.335535,103.709304,365.239316371981,0.9130982909299526,36.84226526129019,50.03304989492315,0.04996154525722359
75289,75279,5,37.69230769230769,0.3000000000000007,1.36045667202312,103.93331674675824,1.3604749400553,103.93620400344062,254.19129930797286,0.8473043310265742,32.38065879447379,37.779151015515026,0.0499009240572203
54491,54501,6,30.406588546349713,0.20000000000000018,1.37717165299187,103.86010323265269,1.37787138898682,103.86266305598139,278.6033219109401,1.0,40.18046367259789,59.897401551152285,0.049821205841019636
05069,10011,10,64.58296432781559,0.3999999999999986,1.28027629959632,103.84029791443083,1.2777380589964,103.83749709165197,400.75852843103553,1.0,39.24319795336357,42.45613117543314,0.04981668885253689
64041,64051,13,49.68991173944734,0.40000000000000013,1.37016500002901,103.89535999996711,1.37239666924933,103.89777362456783,311.1038838540607,0.7777597096351515,45.0,50.7168832872719,0.04978774676760754
67359,67369,4,35.57575757575758,0.2,1.39008740102191,103.89042014225743,1.39071731059511,103.88853458899818,229.3661254516833,1.0,27.775548670137233,34.473431521586306,0.04977079039240941
46691,46689,2,20.392156862745097,0.30000000000000004,1.43823132518893,103.79587886684328,1.43587054546915,103.79601265965388,287.8108296312671,0.9593694321042234,21.83097952055448,26.530412055396948,0.049637810836969026
83291,83101,3,23.54655870445344,0.7000000000000002,1.31473309387158,103.90589521764187,1.32066709057479,103.90489836683336,357.0128735133636,0.5100183907333764,43.88606740609822,50.55646025517686,0.04955341301243177
54531,53241,8,40.745059738491165,0.30000000000000027,1.35839974282084,103.85132688003488,1.35615639153054,103.84995659632311,249.75905643516148,0.8325301881172041,44.99999999999999,55.0,0.049387951198171215
97019,96069,4,15.881374722838137,0.7999999999999998,1.3529227886583,103.96544071070835,1.34665000850794,103.96311235602505,410.8298558359453,0.5135373197949318,40.714372463292875,48.36191103147597,0.04934561396422769
64029,64429,6,27.58814683768244,0.3999999999999999,1.37781617357511,103.89688283812272,1.37481689904602,103.8952195672541,488.85865917621993,1.0,32.46555604753494,37.96877616693524,0.04926630145159774
44629,44509,3,26.909090909090907,0.40000000000000036,1.37851168892339,103.73644907938714,1.38081340360597,103.73845177601393,243.68975425810063,0.609224385645251,27.437228643211984,31.374849623174637,0.04923467009412406
43531,43341,6,25.414585414585414,0.39999999999999925,1.35154868659228,103.7437763360561,1.34972199038423,103.74139303669513,228.42019714447713,0.5710504928611939,35.150930661218176,42.347669687835236,0.04914874471774434
17171,17181,8,51.07087115782768,0.3000000000000007,1.315334,103.764861,1.31749570803723,103.7638854582427,272.09683501687914,0.9069894500562617,37.602736454426704,42.748250698278696,0.04904395745045509
21639,21759,2,12.0,0.3999999999999999,1.33378861099344,103.72511638897618,1.33032387572414,103.7249113116863,445.923243420248,1.0,30.11493626397213,43.499706919518886,0.049043775097069545
10339,14249,5,34.21848739495798,0.19999999999999996,1.28115835063292,103.81857250844851,1.279469339,103.8173996,204.60879893256197,1.0,34.033500376909195,44.99999999999999,0.04900492161660358
03011,02111,18,46.47060888295008,0.5999999999999998,1.28561840945474,103.85342223246427,1.29095592348389,103.85453419435228,625.7994681402976,1.0,47.37190647237406,51.672716468514174,0.048988902860301296
75229,75239,11,58.505545961208824,0.5,1.34499782605889,103.93676608938834,1.34675259898315,103.93257655832721,742.1654907575518,1.0,43.64442327732998,47.07702854625471,0.048871211334273766
78081,78071,5,27.63157894736842,0.40000000000000013,1.37368803498525,103.95635599319583,1.37031163160495,103.95718010428234,416.7474178272821,1.0,32.22218421947759,37.57061786192526,0.04883025499429954
64111,64121,5,30.70150901729849,0.3999999999999986,1.37594188334629,103.87684285462154,1.37974139718092,103.87650111729936,518.3604084821152,1.0,39.32317160061355,46.58858486536782,0.04870258113792001
44399,44299,4,35.244360902255636,0.2999999999999998,1.38306278590518,103.74851002579776,1.38177250001353,103.75131333302434,415.0208235084332,1.0,33.33271820896969,39.377374365523586,0.04869282937231598
22009,21699,3,17.714285714285715,0.9,1.33932334709184,103.70545701843297,1.341617,103.712315,464.91091410368387,0.5165676823374266,33.19293158021082,36.93639266048949,0.0486787466399662
59569,59329,4,26.909090909090907,0.19999999999999973,1.41849332350079,103.83293900021363,1.41968029160119,103.83179596945222,130.59465394243722,0.6529732697121869,26.6180171990708,35.0,0.04842080900140156
62059,62229,5,27.663003663003664,0.40000000000000036,1.35170138896709,103.87859583297927,1.35108999372692,103.88212234368397,249.78683265353402,0.6244670816338345,37.597877400156726,45.0,0.04841052119668938
70121,70131,5,31.572071107303493,0.39999999999999947,1.3319080537309,103.88114282141879,1.3327616336301,103.88503448837113,431.3723851742636,1.0,39.760150388091716,46.88910485025039,0.04829130524998119
06189,05023,3,9.852216748768473,0.2999999999999998,1.28779136477868,103.84329428089559,1.28692928357498,103.84540375642477,181.62969378164786,0.6054323126054932,24.149526056126305,39.87113971713346,0.04825975026315348
65459,65449,5,45.37362637362637,0.3999999999999999,1.41060953055987,103.8977216527095,1.40804081420589,103.89593121183572,215.22024526490526,0.5380506131622633,32.02935355431599,35.0,0.04809481195287399
02061,04111,7,38.92675091025916,0.7,1.2899155,103.8565215,1.29395444170081,103.85139096636622,550.5628461577194,0.7865183516538848,33.02632574089566,35.06808213803279,0.048037217770077516
59199,59209,5,20.225108225108226,0.30000000000000004,1.43609553700432,103.84224938363205,1.43856611102095,103.84021166701386,299.81506121061506,0.9993835373687167,23.976313947048514,29.578592358557174,0.04793104282305942
22401,22391,2,20.0,0.40000000000000036,1.31007875279152,103.69714966993958,1.31342749923518,103.6957230721563,401.50374995931327,1.0,31.968789233155043,39.54070134008471,0.047920903158560416
67591,67411,6,26.253451811346547,0.40000000000000013,1.39790048032037,103.8953647897483,1.39495624396821,103.89436833778728,342.8709935416759,0.8571774838541895,32.02608904297666,37.50391228278825,0.04789320899851724
20201,20211,6,21.46666666666667,0.20000000000000018,1.321334,103.74386,1.32177193921987,103.74184000241928,168.2080542898471,0.8410402714492348,25.176485689927212,35.0,0.04786282605959743
42139,11349,3,13.415384615384614,0.39999999999999947,1.32877805376848,103.7944440268283,1.325628,103.79304,415.16376670812895,1.0,31.50330090017077,43.78293755243833,0.047773568012953106
03501,02169,11,58.70909090909091,0.9000000000000021,1.28500467671367,103.8606110538643,1.29333836780589,103.86070849052753,957.2352177382119,1.0,35.56204046012079,36.74345726871606,0.047773198731713894
84529,84219,5,39.344537815126046,0.2999999999999998,1.33213305553955,103.93431305555218,1.32940888887166,103.9348130555732,342.9678198993945,1.0,30.303684120754234,34.53311321110276,0.047704163848948156
81031,81051,9,47.54791096949739,0.5,1.31580283030533,103.88604854571838,1.31662343087312,103.89033436777706,483.3836327203539,0.9667672654407078,40.96837718323866,44.635675838576475,0.04767787033985647
11021,11031,12,65.61580218294215,0.30000000000000027,1.28941805603102,103.80228694398484,1.29119666696879,103.80045500000118,190.76370928872618,0.6358790309624199,43.65679058589403,48.80157544801045,0.047534755904471614
67189,67249,5,42.0917905623788,0.3999999999999999,1.39059955869523,103.89742612835978,1.39376571527248,103.89850423466406,308.30775961585107,0.7707693990396279,30.95770654483701,33.92102208465912,0.04751137309179721
60021,60031,7,35.39031198686371,0.5,1.31828596087227,103.86669874193286,1.3204097072077,103.87007832529532,451.55437037884224,0.9031087407576844,45.889943661838075,52.3325448869689,0.04747076901668683
80071,80091,13,73.09458360104244,0.5,1.31380009198455,103.87655394006379,1.31489775184137,103.88095141640784,455.02103778906593,0.9100420755781319,36.89325120349424,38.75000234959924,0.0474668311232808
94019,93099,6,30.873440518291776,0.3999999999999999,1.3142851610342,103.93574953076752,1.31390444400831,103.93171138898548,438.30144440275143,1.0,34.92170167696321,40.330127472930045,0.047423205253577565
27101,27121,3,19.87012987012987,0.7000000000000002,1.35259472200365,103.70111638902962,1.35682305601032,103.69521277798744,850.8308888631959,1.0,42.797953847959164,50.083408063689475,0.04727575778474493
28319,28449,8,47.42857142857143,0.3000000000000007,1.33862623918679,103.74173313734524,1.33618166701348,103.73944500002973,435.46523524190866,1.0,30.206816689154053,33.56025783770961,0.04706756582359849
03129,03217,19,42.841113041846654,0.2999999999999998,1.27807003532092,103.84956718123823,1.27552218897645,103.8479443674916,354.56649881749735,1.0,35.35615854506051,40.61320248395835,0.047053431184761005
22441,22591,8,50.662886985137625,0.30000000000000004,1.342816,103.70358,1.3447589,103.70289,182.19806073698302,0.6073268691232766,27.573313820614295,30.146627641228587,0.04705179984149412
84451,72171,2,12.0,0.7999999999999989,1.335644,103.918055,1.342458,103.918549,458.75325490776436,0.5734415686347062,42.20921573174138,53.21479300741176,0.04703751833000355
67181,67191,5,34.289592760180994,0.1999999999999993,1.39101786005668,103.89778017996501,1.389133,103.897095,212.67304639244026,1.0,27.529502455316326,33.93408074823076,0.047016295864491145
75279,76549,6,38.306739699928556,0.5,1.3604749400553,103.93620400344062,1.360559,103.940515,694.0578708649608,1.0,37.442527307248,41.231892125803824,0.047012483441278376
70281,70291,12,68.38250452677697,0.3000000000000005,1.3354935,103.8879965,1.33743499996855,103.88713611112668,204.6356789152549,0.6821189297175152,56.575186886609856,65.0,0.04699884437527872
43459,43761,7,35.3906438389197,0.30000000000000027,1.34808666498981,103.73807456781998,1.35079436745796,103.73765826692882,500.7236986580915,1.0,44.23355951493266,54.99999999999999,0.04698587121284278
28681,28691,3,16.607142857142858,0.2999999999999998,1.33720242588623,103.75488889772056,1.33565242851513,103.75748934005021,339.6373833432541,1.0,27.13740732882817,36.470994835688614,0.04698387327950856
75469,75499,2,9.870967741935484,0.3999999999999999,1.36626888891089,103.93315812393162,1.366074,103.936768,232.62837091524608,0.5815709272881153,23.6588859380565,32.83847309120638,0.046651501651914055
17389,17029,5,27.31888341543514,0.2999999999999998,1.29908138901268,103.76700194402241,1.29694570097768,103.76710295331488,189.4382126793111,0.6314607089310373,35.15934109168529,43.92792098773205,0.04652989643435505
67409,67399,6,28.666666666666668,0.5,1.392423,103.896122,1.39385005995777,103.89167010585574,574.9613020634483,1.0,32.131812759116855,35.856474754460095,0.04633735622091522
98011,98021,4,24.31168831168831,0.40000000000000013,1.36221388889515,103.96291600002557,1.36473730490409,103.96537675659532,326.0070330082953,0.8150175825207381,30.47152637520397,35.626587398100604,0.04617857080346756
21579,21569,8,34.36896551724138,0.20000000000000062,1.33013472279057,103.72318086110512,1.32857203912272,103.72289813113439,173.05117808085157,0.8652558904042551,28.344991272383968,35.0,0.04611059363507777
75299,75379,7,44.32988580047403,0.2999999999999998,1.364115,103.931119,1.35943002306953,103.9309897702735,679.0497835763565,1.0,45.18113091541578,53.567316906006454,0.046081368281441326
63011,63021,8,39.529241999830234,0.5,1.35432115760902,103.87823575937183,1.3570580828827,103.88161613087621,484.9939785782631,0.9699879571565263,44.18808995782616,49.2618474668716,0.04606830922686989
56191,56201,5,27.174613003095974,0.40000000000000036,1.37879833302094,103.82944083302411,1.38059381566563,103.83224759401025,498.84253947281644,1.0,42.524260005269575,51.87258108004842,0.04606619655904608
67479,67489,6,26.570064976137083,0.3999999999999999,1.39198203746983,103.88019668070044,1.39100245036434,103.87708498686095,423.9268431784681,1.0,30.276173370854202,34.82166660893235,0.045822954466547695
43589,43579,2,14.166666666666668,0.3999999999999999,1.36227296946091,103.75153180716009,1.35911715344895,103.75166771394562,356.6551763217885,0.8916379408044715,30.22216928763931,39.96133998583211,0.04569660839677794
42051,42061,12,60.88305587867881,0.3000000000000007,1.33598305556873,103.78263611110306,1.33687567142278,103.78038743713434,371.7949199647996,1.0,48.1822483654286,54.77598646605498,0.04563227500285107
59761,59719,8,52.39154704944178,0.20000000000000018,1.41849608053432,103.84326740385671,1.41756544907262,103.84200497226853,259.918945930523,1.0,35.00000000000001,41.284328518302516,0.045571867798258885
66139,66271,5,30.434782608695652,0.5,1.36357778856307,103.86929111065648,1.36398333300081,103.86578916701893,299.78365157372343,0.5995673031474469,34.65794432620611,38.667214130437316,0.045526032938826996
28529,28519,11,62.39714929033814,0.5,1.35117921308914,103.7206511492765,1.35058416759245,103.72452492776075,381.4365541156091,0.7628731082312182,36.771176389265385,38.85450357409878,0.04549287097938747
52341,52311,1,10.909090909090908,0.30000000000000027,1.33625777803173,103.85562250002782,1.33435800960389,103.85721839168514,176.62284109636187,0.588742803654539,25.32999609138577,39.093238062790135,0.04548768070725913
83311,83291,3,19.770334928229666,0.2999999999999998,1.31241970275404,103.90692990251455,1.31473309387158,103.90589521764187,262.20149112577315,0.8740049704192443,31.352065316786472,41.2619642506089,0.04543478247011183
21149,21069,2,9.568965517241379,0.40000000000000036,1.315633,103.719896,1.31237305598007,103.7191852779968,369.3263173162229,0.9233157932905565,26.7107940333535,39.092894874252075,0.04538733544580541
64479,64489,8,37.39295691520755,0.3000000000000004,1.374401340713,103.88353995121632,1.37488764981722,103.88067688397112,259.6210011124636,0.8654033370415442,33.37721925000234,38.585425762486096,0.04536551148672214
43171,43419,5,19.7002997002997,0.6000000000000014,1.34859644473183,103.75460496382075,1.351623356,103.749933755,422.296120924624,0.7038268682077051,38.37365851872441,45.0,0.04535782031623241
14221,14231,4,24.530075187969924,0.39999999999999947,1.27359332247784,103.82893371728431,1.27100999999332,103.82667222202473,311.1595166907112,0.777898791726779,42.561121445099516,52.97416999600108,0.045316831871278634
42169,42159,11,60.879641411220355,0.20000000000000018,1.34038575681297,103.77366130505683,1.34036805329812,103.77530898996658,212.38260197878589,1.0,33.99608492793148,38.91741793373903,0.04529100007594749
64391,63351,5,24.686813186813186,0.2999999999999998,1.37145414929063,103.88976573946181,1.36922638899711,103.88786388897049,339.27579791548385,1.0,32.309250085482766,40.261643677934856,0.04527576250547818
66061,66071,5,25.21688837478311,0.5,1.34405111099275,103.86346055601665,1.34375516528836,103.86737312632222,275.73873599974615,0.5514774719994923,50.0,60.93877036631479,0.04526539502300538
47809,47819,1,8.0,0.40000000000000213,1.46379183832972,103.813587498325,1.4625580134543,103.81005089658552,226.7284340646869,0.5668210851617141,28.552124340045594,47.89575131990882,0.0452639521036154
81109,70251,10,47.53536405115352,0.5,1.3209137166719,103.89117183414866,1.32497158481981,103.89037074589527,645.3964862773552,1.0,38.23985335009225,41.24305788851559,0.045258969823527714
66149,66139,5,30.434782608695652,0.39999999999999947,1.36291833299844,103.87236222198605,1.36357778856307,103.86929111065648,330.1921451709315,0.8254803629273298,38.30459426612846,44.65583129236243,0.045202189451861365
43821,43029,1,5.454545454545454,0.5999999999999996,1.356754,103.7676,1.35218580086883,103.77000849173528,425.70246904491756,0.709504115074863,26.488570079796844,41.74250631751657,0.04514968306992615
84691,84071,1,7.0588235294117645,0.40000000000000036,1.32111805602717,103.94595750002355,1.32067138376849,103.9426000755741,349.23652415974124,0.8730913103993524,23.119549864341842,36.63052427496723,0.045046025540016486
11159,11149,7,30.56545482914651,0.3999999999999999,1.29800440816386,103.80362656855579,1.29506407111991,103.80596280094791,331.80986666573824,0.8295246666643459,45.77232088390956,55.00000000000001,0.044814413245080925
16189,16179,6,26.547619047619047,0.29999999999999993,1.297228,103.772756,1.29898164227099,103.7741773272528,260.6462768881356,0.8688209229604522,26.051292704588167,30.525646352294082,0.04481083039334186
62131,66371,3,14.45372050816697,0.5999999999999996,1.3489790064228,103.87277432797597,1.353767301605,103.87268543240587,370.8704432620043,0.6181174054366741,33.41778083952099,40.36557768246211,0.04466725203888732
40209,40199,6,39.064935064935064,0.5,1.31388805600649,103.82738777802837,1.31258333303153,103.83191222199584,635.4389235128568,1.0,41.853539997973684,46.27140286390667,0.044557875787156725
10271,10281,4,18.396597554492292,0.40000000000000036,1.29115999997607,103.81757666701353,1.29153833298318,103.81445166697797,370.25586714211613,0.9256396678552895,34.04016392587157,42.87365602272198,0.044539748648380444
84379,84369,2,8.251748251748252,0.30000000000000004,1.33041495636834,103.92645503858006,1.329162,103.924608,175.0419745240645,0.5834732484135482,24.296863834095983,43.124970224255954,0.044483078989047624
27139,27279,1,8.571428571428571,0.2999999999999998,1.34202746082141,103.68898154351334,1.34210239034142,103.69119289371211,283.4917380263953,0.9449724600879849,19.62054836100359,29.62054836100359,0.04424561436376059
17049,17039,6,32.11888341543514,0.40000000000000036,1.304845,103.764494,1.3015316464856,103.76606427132043,408.7457822809698,1.0,34.08249899226846,38.59460604173272,0.04406987131015961
84101,84661,3,20.324475524475524,0.3000000000000007,1.32298200464523,103.94421518494586,1.31992811557233,103.94438908816849,298.6082557394226,0.9953608524647397,29.444888713617658,37.40550244740974,0.04406986738406762
14061,14071,8,49.81097663945961,0.5,1.27231269789239,103.83862035734883,1.27220342411953,103.8339025862589,567.8918662373088,1.0,65.0,73.44359164427941,0.04405092363877498
82032,82061,7,38.44371812664756,0.5999999999999996,1.31776416388008,103.89719868894,1.31876162629115,103.9022689641617,627.8008124055137,1.0,39.78654991587603,43.03930882538498,0.043815416106960034
26059,26069,1,6.666666666666667,0.3000000000000007,1.31672777803073,103.64083888900358,1.31850277800807,103.63897555599392,270.3481586842905,0.901160528947633,23.558800763677773,48.65451543657877,0.04378781077179016
44801,44861,5,26.52549019607843,0.19999999999999996,1.38503510909651,103.75908340599958,1.3866920101757,103.75877312173013,132.62230642081343,0.6631115321040674,19.590309595772197,23.361238383088786,0.04371239324077208
70021,70031,8,48.41538461538462,0.3000000000000004,1.32640814876454,103.88033937941422,1.3292670732562,103.87941087761011,372.7909283935144,1.0,37.017327482621106,41.655608404404546,0.043690110840721934
60261,61011,6,29.04619699719518,0.19999999999999973,1.33132471594343,103.86891794930561,1.3333927981396,103.86946402615806,477.54082000225173,1.0,31.927290789734712,42.01253041442496,0.043678185459661165
64239,64209,4,19.502602660497395,0.5,1.36439805444874,103.89682349089492,1.36146974234447,103.89452504836862,301.15507501283884,0.6023101500256777,38.30246839869089,46.217514290265434,0.04359961628963157
46471,46481,6,45.476190476190474,0.3999999999999999,1.44796931841747,103.79758820990358,1.44964404178885,103.8011125258027,457.53108412209497,1.0,47.33631949908748,53.38890656720086,0.043565188734372685
71191,71181,5,19.286356821589205,0.2999999999999998,1.34114100497371,103.89814797322435,1.34332868665716,103.8989460984825,297.5065446002748,0.9916884820009166,37.634459825445404,52.413395060477754,0.04334975220962342
95091,95131,5,33.41596638655462,0.20000000000000107,1.387294,103.999644,1.385586,103.999695,150.32541901590287,0.7516270950795103,26.994328926998584,32.71642335755524,0.043301275247582253
65431,67591,5,21.453451811346547,0.5,1.40238938083661,103.89673562171807,1.39790048032037,103.8953647897483,538.6362240275585,1.0,35.1735283047644,40.986041448140874,0.04324931380420884
92109,92099,8,40.15832985762758,0.2999999999999998,1.30356602776936,103.90145614778639,1.3023783312326,103.89900426571224,288.7167238231107,0.9623890794103697,36.269327021095044,41.69390809806255,0.043216640152191794
47059,47049,1,10.909090909090908,0.40000000000000036,1.45396450182247,103.7954729366899,1.45246524141338,103.7925804884025,293.5539879567898,0.7338849698919738,34.3978678345786,52.16349722164908,0.043204693284185254
93061,93071,5,16.158730158730158,0.40000000000000036,1.31199515605411,103.92260670662348,1.31293014528666,103.92634861688488,675.3071446605278,1.0,27.14043995786485,33.15317605385458,0.0431914057484763
63221,63231,7,34.35198135198135,0.2999999999999998,1.35799327947024,103.8855063915276,1.35901223241231,103.88763070107527,230.28496273905807,0.7676165424635274,25.147766845035083,28.108188779826875,0.043161285650349164
50129,50119,4,19.24436090225564,0.40000000000000213,1.3189880880064,103.84929028517206,1.31829503182752,103.8458185038638,501.69190064709653,1.0,38.85560005148159,49.668560613266266,0.04312934956940704
63089,63079,7,47.648525702972165,0.3999999999999999,1.35653228525134,103.89213497244268,1.35978917315442,103.89296017669749,451.13140763652797,1.0,52.545196237748826,59.605903077726225,0.04296703131472374
75291,75311,8,40.366300366300365,0.40000000000000036,1.364015,103.930753,1.367478,103.930734,479.32253220970046,1.0,43.085575946908065,48.66165955698089,0.04294270495885232
60209,60179,8,42.025576762418865,0.5,1.32986133945973,103.86896099565628,1.32634025655419,103.86834025123765,378.6138143994894,0.7572276287989788,31.82415220140684,34.03745286845869,0.04293487530036816
44649,44639,4,30.296918767507,0.29999999999999805,1.38207041321308,103.76296296396666,1.38006972221146,103.76396027777982,261.2786291481692,0.8709287638272364,26.25708117082307,29.944044264203377,0.04262178212338722
13099,13089,5,19.21688837478311,0.40000000000000036,1.29578024244395,103.83961272081199,1.29575111096804,103.83604111103381,390.65829304934283,0.9766457326233562,32.462126612578935,39.57733218572842,0.04257033106638876
67429,67439,1,12.0,0.5999999999999999,1.397015278,103.8919331,1.39549374900087,103.89737027918684,787.9504671598255,1.0,28.545765272488463,34.33137733556508,0.04250586796960214
84259,84229,3,14.760233918128655,0.5,1.33328807616427,103.93910677080204,1.3315995317556,103.93531396427683,366.55079362976596,0.7331015872595319,31.402099897287194,38.33531942524274,0.04250503899174112
67259,67231,2,20.0,0.5,1.39465386086721,103.90046238900585,1.39322205615326,103.90395664347085,533.1879797764259,1.0,32.1956809679352,37.29346087291201,0.042457144075933456
94041,94051,8,38.973459289248765,0.3999999999999986,1.31619439069366,103.94430577752213,1.31710244970995,103.94737959133388,383.82816555262997,0.9595704138815784,34.16554464385911,37.663114361155614,0.04237314992119858
11489,11469,2,8.571428571428571,0.399999999999999,1.298817,103.804395,1.30113503392421,103.80188584326886,389.2978600362864,0.9732446500907184,24.85096221242531,35.861947830925416,0.04236062056170727
28399,28389,4,17.06896551724138,0.40000000000000036,1.34974947213063,103.71964821094637,1.34646209983221,103.72147231551902,396.91362236671574,0.9922840559167885,28.43233713512043,34.51505446540814,0.042319809496392455
20159,20149,2,13.214285714285715,0.29999999999999893,1.3184165,103.746512,1.31795969674094,103.74897266925451,329.42184739943906,1.0,30.246742300195084,44.63366494775342,0.04224659398175237
64101,64111,7,39.372476759233976,0.3999999999999999,1.37212119701131,103.87653938842564,1.37594188334629,103.87684285462154,371.01597465330974,0.9275399366332746,36.334154240042814,40.24417032456397,0.04211271456597824
58269,58541,2,18.57142857142857,0.5999999999999996,1.44702361616489,103.82761997468876,1.44284,103.830351,613.6497842543865,1.0,37.358887092611994,43.48554266804432,0.042022434060771996
71129,71149,4,26.601503759398497,0.2999999999999998,1.329761944,103.8991489,1.32886553888796,103.89713767691656,153.5228838283134,0.5117429460943783,26.089575981590137,30.240020954539204,0.041982954090776264
67721,67731,3,13.428571428571429,0.40000000000000036,1.37971349716278,103.89819238601865,1.38018738604916,103.90138066955191,402.6642775369597,1.0,35.980290674266385,50.03873550275098,0.04194267177474252
18129,18109,4,14.343434343434343,0.40000000000000036,1.29776225378985,103.78570767644749,1.29403436577434,103.78672599789039,438.8513811206553,1.0,33.568502130715515,44.47325698837391,0.041908117132470404
20019,17149,7,45.297910784867305,0.29999999999999893,1.31357611099308,103.7615108330155,1.31171515103681,103.76346179699715,306.94839690531336,1.0,60.924612619986775,74.99999999999999,0.041860628365693923
29029,29019,2,10.416666666666668,0.6000000000000005,1.313867,103.734975,1.30808999973571,103.73376586792706,806.1795947689062,1.0,29.73336445213259,37.11521448298386,0.04180701944222693
92131,92141,7,24.29666119321292,0.40000000000000036,1.30878111099591,103.91089222198016,1.30939538245506,103.91428724575974,344.854674486241,0.8621366862156017,32.48348941681684,37.75843716311082,0.04179728427475241
64359,64349,7,43.4422084623323,0.40000000000000013,1.37528677811119,103.88918760776436,1.37291834719604,103.88673982857989,292.6647875709101,0.7316619689272751,41.80322474476652,46.466132488004526,0.04171405391625797
67441,67271,5,26.764194373401534,0.5,1.392382,103.893479,1.388381,103.8921,559.669919128593,1.0,37.68210341430516,42.69073411455144,0.04166529207757131
40091,41011,8,39.356500081534776,0.5,1.32101807290903,103.82350944419166,1.32235611101422,103.81891666700089,745.3164743082672,1.0,52.02679752612232,58.45971903145568,0.0416208465214158
42041,42051,12,60.88305587867881,0.5,1.33442500001261,103.78689111113574,1.33598305556873,103.78263611110306,1048.5730062520033,1.0,48.19818323356331,51.59790892236538,0.04161477528938074
10071,10501,9,48.844385259824755,0.1999999999999993,1.28045309423663,103.82638920754815,1.28105845355429,103.82528065411316,157.38786447327504,0.786939322366378,38.354510206157684,45.82274489692115,0.041511178100273806
63291,63301,8,42.578970049558286,0.3000000000000004,1.35225002342978,103.88785804760475,1.35149473186732,103.88531199399267,306.66827467187863,1.0,34.56158302861138,38.9232969747002,0.04141620870509306
47049,47039,1,10.909090909090908,0.40000000000000036,1.45246524141338,103.7925804884025,1.45156922188356,103.78905216062749,491.64276073335543,1.0,31.610513536086344,45.14961150035212,0.041395460083881626
46161,46171,3,25.0,0.30000000000000027,1.44536006142756,103.77556464561282,1.44412876526641,103.77800011395242,256.3196399921491,0.8543987999738296,24.80380511861554,28.735001672387124,0.041367234153690556
70259,81101,11,59.65455597034544,0.40000000000000036,1.32498730068675,103.89080428753108,1.32111522416649,103.89152220076973,553.3912230157295,1.0,36.98154264360281,39.510421140702675,0.04129855822829062
57061,57071,6,26.16883116883117,0.5999999999999996,1.419905,103.8245465,1.424958,103.8255225,735.5478084923207,1.0,45.222166359671775,51.30707448388709,0.041177595738129125
60261,61119,3,13.285714285714285,0.5999999999999996,1.33132471594343,103.86891794930561,1.335623,103.871938,365.8956025358848,0.609826004226475,34.13024076309139,41.426548513599414,0.04113591856930318
59301,59311,2,12.23076923076923,0.30000000000000004,1.42857438462559,103.8305483297094,1.4260484365847,103.83218609995292,293.30700846994813,0.9776900282331602,19.531830174031825,25.0,0.04108980427957512
22169,22159,1,8.0,0.6000000000000001,1.32624542877841,103.6966157738775,1.32095243330175,103.69663318172152,428.2670077395266,0.7137783462325442,33.13881551909988,46.251694345342244,0.04106526758302032
46079,46189,3,25.42857142857143,0.1999999999999993,1.43886731397133,103.77691747568024,1.44008271628617,103.77854042726402,167.4948897560779,0.8374744487803925,22.591962435066403,27.630575382165624,0.04105055850403838
63331,63341,6,39.19114219114219,0.40000000000000036,1.36836866548657,103.88492703491212,1.36751402871615,103.88882988119938,434.75592000922416,1.0,43.67605550407204,49.29797689182887,0.0409317369537523
84319,84369,1,7.0588235294117645,0.40000000000000036,1.32980564460578,103.92771515822335,1.329162,103.924608,411.27114647847714,1.0,24.861791720101444,38.86834991823954,0.040925615380180504
42071,42091,7,36.3884938590821,0.5,1.33876225175982,103.77694915592028,1.34278636864291,103.77539033846315,335.36517385718804,0.6707303477143761,39.14565121774201,42.918220618310684,0.04085508254158337
45411,45421,4,38.53318077803203,0.2999999999999998,1.4035145178289,103.74767347957746,1.40274884902867,103.75050925171398,364.65115581638366,1.0,23.98829718885193,26.20510031545152,0.04076598992440219
46229,46339,2,16.57142857142857,0.40000000000000036,1.43013056874728,103.78706868583511,1.43352632033198,103.78798319246935,437.8710325418094,1.0,36.17708943727472,46.513248919471366,0.04071635037324071
82099,82089,8,41.83627997768296,0.19999999999999996,1.31299461549467,103.89427184817765,1.310947,103.894254,198.60081407183455,0.993004070359173,36.057788761639046,43.7193679124349,0.04066571236125282
20039,20029,6,39.5931488801054,0.5,1.32102499760642,103.75471510655738,1.31772833949651,103.75767989744158,516.7856067004586,1.0,65.0,75.0,0.04060835782574913
67399,67389,7,34.666666666666664,0.30000000000000004,1.39385005995777,103.89167010585574,1.39424377787036,103.88869095686496,337.00394520217276,1.0,33.61100644885447,38.685215926727544,0.04058590075111473
47071,47821,2,18.57142857142857,0.5999999999999996,1.45761031985152,103.80214839695255,1.46077717684188,103.80582927631109,572.8583750599452,0.9547639584332425,41.16299810819355,48.40490999742949,0.040499847059566975
93019,92089,16,79.01580744084214,0.40000000000000036,1.30787614366531,103.92111718654822,1.3071917122941,103.91764721757994,277.7225899427667,0.6943064748569162,47.438683868898075,50.50766918465952,0.040483572058722286
47031,47041,3,17.746697746697745,0.40000000000000036,1.45176361051626,103.78814404102567,1.4525686110144,103.79164305597227,406.7217028459345,1.0,35.859241882341806,45.040100962247664,0.040351567149883326
65069,67251,6,25.64491509901158,0.30000000000000027,1.39504382175966,103.90236824858533,1.39442862205324,103.9003121852631,184.75800973825721,0.6158600324608569,36.42949314113714,45.029683254746516,0.040334674007194773
11499,11489,2,8.571428571428571,0.5,1.29685053610951,103.80788663334461,1.298817,103.804395,460.2839546069424,0.9205679092138849,25.968635204963654,34.365552773005305,0.040324653551855896
67131,67141,6,37.67193675889328,0.2999999999999998,1.38767805568948,103.90527388892869,1.38602111109914,103.90353194446361,234.31331656157022,0.7810443885385678,37.202081185787684,42.893239297852766,0.04030730604532841
66071,61049,2,10.931174089068826,0.5,1.34375516528836,103.86737312632222,1.34196277802503,103.8709686110327,373.7457186149646,0.7474914372299292,39.574777968412846,55.875115144317654,0.04028992742928633
53061,53071,7,31.840264998159732,0.40000000000000036,1.3571583010953,103.82883507046125,1.36063333692202,103.82834252087906,428.26178230914485,1.0,39.20636448701255,44.757157472914,0.04028771405485785
18041,18131,7,28.16753772543246,0.20000000000000107,1.28836025261771,103.7931740283919,1.28950073498414,103.7918327963467,262.5396512505249,1.0,28.149610531326264,35.235607920035854,0.04024627672719969
63109,63099,6,43.648525702972165,0.2999999999999994,1.35081444397072,103.88984416702769,1.35357948490597,103.89097410968795,344.26275322996344,1.0,42.56951774215965,48.973984322300964,0.04022625753586171
45131,46389,7,36.21477937267411,0.7999999999999989,1.42513583961154,103.76103770449444,1.42930397640592,103.76660954719264,852.5456557513221,1.0,45.506391131042264,48.573805121260584,0.040204410939485326
92121,92131,7,24.29666119321292,0.5,1.30720333,103.9067761,1.30878111099591,103.91089222198016,291.3055632757896,0.5826111265515792,38.5470480429359,44.182218765489765,0.040196203209314676
21669,21659,3,16.8,0.3999999999999999,1.34134214489014,103.7220951930324,1.33896010542304,103.72410808486939,432.60833019031617,1.0,37.8458630677343,48.90776574060132,0.04016084750670558
54379,54609,4,34.08889871738169,0.3999999999999997,1.36288998904353,103.85594804936484,1.359358,103.855321,339.24995885272824,0.8481248971318212,38.10189904585285,42.917239315790674,0.04015332776967661
59561,59421,3,22.909090909090907,0.3,1.41870141531997,103.83293375107691,1.41762836917061,103.8351341252188,285.87965181398886,0.9529321727132962,21.485270752377474,24.56885924553987,0.04014761063106276
52039,53219,5,26.790589348134105,0.7999999999999998,1.34333817728421,103.85130310024304,1.34606111102286,103.8465836110301,414.48724947012283,0.5181090618376537,61.066953900665375,68.93304609933462,0.040049542515001216
05649,14061,9,49.81097663945961,0.3000000000000007,1.2723842122117,103.84093912218094,1.27231269789239,103.83862035734883,370.68314156557386,1.0,55.5178865887922,65.19641313122037,0.03995755709098872
55051,55071,11,50.071363734505844,0.40000000000000013,1.3924,103.848962,1.39246274085167,103.85261828242731,613.0996083933676,1.0,50.98234274501484,56.73591394070826,0.039839057847351554
60071,60061,3,16.57142857142857,0.5999999999999979,1.327057,103.870325,1.32276521075674,103.87402134422791,666.2421872391191,1.0,47.63358995927726,58.8677661381222,0.039834700865806434
21689,28099,5,29.802197802197803,0.6000000000000001,1.34241984576482,103.71442338427325,1.344324,103.719266,681.9313596016077,1.0,42.423709564591356,46.85079547962597,0.039828310429730715
59079,59091,6,29.83277591973244,0.30000000000000027,1.42926606883551,103.83516195358482,1.43165245434506,103.83510814544051,289.94908081395357,0.966496936046511,30.553810473018252,35.36036508240949,0.03981683001144848
59069,58999,18,89.74656502917372,0.2,1.4259095,103.835307,1.423825,103.8351593,285.8572793809173,1.0,32.69397288477257,35.24738951363152,0.03977176433576132
93089,93079,9,43.855896658642656,0.2999999999999998,1.31295810131062,103.92790605020116,1.31250502315071,103.9250247698478,442.1854276960301,1.0,34.14462310719118,38.048068533502374,0.039531420742106534
59179,59189,3,21.23076923076923,0.2999999999999998,1.43221439515231,103.83988331688866,1.43425361497792,103.84204166750071,334.7563153428721,1.0,26.572234030291753,31.815044458070556,0.03949940337650831
44489,44479,2,15.454545454545453,0.40000000000000024,1.38182529982154,103.7453076883337,1.3804793043347,103.74828169894731,236.54208287410196,0.5913552071852546,27.42580668963803,33.24106480123508,0.03943218891219457
57011,57021,5,20.454545454545453,0.5,1.40015725353057,103.81717214668784,1.40414074099185,103.81834244198308,296.17708925529064,0.5923541785105813,46.24547765125408,56.24547765125407,0.03931904478480059
21561,21571,6,33.25238095238095,0.20000000000000018,1.328801,103.722753,1.33056719470166,103.72307005592994,186.0962346742915,0.9304811733714567,26.662656434096668,31.650625736386676,0.03930889158593613
92159,92149,10,50.67261557191329,0.30000000000000027,1.309748,103.9166295,1.30928064742874,103.91434517290193,239.20305372945373,0.7973435124315117,41.26581003584198,46.19182651011188,0.03928573895559426
44099,44089,3,28.571428571428573,0.4,1.37631844004137,103.74462947882313,1.37648110284286,103.74094532328145,451.324941221078,1.0,30.630803428590653,34.22957536618578,0.03922711534461408
93139,84159,6,27.691599449144206,0.40000000000000124,1.31278641539067,103.9338525622476,1.31664972197451,103.93304055596909,514.7831195399141,1.0,39.85324903020506,46.402094061030944,0.039225765968950235
27309,22369,1,10.0,0.20000000000000018,1.3410704693164,103.69426536144466,1.34033186393306,103.69511038795854,157.65854616970677,0.7882927308485331,22.28718128685993,39.57436257371986,0.03919991343367689
71151,71141,4,29.214285714285715,0.2999999999999994,1.32814305145316,103.8944494102938,1.32917333299413,103.89706805602555,375.21460124001766,1.0,43.714996088714116,54.298626619948394,0.039077962208817006
99031,99041,8,49.0879031454479,0.40000000000000036,1.387925,103.981799,1.387809,103.985447,408.6385054778628,1.0,55.56420302802607,62.461591584207795,0.03902213514537757
59601,59801,5,40.598734598734595,0.29999999999999993,1.429842,103.849376,1.431669,103.847891,176.87869488806905,0.5895956496268969,37.34140883764837,42.403455291787985,0.03893748819375202
46269,46451,3,23.57142857142857,0.5,1.44217333334596,103.78588499999181,1.44454396366237,103.78920988459528,541.3693094328916,1.0,40.67868548651683,46.99374348161551,0.03893375570075507
20211,20231,6,21.46666666666667,0.3999999999999999,1.32177193921987,103.74184000241928,1.322339,103.739647,247.10184635315017,0.6177546158828756,30.214332181329684,35.0,0.03885850698715598
42319,28109,3,19.725490196078432,0.7000000000000002,1.33915373900693,103.76043841269879,1.33327344230787,103.7593317971408,535.5258553623639,0.7650369362319482,36.448348722753465,40.599620131117405,0.03873531974301005
84251,84261,4,22.431174089068826,0.40000000000000013,1.33346832060545,103.93883800719165,1.334189,103.941658,328.99770923422847,0.8224942730855709,32.84921611273958,38.27666564354837,0.0387301056886902
28039,28029,5,31.16883116883117,0.2999999999999998,1.3280750000324,103.75140833297368,1.32688998200812,103.75436027668461,410.18838207382635,1.0,40.7407343029707,49.0052779950225,0.038706949128353894
57139,57129,7,33.19480519480519,0.3999999999999999,1.43795662145081,103.8255962797174,1.43418656873084,103.82641445936885,253.42324393008596,0.6335581098252151,33.40662453180036,37.009850996510146,0.03869650496901509
80159,02119,5,29.501095216534708,0.5,1.294924,103.857158,1.29192,103.855306,439.8537753827656,0.8797075507655312,32.5629913534591,35.60007479729098,0.03864467538648866
14369,14219,4,16.08205128205128,0.3999999999999986,1.28153635758335,103.80365927155157,1.28218647936578,103.80684961252827,333.80303005117526,0.8345075751279412,35.197372946800385,44.6176764872748,0.03858772108030535
17119,17109,5,28.174613003095974,0.1999999999999993,1.31728446989719,103.77193266319905,1.31552714122807,103.77218311911328,168.64763570559253,0.8432381785279657,40.0,54.99999999999999,0.03841992682240346
21041,21171,3,14.166666666666668,0.5,1.3209197220107,103.72012027797446,1.3258163890121,103.71906611098208,630.9775454342409,1.0,32.17587983892445,38.95011394934724,0.03828765051222259
10171,10181,5,23.853479853479854,0.3000000000000007,1.28736808047078,103.82346004890803,1.28850399420484,103.82109741719866,213.80004042546096,0.7126668014182016,36.26927330158631,44.99999999999999,0.03828000847533595
65571,65551,5,21.315789473684212,0.30000000000000004,1.403478611,103.895535,1.40374,103.8933695,372.76450842649785,1.0,27.837507716889057,33.391189829515,0.03820686901776331
76411,76421,2,22.142857142857142,0.3000000000000007,1.35385001382018,103.95742752062093,1.35384124345467,103.95987193850509,263.3201182971915,0.8777337276573031,27.297033511627177,32.37504747957932,0.03817006830310949
67451,64621,5,25.54680306905371,0.19999999999999996,1.383046111,103.88960583301704,1.38133333296872,103.88821499999295,315.65180109993486,1.0,31.262021197527968,40.75616831540049,0.0380725628785347
64549,64249,2,12.571428571428571,0.5999999999999999,1.3714805,103.8922875,1.36809355475239,103.89589220748978,553.9244409405804,0.9232074015676343,23.949395353969294,27.234960905243852,0.03799484781631892
10291,11131,5,26.080808080808083,0.5,1.29215855273858,103.81065866068086,1.2928849988829,103.80706694417339,353.36719047572603,0.706734380951452,43.73263113172113,50.110506994004,0.037951828589348924
94059,94049,9,45.94254564184336,0.40000000000000013,1.31707137658578,103.94798092494041,1.31616443335073,103.94482108127718,415.4504504091317,1.0,34.47195473085685,37.110862862627485,0.03790812946796392
58219,58331,4,20.67193675889328,0.5,1.44953463697186,103.8199297231716,1.44974129560526,103.82397609690102,308.6897226786077,0.6173794453572155,33.473060945871936,38.15693306527066,0.037904198076126376
84379,84309,1,10.909090909090908,0.30000000000000027,1.33041495636834,103.92645503858006,1.32802803259661,103.92687404688121,288.9690598779995,0.9632301995933307,24.60362780609345,34.399513108127415,0.03787931030188817
19031,19041,7,39.93102153376753,0.40000000000000036,1.31123416666912,103.77838361113201,1.31235972197855,103.77552750001337,318.0609947686665,0.7951524869216655,52.44717010787066,59.89434021574131,0.037866384544132346
10349,10339,2,10.588235294117647,0.5,1.284977,103.821011,1.28115835063292,103.81857250844851,361.079636187248,0.7221592723744961,27.41541813277589,34.08049500420992,0.03776573858926187
56049,56039,3,17.714285714285715,0.29999999999999893,1.37945638898658,103.82768833298778,1.37673055602474,103.82848388900504,338.43955985154133,1.0,35.774129132316595,47.960649211990365,0.03774596081704288
84141,84111,5,27.08889871738169,0.40000000000000036,1.32021707852141,103.93816948878941,1.31958802627855,103.93574197184712,259.63376470869184,0.649084411771729,41.32254700512065,48.256089932526685,0.03767622118938309
61041,62111,7,37.305937256935444,0.40000000000000036,1.34142999996834,103.87049194397346,1.34509852230089,103.87077171254077,419.7017872953031,1.0,37.96703602648701,41.99075642489005,0.037662170835040185
28379,28369,3,17.23076923076923,0.3999999999999999,1.345075,103.723997,1.34449722197147,103.72747138899737,393.99416784353724,0.9849854196088433,40.418381316873905,51.87357458373346,0.03765667631332521
96019,85109,6,37.32832080200501,0.2999999999999998,1.33138833299802,103.95370361097966,1.32945523179761,103.95134864429271,239.91847112083127,0.7997282370694381,39.484550517896864,45.515449482103136,0.037579909243978374
58251,58291,3,17.285714285714285,0.2999999999999998,1.44803148822713,103.81895207486829,1.44579319988216,103.8199449173096,297.89642142095516,0.9929880714031845,22.61959784579702,27.052731023895454,0.0375684579808671
67011,67021,10,43.64486269930916,0.2999999999999998,1.39009747909366,103.86263251348234,1.389306388988,103.86548666703128,247.11414210377333,0.8237138070125782,51.535639526430444,60.456333657151546,0.03748897438025368
14219,14209,4,16.08205128205128,0.3000000000000007,1.28218647936578,103.80684961252827,1.28176397706369,103.80958869712056,282.53513493995996,0.9417837831331978,33.93072043159592,46.07782240230554,0.0374843813222185
45061,45071,7,33.089904247798984,0.3000000000000007,1.40718111138275,103.75606300126093,1.40955433592964,103.75568311864467,197.7886253973789,0.6592954179912615,45.3995838846807,54.764765548288096,0.03739210083752675
55081,55101,8,40.978196032642494,0.3999999999999999,1.39177133420779,103.8559732827973,1.3909401415525,103.85967918415774,571.2693410519801,1.0,40.93395817431097,45.1433618354809,0.03733840499994915
11101,11111,9,41.15284715284715,0.2999999999999998,1.31614971080385,103.80596012189226,1.31780157259006,103.80771866952543,239.922063667384,0.7997402122246138,46.9232051319146,54.68328635228707,0.03733749113359968
80011,80031,12,66.36318513307108,0.5,1.30972720802554,103.86737828692955,1.31107705658993,103.8713149052975,461.95339931143405,0.9239067986228681,53.11752224159814,56.491946305793654,0.03731406294434928
78121,78111,3,20.513368983957218,0.5,1.37485968829133,103.96200053620825,1.37545781179514,103.95798631897796,506.4774156190068,1.0,38.03653605677685,44.13399012196085,0.03725472661019703
96169,96269,5,15.740259740259738,0.39999999999999997,1.34226222202581,103.95346611100372,1.34431781695634,103.95588755609721,353.0892677155923,0.8827231692889809,28.259198017941976,33.92049817530048,0.037184848196387295
40129,40189,5,25.717391304347828,0.5,1.31453779264106,103.84082845008946,1.312274,103.8381,402.0061225847432,0.8040122451694864,36.445128545899244,40.73549041987546,0.03716023111150021
21629,21609,1,8.571428571428571,0.39999999999999947,1.339672,103.722816,1.33775166774993,103.72102625466782,207.64641703324276,0.5191160425831075,21.607581286830488,28.215162573660976,0.03715925546906047
81171,81181,8,33.53334316182613,0.5,1.30751703730041,103.88500750064323,1.30845544825732,103.88847214403829,500.50729237543965,1.0,35.27795199864771,38.260818569714175,0.03705297320736692
52509,52329,14,88.64216801512859,0.30000000000000004,1.33115712303762,103.85017633434691,1.33146817532374,103.85268688199498,332.42741455223046,1.0,36.282464038933455,38.214177093082526,0.037049551373795196
76151,76401,1,17.142857142857142,0.39999999999999947,1.355263,103.946998,1.35501333299594,103.95086166698833,326.2271868014405,0.8155679670036022,31.009967310632028,37.245961813787176,0.03702272822253889
20069,20059,2,12.0,0.40000000000000036,1.32405636523113,103.74418793943124,1.32332108750232,103.74769351004639,266.85663480399216,0.6671415870099798,26.57624364977029,33.41657505394388,0.03697114048505342
59109,59239,2,7.5,0.40000000000000124,1.4343984933093,103.83322945585378,1.43560781996531,103.83684372359264,380.51867534012877,0.9512966883503189,18.60658434538592,24.139999935692607,0.03695818401621755
11261,11271,6,28.981887078438803,0.5999999999999996,1.31223168432152,103.79444621838488,1.31473444398294,103.79008416699845,317.9688321238584,0.5299480535397644,49.43698558791148,55.23033501045807,0.03689588861260543
52051,52061,9,46.81999922274522,0.5,1.34338820709349,103.85469257245785,1.34352174018964,103.85873879159365,955.2791119229792,1.0,56.69627640192171,62.23983576650022,0.03677622384179049
64481,64471,9,37.61617672944904,0.2999999999999998,1.37514474329335,103.8807864140804,1.37454805598778,103.8839677779891,387.5483513523656,1.0,32.62466704822148,36.499425212952886,0.03672048388658589
28281,28291,11,55.28880879153111,0.2999999999999998,1.3420603281321,103.73537548132207,1.34446090409168,103.73638303040048,374.2794294576112,1.0,31.495317526604133,33.85512553666243,0.03670833945170151
45011,45021,9,50.8041899620847,0.3999999999999999,1.3902154350718,103.75455779683573,1.39385694401888,103.75383583300305,409.7923405768571,1.0,54.4557232620152,60.39183953813927,0.03668091265902464
97109,98089,1,5.714285714285714,0.3999999999999986,1.36281875953495,103.96702623375789,1.36163640696695,103.96414293864342,381.9992806625834,0.9549982016564619,23.669598625614938,38.14446019190912,0.036644938301104685
46451,46461,3,23.57142857142857,0.6000000000000001,1.44454396366237,103.78920988459528,1.44659598354815,103.79359661898341,536.7659289345697,0.894609881557616,42.506082074166954,47.762417179348745,0.03661700550649253
45051,45061,7,33.089904247798984,0.3999999999999986,1.40338556,103.7560103,1.40718111138275,103.75606300126093,463.21912986386127,1.0,50.96830914505654,59.32814073544572,0.03659249867556819
71179,70149,2,11.533180778032037,0.5999999999999996,1.334175,103.891169,1.33291249995394,103.88646305557553,545.3050264907936,0.9088417108179898,32.240641821995524,38.854276676621055,0.03653406995633021
57079,57069,5,28.42857142857143,0.5999999999999996,1.42443860227619,103.82566793061787,1.4189659270404,103.82460551333597,498.6319082661017,0.8310531804435033,48.76590623733851,54.43407962864891,0.03642186918502815
66709,66029,3,10.434782608695652,0.29999999999999893,1.352149,103.863065,1.350163,103.861409,230.59795245478736,0.7686598415159607,29.924707234718987,45.77484563336337,0.036222708463201816
10359,10349,6,27.557932263814617,0.3000000000000007,1.28723833324362,103.82259298997768,1.284977,103.821011,431.7984127793095,1.0,34.336602366357575,40.40994678860905,0.03618680133671394
99021,99031,8,49.0879031454479,0.2999999999999998,1.38667053181061,103.97916912424074,1.387925,103.981799,274.34011148567987,0.9144670382856,47.26696600938498,53.47365870690074,0.03616249217796327
98049,98029,3,22.360248447204967,0.6999999999999993,1.368333,103.969362,1.36438833297951,103.96545638898216,593.0084958300384,0.8471549940429128,36.39824490365701,39.73551484636882,0.036116587956308725
42199,42189,7,42.378542510121456,0.3000000000000007,1.34607666698124,103.76760722200575,1.34378853697493,103.76960174742553,343.2240500397457,1.0,42.63381686760061,48.50776669200185,0.03611037578937658
14159,14139,14,87.33025735874033,0.39999999999999947,1.26994046445496,103.81315419081787,1.2686352773503,103.81546952380809,359.8523316829636,0.8996308292074102,52.17637524478389,55.14227641482697,0.036009974256425735
64609,64419,4,31.1853057428505,0.3000000000000004,1.37595638900393,103.884701388976,1.37339164793235,103.88521854859373,209.6690948416352,0.6988969828054498,24.85731658911422,27.48569715957787,0.035991380785861296
84621,84611,5,29.623376623376622,0.3999999999999986,1.33831497804809,103.9249204585602,1.33922469822607,103.92795482353951,304.064590678681,0.7601614766967052,40.62529182573613,46.336386732403895,0.03594969996690852
63061,64011,10,51.56677343391339,0.1999999999999993,1.36623834226067,103.89129134480065,1.36756333302324,103.8927594439902,179.02324274881812,0.8951162137440938,36.24922515692932,41.48935567137096,0.03593408905151851
54091,54101,2,11.168831168831169,0.6000000000000001,1.36167975047647,103.85092799797833,1.35732097800984,103.85465761724518,373.9730497775771,0.6232884162959618,36.610473248395955,45.53255647696137,0.03586723256900007
50199,50189,6,31.143509127789045,0.2999999999999998,1.32496824756028,103.85050892832005,1.32606229603246,103.84849190712964,340.57857231049155,1.0,35.722237892287865,41.389001981272195,0.035809670153879564
01121,01211,13,69.34739565938688,0.2999999999999998,1.30393809691048,103.85867999243207,1.30551803523268,103.8605449516032,302.69788896333836,1.0,34.41836156374647,36.58416535209925,0.03578385915020883
67301,67291,3,34.31578947368421,0.3999999999999999,1.38888930138858,103.88694431255796,1.38717956363215,103.88971793853818,390.3250556857075,0.9758126392142691,38.13389891949858,42.34136071197677,0.03576828729904242
44029,44019,8,45.33937630996454,0.2999999999999994,1.37863409952448,103.7621954983533,1.37651095528157,103.7625299525816,382.923695528556,1.0,47.79489452388888,54.64176916011108,0.03566012923723505
41069,41049,11,62.43999915179106,0.40000000000000036,1.32652777798065,103.80758583296918,1.32469500003392,103.81026249997407,376.14958998240735,0.9403739749560176,50.999760389882375,55.0,0.03561869966065145
13069,13059,5,25.401503759398494,0.2999999999999998,1.29488000002792,103.82880805602646,1.29328273601932,103.82663492676832,299.6167041030229,0.998722347010077,33.331960868987366,39.47564128108603,0.03558108941405898
20031,20081,1,6.666666666666667,1.9000000000000004,1.32055987103977,103.75464677812963,1.32660472912447,103.73879228035435,1229.5113130202171,0.6471112173790615,59.46947036173903,71.39377744715523,0.03557468489416887
44239,44249,4,27.60460934946061,0.40000000000000036,1.37846111098819,103.76983083299403,1.38049595009817,103.76649141308671,411.8567583504331,1.0,44.11363979303102,51.41153234040093,0.03553085190300458
40311,40359,3,14.615384615384615,0.30000000000000027,1.35730456918268,103.73890781029746,1.355593,103.7408,291.4048628629862,0.9713495428766197,25.589464502619624,32.273429424285716,0.035486188158158474
83062,83081,10,66.82338645186942,0.5,1.32096859171096,103.9133277893385,1.32138694232025,103.91736615804473,440.7307214382004,0.8814614428764008,50.21014187865251,53.03600649074595,0.03545582314314715
59571,59631,4,15.909090909090908,0.3000000000000007,1.42072559126348,103.84373330710623,1.42333778088573,103.84397389045573,249.37265808164153,0.8312421936054699,29.801500670955413,38.26856021977575,0.0354339016661579
59801,59821,3,17.455877455877456,0.3000000000000007,1.431669,103.847891,1.432912,103.845777,350.48997922665603,1.0,24.999999999999996,30.0856046032676,0.035408438785655305
96181,96121,5,16.0,0.1999999999999993,1.34563053684832,103.95770528781159,1.34719360554366,103.95776019526973,181.72678084404302,0.9086339042202183,22.197101836395028,29.394203672790056,0.03529796373400765
55059,55049,9,50.632145550421555,0.3000000000000007,1.3920822654425,103.84909518015897,1.39110547694961,103.84659281119058,288.49928801531183,0.9616642933843705,48.76708903637486,55.0,0.035297909607294425
13039,10329,2,9.636363636363637,0.6999999999999993,1.29981572699945,103.81744265557978,1.29364671283262,103.81597460107542,667.0500491219551,0.9529286416027939,37.050724677980895,45.94534106123916,0.035245222428351604
05319,03059,2,8.753315649867375,0.5999999999999996,1.284437,103.849114,1.281111,103.851461,314.3168268118381,0.5238613780197304,29.930124217430496,37.436532105148736,0.035184539310074155
46351,46629,3,14.5078031212485,0.40000000000000013,1.43084888887005,103.78373500001297,1.42946092866646,103.7808172850331,330.21892165246186,0.8255473041311544,25.27097662455205,29.840530336641706,0.03516469604783919
28699,28689,2,12.857142857142858,0.3000000000000007,1.33566850623054,103.75723501585756,1.33727934409499,103.75440999786483,336.7971363208529,1.0,24.912540885301787,32.22553035064829,0.03513521165085957
59251,59521,6,27.217391304347828,0.5,1.43669132626001,103.83368337352286,1.44003661278482,103.83171080846517,509.2740471544093,1.0,39.425320817095574,43.89269873097673,0.03513190293242094
47731,58449,1,13.333333333333334,0.39999999999999947,1.426029,103.791884,1.4270920469684,103.78906720963263,219.63639481590857,0.5490909870397721,23.947602795840552,28.432118404103097,0.03512715706702995
14291,14271,4,18.431174089068826,0.30000000000000027,1.27468440821038,103.82132649422054,1.27568194286532,103.81914854048932,222.21174681140715,0.7407058227046898,24.026561594043304,28.345147652841888,0.03506271056757435
75099,75219,1,17.142857142857142,0.2999999999999998,1.34810640028821,103.93423427925954,1.34971138040971,103.9321567318492,188.86906155123467,0.629563538504116,25.0,30.129658273480583,0.03502343033927586
44449,44459,6,22.07621483375959,0.40000000000000213,1.37889232196067,103.74762704486072,1.38028731431529,103.74454562435122,422.61765914474535,1.0,38.68566738538382,45.680534435874854,0.03495286645813042
21011,21021,4,22.835497835497836,0.5,1.32534328766029,103.72866849877529,1.32419322170223,103.72379008890384,363.4315825420305,0.726863165084061,52.38508916097902,62.385089160979014,0.0349375141294239
17101,17111,5,28.315789473684212,0.40000000000000036,1.31487473157856,103.77179195235537,1.31779809827118,103.77124639148465,462.78420082082727,1.0,45.88232589466183,53.44289807958274,0.03492270730777839
50249,50239,5,28.444221056212275,0.20000000000000107,1.317187,103.857005,1.318301,103.8552335,228.9049090965637,1.0,35.260721394059104,45.0,0.034917820124298796
59789,59479,5,18.236999147485083,0.40000000000000036,1.42284,103.851137,1.42034812354505,103.84865147425622,420.2886269264464,1.0,39.65851142322913,48.93057965681025,0.034855652601495014
03223,03151,12,48.56753772543246,0.3999999999999986,1.2757033952327,103.84632468221952,1.27892124625262,103.84776234627124,387.2954401349649,0.9682386003374157,32.94892091793133,35.01754464169383,0.03483057881410224
20141,20151,2,13.725490196078432,0.29999999999999893,1.31771999750607,103.7487710528033,1.31829668687275,103.74631047251557,331.45798147892333,1.0,35.35585544061502,50.4365942203015,0.034822875790744674
63199,63189,15,67.80779709218018,0.2999999999999998,1.36327972197547,103.87383805598819,1.36133997852966,103.87363460960414,160.30108975341767,0.5343369658447259,41.78322383878908,45.0,0.034802246003791296
22189,22179,4,26.67193675889328,0.3999999999999999,1.33369710730493,103.69666289847902,1.33000472340216,103.6966590690515,409.8238661604187,1.0,38.76239454294766,44.37303416647907,0.03480143841890273
51199,52219,3,20.909090909090907,0.2999999999999998,1.338775,103.842559,1.338026,103.840252,353.5515643929973,1.0,32.8859135635817,40.221626940777355,0.034787980276447465
22251,22241,2,16.289592760180994,0.40000000000000013,1.34073333303053,103.70265666700926,1.34012270744787,103.69938392223636,373.39145990730066,0.9334786497682513,30.76946242073953,36.8070967061809,0.034736459469083616
78079,78089,4,10.714285714285715,0.40000000000000036,1.36995048419615,103.95691414168428,1.37361141865113,103.95608873577847,304.5758010473177,0.7614395026182936,30.384804739084913,40.28723764519274,0.034668989472223945
65441,65451,4,24.23076923076923,0.3999999999999986,1.40817769231202,103.89579264867245,1.41068999997892,103.89759188105812,412.52407045639256,1.0,20.61969899106648,22.26137207638821,0.03466407545158156
45461,45309,1,12.0,0.40000000000000036,1.39267723795995,103.74330600001463,1.3919980495631,103.74665022024047,405.67478895709723,1.0,23.953369256957068,28.96332886220506,0.034662539433215456
23049,22471,4,20.10460934946061,0.2999999999999998,1.33410764081742,103.69061140570352,1.33509047686273,103.6931453983202,254.08733413133015,0.8469577804377677,38.33758166437234,49.16879083218617,0.03465609249628156
07369,07379,11,63.417401132840624,0.20000000000000107,1.31140805601851,103.86237888899062,1.31017336740849,103.86338225534827,210.15995456138688,1.0,40.828446517038735,45.930803850919816,0.034509796993784835
44351,44361,4,19.884057971014492,0.20000000000000062,1.36823452426378,103.77558853634072,1.36637611,103.7755464,172.63930319681276,0.8631965159840611,32.36983908525488,45.0,0.03448187282551525
63391,63381,6,21.86234817813765,0.3000000000000007,1.3708774514093,103.88018734514235,1.37095163322641,103.88239574095121,188.32682992158914,0.627756099738629,31.058760123571957,37.11752024714391,0.034469799004541356
46519,46509,8,42.47672309016847,0.30000000000000004,1.43554811627266,103.77213801008084,1.43804390195153,103.7709643228368,349.0232106331726,1.0,30.645425136125816,33.41114558841552,0.03442100321523545
56059,56049,5,27.514285714285716,0.40000000000000036,1.38268805765919,103.82604547355085,1.37945638898658,103.82768833298778,312.7502291157425,0.7818755727893556,48.21260447225117,56.773086932343205,0.03442019877918285
17111,12061,6,36.88721804511278,0.40000000000000036,1.31779809827118,103.77124639148465,1.32178500189496,103.77087339859139,451.01691242518325,1.0,44.18004318376593,49.25131785675438,0.03438816770971677
94031,94041,10,43.58884390463338,0.39999999999999947,1.31504670788151,103.94089937209914,1.31619439069366,103.94430577752213,230.30601290831353,0.5757650322707846,43.43963506992178,47.506665093024026,0.03436149157010629
44451,44441,7,33.64764340518816,0.3999999999999999,1.38077375279629,103.74424353296656,1.37924285981093,103.74754322627454,332.45838715788466,0.8311459678947118,41.01619579489934,45.80940210018319,0.03433450297884571
99019,98079,8,46.8879031454479,0.6000000000000001,1.3837089764569,103.97844860768319,1.37859016739254,103.97870069719525,558.1752680978445,0.9302921134964074,60.120054042031995,64.879945957968,0.034330435371361004
22151,22161,1,8.0,0.5,1.32095233702714,103.69627164313702,1.32551656861142,103.69643109025226,431.30101750772553,0.8626020350154511,33.15304947108004,46.30930168597958,0.03427681560002095
43381,43709,2,18.57142857142857,0.6000000000000001,1.34696555762849,103.74766049075139,1.3486867689202,103.75207088829217,361.62358079599807,0.60270596799333,37.116471330175415,41.897604072660556,0.034258748575541384
68021,68031,3,10.454545454545453,0.39999999999999947,1.39317909764213,103.8724709608888,1.39705024252478,103.87307298530668,532.6060111418033,1.0,25.9583563218154,32.92097394176231,0.03407123113999584
67199,67189,5,40.0917905623788,0.20000000000000018,1.388736,103.896814,1.39059955869523,103.89742612835978,251.33221828637556,1.0,27.893432703487907,31.641985145081065,0.034055193577892766
11419,11409,3,17.33277591973244,0.5,1.31102981378085,103.79604399202725,1.3076441670056,103.79432583301961,436.5484701733384,0.8730969403466767,28.43969488394076,32.01580178236866,0.034037629288996056
58211,58221,1,8.571428571428571,0.4000000000000057,1.44926202582359,103.81979401898032,1.44859264769928,103.81706577986397,399.03138344243297,0.9975784586060682,25.636453537312057,34.37203739057601,0.033989276238616
17031,17041,6,27.995169082125607,0.3000000000000004,1.30172305827699,103.76567633935802,1.3042101570614,103.76455953939507,356.93861791132554,1.0,29.816512606170065,33.90067889503375,0.033934583576068725
44829,44819,3,19.46666666666667,0.3999999999999986,1.38671416700146,103.7630574999811,1.387188,103.759842,282.5101754350266,0.706275438587569,29.775169679882048,34.21449518817991,0.033931588561331
54489,54479,5,24.644238966489606,0.3000000000000007,1.375675,103.855423,1.37579335077466,103.853200441537,301.46763811017854,1.0,38.002917913646044,46.01573849452184,0.033876516404477794
10109,10099,7,37.77396221881348,0.5,1.28535315729277,103.81370529674271,1.28420923932422,103.81765723225827,540.0405331881551,1.0,46.86257353499688,51.15852184526819,0.033843671470450254
55049,55039,7,39.70097146135273,0.40000000000000036,1.39110547694961,103.84659281119058,1.3891573228776,103.84383135324573,268.7333797021826,0.671833449255456,48.731964574776896,54.36869236232852,0.03378511329768272
11319,11309,3,13.415384615384614,0.1999999999999993,1.3203063798654,103.78959970624805,1.31862443850443,103.78842993526158,326.5696890574068,1.0,28.76341138201863,44.99999999999999,0.03365696915107997
81091,70011,9,51.98759532899831,0.4,1.31935333297674,103.88173111103306,1.32317687661433,103.88116008329277,504.88942156170856,1.0,50.839479498231235,55.395090019482986,0.03363829232376177
56021,56031,6,32.82915845764143,0.5,1.372666,103.82843,1.37695666700099,103.82822527799023,453.89334626557843,0.9077866925311568,50.50112927911451,56.31127294741878,0.03353668960207692
56041,56051,6,25.254545454545454,0.40000000000000013,1.379094,103.827593,1.38249472962714,103.82576395474278,411.6558265562352,1.0,48.27614623423823,57.48068606443301,0.03350789082304225
43411,43179,5,25.82933904168024,0.5999999999999996,1.35176519952681,103.75019891787089,1.3489707828044,103.75430345301592,318.5253207189718,0.53087553453162,41.01306218721778,45.00000000000001,0.03347875465767818
44701,44691,5,28.038095238095238,0.2999999999999998,1.38927144639115,103.76879686807085,1.38826258050731,103.7714646491703,179.83470401377312,0.5994490133792441,25.0,27.761212662291896,0.033465026707482345
78241,78089,1,10.0,0.2999999999999998,1.37212,103.957637,1.37361141865113,103.95608873577847,155.25955810146576,0.5175318603382195,30.0,45.0,0.03333333333333331
54201,55131,4,18.786813186813184,0.3000000000000007,1.375969,103.839271,1.37986282047018,103.8396597025406,180.02479504180806,0.6000826501393588,22.755760153337857,26.2899356678257,0.03329519894376854
14121,14131,10,62.041051827429534,0.40000000000000036,1.26591350024271,103.81925660621779,1.26740130257465,103.81675441150337,309.2554263336541,0.7731385658341345,42.62663207207871,45.20757605753994,0.033237280365271
40079,40119,6,30.60277957336781,0.30000000000000027,1.3197216415795,103.8299145659947,1.31889734253426,103.83249521257974,323.21569968410296,1.0,52.62766312427618,65.0,0.033205224641104605
94011,94021,10,43.58884390463338,0.40000000000000124,1.31438169513219,103.9351058006447,1.31475174256228,103.93834590911955,353.7094721606748,0.8842736804016843,41.64188449184256,45.224788798600976,0.03317138678905441
11331,11341,3,12.008898776418242,0.3000000000000007,1.32320918827361,103.79144668575621,1.32551506183496,103.79282790894261,339.9292218304938,1.0,33.039246985842766,47.41985550059739,0.03306825939489178
77409,77289,2,8.264150943396226,0.5,1.381426,103.932338,1.37889759950996,103.93596534133927,602.7868645393838,1.0,32.529180607880626,43.97048080321864,0.033052878535535506
65431,65199,2,10.897435897435896,1.3,1.40238938083661,103.89673562171807,1.39591721161169,103.90542736761212,903.4347688000255,0.6949498221538658,47.70101632812376,53.6672878207954,0.0330166804870583
66069,52069,6,32.82765469824293,0.5,1.34350264971893,103.86263251306754,1.34314389988912,103.85856611406128,1028.9264925382877,1.0,46.54844819188537,51.353464518214416,0.0329936051783305
71069,71059,7,50.707349232383926,0.40000000000000036,1.3385251356058,103.89512258677937,1.34065465828861,103.89195372882892,514.3723758143915,1.0,51.79511575595663,56.54386647814914,0.03288788625144152
22161,22171,4,24.386222473178996,0.5,1.32551656861142,103.69643109025226,1.32954166703099,103.69637694399475,510.84381022714024,1.0,40.874725636815896,45.93618981883829,0.03286857556820845
67071,64129,9,45.76689976689977,0.2999999999999998,1.38224166699882,103.87700083300696,1.37995970749936,103.87686804999332,212.73257072413762,0.7091085690804592,43.18124337655391,48.15791206242235,0.032858572009205486
80251,81169,4,21.862851107702365,0.5,1.31009487384598,103.87992501726275,1.31078371924435,103.88313174959588,371.8404022924426,0.7436808045848852,35.11401382290258,39.24517922524069,0.032770464132976414
59349,59369,1,9.23076923076923,0.30000000000000004,1.42345056032348,103.83882425770956,1.42214126973318,103.83683836680166,152.6799765127486,0.5089332550424952,27.86615512039417,41.54224496260834,0.032715539083260484
67341,67171,2,17.0,0.5,1.38864779457077,103.89505169031366,1.38731209583307,103.89897692182004,571.2774122212272,1.0,34.78201047868099,40.153686719069995,0.03269253873645776
46781,46791,2,25.333333333333336,0.3999999999999999,1.44267569107428,103.80124424937155,1.44569499940057,103.79963351229267,383.7838619390334,0.9594596548475838,37.76154839662792,42.99458052856707,0.032661958305694974
66379,62139,4,18.88439046333783,0.5,1.35339155862192,103.87285801649963,1.3490461240579,103.87341165935781,254.3382239751234,0.5086764479502468,34.34511980450495,38.9608915380818,0.032570421378288486
61039,61029,8,38.99138872823083,0.3000000000000007,1.33845332842129,103.87084881783568,1.336175,103.870563,225.5296428196566,0.7517654760655202,39.40766772684117,44.263693183437994,0.032564358958585636
96261,96161,3,17.498257839721255,0.2999999999999998,1.34404967237603,103.95585935578698,1.34211893867102,103.95354015150029,369.1145851806033,1.0,28.373308039804925,34.4141998626962,0.032476519167901084
64369,64359,6,36.383384932920535,0.30000000000000016,1.376302,103.891097,1.37528677811119,103.88918760776436,246.06114979325957,0.8202038326441982,35.94000139608134,40.23880461082126,0.032445073386703695
40281,43601,2,9.615384615384615,0.7500000000000004,1.356067,103.743617,1.3566,103.7496119,416.7652452334703,0.5556869936446267,25.140599490335163,28.33363624184144,0.03232614360750867
75101,75081,2,18.909090909090907,0.2999999999999994,1.35109968413462,103.93150144928326,1.34986941891093,103.93426738811776,398.2337441828198,1.0,26.360588138920775,31.005337131849927,0.03223759241363768
96069,96059,5,22.197164196522348,0.40000000000000036,1.34665000850794,103.96311235602505,1.34351280089212,103.96217940266345,403.88686296260636,1.0,44.355638605932405,52.856933737399935,0.03219524817628978
10391,10049,4,25.754545454545454,0.39999999999999947,1.27627105343758,103.8312563936613,1.27623302424393,103.83483786772155,347.70978114183595,0.8692744528545909,37.76118792969774,42.811203766080034,0.03218129621813154
10091,10101,7,36.61120448179272,0.5,1.28394108576437,103.81783962251122,1.28506195168861,103.8137833011436,536.0180372975836,1.0,45.119058322006694,49.00514636750248,0.03217325045882169
63261,63271,8,39.52014652014652,0.30000000000000004,1.35896472197244,103.88913833298105,1.35639501261001,103.88997632456076,422.9149825093248,1.0,36.559154705742,40.572506842272546,0.032078871348519576
58379,58289,3,20.285714285714285,0.29999999999999893,1.44428574142951,103.81900511225648,1.44485960840447,103.81627162679553,243.19877649082525,0.8106625883027537,33.90373137867114,41.254034302207224,0.03198179779017142
24559,24549,1,8.0,0.3000000000000007,1.30079305601761,103.6574800000263,1.30273638896787,103.65543583300811,320.03457919987096,1.0,24.011759650197916,35.27442457044562,0.031913062277714774
66371,63361,5,28.362753036437248,0.40000000000000036,1.353767301605,103.87268543240587,1.35744648841295,103.87383985365209,330.635981307948,0.8265899532698693,33.21550962030358,36.62944115064117,0.031834055459621625
41051,41061,11,56.74512484419605,0.1999999999999993,1.32612500001248,103.80715333299845,1.32705333303352,103.80572472199289,170.81429973611688,0.8540714986805874,55.00000000000001,65.0,0.03174552438836129
97059,98319,2,11.714285714285715,0.40000000000000036,1.36075141209876,103.97097232582753,1.359214,103.968401,213.58842125917738,0.533971053147943,29.754609380919497,37.26632310790865,0.03174271237482684
60051,60191,2,12.666666666666668,0.5,1.3141464005633,103.86571468040536,1.31718305596849,103.86195722198198,593.795824195166,1.0,30.555827179562407,36.074461387694626,0.03170808796167948
46439,46419,4,33.27621483375959,0.19999999999999984,1.44413536712492,103.79265007190847,1.443561111,103.7940981,132.92847635376023,0.6646423817688016,30.0,35.0,0.03169163317500911
92141,92151,9,34.366591263142986,0.1999999999999993,1.30939538245506,103.91428724575974,1.3098029425373,103.91602380242344,223.50759771031514,1.0,37.40848005074699,45.19330770079428,0.031649821441864054
76359,76279,2,16.623376623376622,0.40000000000000024,1.36209168075863,103.95217875196944,1.3618856073242,103.95504580030337,277.7880004216817,0.6944700010542039,23.780140962103804,26.814117583937108,0.03163832854811834
67159,67139,4,10.909090909090908,0.399999999999999,1.38436793782529,103.90225602044251,1.38715714684677,103.90417577185805,393.0456173072514,0.9826140432681308,27.878495134978653,34.93652495960626,0.031621539485056804
14191,14201,4,14.448160535117056,0.3000000000000007,1.28121833300943,103.81211444400743,1.28167307267242,103.80914683892263,354.0173886489704,1.0,35.99402289540103,48.79789821061712,0.031596846779118754
84609,84639,5,31.533180778032037,0.2999999999999998,1.337912,103.931388,1.33857139776249,103.92937717202952,271.6986954764856,0.9056623182549526,37.914031518192715,43.3973861451556,0.031526214795166624
83099,83079,13,72.11920174768471,0.3999999999999999,1.32076378388187,103.91810427638708,1.31976833302337,103.91505416701378,334.82875454528835,0.8370718863632212,49.23788697729488,52.033562568024266,0.03147854920931594
66049,66039,6,31.436176648517847,0.3000000000000007,1.35535475300084,103.86896493522666,1.35475138514216,103.86668854745251,217.2771228262927,0.7242570760876407,31.972571010545018,35.79097041767116,0.03146888061257081
66089,66079,5,25.76883116883117,0.3999999999999986,1.34238715725246,103.86947751046722,1.34326097186022,103.86743994816177,262.80227256099914,0.6570056814025002,51.251075829382955,60.75185668509702,0.03145223201740008
28259,28249,2,16.363636363636363,0.3000000000000007,1.33415472196842,103.73698833298555,1.332605,103.739045,307.0767368589496,1.0,37.53548010144024,49.40970802122931,0.03143056534339222
44189,44589,1,10.909090909090908,0.3000000000000007,1.374321,103.742872,1.37512566998176,103.7401815256426,338.17078819931777,1.0,26.524085266652964,35.58927889407268,0.031428763620306624
28049,28039,5,31.16883116883117,0.3999999999999999,1.33069921313648,103.7481034124348,1.3280750000324,103.75140833297368,423.81903615828503,1.0,50.02832550041189,57.238674119899315,0.03139288572604514
28269,28259,6,40.93397129186603,0.3999999999999997,1.33653242651923,103.73499280022457,1.33415472196842,103.73698833298555,377.0983734180479,0.9427459335451205,57.80192504357631,64.99999999999999,0.03136928194807627
44069,44059,11,65.0069316648264,0.2,1.38592018696626,103.75717769160771,1.38449631673384,103.75817595629141,257.64934999935485,1.0,48.5584522565278,55.0,0.031358289724979393
62141,63011,4,19.630252100840337,0.5,1.35149112412235,103.87515194713767,1.35432115760902,103.87823575937183,518.453091990714,1.0,35.91487754931318,40.569269499873464,0.03135358866153254
93071,93081,8,28.79030910609858,0.39999999999999947,1.31293014528666,103.92634861688488,1.31342707975776,103.92903327944508,271.1741867470187,0.6779354668675477,41.6218796780643,46.94007398206099,0.03134765514058899
11349,11339,3,13.415384615384614,0.20000000000000107,1.325628,103.79304,1.32398638897489,103.79204722198944,245.0183932780862,1.0,30.197555669533802,46.61005143398713,0.031286456531496906
76189,76409,1,17.142857142857142,0.1999999999999993,1.3537000000187,103.95279611102576,1.35484670853897,103.9507954515594,174.70885113746778,0.873544255687342,25.000000000000004,32.388308017044324,0.03128455090570669
17299,16249,2,12.3,0.5999999999999999,1.29060555603074,103.77005055601747,1.28928277099215,103.77400682988979,530.9939820713543,0.8849899701189239,50.96325967875552,64.97575952925925,0.031229384130216684
46489,46479,3,29.904761904761905,0.40000000000000036,1.44952095631928,103.80160651744906,1.44796869795143,103.79840963198184,335.31534683461484,0.8382883670865364,44.50334162463277,50.328446357550014,0.031109851104570298
55139,54209,5,22.750155685639555,0.30000000000000027,1.37894011617745,103.84007487448596,1.37638119735545,103.83952322759048,335.5635554267525,1.0,30.5064357960118,35.42889449315591,0.03108412433599527
58141,58161,5,34.095904095904096,0.5,1.463365158306,103.81653183057891,1.46052755709037,103.82037350350512,624.4799923265048,1.0,53.681808404102924,59.4921620430439,0.031016150202657633
82081,82091,8,35.30443349753695,0.19999999999999996,1.31037284851913,103.89412794527634,1.31264667096781,103.89411050584133,274.0252029736843,1.0,35.88982441260225,42.59895135282166,0.030985250381273793
01311,80011,9,44.98857212997511,0.5999999999999996,1.3070916463394,103.86219695240973,1.30972720802554,103.86737828692955,304.91931426630896,0.5081988571105153,49.348295626624804,52.30681174928591,0.030938338951646834
71111,71201,3,16.28205128205128,0.40000000000000036,1.3267052749653,103.90058695177659,1.32612447781531,103.89795152582765,328.5853171063825,0.8214632927659555,26.004765973294198,29.66536089502955,0.030904249162159853
58621,58529,5,20.666666666666668,0.5999999999999996,1.445953,103.834031,1.44801889,103.832461,333.1350698522239,0.5552251164203735,29.25841733219423,31.552283499915255,0.030811166118517728
10371,10381,2,10.158730158730158,0.6000000000000005,1.28365072319387,103.824502653383,1.28906972186602,103.82559411728036,594.1806933734871,0.9903011556224776,37.62810705673469,46.43252807158005,0.030715442454463206
70019,81099,8,37.20894604098164,0.40000000000000036,1.32322990499562,103.88145725676175,1.31982276662398,103.88194665985091,308.7115650765994,0.7717789126914979,49.9086583788587,55.63739525756245,0.030706021541968335
59089,59319,4,24.13986013986014,0.19999999999999973,1.42397861098025,103.83155749997911,1.42617166698404,103.83201083297399,158.0527960982649,0.7902639804913255,35.0,45.0,0.03065379065379061
47079,47069,1,10.909090909090908,0.5,1.45786431264124,103.8029959994045,1.45593908069502,103.79877069336828,447.78326686289347,0.895566533725787,37.552536130044096,47.5889856592286,0.030633241130916526
78119,78129,4,28.558823529411764,0.5,1.37568,103.957966,1.375132,103.962121,528.4005860937932,1.0,38.144781768067475,41.541742828490925,0.030611248176201065
46071,46011,3,25.42857142857143,0.30000000000000004,1.43864652268091,103.77679962439775,1.4385198561158,103.7742921156719,330.1081569708701,1.0,32.55035185260182,37.438737197091285,0.03060072889957014
11439,11429,3,8.901098901098901,0.29999999999999893,1.30606472198412,103.80029777801455,1.30454000002017,103.7983633329984,158.00884422604327,0.5266961474201461,21.200410769168645,28.000742571666457,0.030590118551315878
45231,45241,1,15.0,0.5,1.384581,103.742313,1.38849236327693,103.74049628403257,494.74103297639226,0.9894820659527845,33.230293067358204,38.43548325507437,0.03056548901798941
40189,40179,8,37.81262939958592,0.19999999999999973,1.312274,103.8381,1.31133173990881,103.83686949960516,102.58056389567861,0.5129028194783937,45.0,55.0,0.030555660120877487
10321,13031,2,10.0,0.6000000000000003,1.29428332949691,103.81587839882768,1.29912972200223,103.81707388901162,600.4604083920212,1.0,36.093716542293265,44.21663537633544,0.030538385175372943
81129,81119,11,53.890919606709076,0.2999999999999998,1.31631147367096,103.89217268755989,1.31856724602339,103.89169495502705,197.4190613954949,0.6580635379849834,36.421890089344956,39.10892467115373,0.030498027432918018
64461,66499,5,25.674613003095974,0.2999999999999998,1.37938472998807,103.88640309201648,1.37912306945844,103.88326933020046,440.23001779973475,1.0,40.27334333423124,47.91080617944645,0.030487590899612484
60221,80291,1,4.137931034482759,0.3000000000000007,1.32212380559601,103.87081431318353,1.3195596877041,103.87229334189442,368.8395729979355,1.0,17.31184193723447,30.09986761971413,0.030464926797717982
84129,84119,2,13.058823529411764,0.3999999999999999,1.31875790465263,103.93158674239623,1.31964,103.935232,493.62332756197225,1.0,35.50986038709139,44.7552298971745,0.030387541192206782
44999,45019,9,57.28055278055278,0.39999999999999947,1.391239722,103.7545111,1.38829923721056,103.75553944051408,603.4120600992366,1.0,50.460371562673984,54.078959335636014,0.030382781708288287
84279,84269,3,14.760233918128655,0.39999999999999997,1.33664160677812,103.94439635871171,1.33402333297056,103.94185027798375,257.8922673089896,0.644730668272474,32.839494092851204,39.51666168460917,0.030378673167164406
14139,14009,4,27.07142857142857,0.40000000000000036,1.2686352773503,103.81546952380809,1.26703502614245,103.81901469907409,396.5894774354799,0.991473693588699,46.03940011565797,52.8406754544873,0.030273560786102303
96191,96181,2,5.714285714285714,0.29999999999999893,1.34285666698806,103.95774638900882,1.34563053684832,103.95770528781159,303.67753731109326,1.0,22.935061338496865,38.48370343993089,0.03019944126218731
64491,64481,8,30.11617672944904,0.20000000000000018,1.37513027801163,103.87905166700338,1.37514474329335,103.8807864140804,216.7725189119795,1.0,31.45941186276132,37.350439058341394,0.030197747525631483
14249,14059,3,22.11764705882353,0.5000000000000001,1.279469339,103.8173996,1.276025,103.815613,493.0411180283944,0.9860822360567886,42.92561834442749,48.59484922786251,0.03005566028286877
54299,54289,7,44.80848256602732,0.3000000000000007,1.36890152697813,103.85832656880861,1.369149,103.855987,300.6564714642449,1.0,27.106129624200353,28.84988097140903,0.02997467694727239
42311,43621,5,17.047630031138276,0.40000000000000036,1.33865749997067,103.76028055601957,1.34169275195642,103.75908187494267,386.43141371641116,0.9660785342910271,38.460252921189,46.28486560862171,0.029973379302697625
21159,21149,3,16.235632183908045,0.29999999999999893,1.31868562417111,103.72042922086165,1.315633,103.719896,367.62628099087755,1.0,40.51864376208326,53.96930576539519,0.029959349982566108
81141,81151,6,26.03876123876124,0.3000000000000007,1.31200805596649,103.89035749999957,1.31153305600814,103.88784583298123,228.11335562918765,0.7603778520972905,41.81842349375705,49.793332329270584,0.0299177172402085
80091,81011,7,38.79459531963002,0.3000000000000007,1.31489775184137,103.88095141640784,1.31532318660502,103.88335173265862,300.19155195964913,1.0,30.350488670766346,32.91785967771564,0.029907756460526787
22249,22259,2,16.315789473684212,0.3999999999999999,1.34016007378301,103.69865436006683,1.34089136412278,103.7025463831608,383.65491306592514,0.9591372826648131,32.128394272701975,37.67203927200269,0.029892025543744136
65169,65159,5,25.376026272578,0.5,1.39645725997371,103.90932129998102,1.39856872266182,103.90665292741664,444.82852494151973,0.8896570498830395,36.336442720519244,39.724150645543865,0.02977848172477905
46499,46521,10,47.957148115042855,0.1999999999999993,1.4322913388299,103.77219638823969,1.43237833345523,103.77429333367095,322.95462907095884,1.0,34.5345308862031,38.679694160898876,0.029763801110926365
47109,47099,2,17.22488038277512,0.5,1.46608416701086,103.80861861101391,1.46400708429355,103.80529911397457,424.0521157062681,0.8481042314125362,39.88896199683653,46.260929013172984,0.029739430858845402
43189,43619,7,39.16342123056119,0.39999999999999947,1.346993,103.756815,1.34406411828167,103.75861329619691,306.7462456393127,0.7668656140982827,36.9592588392364,39.7391197197297,0.029649828178729305
10389,10379,2,10.8,0.5999999999999979,1.28875832991208,103.82573455047122,1.28373603376667,103.82489520929732,525.25065062734,0.8754177510455697,37.58337752590788,45.38733390803973,0.0296455396293328
54401,54411,2,19.23076923076923,0.30000000000000027,1.3729466814704,103.8516353477965,1.37235305596731,103.8542291670297,320.15046593244074,1.0,28.93396315177695,33.98684371783271,0.029644094262655532
40401,40391,2,19.23076923076923,0.30000000000000027,1.357112,103.731092,1.359258,103.733186,501.48413392282475,1.0,31.402272013669208,37.435981178971346,0.029610926222272856
71339,70079,1,4.615384615384615,0.5,1.33681468016557,103.90112122053516,1.33372166698373,103.89851833301576,505.0888276769184,1.0,21.713826769621555,30.092630164572597,0.029591255098327905
11191,19011,5,27.29944258639911,0.5,1.30801640815091,103.7883731546267,1.30781638901709,103.78423666696615,428.28600685859027,0.8565720137171805,41.2201385714133,45.25753786004516,0.029540994730247037
92099,91079,5,22.460327288810262,0.40000000000000036,1.3023783312326,103.89900426571224,1.3013063985688,103.8952666584497,512.6257325758415,1.0,37.91394240112061,43.30873941765381,0.02951730422977323
65089,65079,2,26.373626373626372,0.30000000000000027,1.4013394838038,103.90580511592151,1.398951,103.904753,395.0817266143362,1.0,33.615714941014296,38.43404849701864,0.029507300489432904
21361,21371,4,20.10460934946061,0.3000000000000004,1.34302323304896,103.70767181671128,1.34522722613512,103.70617873626036,442.3159036484255,1.0,32.93076322186206,39.24797474396236,0.02947971391804694
67499,68019,5,23.575757575757574,0.5,1.39068028707514,103.87467870992985,1.39106694073297,103.87060612962611,625.2862363932579,1.0,34.35384204758692,37.581320254236445,0.02946806589110137
20021,20031,5,28.1030303030303,0.5,1.31675923723731,103.75788959223745,1.32055987103977,103.75464677812963,720.1027300654678,1.0,60.081158861500654,68.72241903339759,0.029407865131741276
54329,54319,9,48.96876741361867,0.2999999999999998,1.36449772525141,103.85247983714417,1.36205969144532,103.85305482306448,367.9306475859506,1.0,43.87635847842092,48.09738470260116,0.029383697156755876
55039,55029,2,8.994307400379506,0.6999999999999993,1.3891573228776,103.84383135324573,1.38565193733046,103.83917105055716,723.1874191501994,1.0,34.16419498345448,40.62233902037747,0.02929795956292175
70131,70141,4,21.572071107303493,0.30000000000000027,1.3327616336301,103.88503448837113,1.33325940650465,103.88723373413463,278.88466324695867,0.929615544156528,33.493521759012005,39.470656938191794,0.029259776619229877
84301,84371,1,15.0,0.30000000000000004,1.32782140214678,103.92656628872025,1.33055000001009,103.9262383330096,310.0399018105504,1.0,27.283155029261078,33.16370085423088,0.029246410578002247
59239,59249,3,17.5,0.2999999999999998,1.43560781996531,103.83684372359264,1.43436086302643,103.8394374423364,272.85482696200745,0.9095160898733586,31.620410951348976,38.37958904865103,0.029240538277671875
10269,10249,5,22.891246684350133,0.40000000000000036,1.29125331927458,103.82057583280772,1.29088138899671,103.82407777797806,364.8967251013901,0.9122418127534744,41.05395662561064,47.24832355929468,0.029240509920103533
17339,17329,1,7.5,0.3999999999999986,1.30785722199073,103.75850472198644,1.30505055600585,103.76058388902574,264.00097052569686,0.6600024263142444,35.818586362211846,54.99999999999999,0.029209944667199974
71209,71119,3,15.931174089068826,0.39999999999999947,1.32608112825105,103.89720788120638,1.32680124825187,103.90021869264116,261.12568911864366,0.6528142227966099,23.208660403371532,25.963630810918467,0.0291346103468936
84241,84281,5,25.516483516483515,0.19999999999999973,1.32861392886029,103.94004872476815,1.32657714220068,103.9403951168328,293.3324541365759,1.0,32.246534164448555,39.4930683288971,0.0290387048377527
46591,46379,3,14.5078031212485,0.20000000000000018,1.43068958976223,103.77322606797722,1.42911804399457,103.77294013114384,111.4157805666966,0.5570789028334825,20.0,25.0,0.029015606242497032
07011,07021,7,42.70150901729849,0.3000000000000007,1.30099699058522,103.8498101874305,1.30372355,103.850036756528,301.0015951958756,1.0,37.3389985202913,40.78310587907227,0.028973315516148835
93051,93061,7,24.912045808597533,0.40000000000000036,1.31065440276409,103.91866922380741,1.31199515605411,103.92260670662348,592.1460302668063,1.0,32.041210252234734,35.324654778090604,0.028907612890935745
58109,58029,3,19.48051948051948,0.40000000000000036,1.44667607916689,103.82309298513003,1.44315919415772,103.82398509211036,364.319178684987,0.9107979467124667,35.958867113630326,41.48554326690885,0.028868336548530747
28051,28061,3,18.931677018633543,0.5,1.332415,103.745637,1.33596390763107,103.74254813709638,508.6640996105457,1.0,35.94896842070095,40.3746441964055,0.02886313792847185
28679,28669,2,12.857142857142858,0.20000000000000107,1.33661449274468,103.75110456918219,1.33644500000269,103.74935500317244,217.06614723294655,1.0,23.427265843889096,31.78251786612578,0.02885520165312235
43401,43531,5,19.7002997002997,0.3999999999999986,1.35226498779767,103.74681637316733,1.35154868659228,103.7437763360561,318.7043631789992,0.7967609079475008,33.4346659860845,38.097700389538105,0.02884733467655426
70101,70111,8,48.83031286554525,0.39999999999999925,1.3296996501314,103.87395296821519,1.3307766855737,103.87714812684305,781.8317106460051,1.0,35.43806930966457,37.390710681056056,0.028783142768639136
44649,44731,1,9.23076923076923,0.6000000000000005,1.38207041321308,103.76296296396666,1.37887883000016,103.76432732997739,411.3079678618382,0.6855132797697298,24.095441744009648,27.540340915631006,0.028751562713964444
64059,64049,10,55.2009516036976,0.3000000000000004,1.37249135705281,103.89837470452339,1.3703713899857,103.89603248614272,403.48562415658984,1.0,44.10083928724789,47.751638620162424,0.02870917072573582
17011,17021,5,22.77777777777778,0.30000000000000004,1.29386900823232,103.76688187253777,1.29673702633957,103.76691201794645,292.7160313932841,0.97572010464428,37.894035772945415,45.06769686889261,0.028703657320637503
92101,92111,8,30.29666119321292,0.1999999999999993,1.30370246223719,103.90129169936806,1.30477657929676,103.90293341562067,209.60468223052396,1.0,33.88671651489858,40.361615119465256,0.028685320824675224
05429,05419,2,12.8,0.2999999999999998,1.27769413050075,103.84370654372525,1.27470669455555,103.84318683838887,299.92741232078504,0.999758041069284,24.84626032995174,30.505417940019974,0.028671142751306715
40191,40201,4,23.770334928229666,0.39999999999999947,1.31268555601325,103.8304269440197,1.31358972201496,103.82743055599407,308.4287686447785,0.7710719216119472,41.20605627082056,47.05127502164857,0.028665770082348246
75361,75351,9,46.366300366300365,0.29999999999999893,1.370387,103.930339,1.37333,103.9305775,342.28739644836924,1.0,52.2575554649857,58.56223868964677,0.028656306197117717
23059,23049,4,20.10460934946061,0.5000000000000002,1.33071284667323,103.68813759846915,1.33410764081742,103.69061140570352,572.943687016833,1.0,51.16652804547752,59.89252314206085,0.02862345471593926
63279,63269,6,35.52014652014652,0.2999999999999998,1.35623805601182,103.88983499998875,1.358676,103.889106,285.2597707134372,0.9508659023781245,39.04378254272612,43.59933386361419,0.02851709009320832
59091,59251,8,43.83277591973244,0.5999999999999996,1.43165245434506,103.83510814544051,1.43669132626001,103.83368337352286,388.17749785524893,0.6469624964254153,51.90599437956593,55.0,0.02850303585288665
22361,22459,1,8.0,0.19999999999999973,1.34077805602959,103.69587277801652,1.33856290426228,103.69572041924057,162.08273108058353,0.8104136554029187,25.0,45.0,0.028444444444444408
20289,17339,1,7.5,0.7000000000000011,1.31248801817062,103.75503415636196,1.30785722199073,103.75850472198644,1297.645611855603,1.0,41.57520572024178,53.63754584450689,0.028397987783127566
14129,14119,16,84.87210440058738,0.29999999999999993,1.26607869101924,103.81977877391114,1.26592360897281,103.8222827803663,404.15022975218363,1.0,47.18990702728114,49.80664388614498,0.028347181001555956
43041,43051,8,42.62175817930294,0.6000000000000001,1.355809,103.768503,1.35910148170791,103.76705036241354,315.0379185677856,0.5250631976129759,60.63827015995031,65.00000000000001,0.02829965970523079
80149,80279,5,21.927055950585363,0.5,1.3074963710946,103.8798058337351,1.30514903438296,103.88342000727887,491.48230956221363,0.9829646191244272,41.71351126374395,46.73792465717001,0.02825462327775773
01129,01059,4,21.48462064251538,0.40000000000000124,1.30350269187301,103.85864530718491,1.30075679526626,103.85611040457583,375.2586531894845,0.9381466329737084,26.18318323015841,28.643059681283315,0.02818766640685108
75241,75231,10,64.97331791016,0.3999999999999997,1.34844803009871,103.92980219657613,1.34707779444929,103.93265533979496,390.82333987935056,0.9770583496983771,54.52194395764543,57.93590906547736,0.028088914522649455
76399,76369,4,22.337662337662337,0.4999999999999999,1.3586225675181,103.94723337005571,1.36025642698418,103.95022273065783,290.83972707889427,0.5816794541577887,30.081201003275826,32.54060050163791,0.02806183530618953
52371,52381,1,15.0,0.2999999999999998,1.33992964917756,103.85651585657361,1.33988664001033,103.8583063045366,181.42299652168376,0.6047433217389462,28.17997675829463,34.18235556450911,0.028040986982428285
65331,65571,3,15.0,0.29999999999999993,1.4028650002354,103.89851804993967,1.403478611,103.895535,389.99480887219954,1.0,27.466434469669583,33.12800978328887,0.027999622199554333
10481,10459,1,6.666666666666667,0.20000000000000284,1.28784195484767,103.81797160113335,1.28754723360397,103.81639920301684,142.90909802883806,0.7145454901441801,16.398179000126405,25.000000000000004,0.027976508041313335
11051,11061,6,27.37142857142857,0.3999999999999999,1.29872166703909,103.8002979755481,1.30265777802206,103.80118694402536,601.4802311030327,1.0,40.21275844628277,44.81002435994729,0.02793302922424685
21189,21179,2,11.11111111111111,0.5,1.33026046590704,103.72122294249655,1.32586166697514,103.71929527796603,558.8318765359498,1.0,37.912773904964105,46.83068371773017,0.02790451711683358
43209,43639,2,8.582375478927204,0.5999999999999999,1.34697997431974,103.76384248905434,1.34810218754524,103.76845262919154,313.41349811454666,0.5223558301909111,42.253247531485364,54.73672430057363,0.02779427954852438
05019,05069,10,64.58296432781559,0.10000000000000142,1.28118388885484,103.84105000000471,1.28027629959632,103.84029791443083,95.81125927605953,0.9581125927605817,37.70120389642035,45.0,0.0277844288880032
64621,64461,7,32.66259254273792,0.3000000000000007,1.38133333296872,103.88821499999295,1.37938472998807,103.88640309201648,287.7960946969403,0.9593203156564656,41.65422897414583,47.22076889744846,0.027730971319115342
75351,77339,2,12.666666666666668,0.6000000000000005,1.37333,103.9305775,1.3780301775267,103.93278653475954,706.8435679797994,1.0,40.282483466020835,47.2221715220046,0.02772626370352935
59073,59069,6,44.46075663466968,0.3000000000000007,1.42868146490253,103.83546942999693,1.4259095,103.835307,283.29377460524597,0.9443125820174845,34.05710266854227,36.65159418515111,0.027723610656310058
65439,65149,5,19.730817610062893,0.40000000000000036,1.40172529138051,103.89631809709375,1.40444046572287,103.89692479945528,479.60818020961136,1.0,36.19509238102444,41.46442441564188,0.02770992231701827
82033,82061,4,23.095238095238095,0.5,1.31798449318919,103.898237229405,1.31876162629115,103.9022689641617,523.8668459313349,1.0,38.75221351824653,42.7244998949241,0.027705085631278926
55101,67011,10,43.64486269930916,0.30000000000000027,1.3909401415525,103.85967918415774,1.39009747909366,103.86263251348234,380.527291111276,1.0,56.767006162569594,64.51567713766144,0.0277025888291603
68039,68029,3,15.304066658375824,0.40000000000000036,1.39652972197871,103.87311388899468,1.39312162118162,103.87264955115819,411.1349224455935,1.0,30.143463288144325,34.89559480947544,0.02765613827035742
84321,84341,3,17.82967032967033,0.30000000000000004,1.33060063600662,103.92977387914273,1.33110349338955,103.93198370934411,308.43088537117967,1.0,33.15119298388318,39.999625100112695,0.02762489529616159
59141,59111,5,38.25362872421696,0.3999999999999999,1.43034383196416,103.83275541050214,1.43016395103424,103.82888452126694,492.52358170046944,1.0,36.397325509260426,38.956657408179154,0.027619008305521213
81219,81209,4,18.757894736842104,0.3000000000000007,1.31877141262042,103.8866869928233,1.31843612461246,103.88429716458627,242.29258991319423,0.8076419663773122,31.119795447782714,36.7294885017597,0.02761803868910488
52069,52059,10,49.26243730693859,0.1999999999999993,1.34314389988912,103.85856611406128,1.34309745890513,103.85622585798508,366.7452014817929,1.0,53.7457450514964,63.27284918851637,0.02760230333534367
54651,66451,6,30.406588546349713,0.30000000000000004,1.37854275740549,103.86551861831312,1.37872496881803,103.86854361874474,412.1064843810168,1.0,53.003830571129726,63.11979196400219,0.027581844103446277
20251,20261,2,13.725490196078432,0.1999999999999993,1.31975500989852,103.74447102076279,1.3215997308483,103.74546423225033,262.8123684171297,1.0,23.670579674361683,31.056923112258044,0.027581636843900866
47541,47591,3,18.630252100840337,0.20000000000000018,1.43789201937501,103.80334162830194,1.43973872693624,103.8025081158021,226.86511897639133,1.0,24.878281747296526,30.49395790478173,0.027581418892208567
53149,53139,4,22.371452928997687,0.2999999999999994,1.35548111090619,103.84161232917471,1.353021,103.840607,186.52856822577533,0.6217618940859191,44.583014169622224,54.583014169622224,0.027579634339610037
28181,28101,3,14.632775919732442,0.3999999999999999,1.32996642498284,103.75819801692671,1.33312436803086,103.75905617435505,303.42870970475246,0.7585717742618814,40.0,49.273743756842215,0.027540146939219783
22239,22539,3,14.671936758893281,0.1999999999999993,1.34081972201603,103.69742194398371,1.33919523713654,103.69838678279567,208.9455568593023,1.0,24.945167047687093,32.569999830880626,0.027538710017500256
85101,96011,4,25.08889871738169,0.3999999999999986,1.329286,103.950691,1.33167675245972,103.9535299850262,463.7269463499854,1.0,47.59540395875573,54.74456851791534,0.027535364450588466
75561,75571,3,18.5920043074438,0.4,1.366506,103.941333,1.36378,103.943296,444.0176916836549,1.0,33.13660782707533,37.7702578845679,0.02753286698078184
43121,43131,2,13.186813186813186,0.5,1.37118669285497,103.76669327756966,1.37331749997168,103.7700624999975,482.97796430015444,0.9659559286003089,37.73132457012055,44.78740271544825,0.027530576808710988
28221,28231,8,45.614379084967325,0.3000000000000007,1.327192,103.745149,1.32986201071411,103.74248183726264,274.8060932106389,0.9160203107021275,49.5211412958357,54.99999999999999,0.027527057371508276
54369,54371,1,15.0,0.3999999999999999,1.35874638898802,103.85588277797046,1.36238306289968,103.85568284134345,345.08162817509776,0.8627040704377447,34.569510462898876,41.07993474191805,0.027506641542590936
52029,52019,3,16.770334928229666,0.3999999999999999,1.34359918269745,103.84736537931644,1.34403333300249,103.84368166701324,633.2118308351536,1.0,44.01586633757924,53.70888982421746,0.027504614532655184
67039,67029,9,48.060716978992986,0.2999999999999998,1.38831000001759,103.86800750000182,1.38906690681702,103.86517736947857,283.6504191371006,0.9455013971236692,49.77799985620996,55.00000000000001,0.027500984922136585
52261,52271,3,18.82915845764143,0.3999999999999999,1.33403167346972,103.85128140448401,1.33683113907107,103.84974718092391,264.35627019395037,0.6608906754848761,34.13333518111375,38.97863610651211,0.027428767438851868
10061,10071,7,34.096918767507006,0.3999999999999999,1.27860472196885,103.82948638898173,1.28045309423663,103.82638920754815,454.54337358338967,1.0,35.71009899150995,38.46694428056099,0.0273721416286877
43201,43191,7,37.08202323991797,0.5999999999999996,1.34694499998204,103.76464638897035,1.346377,103.759219,740.4994286294638,1.0,47.354935310177716,50.27846255985885,0.027319615421914092
66461,66471,5,25.791203930965096,0.2999999999999998,1.37889000002038,103.87128027800178,1.37895833299995,103.8743605559661,417.50902015526304,1.0,49.201776538396615,59.51042090327597,0.027240847897593488
46971,46981,3,19.11764705882353,0.6000000000000001,1.43187555599274,103.79034249996818,1.42742,103.793617,353.12076794585323,0.5885346132430886,33.984632801957204,36.96396796871963,0.02720469653737317
74021,74031,2,15.54655870445344,0.5,1.37042803443167,103.92278161130189,1.367627,103.925697,449.15888895119764,0.8983177779023953,48.984040632580616,59.086359206798846,0.027132105566132853
01119,01019,8,38.31795397584871,0.39999999999999947,1.2996041093804,103.85512934079571,1.29698951191332,103.85302201172507,389.1725293218996,0.9729313233047503,35.80996140999012,38.23277832827844,0.027123341285924012
71059,62249,7,50.707349232383926,0.40000000000000036,1.34065465828861,103.89195372882892,1.34421563693504,103.89102556910234,312.20854594186636,0.7805213648546653,41.020512075059685,43.394710063278865,0.027052659324795964
65641,65651,2,10.31578947368421,0.3000000000000005,1.415276389,103.8998269,1.417212,103.9013,233.65293828406527,0.7788431276135496,24.34001189578855,30.873838184482224,0.02690790584231491
41019,40099,8,40.610110951666925,0.40000000000000036,1.32267444098276,103.82025232877241,1.32185235205471,103.82344007494515,356.2270973333687,0.890567743333421,51.50791630875811,56.311354391815726,0.026901494636560816
46771,47601,3,21.217391304347828,0.40000000000000036,1.44088808355944,103.80018670656507,1.44211880036977,103.80304911976373,331.1006258637808,0.8277515646594513,36.88692351284219,41.76866461302727,0.026890798266192194
60199,60059,1,5.0,0.5999999999999996,1.3179530560114,103.8612788890282,1.31434638899368,103.86586250001177,723.7677929528385,1.0,27.13302977904633,35.808063482647384,0.02678633519911668
65359,65489,4,25.67193675889328,0.30000000000000004,1.40552300002668,103.90435300000112,1.40819500002156,103.90566900789092,365.08688092242966,1.0,28.731364653925315,31.916503107028724,0.026750792191784965
68011,67491,4,18.0,0.5,1.3913169267408,103.8701030697383,1.39087538517899,103.87466488789592,475.0573811027504,0.9501147622055008,33.5616105390513,37.2711509549291,0.026689904446908927
15169,15159,9,45.52364532019705,0.1999999999999993,1.27481499269165,103.79673994290195,1.27426303773784,103.79839350407595,202.55406933382142,1.0,48.68457042901396,56.78597707938863,0.026680564480709656
67609,67619,4,17.11578947368421,0.39999999999999925,1.38393305306468,103.89303978530081,1.38776797851536,103.89401435851151,491.2327855087206,1.0,30.185759581295933,34.210060927273915,0.026680346459051863
52531,52361,1,5.0,0.20000000000000018,1.3397645,103.854501,1.33974408909931,103.8529812160764,114.03677269636934,0.5701838634818462,15.0,25.0,0.02666666666666669
15191,15201,7,39.703115418554916,0.3000000000000007,1.27581227029734,103.79263571257981,1.27680819120105,103.78970861437152,367.12747306784473,1.0,47.560756716482274,53.2275751537127,0.026662428359893166
10281,10291,9,45.29769645559119,0.3999999999999986,1.29153833298318,103.81445166697797,1.29215855273858,103.81065866068086,414.94422291481845,1.0,50.77547907539635,54.87369291111634,0.026650938399733256
23489,23499,1,7.5,0.3000000000000007,1.32759688194654,103.68048864270644,1.32755092355685,103.67805103515069,380.14663539642345,1.0,25.280071416651957,36.07004399825522,0.026624281143365933
66489,66479,2,11.5,0.5,1.37889334025536,103.8789799431682,1.37863834733323,103.87430288480033,575.1598626426236,1.0,37.63388794886443,45.566370526225406,0.026598273460833006
94049,94089,11,55.35793025722798,0.19999999999999996,1.31616443335073,103.94482108127718,1.31536333302999,103.94294138900047,229.74312518155665,1.0,37.80380150483358,41.57466081121728,0.02656354176637135
24541,24559,1,8.0,0.40000000000000036,1.30275657598845,103.6556555059217,1.30079305601761,103.6574800000263,320.4239710149538,0.8010599275373838,26.42422662398257,33.846387740600704,0.026556188651070456
17381,17031,5,22.77777777777778,0.3000000000000007,1.29907638900012,103.76686444402534,1.30172305827699,103.76567633935802,335.1704454417228,1.0,33.03301512214483,37.89274656982507,0.026530203141959214
84521,84201,8,50.86351642106118,0.5,1.33230500002897,103.93393805556471,1.336576,103.933159,543.8516535361334,1.0,37.08917819919988,38.58194569462351,0.02652999815592278
10299,10289,5,24.605532398635848,0.30000000000000027,1.29233498466278,103.81146486767658,1.2918699745378,103.81440639448375,329.7024166556656,1.0,45.21641198329709,53.98742462894906,0.02652253617206389
42011,42021,12,60.88305587867881,0.3000000000000007,1.33161452117352,103.79503057628676,1.33254537683925,103.79237058676013,363.5130402568752,1.0,55.00000000000001,59.7692780907819,0.026499009686822252
20129,20239,3,19.333333333333336,0.4,1.32034555007728,103.73754105423453,1.32246879634748,103.73947011845992,223.63938864330007,0.5590984716082502,23.617565145549783,25.691217427225112,0.026429129411811327
21329,21319,2,17.454545454545453,0.30000000000000027,1.32691548284142,103.70901792785014,1.32377340235344,103.70980422080449,367.69862130591395,1.0,39.09586762177777,48.6908813906623,0.02639349536879647
70141,71011,3,13.00064253587492,0.40000000000000036,1.33325940650465,103.88723373413463,1.33411688207761,103.89054392713261,365.1647484480141,0.9129118711200345,31.940545702710136,38.03310724491371,0.026080781063645624
59249,59389,1,10.0,0.3999999999999999,1.43436086302643,103.8394374423364,1.43202071867504,103.84208246442347,410.2824272958579,1.0,23.382956901149193,27.584105333400284,0.02605371664956626
85049,85039,5,26.333180778032037,0.2999999999999998,1.32671998700111,103.95124872703616,1.32442497435966,103.95298594261581,366.8531823445855,1.0,43.41352773465047,50.640160957308694,0.02596811547144413
10051,10061,7,34.096918767507006,0.3000000000000007,1.2774116353284,103.83214410914843,1.27860472196885,103.82948638898173,307.1673087730493,1.0,40.99697749254227,45.750379686947355,0.025923546166502033
53121,53131,4,20.45372050816697,0.5,1.35016694219359,103.83947418569129,1.35315805208995,103.84031279218438,391.1822168064827,0.7823644336129654,33.62302682443454,36.75203682285768,0.025895902566299207
62051,63141,3,17.597840755735493,0.3999999999999999,1.35170429575719,103.87775496869286,1.354019,103.874925,337.4884361482032,0.8437210903705082,41.733361733773705,49.292396912061875,0.025865592706899268
27421,27411,3,10.671936758893281,0.5,1.3428341669778,103.69536361096887,1.34590833297224,103.69273749998102,334.3625554237968,0.6687251108475936,25.179130313179932,28.669360263872427,0.025799337907307204
46181,46071,3,25.42857142857143,0.30000000000000004,1.44015882292646,103.778867882596,1.43864652268091,103.77679962439775,337.6812634259535,1.0,25.50066447337204,27.90580289100013,0.025783227050045824
96151,96141,2,11.714285714285715,0.2999999999999994,1.34232997550862,103.95121028080379,1.34470972121071,103.95324349664256,350.26957527726427,1.0,29.098270417246965,36.97427468260953,0.02572623135482678
41011,41021,8,39.356500081534776,0.40000000000000036,1.32235611101422,103.81891666700089,1.32264999998361,103.81554000003177,530.0942722477847,1.0,57.819976627316834,63.8479184752004,0.025705192499917307
13081,13091,4,19.547061634018156,0.40000000000000036,1.295875,103.836253,1.295871,103.839349,295.88492626929644,0.7397123156732405,33.020137500660255,37.03842747662867,0.025689244398901575
61031,61041,10,52.560482711480894,0.3000000000000007,1.33836472248768,103.8704496726279,1.34142999996834,103.87049194397346,257.3978171566241,0.8579927238554118,50.47727479005243,55.0,0.025687522070254945
50189,50179,6,31.143509127789045,0.20000000000000018,1.32606229603246,103.84849190712964,1.32640402126103,103.8464203281907,147.39448641408745,0.7369724320704366,37.96780076306334,45.00000000000001,0.025636619184611586
50171,50191,5,30.267942583732058,0.2999999999999998,1.32663388888255,103.84641000001729,1.32604500002988,103.84902388888725,407.5645073642111,1.0,35.17913848766112,39.05829486957393,0.025635569187853542
58159,58109,3,19.48051948051948,0.20000000000000018,1.44821708737482,103.82235611868522,1.44667607916689,103.82309298513003,182.73950758873949,0.9136975379436967,31.995862491747438,40.49021095450861,0.02554563728548904
28101,42311,2,9.832775919732441,0.6999999999999993,1.33312436803086,103.75905617435505,1.33865749997067,103.76028055601957,549.2973861575227,0.7847105516536047,31.79102262583359,36.03964816033351,0.025523345322404856
31191,30011,2,16.07142857142857,0.49999999999999956,1.37161444444711,103.70991083335727,1.37367799480239,103.71422567942253,416.20327534146577,0.8324065506829323,47.3825428712442,55.77500220715578,0.025518536985603538
11161,11171,9,56.67787114845938,0.5,1.30213305598263,103.79839083302141,1.30535666699303,103.79479722196947,537.0083045670817,1.0,52.50763540684091,55.11211322254961,0.02550554873276985
45071,45091,6,28.47451963241437,0.5,1.40955433592964,103.75568311864467,1.41421866753882,103.75523144616068,403.8534672180315,0.807706934436063,53.14483210313193,58.71033579373614,0.025395413110969364
10361,10371,5,20.78421578421578,0.3999999999999999,1.28038092060065,103.82353025808791,1.28365072319387,103.824502653383,367.4318181982201,0.9185795454955505,36.597315709775216,41.198806166230916,0.025372209900454027
28239,28309,1,5.454545454545454,0.5,1.329722,103.7431495,1.32628627629778,103.74578490414557,488.40118973565507,0.9768023794713101,34.1140880928636,49.95764453768623,0.02535394388760856
46989,46979,2,14.117647058823529,0.6000000000000005,1.42802334589801,103.79221259917931,1.43130555598072,103.79065444401148,384.87492134889095,0.641458202248151,31.594025286362275,34.89125436068484,0.025336180662682162
10041,10051,6,29.811204481792718,0.39999999999999947,1.27605834770353,103.83519065305671,1.2774116353284,103.83214410914843,312.1975514535994,0.7804938786339994,39.253904534286264,42.82099170015411,0.025305426062226563
54419,54409,2,10.0,0.2999999999999998,1.37206167776818,103.8548909469337,1.37270833297137,103.85213888899418,264.12842120271665,0.8804280706757227,25.83002768925634,33.02336500612881,0.0252991240368958
30011,30021,2,16.07142857142857,0.3000000000000025,1.37367799480239,103.71422567942253,1.3744419562273,103.71705234322658,262.62500043152886,0.8754166681050889,41.33770576344404,52.754750684895605,0.025241868643156
84511,84499,3,16.0,0.40000000000000036,1.33206972200071,103.91329416702288,1.33520779235718,103.91401580602559,367.0523458447701,0.9176308646119246,28.57015597111305,32.19321970123114,0.025210352759714727
62029,62019,13,62.352044446781285,0.20000000000000018,1.3441045,103.8827165,1.34215709944082,103.88405276089232,704.3108994417574,1.0,52.68870414740721,58.956745361895436,0.025162947928535732
01329,01229,10,49.64278812974465,0.5,1.30495670239172,103.86363028484124,1.30337552638813,103.85963089198265,312.61779599841657,0.6252355919968331,36.03696956982134,37.401476809741084,0.025128409450511677
96059,96049,5,22.197164196522348,0.2999999999999998,1.34351280089212,103.96217940266345,1.3408744614671,103.96143293297968,273.33429763225587,0.9111143254408535,44.53162477556194,53.49725986331196,0.025061076886296895
47621,58381,3,17.142857142857142,0.40000000000000036,1.44689218119453,103.80982770058664,1.44797049342873,103.81337787352544,489.43431437449084,1.0,35.37646687348802,40.62531389308254,0.025043552002154672
44491,44501,4,22.909090909090907,0.5,1.38353368663411,103.74184597655336,1.38087128691259,103.73879787160988,318.37999024111474,0.6367599804822295,36.989858597509496,40.24402944051337,0.02503998591968199
76431,76461,1,4.444444444444445,0.2999999999999998,1.353726389,103.9612131,1.35610972200156,103.95981833302024,188.10354066096355,0.6270118022032122,18.62173813264021,28.62173813264021,0.025016267809702078
81169,81159,4,21.862851107702365,0.5,1.31078371924435,103.88313174959588,1.31167873834387,103.8874161243355,503.7863902069551,1.0,37.18789841368476,40.64623446913755,0.025010480759825184
53029,53019,9,46.23954806803104,0.40000000000000036,1.34939240848355,103.83729222566143,1.34600349626668,103.83871779531225,285.2201340351602,0.7130503350878998,44.43160576336636,47.26584071903212,0.02496146243370183
47061,47071,3,17.746697746697745,0.5,1.45605441023441,103.79808423496016,1.45761031985152,103.80214839695255,408.16465984339567,0.8163293196867913,39.529134875931845,44.47077249777054,0.024944021290794267
63099,63089,7,47.648525702972165,0.3999999999999999,1.35357948490597,103.89097410968795,1.35653228525134,103.89213497244268,298.1435752192732,0.7453589380481832,54.99999999999999,59.2604940746141,0.024913885667514422
42059,42049,12,67.9844160252402,0.19999999999999973,1.33679896138996,103.78180146215335,1.33580349277905,103.7846322701164,329.6805803015279,1.0,48.46520748120343,53.18141871753582,0.024879555708897706
30021,30031,2,16.07142857142857,0.29999999999999893,1.3744419562273,103.71705234322658,1.37461935383489,103.71983865916742,351.491688040676,1.0,31.76625384976992,37.98923583623539,0.024862667455077418
71169,70379,4,23.38095238095238,0.2999999999999998,1.32706502989935,103.89217317535862,1.32604294133609,103.88933975894,393.8797389849095,1.0,30.47902451748045,34.15603538808831,0.024774782347670384
46681,46699,2,13.333333333333334,0.2000000000000015,1.4357329097814,103.79577696652271,1.43769989889611,103.79566316043969,284.37527755817337,1.0,19.481289402105915,23.783031169538674,0.02475871869420965
43111,44011,9,44.17747611865259,0.1999999999999993,1.37229972154626,103.76298146518725,1.37448606693865,103.76257120089846,354.19028720468725,1.0,55.0,65.0,0.024714671954490855
67291,67331,2,10.31578947368421,0.30000000000000027,1.38717956363215,103.88971793853818,1.3867745,103.8925445,336.98264885008484,1.0,29.820975608019214,39.13165045525226,0.024691920631557517
96111,96101,3,13.725490196078432,0.3999999999999999,1.33365307929022,103.95337833802823,1.33638500905398,103.9510568939649,610.7413285425666,1.0,38.33319242168044,46.29438751900871,0.024629908035490335
92129,92119,8,40.15832985762758,0.5,1.30687389,103.9065139,1.30444500073,103.90277451423108,504.01948152791124,1.0,35.51898274952592,37.135003456616644,0.024600763189778458
43469,43479,4,27.57142857142857,0.3000000000000004,1.35546802880026,103.74730862146369,1.35765247384472,103.74723575988492,207.66156263342396,0.6922052087780789,33.16254540841433,36.777301895560385,0.02451499714804093
84231,84241,6,30.316483516483515,0.40000000000000013,1.33173871602405,103.93855496527853,1.32861392886029,103.94004872476815,325.01506079813566,0.8125376519953389,37.70424685004769,40.8149697286326,0.024512657144486135
21171,21181,3,12.121212121212121,0.5,1.3258163890121,103.71906611098208,1.329915,103.720953,578.4840458633531,1.0,39.15326269414149,46.501902258158495,0.02446156986322951
93059,92159,10,50.67261557191329,0.2999999999999998,1.31076138897412,103.91930777802244,1.309748,103.9166295,592.5401650361143,1.0,35.189246086986486,37.30013439770134,0.024447782461671164
05239,10021,3,16.830075187969925,0.3999999999999986,1.27854113014976,103.8415105424013,1.27744837946643,103.83838894560753,430.59842966019863,1.0,32.63394941268335,37.01454445114015,0.02441389709609333
43539,43409,5,25.82933904168024,0.2999999999999998,1.35142277800259,103.7433686110311,1.35235542005389,103.74623591627208,295.19953414319025,0.983998447143968,33.3135749481364,37.219402545258305,0.024409392995384117
10018,05012,4,24.570334928229663,0.40000000000000036,1.27900819665099,103.83860360621959,1.28154583300728,103.84087722199499,430.54929676866504,1.0,31.30118568465878,33.92589694314284,0.024291843507307332
27301,27321,1,10.909090909090908,0.5,1.34045284969365,103.69439784182157,1.34403944399659,103.6917308330011,491.59709838408105,0.9831941967681621,34.08916699218565,40.19042593505801,0.024290643756921033
66589,66579,4,11.637931034482758,0.3000000000000005,1.381992,103.8794283,1.38402973472559,103.88070409002009,243.52001598347857,0.8117333866115939,23.658870940341366,28.31695485758811,0.024275253766775813
43571,43581,2,13.81578947368421,0.40000000000000036,1.35920995233758,103.75150455211015,1.36251939522797,103.75138384429646,319.9285149636675,0.7998212874091681,34.53826462559364,40.71446312446522,0.024272120444916317
23359,23449,1,8.0,0.20000000000000018,1.31500500807478,103.6788828370567,1.31284166701008,103.67877583300174,103.80577952527243,0.5190288976263617,30.0,55.0,0.024242424242424263
97129,98101,1,5.454545454545454,0.40000000000000213,1.36461847541947,103.96762195035996,1.36705781222851,103.96535083584567,374.5826681744136,0.9364566704360289,24.202557962137597,33.079009783841165,0.024190463369228525
20281,20131,5,23.169934640522875,0.6000000000000014,1.31234219524906,103.75484214400765,1.3155936163792,103.7518511517015,663.6902176151057,1.0,48.57030465960742,53.030822669953494,0.024074770974711095
58051,58061,2,12.8,0.39999999999999925,1.45087972197488,103.82843083296738,1.45296423052616,103.83110625286093,455.28930625392707,1.0,35.359609161474715,42.39381317788046,0.02402564100932337
82089,82079,6,29.71506785647084,0.3000000000000005,1.310947,103.894254,1.30801114591342,103.8951960850957,289.24098493454676,0.9641366164484876,35.80999856097564,39.628651795627505,0.023988031068502655
14201,14471,4,14.448160535117056,0.2999999999999994,1.28167307267242,103.80914683892263,1.28201169102423,103.80664978771298,285.3301391109835,0.9511004637032804,36.03127691544225,44.9923670103119,0.023959412348798066
66529,66509,1,12.0,0.3000000000000007,1.37512174055594,103.87318199195964,1.37528324399418,103.87015339999972,339.04508949222065,1.0,28.41415074471183,35.035079977809026,0.023943280497901207
63249,63071,5,35.02020202020202,0.5,1.36395805601148,103.89261277802149,1.3597807263938,103.89332464938751,566.8170304315651,1.0,44.386518244465066,47.25216124941996,0.023924230640573863
54371,54381,5,28.725490196078432,0.3999999999999999,1.36238306289968,103.85568284134345,1.3657416739059,103.85608617430734,396.38974763616324,0.9909743690904084,36.06851581312941,38.988690377993436,0.023859939293435176
46981,47501,2,14.117647058823529,0.3999999999999999,1.42742,103.793617,1.43046208317462,103.79470229416464,292.2319353806387,0.7305798384515969,28.100931416752193,31.886722473284234,0.023858786761952838
43471,43461,5,34.38721804511278,0.2999999999999998,1.35796999999619,103.74730694399486,1.35504665794029,103.74749372345552,378.2991786647338,1.0,34.27131173489569,37.219930667349615,0.023846830220651153
71121,71101,1,4.615384615384615,0.5,1.330081111,103.8994169,1.3283069439771,103.90283722202501,252.17495744582604,0.504349914891652,25.238056955487927,34.128863893725956,0.023819976826816438
99049,99039,7,41.173617431162185,0.4,1.38749994542049,103.98573364026825,1.38768581439487,103.98202131073424,339.8317896926294,0.8495794742315735,55.0,59.74292462537687,0.02377256648209688
01319,01219,6,32.59573175362649,0.40000000000000036,1.30757426746418,103.86325596123476,1.30526598535719,103.86072019914616,360.08071576123893,0.9002017894030966,46.73261647054726,51.0836062312237,0.023763321411917972
16079,16069,7,43.50935960591133,0.30000000000000004,1.29141111,103.7712964,1.290648611,103.7736967,265.3960345716695,0.8846534485722314,38.604366708783516,41.51792067103702,0.023727664056100276
67391,67401,4,18.0,0.5,1.39425676218487,103.89144488028346,1.39290842289238,103.89531738456282,494.655123195795,0.98931024639159,32.607074470611195,35.673588033591344,0.023726231922555487
58999,59059,16,76.79201957462827,0.4,1.423825,103.8351593,1.42054602879781,103.83497942324875,418.4108268441916,1.0,38.04856334983299,39.20047681129863,0.023722820432333293
70111,70121,4,23.00064253587492,0.5000000000000004,1.3307766855737,103.87714812684305,1.3319080537309,103.88114282141879,460.65957701124944,0.9213191540224981,34.26523595343518,36.87086075702666,0.023718370529831313
83299,83319,4,20.982456140350877,0.3999999999999986,1.31574389673514,103.90586328314893,1.31268833645873,103.90714010649674,404.3732163386772,1.0,39.48373616311726,44.42987747319026,0.023664072020951128
28271,28281,5,27.851143009037745,0.30000000000000004,1.33899259685337,103.73390575121081,1.3420603281321,103.73537548132207,311.259895196176,1.0,38.08050998120385,42.68112493506888,0.02365056669241083
67051,67061,8,40.31235431235431,0.29999999999999993,1.3873944756683,103.87302341120069,1.38580333301583,103.8753413890144,309.69423689853744,1.0,51.61980082308486,57.40883874606213,0.023624940594012333
45329,45299,1,5.217391304347826,0.7999999999999998,1.3974585,103.7478685,1.3914375,103.7451665,559.0492959234034,0.6988116199042544,34.933544096912485,43.52766905637148,0.023590492186990983
11291,12021,5,24.843956043956045,0.40000000000000036,1.31792777802094,103.78592333300938,1.31907638897016,103.78243055601493,214.8305901637561,0.5370764754093899,44.99490365079753,50.35668900011717,0.02351633693066253
80211,80149,5,21.560233918128656,0.5999999999999996,1.30712803633755,103.87548108759093,1.3074963710946,103.8798058337351,339.7357078300077,0.5662261797166798,53.0013482168719,58.6492797606338,0.02350414960506861
43609,40289,1,5.0,0.8000000000000007,1.3566605,103.750018,1.355843,103.743394,434.97237209865125,0.5437154651233136,27.04338127130701,32.12933161658955,0.023413666333316922
07379,01339,5,28.217391304347828,0.2999999999999998,1.31017336740849,103.86338225534827,1.30774601733202,103.8642627465441,288.4887218030191,0.9616290726767308,32.824016969421585,36.091891470306805,0.023350818803918313
46331,46341,2,9.5078031212485,0.3000000000000004,1.43314769562187,103.78816378743082,1.43172193690625,103.78630311506315,177.40575405823952,0.5913525135274643,32.88632729557828,45.0,0.023347983720551538
75051,76071,5,28.327561327561327,0.6999999999999993,1.3450165,103.940188,1.34802638899143,103.94517805600674,437.7274664672975,0.6253249520961399,39.511599597297106,41.43886280333038,0.023340804332347174
09179,09047,5,30.731174089068826,0.3000000000000007,1.30587966240898,103.83049004618626,1.30446065207443,103.83294467208566,343.7949600978992,1.0,32.92330196565616,35.91135895471549,0.023299900077298884
43761,43751,7,25.3906438389197,0.5999999999999996,1.35079436745796,103.73765826692882,1.3561115,103.736562,347.1933210879098,0.5786555351465167,55.0,60.030411933032596,0.02321103471786942
22239,22249,1,10.0,0.20000000000000018,1.34081972201603,103.69742194398371,1.34016007378301,103.69865436006683,124.81500079833503,0.6240750039916746,19.624570980872875,25.37542901912712,0.023096654502407436
77011,77241,7,34.26985109833407,0.2999999999999998,1.37376489998905,103.94266590001561,1.37531331487507,103.940272636011,365.05627760184115,1.0,35.85862912614736,38.99626750468515,0.02306851494186411
84491,84501,2,16.0,0.30000000000000027,1.33463946695939,103.91413940065628,1.33319499998844,103.91598944400951,169.55872131527246,0.5651957377175744,25.630603181603988,29.218561705042955,0.022996989700491986
28651,28049,5,26.12681436210848,0.6000000000000001,1.33515192012369,103.74794188238828,1.33069921313648,103.7481034124348,327.7380319794693,0.5462300532991154,50.893807608461586,54.99999999999999,0.022995844889958234
93081,93091,8,28.79030910609858,0.3000000000000007,1.31342707975776,103.92903327944508,1.31398835332345,103.93157431388184,308.34545393298345,1.0,37.931107759994546,42.181338512388294,0.022943739793231263
96161,96251,3,17.498257839721255,0.2999999999999998,1.34211893867102,103.95354015150029,1.34026697859529,103.95138028105873,222.57604042808651,0.7419201347602888,29.093689167506106,33.318358127527745,0.02287843765643785
21029,21019,4,22.158730158730158,0.6000000000000001,1.32429728567538,103.72180766916203,1.32554867828642,103.72703317988619,744.1771290455492,1.0,48.51267576004646,52.92858839680159,0.02286499187220757
57129,57119,12,64.6948051948052,0.2999999999999998,1.43418656873084,103.82641445936885,1.43130257113028,103.82688773076856,321.0543564570752,1.0,42.40928592642633,44.63714370570529,0.022841297514965636
07359,07369,5,32.08889871738169,0.29999999999999893,1.31368253065979,103.86071451807119,1.31140805601851,103.86237888899062,302.7911682441835,1.0,39.53569392750963,43.621904874166034,0.022808822097407835
68171,59799,3,14.671936758893281,0.40000000000000036,1.426761,103.854462,1.425161,103.853305,225.56223838085646,0.5639055959521406,38.63351899556223,45.453407598224885,0.022792607027481832
66131,66141,4,30.67193675889328,0.20000000000000018,1.36346698150382,103.87019205208469,1.36311828855893,103.87239656838271,246.5579947126962,1.0,38.55466907246473,44.99999999999999,0.022789086810492916
03019,03059,22,134.55404801820873,0.3000000000000007,1.284245000013,103.85310805599599,1.281111,103.851461,393.9964645535735,1.0,39.256450010750555,40.14614846481216,0.022787986251550898
66499,66489,6,30.11578947368421,0.5,1.37912306945844,103.88326933020046,1.37889334025536,103.8789799431682,418.11000170365594,0.8362200034073118,48.322728806347065,52.12912719002633,0.02275341523710921
58579,58589,2,11.67420814479638,0.5,1.442016944,103.8159789,1.443534,103.813173,401.07330818962953,0.8021466163792591,45.290778293878304,55.0,0.022751465769148594
59651,59451,3,22.597402597402596,0.30000000000000004,1.42711698762084,103.84169418862261,1.42569613726662,103.84360741617542,307.1670092929967,1.0,33.23847322800563,37.40923716617607,0.02273921503286502
84471,84621,5,29.623376623376622,0.3999999999999986,1.3373330466218,103.92199745160043,1.33831497804809,103.9249204585602,338.44538847583783,0.8461134711895976,41.423425625739895,45.00000000000001,0.022735435991644654
14051,14241,3,23.5,0.5,1.275847,103.815157,1.27914353103301,103.8168725087535,440.6811516770831,0.8813623033541662,42.95333297200606,46.84044090092353,0.02270108542590972
21379,21369,3,19.24336533032185,0.29999999999999893,1.34534855216089,103.70648912988919,1.34309123717886,103.70800310705765,388.7008903321076,1.0,36.931041912464934,43.18481752859295,0.022637159206811485
59381,59241,1,10.0,0.40000000000000036,1.43181131616813,103.84196021620254,1.43427221606754,103.83922930159359,410.5983427766311,1.0,25.45753172126214,29.735001085071243,0.022602821054937293
57021,57031,5,20.454545454545453,0.39999999999999947,1.40414074099185,103.81834244198308,1.40705411971506,103.82012256385369,378.8597066714959,0.947149266678741,46.97725158070282,53.980276311368755,0.022595022409465954
28629,28631,4,17.788819875776397,0.19999999999999973,1.342682,103.744754,1.34053157728505,103.74418616293988,105.6438258266312,0.5282191291331567,35.0,45.00000000000001,0.022588977620033496
70039,70029,5,21.788963724447598,0.3000000000000007,1.32930256265165,103.87975573742911,1.32662552821417,103.88054354805391,372.84486711304453,1.0,38.83430384278006,44.83899939340956,0.022541218383444857
58059,58049,8,44.45548654244307,0.2999999999999998,1.45079007708143,103.82866296034206,1.44919525191106,103.82703542333945,217.34091237966936,0.7244697079322316,39.386535417255324,42.193267708627666,0.022524578465570513
75349,84609,4,23.533180778032037,0.3000000000000005,1.33811824869625,103.9339578151498,1.337912,103.931388,256.61923905031483,0.855397463501048,34.119192673024784,38.28117033938591,0.02249664101019917
22231,27421,3,10.671936758893281,0.2999999999999998,1.34079486676221,103.69717899290252,1.3428341669778,103.69536361096887,221.59730115673028,0.7386576705224347,25.729334218295243,31.40677397901149,0.02249392046087813
19011,19021,5,27.29944258639911,0.3999999999999986,1.30781638901709,103.78423666696615,1.30965490194051,103.7812018067838,375.62466134985107,0.939061653374631,45.07887316854343,49.69064669029764,0.022481953333039317
42189,42179,8,46.993927125506076,0.29999999999999893,1.34378853697493,103.76960174742553,1.34197833300345,103.77100805601951,268.8151408752349,0.8960504695841195,45.0,48.47850838709017,0.022479895399299368
44201,44211,6,28.945459803354538,0.3000000000000007,1.37732275970527,103.7672668951858,1.37610015820197,103.76921822286211,255.26853501514597,0.8508951167171513,35.0,38.486536933956664,0.022476003903375955
78159,78229,1,7.5,0.20000000000000107,1.37246473904375,103.96053778303401,1.37411139885456,103.96093853137384,211.9519776933063,1.0,22.972057222077172,35.0,0.02243957765417625
25459,25449,3,15.058823529411764,0.29999999999999893,1.33279999997118,103.63412166700834,1.33559254994067,103.63488564434365,191.19941077681113,0.6373313692560394,35.760558926965786,43.47888214606842,0.02242603999559213
53219,53239,3,16.3843367258927,0.6000000000000001,1.34606111102286,103.8465836110301,1.351,103.847641,556.0112454991345,0.9266854091652239,40.05218029923215,44.07701224283295,0.022412461455640593
28411,28409,1,8.0,0.39999999999999947,1.34805444396931,103.7176175000189,1.35081149361542,103.71793769087185,223.828033228162,0.5595700830704058,22.23335055132874,26.32923935093719,0.022390041965848276
65521,65231,4,11.0,0.5,1.39031766666667,103.912942666667,1.3942824799683,103.91576531457447,621.9434286643425,1.0,33.70862918079324,39.069682606784525,0.02238885326722512
10018,05013,4,23.99944258639911,0.7999999999999998,1.27900819665099,103.83860360621959,1.28406979945936,103.84299874303983,758.1769621686797,0.9477212027108498,36.720520448464455,38.36054924670263,0.022353677000160544
06029,05539,1,7.5,0.40000000000000036,1.28177041153491,103.8383828488293,1.278515,103.8403219,331.80409111068695,0.8295102277767167,31.186479729754936,40.60864770047178,0.022319641485228043
46871,47591,2,13.358070500927642,0.3999999999999999,1.43679116597713,103.80176512304321,1.43973872693624,103.8025081158021,228.46509901349665,0.5711627475337419,23.76901748008798,26.38742117705646,0.022306536792523007
51091,51101,10,49.277666306528786,0.40000000000000036,1.32648060854916,103.83401870730577,1.32753637537789,103.83724817699014,402.6402963739004,1.0,67.25815236921756,72.78511726665438,0.022254062896560203
10289,10279,4,18.605532398635848,0.39999999999999947,1.2918699745378,103.81440639448375,1.29151373164978,103.81757660887743,440.2644026865666,1.0,37.956100387729194,42.81393148343291,0.022247325420323476
58169,58149,3,25.22488038277512,0.39999999999999947,1.45978696349073,103.82092447388442,1.46190359169667,103.81788921693168,427.7867761384951,1.0,53.737105611905456,60.93303523252719,0.02217424956840136
82011,82032,9,51.44371812664756,0.1999999999999993,1.31736957951855,103.89480000904068,1.31776416388008,103.89719868894,260.2093268673958,1.0,37.07040359259623,40.283278141760256,0.02213624712813048
80299,60229,1,4.137931034482759,0.40000000000000013,1.31954835158003,103.87197222899434,1.32258108743147,103.87024013608315,370.37112274586843,0.9259278068646708,23.60913134398664,34.47483821140581,0.02209627055968094
67209,67199,5,42.66321913380737,0.19999999999999973,1.386926667,103.8962474,1.388736,103.896814,331.6930143172341,1.0,26.96644430543985,28.98594090577616,0.022045281849584264
47051,47061,3,17.746697746697745,0.3000000000000007,1.45449749999994,103.79560277796767,1.45605441023441,103.79808423496016,326.2376670218144,1.0,43.975831115777936,53.74619649244174,0.02200836706631068
43081,43091,8,39.8917618329383,0.3000000000000007,1.366245,103.766345,1.36863253283887,103.76474109358477,445.65353554956266,1.0,58.8301340145816,65.9631836117751,0.021997750412750417
21321,21331,1,12.0,0.40000000000000036,1.32624055798556,103.70885429370763,1.33029049207675,103.70796785261548,474.0829867257545,1.0,38.46141546597839,46.663327837585705,0.021935896661723957
23111,23121,1,8.0,0.2999999999999998,1.32454666699618,103.68836472199122,1.32454951872062,103.68564634652004,247.9582191516271,0.8265273971720908,29.13152712284343,39.69479015855113,0.021923635548868958
43479,43489,5,27.57142857142857,0.3000000000000007,1.35765247384472,103.74723575988492,1.35978620558748,103.74635170320164,246.31734861149783,0.8210578287049909,48.00521661952108,55.0,0.021913092397591285
52441,52351,1,10.909090909090908,0.5,1.34083165668042,103.84976000739448,1.33836800687246,103.85328005892127,516.7278069499625,1.0,31.95434060700813,36.63550238736374,0.02181123235009075
10241,10261,5,22.682311840206577,0.39999999999999947,1.2906166672167,103.82362326803131,1.29090335842692,103.82047232884216,416.9069434725624,1.0,43.563258275372945,48.65737110866746,0.02180453716885349
50111,50121,2,13.0,0.30000000000000027,1.31875833024702,103.8465549576423,1.31930304159281,103.84933923160258,512.2732747398682,1.0,36.9695743872439,46.57930259615136,0.021763978046529332
59389,59399,5,36.22488038277512,0.5,1.43202071867504,103.84208246442347,1.43026750784845,103.84552062872451,255.4203664009737,0.5108407328019474,32.24732307696745,33.54483951770547,0.021725533336418613
63041,63051,12,54.21455668514492,0.1999999999999993,1.36259166703136,103.88754805602413,1.36415166798646,103.8891427848695,284.56740351121334,1.0,41.49069704954905,45.23849934595495,0.021650287027590136
20029,20019,3,20.926482213438735,0.6000000000000005,1.31772833949651,103.75767989744158,1.31357611099308,103.7615108330155,976.9135609555402,1.0,58.25801652576804,64.76291261679506,0.021647401685011516
70301,62011,9,53.05283419710664,0.2999999999999998,1.33965760027057,103.88575915318087,1.3421349999944,103.88345100001618,725.1417623372095,1.0,49.607039347359844,53.19588575245983,0.021645287745819156
11131,11141,7,30.696192696192696,0.1999999999999993,1.2928849988829,103.80706694417339,1.29463705145492,103.80582510668431,364.7337369907307,1.0,43.78538373181955,51.77479065128046,0.021636227426345314
75231,75221,10,64.97331791016,0.40000000000000036,1.34707779444929,103.93265533979496,1.34567355960876,103.93595044893453,358.6580126443115,0.896645031610778,54.0409699978149,56.58452173158068,0.02161796584332348
24681,24671,1,6.0,0.40000000000000036,1.31200874931979,103.65863348470843,1.30957805602715,103.66123000003104,368.21830839276674,0.920545770981916,32.92405497431642,46.793954655067424,0.021606354309620705
23519,23369,1,8.0,0.7,1.32479352408668,103.6793660000188,1.31907826658404,103.67911023430729,771.106212318286,1.0,35.1213162146898,40.62251807990095,0.02159275139851327
16039,16029,6,34.93793103448276,0.3000000000000007,1.28799020188116,103.77872029260048,1.28608472200879,103.78022138902949,319.47817408372316,1.0,42.47817168027676,46.54859940551093,0.021576751101902884
11151,11161,3,18.0,0.6000000000000014,1.29863585845076,103.80247592925552,1.30213305598263,103.79839083302141,638.4170255712856,1.0,41.76631786475243,45.56765003958826,0.02157132168910477
21411,21421,2,11.904761904761905,0.40000000000000013,1.34393270141852,103.71033048575686,1.34720307776277,103.71032595632526,256.4375813355408,0.6410939533388519,35.16895105193039,41.83076403076002,0.02156343427202424
81011,81031,9,47.54791096949739,0.3000000000000007,1.31532318660502,103.88335173265862,1.31580283030533,103.88604854571838,301.3410161320874,1.0,37.25665768213916,39.47632993022143,0.021527861280602016
11351,11001,3,21.238095238095237,0.1999999999999993,1.30934571218561,103.78945112775229,1.311072,103.789159,271.0272234910776,1.0,30.0,35.37183005184353,0.02150250412577838
84161,84151,1,4.8,0.6000000000000001,1.321651111,103.9324025,1.31656999665769,103.93334015990408,608.3283614990229,1.0,32.602791413730515,43.06914373791446,0.021466775518098922
21219,21209,1,4.444444444444445,0.3999999999999999,1.34010356133429,103.71625930906035,1.33687648564633,103.71805599895127,390.54623989095126,0.9763655997273785,29.205486587657134,45.09967627973437,0.021452504126281878
12039,12029,6,28.016427545290025,0.2999999999999998,1.32104526183447,103.78018998386835,1.31958369390988,103.7824392109149,310.4881232828619,1.0,46.14531224013525,52.3045514686642,0.021448356153683883
45309,45369,3,26.8,0.40000000000000013,1.3919980495631,103.74665022024047,1.3925860608387,103.75002597798891,483.52849756440014,1.0,34.08713480077005,36.57407547037813,0.021384364827735987
67411,67441,8,30.15422869563168,0.2999999999999998,1.39495624396821,103.89436833778728,1.392382,103.893479,318.3633993630193,1.0,33.89914063210202,36.84440438961185,0.021332091769346653
21779,21559,2,12.0,0.40000000000000036,1.32643572160288,103.72425774502393,1.326626598883,103.72063909698713,380.0218609871047,0.9500546524677609,27.66877030707944,31.532133405102314,0.02125511951164026
21681,21691,5,33.85198135198135,0.3000000000000007,1.34228732259066,103.71466298692037,1.341376,103.712218,304.66005711567163,1.0,49.32671323518814,55.00000000000001,0.021237100198848762
62089,62079,6,29.089068825910932,0.19999999999999998,1.34383983323818,103.8782509427123,1.34296635529936,103.87976646424752,254.76954976661926,1.0,49.50366530734172,60.413091296009576,0.021222341590121225
09179,09048,7,30.10252100840336,0.5,1.30587966240898,103.83049004618626,1.3038385,103.834171,443.8271899630123,0.8876543799260246,36.03302027873774,37.95980720386212,0.021202247458066148
97111,97201,1,5.714285714285714,0.40000000000000036,1.36331111102284,103.97038833297182,1.36265900778926,103.97370278833513,440.143479353694,1.0,12.37006382874921,13.971759249780591,0.021182579375245324
04151,01013,8,33.72993534192656,0.3999999999999999,1.29533777799211,103.85113972198121,1.29770970610083,103.8532247463225,338.7111288667752,0.8467778221669382,37.7460476325852,40.1222932771886,0.021169451331238407
40499,40509,2,16.666666666666668,0.19999999999999973,1.35312,103.733401,1.35439,103.7322,195.62836768102918,0.9781418384051471,35.0,45.0,0.02116402116402113
67549,67559,5,23.217391304347828,0.6000000000000001,1.39454660425441,103.88618230819876,1.3954939065925,103.88094503218825,473.4513187315107,0.7890855312191843,47.59492029463469,51.297460147317345,0.021125546207301747
46799,46789,2,25.333333333333336,0.2999999999999998,1.44586617373151,103.79970850070715,1.44351138898079,103.80106305603081,311.3060445330383,1.0,37.445582155731444,41.79454450399263,0.021119277500580836
65579,65339,2,15.0,0.20000000000000018,1.403556111,103.8960314,1.4031330662473,103.8980438895579,306.54037609255573,1.0,22.907831508736777,27.307856824554968,0.02110108722106208
72141,72151,1,4.615384615384615,0.40000000000000036,1.33860729777301,103.91150189998882,1.34084789558521,103.91301810001244,293.0830387184743,0.7327075967961851,25.000000000000004,35.00000000000001,0.021098901098901113
75139,75149,3,17.802197802197803,0.30000000000000004,1.35563964372785,103.93612503756641,1.35597194444127,103.93366388890493,330.8684063247515,1.0,32.75494591298839,37.622018735558036,0.021093261621237782
67361,67351,4,18.666666666666668,0.3000000000000007,1.39099505909557,103.88834913656447,1.38995158321899,103.89134430221003,474.37109695383697,1.0,27.371724551388073,30.513211341239664,0.021063628516317382
45299,44549,2,14.8,0.39999999999999947,1.3914375,103.7451665,1.38748720575146,103.746189135824,433.1538880610458,1.0,34.084497075470416,38.78575387613843,0.021052639506160622
55031,55041,8,34.546888210030325,0.3000000000000007,1.38944774212221,103.84360331162512,1.39122406741106,103.84602799523668,293.4586248273498,0.9781954160911638,43.86691594057724,48.15780678069504,0.021051054386985842
54191,54201,7,26.786813186813184,0.30000000000000027,1.37447193336668,103.83756404776227,1.375969,103.839271,170.63027467695994,0.5687675822565326,32.68609240227268,35.74436960909071,0.021035290073787793
43259,43249,5,29.9010989010989,0.19999999999999973,1.35757277797812,103.76266305599302,1.35565052307818,103.76204709426311,254.9612117749214,1.0,37.27382252733457,42.896136640542395,0.021028589227526154
21301,21311,1,12.0,0.5,1.320072,103.710136,1.323117,103.709537,395.8907460795407,0.7917814921590813,26.283372628144633,28.948019515202887,0.021013140622297935
22391,22141,1,8.0,0.3999999999999986,1.31342749923518,103.6957230721563,1.3173330063793,103.6959517251446,436.5206422839114,1.0,30.076904866077037,37.47303731953862,0.02099919375453282
58101,58151,2,19.48051948051948,0.1999999999999944,1.44667277800811,103.82282277802054,1.44835904274406,103.82201343608213,255.88808062052956,1.0,29.857656884066106,35.57257433963033,0.02096377418330998
56201,55129,3,16.858823529411765,0.3999999999999986,1.38059381566563,103.83224759401025,1.37955302001994,103.83549938754196,226.99255707364043,0.5674813926841031,43.985401890501244,50.941607562005,0.020935264868554664
76289,76129,3,18.345864661654137,0.2999999999999998,1.3471495,103.9382105,1.34988214931301,103.93791583710507,271.7030754628004,0.9056769182093353,33.25071256469228,38.061323319847176,0.020920632834238534
08137,08058,4,10.0,0.6999999999999997,1.30073968408393,103.84100500816844,1.2989583431631,103.84654115271174,687.9198747945561,0.9827426782779376,36.36101266698567,40.79298866583885,0.020915774222509096
65381,65391,3,12.0,0.5,1.40206799999564,103.90976700000783,1.40587968028504,103.91251694444946,577.5511542075346,1.0,35.094410561285976,39.97583217168622,0.02087671219997273
53371,53321,3,18.371428571428574,0.40000000000000036,1.35994333341045,103.84379568310376,1.36143,103.840319,385.48439314185634,0.9637109828546401,22.578186712623932,24.124544441909155,0.020862421144166116
63021,63031,8,39.529241999830234,0.5999999999999996,1.3570580828827,103.88161613087621,1.36050444441455,103.88535194446017,523.6988399182155,0.8728313998636931,48.87923748074596,51.07139257745648,0.020827583879156536
55509,55171,3,14.137931034482758,0.5,1.38113241525166,103.8455558816965,1.385783333,103.8429056,267.4631006924919,0.5349262013849837,43.10782068983862,49.371820872410034,0.020805224791130995
11091,11101,9,41.15284715284715,0.5,1.31219444050072,103.80367378215983,1.31614971080385,103.80596012189226,620.7960545428849,1.0,58.55654574985675,62.24134686703381,0.020803169712250203
94039,94029,11,55.35793025722798,0.3999999999999999,1.31485363967239,103.94066333773824,1.31453305602342,103.93750499997167,282.1139268888493,0.7052848172221234,40.304320959836815,41.88105131548948,0.02068369288944526
70011,70021,3,21.186813186813186,0.3999999999999999,1.32317687661433,103.88116008329277,1.32640814876454,103.88033937941422,288.92166328531044,0.7223041582132763,39.231922361505056,43.38481900180572,0.020677563911631384
67059,67049,5,30.38571954361428,0.40000000000000036,1.38705245959807,103.87298447808229,1.38773464426252,103.869986495669,396.5329425215647,0.9913323563039108,58.098841804446835,64.47000880052362,0.02067394233788014
59731,59741,3,18.17193675889328,0.40000000000000036,1.4141292303869,103.84149524920335,1.41554882267258,103.84464056605152,478.78432037050237,1.0,44.47743876258476,50.91287053090032,0.020657204262571678
57039,57029,4,22.714285714285715,0.3000000000000007,1.40611750000192,103.8199872220186,1.40396290628178,103.81862261343507,310.0313117925793,1.0,41.264294238992235,47.139239870424774,0.0205810341911199
46419,46409,4,26.847643405188162,0.39999999999999997,1.443561111,103.7940981,1.440652,103.795673,319.638764927566,0.7990969123189151,31.687799602057268,33.73590950598571,0.02057476643990617
16181,16191,2,12.982456140350877,0.2499999999999991,1.29656572408064,103.77254247664239,1.29614307417349,103.7703702141818,282.1748486514684,1.0,22.573378250978532,26.333356206437266,0.020529548526103957
52161,52171,2,13.217391304347826,0.30000000000000027,1.34093830148518,103.84540645330499,1.3409498853794,103.8477798112237,265.7956126736932,0.8859853755789765,24.930025837029213,28.618828864731128,0.020501133879025683
81229,81219,4,18.757894736842104,0.40000000000000036,1.31946112797115,103.89018804743054,1.31877141262042,103.8866869928233,336.70180909239247,0.8417545227309804,37.5355716149285,41.82273476128896,0.020490786810645093
11511,11521,5,13.345543345543344,0.40000000000000036,1.2859468736223,103.80251884462385,1.2885710102662,103.80543003047167,503.5260491819811,1.0,37.786416812809236,44.191031630003536,0.020474788120249183
10519,10389,3,15.085714285714285,0.3000000000000007,1.291728,103.826122,1.28875832991208,103.82573455047122,322.947459133731,1.0,37.391440800704686,44.99999999999999,0.020464674579456013
15149,14189,5,32.58571428571428,0.40000000000000036,1.27341871854745,103.80055546758587,1.27269303340787,103.80398363214624,229.1293144189977,0.5728232860474938,50.62991667583954,55.0,0.020455356466967205
67319,67429,2,18.666666666666668,0.30000000000000016,1.39738047818719,103.8888966274991,1.397015278,103.8919331,181.74224611541274,0.6058074870513754,31.295619847286567,35.33055259782197,0.02043573865069932
13089,13079,5,19.21688837478311,0.40000000000000036,1.29575111096804,103.83604111103381,1.29612213279141,103.83229211134126,398.3318738130716,0.9958296845326781,46.45293504586975,52.9924991245707,0.02042040248607794
70049,70039,4,18.672080607564478,0.3999999999999997,1.33290666703267,103.87871499999147,1.32930256265165,103.87975573742911,424.19289632875075,1.0,35.43607106007953,39.23659960356741,0.020415488535497333
11341,42131,3,12.008898776418242,0.39999999999999947,1.32551506183496,103.79282790894261,1.32858335781449,103.79421797943384,431.97169762283033,1.0,33.62713907008546,39.2312988932749,0.02040568041068413
44451,44121,1,9.23076923076923,0.5000000000000001,1.38077375279629,103.74424353296656,1.377619,103.750861,793.8415988320976,1.0,36.081349395752135,42.9152091670998,0.02036948065267515
54349,54399,5,25.413469735720376,0.40000000000000036,1.37477333299627,103.84810527802902,1.37137302300723,103.84866111647399,334.7766903466752,0.8369417258666872,48.089907103006006,53.213256082278875,0.0203518607391209
75159,75039,3,19.468864468864467,0.40000000000000036,1.35405115206724,103.93146643451303,1.3506577199911,103.92956819494434,493.9597369435269,1.0,27.16416425985914,29.23131763405376,0.020273492641141755
96101,96281,5,27.225490196078432,0.3999999999999999,1.33638500905398,103.9510568939649,1.339714,103.94825,548.6551954284162,1.0,46.25311296322219,50.59164699379066,0.020191050843832176
43449,43439,3,21.0,0.30000000000000027,1.35150377570255,103.7590516971924,1.3512355,103.756353,233.7667527587267,0.779222509195755,44.49913851881398,51.901023866259955,0.02019088589584175
10161,10171,5,24.0,0.40000000000000036,1.28593135445772,103.82668969231534,1.28736808047078,103.82346004890803,365.1336191381233,0.9128340478453075,34.32842702638894,36.99628013891654,0.020166065998144918
84111,84121,2,12.77310924369748,0.5,1.31958802627855,103.93574197184712,1.318437,103.931033,484.1421217785215,0.968284243557043,39.04819926013292,44.53859733264764,0.02016196785201945
40099,40089,3,15.102779573367808,0.5,1.32185235205471,103.82344007494515,1.320510556,103.8273903,1152.358765979446,1.0,48.31452635589511,55.44732986865883,0.020106143854595845
25579,25569,1,6.666666666666667,0.40000000000000036,1.315542,103.634947,1.318191,103.637247,468.40661596005907,1.0,37.67877127411088,52.6099125865872,0.020086183506668815
76139,76111,2,15.058823529411764,0.40000000000000013,1.35162691843499,103.94385009279503,1.35157455446947,103.94023387732626,463.22628205935047,1.0,33.78828276524859,38.07848508233998,0.020085517525650128
10479,10469,2,8.571428571428571,0.40000000000000124,1.29668100002552,103.81547381025995,1.29668400003303,103.81216918970023,386.9750581577458,0.9674376453943615,33.08727381579857,41.03684867319997,0.02007345444177032
65059,65049,3,15.5,0.39999999999999997,1.39269,103.901269,1.38993499998792,103.90187166698628,460.7051248722076,1.0,38.931997426289506,44.54686109081862,0.02007276089395806
43679,43779,4,19.685314685314683,0.5,1.36506686600259,103.74421935477038,1.361511,103.741404,656.5232627283422,1.0,44.59082782171747,49.047706073539956,0.02005759699914067
70041,70051,3,18.514285714285712,0.3000000000000007,1.33340805598283,103.87841250002135,1.33627202154131,103.87777948299751,274.772642023126,0.9159088067437513,30.94593934900167,34.83887731105452,0.020055702449392705
19089,19079,2,11.058823529411764,0.3000000000000007,1.30370305599194,103.78184388900041,1.30607,103.780131,222.62254664693936,0.7420751554897962,31.825853147840334,39.39492493242477,0.02002868678243056
56209,56199,6,22.57310924369748,0.2999999999999998,1.38031863295854,103.83240305645302,1.37892333298882,103.83003638899949,318.7483228797244,1.0,44.140249643133856,50.74925786313322,0.019979492356447717
84709,84489,6,35.377955377955374,0.5,1.33644333039135,103.91242511468805,1.33804722197723,103.91618833296936,393.1087320633635,0.786217464126727,38.50349872763633,40.253601586681555,0.01997383095377143
58529,58519,5,20.666666666666668,0.20000000000000107,1.44801889,103.832461,1.44973306,103.831062,236.93941381256516,1.0,28.172776897985983,32.60980076402118,0.019962475387287733
65071,65081,1,9.23076923076923,0.30000000000000426,1.39845074063981,103.90416383740006,1.40092158845981,103.90531038561681,339.2913265592499,1.0,32.41722903742553,42.27909411566019,0.019925840159720876
58401,58411,4,11.857142857142858,0.20000000000000018,1.45575658287341,103.81800207598671,1.45461200191848,103.81658372927154,156.5306302655959,0.7826531513279789,27.94203824137844,36.50411101107675,0.01990623393244427
72139,71299,1,4.615384615384615,0.5999999999999996,1.337282,103.909145,1.33675693078428,103.9040176205713,314.92799155297763,0.5248799859216297,31.503410849461602,40.72522628832769,0.019904647527352944
84221,84231,6,30.316483516483515,0.40000000000000013,1.33185798500032,103.93512740972372,1.33173871602405,103.93855496527853,220.68939952216402,0.5517234988054099,39.47255378122628,42.20492710447172,0.019889344641662757
85081,85071,5,24.186813186813186,0.3000000000000007,1.33292331447242,103.94719977411023,1.33407653133395,103.9498516702887,249.29803931285144,0.8309934643761696,38.10422905401812,42.54733155956987,0.019885693027710562
40111,40071,6,28.085235713718685,0.39999999999999947,1.31806499998598,103.83262555597635,1.31918027796911,103.829213610999,369.6528328616411,0.9241320821541039,55.00000000000001,60.926240103268626,0.019867821085631038
25811,25091,1,6.315789473684211,0.3999999999999999,1.3319345,103.642835,1.33443305603142,103.64520499998908,396.189573424327,0.9904739335608178,30.125397807123026,39.460632871865386,0.019838830086279992
21151,21041,3,14.166666666666668,0.40000000000000036,1.3169920318205,103.71988944330612,1.3209197220107,103.72012027797446,229.91579789752666,0.5747894947438161,39.87510708488124,46.330799618355115,0.019801534489952817
97041,97051,1,5.0,0.40000000000000213,1.35785139360852,103.96938267040976,1.36044412865764,103.9703768491515,365.105495336053,0.9127637383401276,28.86499995048721,40.40903908893854,0.01979418850591489
45041,45051,7,33.089904247798984,0.3000000000000007,1.40062703005588,103.75556160767161,1.40338556,103.7560103,352.48235466028353,1.0,57.54307648710616,65.0,0.019791103940402576
14141,14121,12,67.04105182742954,0.3000000000000007,1.26552421466644,103.82211326846237,1.26591350024271,103.81925660621779,367.9551347265291,1.0,39.41181961295253,40.99807077597407,0.019744408170439535
46179,46169,2,10.0,0.30000000000000027,1.44401436320878,103.77787477069215,1.44535191044578,103.77526673254576,343.602414204134,1.0,27.846312904686403,34.084244806425644,0.01971698514387068
11299,11289,5,24.14545980335454,0.40000000000000036,1.31826975603165,103.78558843680226,1.31618891387774,103.78904342517946,368.53584873486346,0.9213396218371579,46.03014235485151,50.794619519919834,0.019681159985728655
21201,21211,1,5.454545454545454,0.3999999999999986,1.33683396424463,103.71778639139953,1.34004972199531,103.71606833298439,418.34764679715545,1.0,31.337293985286088,43.65582172964514,0.019645980260176405
44091,44101,1,8.571428571428571,0.29999999999999893,1.37647222708666,103.74421611501322,1.37715950047084,103.74683070774694,393.02973449845445,1.0,20.141284954600494,23.79662778094658,0.019611011231726216
23441,23351,1,8.0,0.40000000000000036,1.31304186906391,103.67862695881058,1.31615485867639,103.67874941599844,329.14414762457864,0.8228603690614459,38.30343063909256,50.05170719085875,0.019609547447246706
52481,52319,1,15.0,0.2999999999999998,1.33524833301564,103.85859277800392,1.33412138901702,103.85712611102798,165.0868535985225,0.5502895119950754,26.501031283834273,29.95664477186358,0.019587622698125574
67561,67551,6,22.217391304347828,0.40000000000000013,1.39545828505824,103.87697696683591,1.395806,103.8804,408.7846014466525,1.0,34.720856608053474,37.59784727268128,0.019585654879504786
59279,59269,2,11.217391304347826,0.29999999999999893,1.43670438744279,103.8288049642525,1.43774971409693,103.8312528105951,378.5953544451253,1.0,36.58844341359483,46.47087953734085,0.019559255265368232
67279,67449,4,22.448160535117054,0.3999999999999997,1.3882215,103.891787,1.39203289077574,103.89307115004729,456.54365671147355,1.0,39.337708570257874,43.010772886578735,0.01949319281291637
76541,75271,3,22.246642246642246,0.5,1.360247,103.940633,1.36024833439953,103.93601495043112,717.6822109232794,1.0,41.11096178823689,44.29704610598768,0.019460739362154127
96381,96321,2,7.252747252747253,0.40000000000000013,1.3332723569143,103.96209564305455,1.332136,103.965498,410.53647659306955,1.0,31.261641263703783,39.538010115544466,0.01942566025206956
44359,44389,3,19.884057971014492,0.3999999999999986,1.36772582083696,103.77530877476855,1.37154303506556,103.77461859337586,294.36968842120564,0.7359242210530167,42.69859499542286,47.66432771628983,0.019406235413913894
62121,62131,6,27.02514907959554,0.30000000000000027,1.34682778451192,103.87156809881778,1.3489790064228,103.87277432797597,255.04973685128076,0.8501657895042684,40.84024771879372,45.26217093598291,0.019394420258885665
97049,97039,3,12.668831168831169,0.2999999999999998,1.35817903735465,103.96973879358464,1.35535232677111,103.96894056406585,379.9872448823364,1.0,41.13892029290021,52.01565105887309,0.019318315464364227
62021,62031,9,53.05283419710664,0.1999999999999993,1.3436889743392,103.8825074871872,1.34521001044775,103.88171014272702,213.72593696287612,1.0,56.03440972362549,62.3995399584727,0.01931566614140827
41021,41031,5,25.803184431667404,0.39999999999999947,1.32264999998361,103.81554000003177,1.3230683576264,103.811977237669,789.6787021204243,1.0,50.141499887372646,55.3284183186791,0.019297326291582505
77059,78069,7,29.312629399585923,0.3000000000000007,1.36936138996292,103.95506338293471,1.36869168470813,103.95815838787027,355.7933801613468,1.0,30.727817952836105,32.94715993750197,0.01927749307098526
85051,85061,5,24.186813186813186,0.2999999999999998,1.32956968334939,103.94880115987219,1.33146,103.94739,191.72301672770027,0.6390767224256679,31.8046309267327,34.7376419501029,0.01926295479619876
29011,29021,1,6.666666666666667,0.5,1.3085474999723,103.73362194401842,1.31267499889159,103.73450231627747,536.3817734971459,1.0,27.680143066515427,32.94986190900155,0.0192594668551032
43221,43231,1,4.0,0.6000000000000014,1.34885995836966,103.76067444562183,1.35393625714127,103.76006304222618,419.38957285710967,0.6989826214285145,31.63711535429599,42.3989737025039,0.019255122714882653
06169,06189,2,8.275862068965518,0.39999999999999947,1.28937078931125,103.83998944937589,1.28779136477868,103.84329428089559,453.3180100461894,1.0,31.738283113871944,38.90943631824142,0.019223119553479034
75271,75281,3,27.03296703296703,0.2999999999999998,1.36024833439953,103.93601495043112,1.36022789260467,103.93363809095122,321.8887908557664,1.0,33.73905342645462,36.66693291841116,0.01919378780586862
45279,45269,2,27.0,0.3000000000000007,1.39565860027275,103.74540871067298,1.39436168074215,103.74373102471621,199.50552814235712,0.6650184271411889,30.218075537785268,32.54481760489256,0.01916393178777412
64209,63139,3,11.282051282051281,0.2999999999999998,1.36146974234447,103.89452504836862,1.36120166702627,103.8914116670026,525.9392520418747,1.0,32.1803743528972,39.34264378584832,0.019147203187379915
42099,42079,3,16.803184431667404,0.3000000000000007,1.34160317659437,103.77579384383286,1.339255,103.776989,251.5766836444084,0.8385889454813594,34.39929431666468,39.56069470929074,0.019119078513835607
49259,49189,2,11.636363636363637,0.2999999999999998,1.436986,103.756005,1.43646977071566,103.753734543128,305.3772396515654,1.0,29.502393606711216,35.18225217781128,0.019102718285194675
24331,23221,2,14.0,0.3000000000000007,1.30854833300657,103.66868333299611,1.30896659624814,103.67178095052478,308.6812319811486,1.0,44.01112944561399,55.0,0.019066770738050978
46341,46351,3,14.5078031212485,0.30000000000000004,1.43172193690625,103.78630311506315,1.43084888887005,103.78373500001297,261.11636191607465,0.870387873053582,32.57123813923476,37.98795845684708,0.019053690129554903
07031,07111,8,52.877215663593375,0.40000000000000036,1.30572083298412,103.85120583303191,1.30879366465919,103.8531751994068,399.2530903117771,0.9981327257794419,36.982823157932316,38.256928973480164,0.019046882491732767
54539,54311,2,10.8,0.39999999999999925,1.35857111103202,103.85104805599867,1.36143610819625,103.85257506359629,507.2695889538685,1.0,34.1405114383838,40.18838848127565,0.019042154541857106
44291,44391,4,19.815789473684212,0.39999999999999925,1.38151999999791,103.75140111097832,1.38288970873929,103.74831030292964,414.5026044803391,1.0,36.75002690388124,40.30576102213108,0.019027242923216777
44129,44459,1,9.23076923076923,0.5,1.37741713631203,103.75092697249079,1.38028731431529,103.74454562435122,844.09440925046,1.0,32.916476779950315,38.0740064186558,0.018993618359951326
98319,98289,3,14.641114982578397,0.2999999999999998,1.359214,103.968401,1.359593,103.966128,251.348797060827,0.8378293235360904,35.072528694510254,41.34173827006412,0.018991198884194743
53051,53061,10,52.92597928387402,0.5999999999999996,1.354995,103.8316003,1.3571583010953,103.82883507046125,530.4808916998925,0.8841348194998213,54.26630028152043,56.08355467791202,0.018961388439416776
42161,42171,8,38.198906356801096,0.40000000000000036,1.34027669212035,103.77264625507586,1.34261833302181,103.77026361103131,291.7615669629995,0.7294039174074981,41.26492317762329,43.489456730342255,0.01894021295311758
50031,50041,12,59.47042898621846,0.3000000000000007,1.321378056,103.8417481,1.32362333324914,103.84161545670325,272.2123940050413,0.9073746466834689,20.897253702256286,21.370702378646985,0.01891416709060471
67041,67051,8,40.31235431235431,0.2999999999999998,1.38802587904105,103.87037184486725,1.3873944756683,103.87302341120069,333.1405746103137,1.0,50.64875131167048,55.00000000000001,0.018890432020799503
10339,14241,2,9.832775919732441,0.19999999999999962,1.28115835063292,103.81857250844851,1.27914353103301,103.8168725087535,287.4300646447019,1.0,31.430550904829666,44.99999999999999,0.018867043330057624
64069,64059,3,15.217391304347826,0.39999999999999947,1.37526504951859,103.90134716214978,1.37249135705281,103.89837470452339,344.3348234447954,0.8608370586119896,38.074486944224155,43.167502030378486,0.018861845547574144
46511,46591,3,12.936374549819927,0.40000000000000036,1.43438229479103,103.77255675974702,1.43068958976223,103.77322606797722,459.07129384518373,1.0,31.6848733340505,35.819435650026534,0.018850870078518316
28261,28271,6,35.85114300903774,0.4,1.33614236992322,103.73489878344925,1.33899259685337,103.73390575121081,502.4865479397754,1.0,57.00112422719059,61.61768248887642,0.01884918327834166
63071,63081,7,49.9074200653148,0.30000000000000027,1.3597807263938,103.89332464938751,1.3568307844677,103.89260949897677,251.5366133262866,0.8384553777542879,55.0,59.091336939188,0.018847993185033537
23201,23211,1,6.315789473684211,0.3999999999999999,1.31964589958011,103.68628552653574,1.31792061914698,103.6892047185557,264.881606068864,0.6622040151721602,30.800640124042747,39.97918381557404,0.018830755734207335
59529,59259,5,37.24336533032185,0.39999999999999947,1.44035052900307,103.8318142995419,1.43716783426775,103.83379791523895,397.4438854994597,0.9936097137486506,37.9295133770802,39.829289967897665,0.018734046989345048
58311,58251,4,20.81512605042017,0.29999999999999993,1.4501979542693,103.81810459422103,1.44803148822713,103.81895207486829,339.94677876981876,1.0,26.425235191128106,28.692185097800586,0.0186706629186503
44509,44499,3,26.909090909090907,0.40000000000000036,1.38081340360597,103.73845177601393,1.383205,103.740969,473.1656516998669,1.0,37.66863916762664,40.29509389954865,0.018625023699698606
96201,96191,4,14.641114982578397,0.3000000000000005,1.34068848247811,103.95925914106326,1.34285666698806,103.95774638900882,277.18151580221394,0.9239383860073782,29.220721703201896,33.33829075639058,0.018565302469820466
96011,96021,3,18.030075187969924,0.5,1.33167675245972,103.9535299850262,1.333937,103.956569,479.2759482636788,0.9585518965273576,40.247030320431975,43.87785283985992,0.01853503260719839
52141,52151,3,18.217391304347828,0.19999999999999996,1.33627740506187,103.84333464003154,1.33834001400213,103.84365712218609,175.5582811882096,0.8777914059410483,24.767398564798,28.327625278041516,0.018488568011645203
40121,50061,5,24.254545454545454,0.2999999999999998,1.31458164930261,103.84053190286843,1.31743500021924,103.84143789916804,294.3009421836528,0.9810031406121766,45.48989534617304,51.41483812909509,0.018432962730796046
46331,46221,3,18.0,0.30000000000000004,1.43314769562187,103.78816378743082,1.4309096816047,103.78759769642132,229.33086652977929,0.7644362217659308,35.6194897115528,40.547633264593074,0.018425696210985734
14379,14291,2,16.07142857142857,0.40000000000000013,1.27243833303297,103.82379361102515,1.27468440821038,103.82132649422054,202.04994723904224,0.5051248680976055,43.27731293415907,49.40539875940901,0.018424877797543076
43241,43251,5,19.959922430510666,0.3000000000000007,1.35584392851879,103.76188709548238,1.35859534411792,103.76319656643706,346.9528966641702,1.0,38.44901824783915,43.590248940439515,0.018368453414471828
03381,03391,27,123.15725144420796,0.1999999999999993,1.28162601329006,103.85306513725685,1.28037660340352,103.85498006767988,163.5731535297914,0.8178657676489599,46.0421909796163,47.675119352055795,0.018323538618092067
84629,84479,5,31.533180778032037,0.3000000000000007,1.33815749250804,103.92537872720727,1.33742106440195,103.92253160478627,335.2709028808355,1.0,41.205805141277715,44.77762444957652,0.018312981720024737
54201,54451,2,8.0,0.19999999999999973,1.375969,103.839271,1.37723501808517,103.84059645206445,115.89150713709975,0.5794575356854995,25.0,35.0,0.018285714285714263
99189,99049,3,24.201680672268907,0.3999999999999986,1.3884141666958,103.9897163888532,1.38749994542049,103.98573364026825,272.8874225229269,0.6822185563073196,49.06259183003457,54.06259183003457,0.018248542047768646
19069,19059,2,11.058823529411764,0.40000000000000036,1.30778758326419,103.77671170466877,1.30894500001531,103.7727225000061,239.91239784323756,0.5997809946080934,39.223276469042034,46.79248851190132,0.018243139512917377
14059,14049,3,20.43343653250774,0.3999999999999999,1.276025,103.815613,1.27324166755337,103.81304231999674,382.3524624887058,0.9558811562217647,47.188866115920874,52.735926063754974,0.018218731907824356
76349,76319,4,15.559486952675808,0.2999999999999998,1.3603851367314,103.95556569101933,1.357643,103.955554,327.8566921403001,1.0,33.266447496449615,38.227679551934216,0.01821049313237995
84419,84409,3,19.16083916083916,0.2999999999999998,1.33361648978155,103.9292288767243,1.33291002440884,103.92669166477268,324.8391754739371,1.0,29.521479162350737,32.566862125337565,0.0182080595244741
12059,12049,6,28.016427545290025,0.30000000000000004,1.32072731097778,103.77515897833835,1.32091131971837,103.77655888991401,237.52784294875767,0.7917594764958588,49.15100588683735,55.0,0.01818528432689438
40221,40231,4,23.770334928229666,0.30000000000000027,1.31902531287493,103.82545561296305,1.32230868317131,103.82577145824762,211.8527095382456,0.706175698460818,42.06026369358928,47.11123646533591,0.018177539175059727
11269,11239,5,21.445459803354538,0.8999999999999995,1.31256112590195,103.79453796697418,1.31152857401616,103.80165517330278,451.0612939574165,0.5011792155082408,55.04211530649505,58.04862114653512,0.01816154952909668
66039,66709,2,5.217391304347826,0.5,1.35475138514216,103.86668854745251,1.352149,103.863065,318.4685840402989,0.6369371680805977,35.81184621376835,47.702961553442094,0.018158248402065542
43249,43239,6,34.7010989010989,0.3999999999999999,1.35565052307818,103.76204709426311,1.35308576389352,103.76002837789773,220.31383379297944,0.5507845844824487,47.662116084249625,50.82729666245663,0.018135577096101196
46039,46029,5,16.025974025974026,0.5,1.4330873187738,103.76200180616921,1.42861423605127,103.76226643430736,261.1342378439593,0.5222684756879186,44.56926288879804,49.56926288879804,0.018134957026952416
07517,04029,3,16.931174089068826,0.1999999999999993,1.30145216158073,103.85247781934106,1.29948166696821,103.85092666701239,309.0358374435927,1.0,27.939976898780053,32.85109454909902,0.01811847004001276
75489,75479,5,25.786757215619694,0.19999999999999973,1.363941111,103.9381689,1.361776111,103.9381889,405.0570021524163,1.0,33.274436079522914,37.67522438492047,0.018104671674148736
29039,29029,4,17.083333333333336,0.5,1.31791472290937,103.73590151832454,1.313867,103.734975,518.8734252645144,1.0,41.15935251830934,45.0910180925938,0.018095084428069133
46359,46349,3,14.5078031212485,0.3999999999999999,1.430947,103.783354,1.4318970485931,103.78622445675852,356.2221918630871,0.8905554796577181,28.179294198434192,30.88188032691575,0.01802218075309523
64579,67609,1,9.23076923076923,0.6000000000000001,1.37820828048176,103.89268060309126,1.38393305306468,103.89303978530081,744.4306900070258,1.0,33.29767823706406,37.3434409771192,0.018020268975313152
59579,59761,5,38.22488038277512,0.19999999999999973,1.420294,103.843953,1.41849608053432,103.84326740385671,252.1136296815669,1.0,28.836514405969545,30.93205611380999,0.017960601879368283
53171,53181,2,8.937931034482759,0.1999999999999993,1.35466138896969,103.83630694400975,1.35607279929568,103.83781001395549,171.16249230964743,0.8558124615482402,25.177308069264676,33.702206643612364,0.017959266064651442
14279,14319,2,16.07142857142857,0.39999999999999925,1.27591552267791,103.81920892602811,1.273483,103.820637,347.80550992658794,0.8695137748164715,23.851137288738716,25.553797200618437,0.017958822111370735
70089,70099,2,7.0588235294117645,0.40000000000000036,1.33187702164512,103.89443953236938,1.33063155191578,103.89132142065273,399.6705634820559,0.9991764087051389,32.05572590960703,40.25874233203469,0.017947339467063155
75591,75581,3,16.289592760180994,0.30000000000000004,1.362079,103.942426,1.363484,103.944546,440.7052406639456,1.0,39.22965259855899,45.824713553997796,0.017928174662035824
01619,02119,1,6.666666666666667,0.3000000000000007,1.29428694178246,103.85503809424233,1.29192,103.855306,158.21888771160127,0.527396292372003,21.25610678109865,26.25610678109865,0.0179178520789233
16031,16041,7,33.141186299081035,0.1999999999999993,1.28800629048399,103.77846479413628,1.2893086506189,103.77660095143266,185.60192503514938,0.9280096251757501,34.99336773699633,38.649197888863974,0.017916692097261617
77281,77401,2,6.315789473684211,0.5,1.37837166677052,103.93618729229594,1.381097,103.932503,595.1180200206618,1.0,34.682755388894236,43.17773246753601,0.017913747022054234
07589,01559,2,11.282051282051281,0.2999999999999998,1.30320609782822,103.85549999983388,1.30168731070562,103.85752923961614,275.45767892078396,0.9181922630692804,26.28200836149216,30.512645960892133,0.01785569380688447
11471,11481,2,8.285714285714285,0.39999999999999936,1.29951892595663,103.80315156606572,1.29811518922625,103.8060054035445,298.59751252607987,0.7464937813152008,32.68020645500673,39.662765373049865,0.017854051017709482
58521,58621,4,16.666666666666668,0.2999999999999998,1.44819389,103.8326,1.445953,103.834031,335.1816476778257,1.0,23.11169852905919,25.188487411181725,0.017837270650909964
55029,55019,3,14.70859311466522,0.5,1.38565193733046,103.83917105055716,1.382212,103.836047,567.4112848917887,1.0,37.5177744461663,41.27102981354376,0.01782653265341853
44169,44179,2,14.23076923076923,0.39999999999999947,1.37047453510829,103.75017065253876,1.36783174007175,103.74735822064176,528.780820137714,1.0,39.1047856054947,44.552161630103235,0.01779823893916939
43431,43441,3,13.374613003095975,0.3000000000000007,1.35138376789986,103.75644264494997,1.35173000550557,103.75897289147882,233.34891870906026,0.7778297290301991,33.40977343065266,39.21232178725646,0.017771543921384948
93061,93129,1,4.615384615384615,0.3000000000000007,1.31199515605411,103.92260670662348,1.31135799079971,103.92481225868325,388.8730371985553,1.0,21.08811120995546,28.911166289087067,0.017766514958794236
45301,45469,1,12.0,0.30000000000000027,1.39184565454372,103.74663514172119,1.39231423792189,103.74449399998608,193.47538919726588,0.6449179639908856,23.29903452774922,26.32607329405254,0.01776627878030519
96079,85079,2,6.954545454545454,0.40000000000000036,1.33542124082545,103.95353854906277,1.33394889968504,103.9501523198666,435.32913135934757,1.0,25.787171839073828,30.867252538413048,0.017754059181135002
81159,81149,4,21.862851107702365,0.3000000000000007,1.31167873834387,103.8874161243355,1.31212569246254,103.88966028743648,282.20437192680015,0.9406812397559984,40.11482056036266,45.0,0.017749707669345024
64561,64361,1,6.0,0.5,1.37715998902026,103.88690877548076,1.37634509209583,103.89054894445846,276.87247591431844,0.5537449518286369,29.00184773899579,35.0,0.017727399346566797
22429,22089,2,17.454545454545453,0.2999999999999998,1.30725749703402,103.69908070609895,1.30589277802592,103.70087805599307,221.5922525135736,0.7386408417119125,37.01526488868572,42.30551301030566,0.01769000731459332
98021,98041,4,24.31168831168831,0.5,1.36473730490409,103.96537675659532,1.368079,103.968974,501.78657196949985,1.0,32.93025154806655,34.583754704768054,0.017649116161902303
43149,43591,2,11.533180778032037,0.5,1.34399483001027,103.7561003299722,1.3447586640008,103.7521198162659,452.6788561288758,0.9053577122577516,35.06340733297651,39.27607322331342,0.0176398115889064
28409,28529,8,46.32572071890957,0.30000000000000027,1.35081149361542,103.71793769087185,1.35117921308914,103.7206511492765,339.9799537218923,1.0,29.335189072123576,30.468697375844833,0.017624847436698916
58221,58389,1,8.571428571428571,0.3999999999999915,1.44859264769928,103.81706577986397,1.44773992017207,103.8135666814871,313.4825554095769,0.7837063885239589,29.910741740967065,35.33667608836589,0.01760089927893015
66481,66491,3,15.72979127134725,0.5,1.3791866640778,103.8783096213561,1.37936944398935,103.88260194401967,637.2060079429127,1.0,43.51648518219139,48.206326451003115,0.017583011506993807
28071,28081,6,32.206896551724135,0.30000000000000004,1.33765035288669,103.73904242961275,1.33950830792818,103.73664764665054,335.6687288405305,1.0,50.0,55.0,0.017567398119122273
52031,52051,4,16.552902875746067,0.5999999999999996,1.34404852974216,103.85026155631283,1.34338820709349,103.85469257245785,661.9786553976801,1.0,52.270234326069506,57.59105173795357,0.01755473655788715
27329,27309,1,10.909090909090908,0.40000000000000036,1.34404250003243,103.69186499999779,1.3410704693164,103.69426536144466,432.1048396875656,1.0,32.8441487549263,37.84318217214678,0.01755047735406405
28371,28091,1,9.23076923076923,0.5,1.34487972199034,103.72409194399874,1.34425795644531,103.72012487725401,352.80943410945633,0.7056188682189126,38.90060841715863,45.64252569821802,0.017525291693355108
20011,20021,3,16.436363636363637,0.5,1.31308624553797,103.76128731220228,1.31675923723731,103.75788959223745,1261.4322038099833,1.0,55.862375837856824,63.409625608773084,0.017510150418730275
82121,82131,3,10.760233918128655,0.40000000000000036,1.30965150589688,103.8965764453886,1.30955979607535,103.90034889101835,365.06348490918305,0.9126587122729568,37.52970841812328,44.283339882526974,0.01749055150119441
11009,11359,3,22.57142857142857,0.2,1.3110673548964,103.78932237623975,1.30931022636473,103.78968608347117,283.6903079745719,1.0,31.884085830484814,36.37705906885049,0.017487241977107076
54399,54339,2,11.884057971014492,0.5,1.37137302300723,103.84866111647399,1.3678447007404,103.85057966582927,547.5742078440119,1.0,29.34646356264787,32.103997750586224,0.01739164979695985
28041,28051,1,8.0,0.40000000000000036,1.33008349967851,103.74828366332322,1.332415,103.745637,486.13820885102626,1.0,32.94905350492646,40.1286697115573,0.01737614776533565
04239,05059,8,49.955144778943406,0.3000000000000007,1.28882717929599,103.8474938118651,1.28676420118491,103.84575036447065,349.2508329691972,1.0,33.646339011810255,35.011789161473274,0.01737101539246539
10469,11499,2,8.571428571428571,0.5,1.29668400003303,103.81216918970023,1.29685053610951,103.80788663334461,423.19400172546517,0.8463880034509303,31.934841836417508,36.68145840141872,0.017365848239734437
16209,15229,6,34.93793103448276,0.3000000000000007,1.28159092769912,103.78400650244838,1.27937638961898,103.78572727156029,210.28387620482005,0.7009462540160653,39.64346788442151,42.42960410670508,0.0173612170523853
11329,11319,3,13.415384615384614,0.3000000000000007,1.32236139685053,103.7909809400838,1.3203063798654,103.78959970624805,173.64301525662754,0.5788100508554238,43.41511868598546,53.41511868598546,0.017354783198016255
58319,58349,3,12.100840336134453,0.39999999999999997,1.44976933938251,103.81802192152004,1.45273139537549,103.81642343207659,303.58631071577304,0.7589657767894327,25.245299484382436,27.755965069207367,0.01734313210435363
40041,40051,6,28.085235713718685,0.39999999999999947,1.3137222313328,103.83809742560602,1.31588,103.83632,581.0138872017783,1.0,51.58131180130627,56.04173687844086,0.017334461063642326
82139,82129,4,12.0,0.30000000000000027,1.30938972202558,103.89936888898059,1.309501,103.896589,363.0971110425785,1.0,34.44209543952398,41.28094868341786,0.017315959040094416
42129,42139,3,13.415384615384614,0.20000000000000018,1.33016133420747,103.79515526101162,1.32877805376848,103.7944440268283,174.76370708833264,0.8738185354416624,35.65149121200366,46.30298242400734,0.017312383823762184
23079,23069,4,20.10460934946061,0.3999999999999999,1.33017908917854,103.68181544225693,1.32989950511553,103.68582019131013,442.4541430404423,1.0,53.773614337978216,60.7989833889182,0.017280616316943834
20139,20289,5,28.152216748768474,0.5,1.31584166892255,103.75204376675156,1.31248801817062,103.75503415636196,604.0862235583257,1.0,45.09728661855881,47.73788804079071,0.01726520903346296
46581,46571,2,25.0,0.30000000000000027,1.4364411890996,103.77379636706418,1.43475417848392,103.7758535357882,246.69521938478212,0.8223173979492729,24.637189238654592,26.116497690770533,0.017243042812239723
65151,65161,5,19.376026272578,0.29999999999999993,1.39885650320272,103.90662105241732,1.39735631138291,103.90859112878573,415.9080079020454,1.0,35.076979449814715,39.141328415168395,0.017207556707442673
63309,63299,6,36.234432234432234,0.30000000000000027,1.35205944401441,103.88581055600547,1.35263165715857,103.88833522800789,318.4529114122266,1.0,33.680440994654376,35.57221672875549,0.017164203972402776
19049,19039,7,40.78697188604309,0.5,1.31266302174215,103.77479215922537,1.31167951129602,103.77868390552867,512.7237712838877,1.0,54.458784943179026,57.07026570917246,0.017135645048214507
43239,43229,1,4.615384615384615,0.5,1.35308576389352,103.76002837789773,1.34904928626369,103.76096016466906,433.20880354540657,0.8664176070908132,31.487226804865685,41.084943069352526,0.017120983443633563
11289,11279,7,33.56084441873915,0.2999999999999998,1.31618891387774,103.78904342517946,1.31466878886978,103.79069259768109,277.2480206454352,0.9241600688181179,53.10463257085023,58.373790502792545,0.017113744606526565
22349,22419,2,19.48051948051948,0.30000000000000004,1.34520537289138,103.7007962851633,1.346532,103.703637,368.11711115159807,1.0,31.17053196926302,34.29836610456355,0.017098100191568356
92241,82259,1,5.714285714285714,0.3000000000000007,1.301778,103.901024,1.303918,103.900094,302.8300114816319,1.0,22.308253394396203,28.691734262617015,0.01709694042625167
46679,46669,2,13.358070500927642,0.39999999999999947,1.43677694401385,103.7948505560336,1.43740934044808,103.79182446445486,394.4118224010207,0.9860295560025529,24.228396609402473,26.258355817585812,0.017048996836937547
44269,44239,2,13.81578947368421,0.5999999999999988,1.37577833299245,103.77422500002575,1.37846111098819,103.76983083299403,591.8680057564179,0.9864466762606986,38.79595372342436,42.15031786081026,0.017003952250672506
47511,47521,2,14.117647058823529,0.19999999999999973,1.43190354583508,103.79644777764182,1.43165346145517,103.79813585749302,248.34390327102835,1.0,20.823268491086935,23.803650362000827,0.01697742292837501
70349,70359,2,10.93167701863354,0.2999999999999996,1.32598493140196,103.87447469442839,1.32768812063773,103.87256886396422,200.0255306102292,0.6667517687007649,37.19211744967059,46.044174665366015,0.01695222318630659
44511,44689,5,21.346153846153847,0.2999999999999998,1.37948069483064,103.74055530616924,1.37811000397911,103.73849893266107,280.4453661590336,0.9348178871967792,30.334762039356832,32.97998709737443,0.016932163134960584
24719,25689,3,11.50326797385621,0.3000000000000007,1.330051,103.639332,1.332109,103.637126,336.94961504753434,1.0,30.195827647931345,35.44729117076197,0.016931399394974855
59751,59471,2,10.671936758893281,0.5,1.41725535689777,103.84590800002533,1.42111543044621,103.84901971560181,638.1158492258907,1.0,36.53377322440174,41.323510671756736,0.016929074505502545
20269,20259,4,23.63095238095238,0.20000000000000018,1.32151780618055,103.74580944947768,1.320135,103.745076,173.77040923744832,0.8688520461872409,28.609741885483615,31.87398650322111,0.016917788580614677
14049,14161,2,11.34453781512605,0.5,1.27324166755337,103.81304231999674,1.27075866533548,103.81009913005327,271.306281700781,0.542612563401562,46.6576043176736,54.19874943369486,0.016915405292642974
66451,66461,5,25.791203930965096,0.2999999999999998,1.37872496881803,103.86854361874474,1.37889000002038,103.87128027800178,247.32065697701557,0.8244021899233858,55.00000000000001,62.513536189574026,0.016908321497865433
58299,58259,3,14.025974025974026,0.1999999999999993,1.44582915331137,103.81968463382916,1.44777267175187,103.81895151565973,192.6642359762372,0.9633211798811894,23.296502161366302,27.10096703763245,0.01690367358976314
29091,29101,1,6.666666666666667,0.3000000000000007,1.29941886215176,103.75254392626566,1.29856077859667,103.74997666563225,247.14393401019782,0.8238131133673242,25.635369518978187,32.7258110762976,0.016903369169119713
76449,76459,2,23.45864661654135,0.19999999999999973,1.35207508249597,103.96113006140774,1.35208003080961,103.95873194771903,337.42896494287015,1.0,27.49011180708829,30.511222079041744,0.016899093819682486
75149,75179,2,9.23076923076923,0.3000000000000007,1.35597194444127,103.93366388890493,1.357,103.9317,164.7341736759923,0.5491139122533064,26.92331015162572,32.209666818957956,0.016881107020741852
21241,21161,1,6.315789473684211,0.10000000000000009,1.34973665190679,103.71235425312759,1.35043949411648,103.7127413228723,134.61839017715067,1.0,15.0,25.0,0.016842105263157908
67481,67471,4,36.31578947368421,0.1999999999999993,1.3914815,103.877678,1.39218567915754,103.88018144124133,293.40378552398056,1.0,25.756079501606408,27.387678573129342,0.01679979397329056
63059,63049,14,68.8305353670275,0.40000000000000024,1.36437667280221,103.88984149586426,1.36219166668854,103.88752277779692,373.92955972211814,0.9348238993052949,41.047257772030335,42.10161515169004,0.01679755513269069
84619,84629,5,31.533180778032037,0.2999999999999998,1.33896501379939,103.92746694275839,1.33815749250804,103.92537872720727,302.79853364184356,1.0,39.20487786402498,42.13342229418206,0.01677158127679709
64629,67459,4,21.703743661667925,0.1999999999999995,1.38153999996628,103.88805638900106,1.38288638899819,103.88911083301012,295.4080203097085,1.0,35.099724762496834,40.597778653765495,0.016748181442691534
43631,43201,2,8.883116883116882,0.5,1.34785920936647,103.7685845905285,1.34694499998204,103.76464638897035,291.5189055709826,0.5830378111419652,42.738765754034254,50.94557305528428,0.016740992014300148
67601,64571,1,9.23076923076923,0.6000000000000014,1.38334470717282,103.8932683273077,1.37811157042732,103.89296494237695,713.1842583716306,1.0,31.41285268759745,34.70568125816513,0.016728242435848317
13079,13069,2,10.601503759398497,0.40000000000000124,1.29612213279141,103.83229211134126,1.29488000002792,103.82880805602646,373.14622434449007,0.9328655608612223,28.84293109378394,32.53675884162523,0.016691309938747036
53279,53289,3,21.83277591973244,0.30000000000000004,1.34970265350038,103.85391302825673,1.347206111,103.8545811,157.94588409465624,0.5264862803155207,33.591577943331956,36.72525926597256,0.01663756502366148
40089,40079,6,30.60277957336781,0.3000000000000007,1.320510556,103.8273903,1.3197216415795,103.8299145659947,379.5177144798488,1.0,57.896256716927766,64.67599464496644,0.016622694895149375
44631,44641,2,15.630252100840336,0.3,1.37961719959059,103.76390959462616,1.38178063199093,103.76285898246775,295.12435239750505,0.9837478413250168,28.605628632748306,31.830268928312847,0.016606446478642137
05199,05269,2,12.8,0.5,1.28451455846092,103.84666049314171,1.280894,103.844567,573.6359723810131,1.0,31.770616010328265,34.621311662089425,0.016586764332555126
91059,91049,5,22.460327288810262,0.1999999999999993,1.30052638901127,103.88831333297796,1.30069808015377,103.88643299699929,271.3055131084142,1.0,43.31759444386135,51.557207111260425,0.01657292475188132
20051,20061,1,5.0,0.5,1.32258708167298,103.74754428861822,1.32380614051658,103.74298566424717,990.2335232704761,1.0,41.140069832422476,56.5108523298225,0.016528715470138806
44739,44201,4,18.431174089068826,0.40000000000000013,1.37876549999936,103.76459849996492,1.37732275970527,103.7672668951858,280.63144176728053,0.7015786044182012,30.117528473314525,32.292090740285445,0.016484255854077874
59771,59791,3,16.126482213438734,0.3000000000000007,1.423939,103.852066,1.425903,103.853576,290.64569486120365,0.9688189828706766,39.720322918242076,45.919747548715684,0.016443717940570972
63031,63041,11,48.76001123059947,0.3000000000000007,1.36050444441455,103.88535194446017,1.36259166703136,103.88754805602413,405.7974368580676,1.0,36.02334895234749,37.54232285820559,0.016429719150527426
52039,52029,3,16.770334928229666,0.5,1.34333817728421,103.85130310024304,1.34359918269745,103.84736537931644,436.13856017162806,0.8722771203432561,53.33812818059246,59.54058649766662,0.01637663674162376
14161,14171,13,72.94215072852843,0.3999999999999999,1.27075866533548,103.81009913005327,1.27145959833005,103.80654857059398,419.4217950776322,1.0,56.87539144518065,58.75078289036129,0.01637541931457832
96051,96061,4,16.770334928229666,0.400000000000001,1.34372664222741,103.96192069089285,1.34695398893694,103.96294329979929,319.73050145630657,0.7993262536407644,47.87213485364768,54.20090933646083,0.016361833914770453
63161,63181,1,5.217391304347826,0.5,1.35717307747832,103.87530650239555,1.36083138898279,103.87346222201559,340.549098759726,0.681098197519452,37.82690719210725,49.569751417973855,0.01633725693604684
44381,44351,4,19.884057971014492,0.5,1.37242134216992,103.77441361028244,1.36823452426378,103.77558853634072,468.8297954446673,0.9376595908893346,36.70053611237836,39.053314880977055,0.01632021237654621
67099,67089,2,10.285714285714285,0.3999999999999997,1.3937,103.869287,1.39029406445756,103.86916019529639,566.5020626334995,1.0,31.189679689402737,35.59312200289245,0.01631960944461958
01611,01621,5,28.183150183150182,0.19999999999999973,1.29527259171342,103.85533686181174,1.29695888888745,103.85655611109846,189.8624072382819,0.9493120361914107,31.36920564395062,34.50202473532922,0.01631573879214398
49149,49199,2,17.350649350649352,1.1999999999999993,1.43841910254735,103.74316251360837,1.4383674275063,103.73578447263064,786.4176178614512,0.655348014884543,45.502688420537694,47.18445726055655,0.016308997266951508
22331,22081,1,12.0,0.2999999999999998,1.30485847664917,103.70317916961058,1.30599555710248,103.70037593299399,325.21131976722836,1.0,32.45633414718779,38.03842805500723,0.01627712174828435
46281,46391,7,64.73809523809524,0.4,1.43878695707764,103.79002589502426,1.43921765358175,103.79299454006805,318.90900132838567,0.7972725033209642,40.79500620872794,41.86827118121996,0.016271771326114296
76189,76179,1,6.666666666666667,0.40000000000000213,1.3537000000187,103.95279611102576,1.35172938925372,103.95069571840816,212.16896930099432,0.5304224232524829,26.52931174428899,31.650257286538586,0.016263561706510957
70081,70071,2,6.666666666666667,0.5,1.33227580149459,103.89497442435284,1.33377161253401,103.89841293744438,401.70535333488476,0.8034107066697695,31.18211410361821,36.76870675518583,0.016242087271642197
64071,64021,1,5.454545454545454,0.40000000000000036,1.37514056376267,103.89724811886428,1.37788950153352,103.89663845377325,297.42879622349096,0.7435719905587268,31.730938161104863,41.538123677790274,0.016234284757263608
44521,44511,5,21.346153846153847,0.2999999999999998,1.38085185530408,103.74260886969472,1.37948069483064,103.74055530616924,302.10004090699357,1.0,37.238189156773316,41.11909457838666,0.01623087197245596
17211,17201,2,8.571428571428571,0.3000000000000004,1.31828806129678,103.7658972301256,1.32055715133061,103.76734890374861,154.11674295248878,0.5137224765082953,28.67217913612555,35.00000000000001,0.0162143631457389
50179,50169,6,31.143509127789045,0.2999999999999998,1.32640402126103,103.8464203281907,1.32647401158756,103.84420812253344,194.63319344608496,0.6487773114869503,39.05503153849981,41.878919824010424,0.016131094959606344
03151,03021,3,12.931174089068826,0.5,1.27892124625262,103.84776234627124,1.28255524603003,103.84998903789258,417.07563441001196,0.8341512688200239,31.210661047001352,33.84375682502805,0.01611732956943522
22501,22511,3,26.126482213438734,0.30000000000000004,1.33769199118033,103.70297133237953,1.33746181720219,103.70029665103546,344.4698901514749,1.0,29.488794242670163,31.390206705665623,0.016100054215763812
70079,70089,2,7.0588235294117645,0.5,1.33372166698373,103.89851833301576,1.33187702164512,103.89443953236938,508.1989633360876,1.0,30.52260416128832,35.44618178075639,0.01606172082712845
98101,78141,3,20.513368983957218,0.40000000000000036,1.36705781222851,103.96535083584567,1.370066,103.963665,304.6331306889414,0.7615828267223528,44.34194832774915,48.55585959228975,0.016059275587889547
17029,17019,5,27.31888341543514,0.40000000000000036,1.29694570097768,103.76710295331488,1.2937974792702,103.76705176995323,288.4033117306532,0.7210082793266324,44.52675440347606,47.64249576729638,0.01604976921081999
64341,64351,5,34.74922600619195,0.3000000000000007,1.3729130421635,103.88633750747994,1.374811,103.888082,209.67039448991005,0.6989013149663652,34.30478862649349,36.21664713290424,0.01604202351813069
24049,23089,2,7.0588235294117645,0.5,1.3309125,103.6737755,1.3303875,103.678594,537.4825656849498,1.0,41.31417217292039,50.862199475009994,0.016036950523144026
58441,47739,1,13.333333333333334,0.40000000000000036,1.42731,103.788937,1.426643,103.791589,251.53896305622226,0.6288474076405551,24.731328049339915,26.717349663747736,0.01603030871383783
23179,23169,1,7.5,0.2999999999999998,1.32767284372911,103.69102029335356,1.32768833297607,103.68867638901021,298.92577380403634,0.996419246013455,35.18242801670384,46.93597136766405,0.016014733409600572
58541,59529,8,45.91003199698852,0.30000000000000027,1.44284,103.830351,1.44035052900307,103.8318142995419,373.9058356626713,1.0,40.42031684024067,42.40914219923253,0.015979614480385967
90049,90029,3,10.718325791855204,0.3000000000000007,1.297117,103.873563,1.29709111,103.8707989,361.13496295698087,1.0,29.545685193950057,34.6290465814986,0.01597587277664956
52359,52449,1,10.909090909090908,0.40000000000000036,1.33862833298637,103.85268888900069,1.34044945876465,103.85000305578686,418.38332765499143,1.0,33.19888931776255,37.78913526429055,0.015965921864312678
78141,78131,3,20.513368983957218,0.40000000000000036,1.370066,103.963665,1.37308472383764,103.9637271722912,424.275357423532,1.0,52.456978051271676,58.399917610007876,0.015917790855373183
85079,85089,5,26.457148115042852,0.1999999999999993,1.33394889968504,103.9501523198666,1.33338002405472,103.94880327361744,209.21383941703564,1.0,41.94064420883731,47.99070216332778,0.01590524480638291
43089,43069,7,42.11120973969271,0.5,1.36705664197789,103.76608527288596,1.36296778241046,103.76768583722071,316.10028814032665,0.6322005762806533,60.26385203656628,63.136991063922956,0.015899504668713777
84639,84619,5,31.533180778032037,0.20000000000000018,1.33857139776249,103.92937717202952,1.33896501379939,103.92746694275839,167.52119939832812,0.8376059969916398,40.417556089306686,44.99999999999999,0.01588957827268031
27369,27359,4,20.100840336134453,0.30000000000000004,1.34285373346865,103.6941039562493,1.34441434989381,103.69601368907118,178.08956577173208,0.5936318859057735,27.842563017909093,30.04661921546337,0.01588741748135741
41031,41041,11,56.74512484419605,0.1999999999999993,1.3230683576264,103.811977237669,1.32398472197176,103.8102991670086,370.43047590222466,1.0,52.11258206700816,56.21201486816708,0.015882197003555584
50231,50241,3,19.217391304347828,0.2999999999999998,1.31872472201456,103.85492583301323,1.31724802771626,103.8572754498738,341.3555605300355,1.0,42.75500023781161,48.46072803714627,0.015876321672267046
24679,24689,1,6.0,0.39999999999999947,1.30929393064989,103.6612549652211,1.31152436181276,103.65889588893424,359.53768158772436,0.8988442039693121,39.31371936372068,53.08126546464092,0.015833698827550806
53111,53121,2,10.0,0.5,1.34549638897792,103.83890138902032,1.35016694219359,103.83947418569129,406.7799862340752,0.8135599724681504,36.2921890053821,40.99351603211828,0.015800183573681636
59631,59411,3,15.909090909090908,0.29999999999999893,1.42333778088573,103.84397389045573,1.42521425593657,103.84572707357924,392.42785289248593,1.0,28.16999902776688,31.05320074152094,0.01573071427825421
14011,14021,4,20.16883116883117,0.3999999999999999,1.26795444,103.8255261,1.27132972198996,103.82478361101728,405.2757441043312,1.0,41.29432335751913,44.909122103777335,0.01572533569253293
66381,66361,3,17.77310924369748,0.40000000000000036,1.35020472222222,103.8712252777778,1.35258501828366,103.86824850324253,319.05169077638124,0.7976292269409524,31.50394296042355,33.86171363410833,0.015712710834810913
76311,76341,2,10.158730158730158,0.20000000000000107,1.35791501506433,103.95535655821823,1.35976305104284,103.95535006454477,160.00245527351495,0.8000122763675704,25.317898685433207,31.43055063518908,0.015607000385524266
44049,44031,1,12.0,0.40000000000000036,1.38103523807931,103.7608578414621,1.37785685552262,103.76232373807855,765.2844886064614,1.0,40.915260745094415,47.171827985656904,0.015559990387502717
44589,44559,2,14.909090909090908,0.3000000000000004,1.37512566998176,103.7401815256426,1.37620955732727,103.73789066346548,254.6257610874412,0.8487525369581361,25.160084819101627,27.571705258237387,0.015549113922636021
64051,64061,3,11.454545454545453,0.5,1.37239666924933,103.89777362456783,1.37557886299976,103.90111900001394,509.57259291569574,1.0,38.45306547806699,42.933203042295354,0.015542288130446339
58389,47629,2,17.142857142857142,0.400000000000003,1.44773992017207,103.8135666814871,1.44667808186871,103.80985736845511,399.32830600003075,0.9983207650000694,35.918040629242014,39.08557029294454,0.015471584642566994
61011,61021,6,29.04619699719518,0.3000000000000007,1.3333927981396,103.86946402615806,1.33627668492978,103.87018878876424,313.70599674823177,1.0,47.34325417751907,51.67344940988329,0.0154238378590827
45249,45239,1,15.0,0.39999999999999947,1.38856706129182,103.74086222271667,1.38511352779283,103.74242558943692,412.0325896424538,1.0,35.97437484490975,39.64005321823454,0.01542332901596876
92151,93051,9,34.366591263142986,0.3000000000000007,1.3098029425373,103.91602380242344,1.31065440276409,103.91866922380741,283.1049432436413,0.9436831441454688,42.071175292113104,44.89454024835486,0.015411558506890652
40369,40349,2,6.666666666666667,0.3999999999999999,1.3576342194572,103.74139552039492,1.35497444398167,103.73939913984925,514.2412129416953,1.0,23.826985637984038,27.62862795788552,0.015399675320449443
10059,10049,6,29.61523206008332,0.3000000000000007,1.27739664167497,103.83275178077875,1.27623302424393,103.83483786772155,318.3021561605897,1.0,32.76745592103895,34.73629561472467,0.015368112299036943
64151,64161,1,9.23076923076923,0.5,1.36812309444086,103.90984810962769,1.37190805558492,103.91142888889905,436.7195141082742,0.8734390282165484,48.58216365989479,57.91236092262871,0.015305608522554592
10181,10191,7,35.853479853479854,0.1999999999999993,1.28850399420484,103.82109741719866,1.28860026020096,103.81903121724014,229.84039900587035,1.0,41.105625757464935,45.05331764661422,0.015285389772026706
07531,40011,9,37.48849911698209,0.40000000000000036,1.30365644370093,103.8525732326128,1.30606411522588,103.84908751469008,486.89622805712577,1.0,42.27811252703743,44.1809838090324,0.015276240388761282
43161,43731,1,4.8,0.5,1.34883190699072,103.75766163401367,1.34630310628015,103.75421605015862,338.0330518596479,0.6760661037192959,25.87806623115548,30.968222421220712,0.015243835476869576
67459,67469,4,21.703743661667925,0.30000000000000027,1.38288638899819,103.88911083301012,1.38533638989648,103.8907421565758,243.6204732510389,0.8120682441701289,45.76445443217828,51.25099664361374,0.015230845977929468
28229,20059,3,20.926482213438735,0.40000000000000036,1.32536675242565,103.74593185918442,1.32332108750232,103.74769351004639,216.0401436370176,0.5401003590925435,49.99923099112931,55.0,0.015221834655266398
06189,05129,1,4.137931034482759,0.40000000000000036,1.28779136477868,103.84329428089559,1.28601166699569,103.84634666701143,441.064325563986,1.0,28.794649382811286,39.16305298388551,0.015218323044944106
62109,62099,3,15.0,0.19999999999999973,1.34374111656683,103.87380734555013,1.34412749517611,103.87562115587856,134.81910607931061,0.6740955303965539,27.79382040903995,32.34445668720629,0.015186065617794002
76361,76541,1,4.444444444444445,1.0999999999999996,1.36002524992852,103.95032266084807,1.360247,103.940633,1116.3322709781044,1.0,38.88080042496803,44.21878287472138,0.015179075711913985
23361,23371,1,8.0,0.8000000000000007,1.31910770453777,103.6788383227952,1.32595445317751,103.6790814673288,771.637256832188,0.9645465710402341,39.50615265267105,43.58766744600551,0.01516955994953563
85029,85019,5,26.333180778032037,0.20000000000000018,1.32261805599904,103.95429972202514,1.321288333018,103.95534472201146,233.08055869385612,1.0,38.66030365032864,43.49930513606891,0.01515449578962519
66011,66021,3,15.287321374277894,0.40000000000000036,1.34716997902419,103.8599767808637,1.350294,103.8611675,221.76949356079044,0.5544237339019756,43.092047949391386,48.210941483727105,0.015066928825777719
11301,11311,3,12.008898776418242,0.3000000000000007,1.31803972093441,103.78790067716272,1.31989638898836,103.78918694402276,199.38490929130296,0.6646163643043417,40.27612337659049,48.4253744588635,0.015052945438690547
01029,04168,6,28.863492063492064,0.5999999999999996,1.2966729849642,103.85441422464267,1.29208221483052,103.85125994680256,585.8151835686766,0.9763586392811282,34.04112006633996,35.07749544339781,0.015030893288160851
64161,64171,1,9.23076923076923,0.3000000000000007,1.37190805558492,103.91142888889905,1.37400500001195,103.91234999996988,187.79579108787559,0.6259859702929172,39.68632623834832,50.57299999959483,0.015020858057598216
77301,77311,3,12.666666666666668,0.20000000000000018,1.37419765728407,103.93864478052231,1.37581953068998,103.936865329717,263.6225494099933,1.0,33.04554743313521,41.09109486627042,0.01501022745257802
64559,64549,4,17.342224339128364,0.20000000000000018,1.370551,103.8909115,1.3714805,103.8922875,201.28267769463523,1.0,24.737391735412036,27.696242727342025,0.014979010563449201
22459,22469,3,16.144796380090497,0.20000000000000018,1.33856290426228,103.69572041924057,1.33649062479414,103.69631873743737,241.686837865447,1.0,36.119481883712425,43.38151438359612,0.014964924682744548
66201,66211,1,8.0,0.3000000000000007,1.36208638896684,103.85966527802135,1.36412138937997,103.86103467229529,216.69777719089734,0.7223259239696561,23.22762144012159,27.15921977401466,0.014957477398146797
64601,64611,6,29.33277591973244,0.2999999999999998,1.37548640364406,103.8845866729986,1.37837333826782,103.88445923003084,309.83899553552436,1.0,29.963210482714793,31.563306272033337,0.014888452753172243
98121,98131,9,60.65933171687647,0.3000000000000007,1.37205479195352,103.97023200986916,1.3741140347487,103.97225879434563,292.98004188715214,0.9766001396238383,52.63182014956341,54.99999999999999,0.01488752414634762
13051,13062,3,14.329670329670328,0.3000000000000007,1.29334305906356,103.8263656209055,1.29476674399435,103.82853268161283,342.51917732766475,1.0,32.575018308220606,36.714199164865384,0.014878293737760647
23099,23509,1,5.714285714285714,0.3000000000000007,1.32467117178875,103.69286142759196,1.32468013030892,103.69561678727867,257.41457006368876,0.8580485668789606,28.06312018868696,37.08819953414324,0.014864918339350683
52201,52171,2,17.22488038277512,0.2999999999999998,1.339123,103.846497,1.3409498853794,103.8477798112237,202.5880204440403,0.6752934014801347,27.920946718990674,30.358027576583382,0.014857430822823292
84229,84349,1,6.315789473684211,0.40000000000000036,1.3315995317556,103.93531396427683,1.33091748609947,103.93233223449336,341.82036307433475,0.8545509076858362,28.171328445518036,33.76436752032815,0.014854893549775055
04019,04179,4,19.90199123127512,0.29999999999999893,1.29807216909408,103.84975607305783,1.29647916306741,103.85147164487202,186.6241410356097,0.6220804701187013,40.04826512292655,44.46675990478795,0.01481402041734818
27129,27109,3,19.87012987012987,0.5999999999999996,1.35733217246828,103.69516041986128,1.35309472199852,103.70082305601869,940.3686041530673,1.0,44.63754733164059,47.254987103145176,0.01479383193145639
67109,67409,6,24.12121212121212,0.40000000000000013,1.39102885574104,103.89998669813552,1.392423,103.896122,523.3851153881739,1.0,37.482927463591835,39.76819737131042,0.014792010691508223
46629,46619,4,17.936374549819927,0.40000000000000036,1.42946092866646,103.7808172850331,1.42907407993851,103.77775112537243,389.6136790842543,0.9740341977106348,36.51964803278755,39.49020487994071,0.014778030322030497
26269,26279,2,7.0588235294117645,0.40000000000000036,1.3143583329901,103.62895500001656,1.31133425245546,103.6278418960082,513.5508920149286,1.0,40.645980520773776,51.62423246066025,0.014772510140998733
11061,11071,8,36.46233766233766,0.40000000000000036,1.30265777802206,103.80118694402536,1.30621305601609,103.80170944396954,539.4704594527848,1.0,56.11903594299679,59.493208201088784,0.014739887180211785
71219,71209,3,15.931174089068826,0.2999999999999998,1.32554207103,103.89505220634288,1.32608112825105,103.89720788120638,302.06010346358806,1.0,29.48365874140415,32.42563232452214,0.014707470202457266
22489,21399,2,6.529411764705882,0.40000000000000036,1.34258460261,103.70536833792208,1.3448140795943,103.70805985100185,492.3041333560178,1.0,27.66358185684448,32.75937732371846,0.014685948032679483
71149,71159,4,26.601503759398497,0.2999999999999998,1.32886553888796,103.89713767691656,1.32787641919412,103.89457489895001,368.90486375232115,1.0,44.99999999999999,49.04515677542767,0.014626962883969351
65161,65171,6,25.376026272577995,0.5,1.39735631138291,103.90859112878573,1.39452041732154,103.91205304613206,478.41011156022694,0.9568202231204539,36.80273788235531,38.43085425629347,0.014605582992836768
58259,58319,4,17.555385790679907,0.3000000000000004,1.44777267175187,103.81895151565973,1.44976933938251,103.81802192152004,313.82620788619835,1.0,27.116203355952024,29.315922155944534,0.014573583614695792
11321,11331,3,12.008898776418242,0.3000000000000007,1.32123138902898,103.79010361098513,1.32320918827361,103.79144668575621,237.47921788172425,0.791597392939079,45.0,54.99999999999999,0.014556240941113048
76259,76239,1,10.909090909090908,0.40000000000000036,1.35967015846114,103.95842446373796,1.3564927293972,103.95754826481253,393.19514485566447,0.9829878621391603,33.007040614983005,37.08667312783894,0.01454270291863825
61061,61009,3,12.058823529411764,0.30000000000000027,1.33268166698419,103.8682283329788,1.33521166697553,103.86663249997784,268.9836605893879,0.8966122019646255,25.255399767949477,28.104199868522628,0.01451986898500333
96041,96051,4,16.770334928229666,0.3000000000000007,1.34153333,103.9612189,1.34372664222741,103.96192069089285,293.35402884448683,0.9778467628149539,47.47358305322995,55.00000000000001,0.014502289279719955
92119,92109,8,40.15832985762758,0.20000000000000018,1.30444500073,103.90277451423108,1.30356602776936,103.90145614778639,181.41697561714244,0.9070848780857115,39.88706531544186,42.980962049424086,0.01449449990881078
40031,40041,5,21.418569047052017,0.40000000000000036,1.31178509472011,103.84098359641321,1.3137222313328,103.83809742560602,798.92505908376,1.0,50.959771753173484,55.75854225233624,0.014469100697897178
81029,80089,7,39.532746057780756,0.5,1.313616389,103.8849306,1.31275356421909,103.88079905478979,438.2275585365773,0.8764551170731546,30.3991696241635,31.090603261524556,0.01446061025441585
77181,77071,3,20.0,0.2999999999999998,1.37591147273628,103.94109934608323,1.37810945408117,103.94127900809487,314.1322622527035,1.0,35.811941067297965,39.18805893270204,0.014434017810677572
76109,76099,9,50.794025196771194,0.3999999999999999,1.35296639979416,103.9551184525466,1.35026359502623,103.95249172187374,286.4684659827816,0.7161711649569542,44.514759434100995,45.96836186414997,0.014432953206057078
91071,92091,2,10.158730158730158,0.3999999999999986,1.30171305700998,103.89599084091456,1.30270333303256,103.89931388900563,332.42280196124307,0.8310570049031106,37.49555947645744,43.24161423663121,0.014400827232308767
84361,84371,1,4.615384615384615,0.3000000000000007,1.32936638901809,103.92462499999526,1.33055000001009,103.9262383330096,164.1674546365816,0.5472248487886041,35.0,55.0,0.014385614385614417
66051,63149,1,6.315789473684211,0.2999999999999998,1.35585499445871,103.87196190877665,1.35489972198729,103.87452555599006,278.6421076643529,0.9288070255478436,33.01782767815318,44.05331981469456,0.014375185806511702
47749,47731,2,18.333333333333336,0.19999999999999973,1.425821,103.793911,1.426029,103.791884,237.34953567414402,1.0,29.866311073307465,33.806847344396346,0.014310028643864787
07529,07518,4,18.917729105372125,0.5,1.30431906266143,103.85501564257024,1.30095828368506,103.85211175034802,394.66767089064285,0.7893353417812857,33.449643434840254,35.22895843490949,0.014282378911062477
82251,92249,1,5.454545454545454,0.40000000000000036,1.305103,103.899669,1.30166304472072,103.90118149629421,424.5658011006927,1.0,24.583180805692155,29.29587252168948,0.014277201043841715
18101,18121,3,15.11578947368421,0.6000000000000014,1.2928415,103.7862945,1.29751168042934,103.7854209482613,409.7230405452676,0.6828717342421111,46.971438402489696,50.71511810929445,0.01425310450020129
23151,23161,1,7.5,0.40000000000000036,1.32788229015066,103.68483459543562,1.3278839556405,103.68869472049072,305.7841907884815,0.7644604769712031,41.53864087858345,51.74258115973899,0.014242584043465694
62039,62029,13,62.352044446781285,0.40000000000000036,1.3467680506898,103.880911959518,1.3441045,103.8827165,625.2075390688186,1.0,55.850691221126326,57.686306355596344,0.014209900425129242
66491,64469,3,16.170967741935485,0.3000000000000007,1.37936944398935,103.88260194401967,1.3795683329839,103.88576472203239,476.7197048371368,1.0,42.411852944645766,48.40846669791219,0.014169507916187101
14351,14491,1,8.0,0.30000000000000004,1.27275000000424,103.81036111111034,1.27278805556375,103.8079488888896,280.6183961182762,0.9353946537275872,29.527299177442266,35.7502189964245,0.014148259472463095
50239,50129,1,6.315789473684211,0.5999999999999979,1.318301,103.8552335,1.3189880880064,103.84929028517206,347.81888016095786,0.5796981336015985,39.93656972932287,46.93250542789833,0.014144259195517815
75619,75609,2,10.31578947368421,0.30000000000000004,1.372262,103.934647,1.373449,103.932049,435.840506231415,1.0,28.276095676956622,32.462311383634244,0.014113880831313126
10279,10269,5,22.891246684350133,0.3000000000000007,1.29151373164978,103.81757660887743,1.29125331927458,103.82057583280772,346.0753656659648,1.0,49.425247753568414,54.99999999999999,0.014083309608754714
25681,24711,1,6.315789473684211,0.5000000000000002,1.33248806,103.6371694,1.329871,103.639994,434.0316679467761,0.8680633358935518,35.34162519386226,41.95224788204261,0.014079857725349698
29159,20249,1,6.666666666666667,0.39999999999999947,1.32532489846553,103.73750501985307,1.32162000001571,103.73670359829424,371.96833057572076,0.9299208264393031,31.071884796512656,37.16342470074495,0.014067356683127577
67239,67251,2,8.0,0.5,1.3930503019817,103.90373341553943,1.39442862205324,103.9003121852631,360.76529080422034,0.7215305816084406,32.1241217635834,36.21029788073826,0.014051209580146301
12141,12211,1,8.571428571428571,0.20000000000000107,1.31574389841394,103.78239154819083,1.31721336095462,103.78070712088581,193.52328235487226,0.9676164117743561,25.000000000000004,31.441636730018125,0.014048639920001901
44061,45011,9,50.8041899620847,0.1999999999999993,1.38792499938306,103.7553863903753,1.3902154350718,103.75455779683573,265.80071758518596,1.0,52.563579144163285,56.68175566700788,0.014044499346364717
43069,43059,7,42.11120973969271,0.40000000000000036,1.36296778241046,103.76768583722071,1.35940861,103.7674364,521.1507655440914,1.0,56.12459216767649,58.87787659123833,0.01403471020874133
93029,93019,16,79.01580744084214,0.3999999999999999,1.30851455788092,103.92471047692146,1.30787614366531,103.92111718654822,377.6555250149944,0.9441388125374862,49.51117268534422,50.623816418046786,0.014030463048184625
11071,11081,8,36.46233766233766,0.2999999999999998,1.30621305601609,103.80170944396954,1.30851972202313,103.80258027799627,201.20401857014247,0.6706800619004752,60.00000000000001,65.00000000000001,0.014023976023976002
70091,70081,2,6.666666666666667,0.40000000000000013,1.33071735944004,103.89091372491255,1.33227580149459,103.89497442435284,481.83071305953615,1.0,31.682281467352922,38.01245814870053,0.014016583258941086
22531,22231,3,10.671936758893281,0.2999999999999998,1.33922673310366,103.6981437537688,1.34079486676221,103.69717899290252,176.28375832220797,0.5876125277406936,24.898007191563465,27.93739524276426,0.013989434185665279
54581,54571,3,16.566626650660265,0.40000000000000036,1.37105833303092,103.85665833302312,1.37425472964633,103.85491933752174,379.58137530780175,0.9489534382695035,31.08508651845043,33.26740228089583,0.013984298819576224
76521,75009,4,26.186757215619693,0.40000000000000036,1.357468889,103.940775,1.35407552367477,103.94339098473914,230.57345297419428,0.5764336324354852,28.47178931388491,29.591427215438436,0.013919980644987163
82109,81069,8,43.67067709226351,0.3000000000000007,1.3151892235607,103.89331774481381,1.314729,103.89069,323.9798471140098,1.0,31.891339071687725,33.00956718723875,0.013916467274806126
51069,51059,6,27.66643882433356,0.5,1.34125785266365,103.83660435635784,1.3370325833883,103.83735019393414,417.1857918401078,0.8343715836802156,46.0740758676498,48.31186330047488,0.013906943017016955
05519,05629,3,14.3,0.29999999999999893,1.27553472200739,103.84112694400494,1.273211389,103.84187,243.2186140470081,0.8107287134900298,30.57605380480966,33.925233525974356,0.013851329654024691
40181,40121,5,24.254545454545454,0.40000000000000036,1.312465,103.83808,1.31458164930261,103.84053190286843,228.38705028952856,0.5709676257238209,43.94355475572091,46.88495981347065,0.013850939505862591
65319,65329,3,16.666666666666668,0.5,1.40257805553795,103.91244500001986,1.39988799999567,103.91612399998853,583.0078414821677,1.0,37.48824536706108,39.97901032580151,0.013849189198988516
30049,30039,4,17.917582417582416,0.5,1.37431332163268,103.723836557791,1.37432162221947,103.71981883880738,530.851879171003,1.0,49.897351522175725,54.06077933446359,0.013827404176811773
23171,23181,1,7.5,0.40000000000000036,1.32789603640425,103.69118969248986,1.32790305599387,103.69448861100467,352.67859766155874,0.8816964941538961,37.11738686789119,44.7743769620094,0.013822047946657869
76121,76281,3,19.374613003095973,0.2999999999999998,1.35003333718868,103.93817517168992,1.34758373789104,103.93848632286071,259.2800254184978,0.8642667513949932,30.21984827663347,32.55773094159223,0.01381117386637405
54209,54199,7,37.80897921505132,0.2999999999999998,1.37638119735545,103.83952322759048,1.37430000000968,103.83767277798232,340.83106231460414,1.0,33.25165136984919,34.65376524034653,0.01380180366513326
92091,92101,7,24.29666119321292,0.3000000000000007,1.30270333303256,103.89931388900563,1.30370246223719,103.90129169936806,241.78911567283865,0.8059637189094603,33.0319879952049,35.233260094287914,0.013786500455774092
75541,75551,2,13.714285714285715,0.30000000000000004,1.368309,103.941523,1.366268,103.943413,330.00721983562994,1.0,26.387254877264922,28.94483084148395,0.013777098447755678
54579,54589,3,17.214285714285715,0.5,1.37487817367914,103.85483080978989,1.37173441613541,103.85671893941708,413.7673193645344,0.8275346387290687,28.015739367665297,29.32970962673344,0.013763684051461623
27379,22599,7,35.662886985137625,0.5,1.348016,103.7009747,1.3443608,103.7034508,579.4590529836261,1.0,37.67033567083825,38.79831612236099,0.013761814749398294
56031,56041,3,15.454545454545453,0.30000000000000027,1.37695666700099,103.82822527799023,1.379094,103.827593,199.56477627950068,0.6652159209316683,39.014936882626166,44.120158686790546,0.01375067862051501
22081,22421,1,12.0,0.2999999999999998,1.30599555710248,103.70037593299399,1.30775500000365,103.69872388898081,259.0053368942624,0.8633511229808752,37.02054656988694,43.117290360606184,0.013750109558356592
77381,75589,2,13.846153846153845,0.8,1.370821,103.94712,1.364117,103.945427,891.564373968228,1.0,50.31436352340454,53.66406362004405,0.013741986784229067
62149,62139,6,35.02875816993464,0.4,1.35169173270668,103.87595332312252,1.3490461240579,103.87341165935781,405.8619839698678,1.0,43.083319165135585,44.98268192362862,0.013732137758043656
47619,47609,3,20.24563671622495,0.5,1.44430697551185,103.80713784459924,1.44184941782685,103.80309468577371,623.2032512154102,1.0,43.637281667260794,46.36995972816766,0.013670849634132645
23129,23119,1,5.714285714285714,0.29999999999999893,1.32468096678984,103.68558762196439,1.32467561470377,103.68847743952205,248.0948537576142,0.826982845858717,32.501003326231185,43.85290309005768,0.01365389744016387
76549,76369,2,9.845201238390093,1.1,1.360559,103.940515,1.36025642698418,103.95022273065783,976.730538277699,0.8879368529797264,41.37726558104857,43.65385724534897,0.013649539930738702
54459,55111,3,9.8,0.3999999999999999,1.37693336122245,103.84120098441312,1.37695556267127,103.83777368753996,509.8579323107856,1.0,39.7002313586459,46.06426041318822,0.013641467112627767
43641,43831,6,33.88721804511278,0.2999999999999998,1.36530401539571,103.75026447996078,1.36512501870188,103.74788610102789,219.6286692693641,0.7320955642312141,29.629663006072253,30.854751071906584,0.013623093018800164
43139,43129,2,14.887218045112782,0.40000000000000013,1.37322530507327,103.77029311221521,1.37162881663563,103.76760246505873,236.0208516679552,0.5900521291698879,40.620533152807816,44.777324226572794,0.013609055348460455
55019,56209,2,12.77310924369748,0.5,1.382212,103.836047,1.38031863295854,103.83240305645302,406.8418344077619,0.8136836688155238,43.893462636830954,48.42244669880165,0.01360883194268701
11481,11491,2,8.285714285714285,0.2000000000000004,1.29811518922625,103.8060054035445,1.29710202847016,103.8076364994003,140.14906486664765,0.7007453243332369,32.874352831745625,45.0,0.013582982789687564
75511,75501,3,16.1609907120743,0.2999999999999998,1.364262,103.934773,1.361552,103.934734,365.6668904512888,1.0,30.091882072106056,32.85577770575077,0.013553447332253082
05199,05189,3,16.830075187969925,0.3000000000000007,1.28451455846092,103.84666049314171,1.2820913960391,103.84528061446953,296.77413180070056,0.9892471060023329,30.9738687967357,33.771676648079556,0.013504456762033656
67371,65809,3,10.666666666666668,0.19999999999999973,1.39259972198676,103.88713972197542,1.390669,103.886047,283.7513578974801,1.0,25.9367553234806,31.001662903072358,0.013437844450725605
46479,46469,2,16.57142857142857,0.40000000000000213,1.44796869795143,103.79840963198184,1.44668865905093,103.79491852510797,485.592034199757,1.0,39.400508711497714,42.81866640427198,0.013430032663147948
20059,20039,6,39.5931488801054,0.7999999999999989,1.32332108750232,103.74769351004639,1.32102499760642,103.75471510655738,749.5081609565195,0.9368852011956507,72.68930152372388,75.00000000000001,0.013425224252879328
17141,20011,4,16.436363636363637,0.3999999999999986,1.3109950000148,103.76349999999258,1.31308624553797,103.76128731220228,373.3769106278661,0.9334422765696686,61.1113132690719,69.81508435876253,0.013412270661680853
77079,77189,2,10.0,0.3000000000000004,1.37728664750339,103.94145255170352,1.3755564005294,103.94124910119332,181.35786770124656,0.604526225670821,35.33770248850978,41.96761268260119,0.013411468230433784
30101,30111,2,20.0,0.5,1.373713,103.738897,1.37245788679333,103.74282538457524,388.69714563826886,0.7773942912765377,45.683813459940495,48.66201263702839,0.013396807672855955
16149,16139,3,21.142857142857142,0.29999999999999893,1.29781833402646,103.76994027003138,1.29537944399618,103.76974861100446,228.1737256847737,0.760579085615915,45.46709819293615,50.285576054319506,0.013367621216460315
09191,09159,2,15.0,0.10000000000000142,1.30488653118311,103.82549755834486,1.30602637557418,103.82568042620605,115.23641133615021,1.0,16.48535898189104,19.323572654594027,0.013364432253910872
44051,43991,10,59.11587827377301,0.1999999999999993,1.38440811744123,103.75801976703181,1.386207,103.7565,305.4191145045658,1.0,53.49180683472259,56.93300251806383,0.013359560022979569
43699,28629,7,41.36024844720497,0.3999999999999999,1.34475341160997,103.74628307427523,1.342682,103.744754,207.5637307472761,0.5189093268681905,52.664991751845534,55.0,0.013336652618395534
47091,47101,3,15.524475524475523,0.40000000000000036,1.4645966256977,103.80602561139148,1.46653722200693,103.8090658329841,440.1366559507972,1.0,39.44645919559656,43.092175396881075,0.013318439481706485
84631,84601,5,29.623376623376622,0.1999999999999993,1.33879275233871,103.92948245969215,1.338186,103.931113,233.68582376296712,1.0,38.4630962926169,42.09438899690572,0.013287930887466812
44559,44629,2,14.909090909090908,0.2999999999999995,1.37620955732727,103.73789066346548,1.37851168892339,103.73644907938714,404.85172861448126,1.0,24.462374719952408,26.379006721586805,0.013284771833038887
44071,44519,1,7.5,0.5,1.37677726111171,103.73622221734738,1.380017,103.740996,681.6917946423579,1.0,27.167431453151444,30.051656105721356,0.013247787767678007
14349,14339,3,19.785714285714285,0.30000000000000004,1.27579029839825,103.81339813671549,1.276660654539,103.81124504785828,196.06360497463487,0.6535453499154494,33.9046471736699,36.672467851267825,0.01321330840628753
76371,76471,1,10.909090909090908,0.3000000000000007,1.35852839462785,103.95427534853701,1.35855302099722,103.95134500001934,315.83724260052975,1.0,24.14728693384253,26.751233825015575,0.013192581256867782
63321,63331,6,39.19114219114219,0.40000000000000036,1.36913602302795,103.88132215113495,1.36836866548657,103.88492703491212,448.5509613501186,1.0,58.48239687638363,61.508667680467006,0.013188463946212002
93049,93039,15,71.69459531963001,0.40000000000000036,1.31073016722066,103.9329857782451,1.30958474832555,103.92954154203639,390.5991805746622,0.9764979514366547,50.785820564960616,51.99885018116542,0.013172906189470498
30041,30051,2,16.07142857142857,0.39999999999999947,1.37462014104762,103.72188815233464,1.37455576936144,103.72537054756133,427.02018602242174,1.0,48.17944742961966,53.44902923964847,0.013154943540815426
08041,08019,2,10.931174089068826,0.6999999999999993,1.29811014243867,103.84780636909545,1.296188,103.8440945,543.0675174516921,0.7758107392167037,26.474585862132162,27.736367923331983,0.01314832513271717
11521,11531,6,17.96092796092796,0.40000000000000036,1.2885710102662,103.80543003047167,1.29108833302538,103.80753083302794,374.04150688351905,0.9351037672087968,45.22579439764168,49.30481002593402,0.013142217117971255
27429,22239,3,14.671936758893281,0.3000000000000007,1.34286500004293,103.69555805555355,1.34081972201603,103.69742194398371,359.98774017790487,1.0,25.60935947883111,27.729529635980985,0.013141296042843911
66539,66529,3,20.74680306905371,0.20000000000000018,1.37500340591534,103.8750162086281,1.37512174055594,103.87318199195964,231.20579963064063,1.0,33.08940863029109,36.957317420000294,0.013124052497927667
11271,11281,4,20.843956043956045,0.3000000000000007,1.31473444398294,103.79008416699845,1.31622694399746,103.78852194399074,271.9410697024113,0.906470232341369,54.828356372534735,61.93061700143693,0.013079386545479544
82109,81131,2,5.714285714285714,0.20000000000000018,1.3151892235607,103.89331774481381,1.31431505362846,103.89221613925537,142.6240052969949,0.713120026484974,25.0,35.0,0.013061224489795933
21341,21351,1,12.0,0.40000000000000036,1.33517345758852,103.70895825573741,1.33882138642125,103.70956429008974,313.69479535966644,0.7842369883991654,45.204335720578705,51.5403459645616,0.013053581560448673
84611,84631,5,29.623376623376622,0.20000000000000284,1.33922469822607,103.92795482353951,1.33879275233871,103.92948245969215,189.29082776170662,0.9464541388085197,37.186128457480855,40.4982302333069,0.013030204120252223
98071,99011,9,54.80218885973362,0.40000000000000036,1.37965443818622,103.97838930249063,1.38328110134472,103.97812168830427,368.2054909244631,0.920513727311157,62.58874880247241,65.0,0.012992440191515993
49141,49151,2,19.16883116883117,0.40000000000000036,1.4383065782824,103.74365393048626,1.43666749998525,103.74684027798631,353.44892374503047,0.8836223093625755,37.818285680801395,40.405588796321354,0.012982539635450745
28639,28621,3,10.217391304347826,0.1999999999999993,1.34045649755771,103.74395996871245,1.342172,103.744076,100.30169056131872,0.5015084528065954,35.0,45.0,0.012974465148378142
63349,63339,5,33.47662863452337,0.5999999999999996,1.36687207146588,103.88923358520269,1.36811854812783,103.88451259380585,518.740389326875,0.864567315544792,51.08487237696257,52.82678029315882,0.01296497558054212
48039,48029,3,11.909634551495017,0.3999999999999986,1.41075606597918,103.78320916874394,1.41056509187543,103.77968553987141,340.66711182607344,0.8516677795651866,60.74993553343575,72.77453924699819,0.012956983725567934
14059,14349,2,15.5,0.2999999999999994,1.276025,103.815613,1.27579029839825,103.81339813671549,175.89786230085926,0.5863262076695321,40.0,45.0,0.012916666666666642
66549,64099,2,11.5,0.3000000000000003,1.38028167,103.8815267,1.377877,103.8815677,392.2852137987016,1.0,27.69181415882187,30.894206900814673,0.012914132225971122
59671,59091,1,10.0,0.39999999999999997,1.427779,103.835106,1.43165245434506,103.83510814544051,392.59704032906205,0.9814926008226553,33.75848165070778,37.88073266829832,0.01289416281351023
23101,23111,1,8.0,0.2999999999999998,1.32453472201272,103.69091333299923,1.32454666699618,103.68836472199122,310.05499259831845,1.0,33.67911081731451,41.11809101058276,0.012892320211497402
14209,14199,4,16.08205128205128,0.40000000000000124,1.28176397706369,103.80958869712056,1.28131676735406,103.81275056370772,340.5200676181452,0.8513001690453604,39.88212668176414,43.320368420662476,0.012801692527477128
41131,41161,4,19.45372050816697,0.7999999999999998,1.32973612368298,103.8145129140827,1.335063889,103.8187389,542.7121897567882,0.6783902371959855,60.19080094740383,63.325706212534556,0.012799910003224925
21571,21631,1,5.714285714285714,0.5,1.33056719470166,103.72307005592994,1.33363626085559,103.72493610114242,251.43872224245274,0.5028774444849055,29.772487670980524,34.34019806546897,0.012764758317365241
54069,56269,4,22.752153110047846,0.20000000000000018,1.36691997150676,103.83405562626137,1.36741835425889,103.83233403239235,153.14053473908936,0.7657026736954462,55.00000000000001,65.0,0.012728477264362435
84391,84401,1,15.0,0.30000000000000004,1.33274999618407,103.92447655289592,1.33316500001136,103.9269811109948,348.69027992364636,1.0,24.962648738403548,26.854636696711196,0.01270050339019895
54399,54009,1,10.0,0.20000000000000107,1.37137302300723,103.84866111647399,1.36968769913339,103.84856716193268,150.99545985631258,0.7549772992815588,35.0,45.0,0.012698412698412763
59471,59781,4,18.897044984001507,0.29999999999999893,1.42111543044621,103.84901971560181,1.4230555,103.8511111,348.75164723988,1.0,41.47568531034479,45.71462101951716,0.01267427969775289
43781,43771,5,21.754280202556064,0.5,1.3591085,103.738945,1.36200917978122,103.74136328540868,444.67996426266325,0.8893599285253265,36.11458514585754,37.70105040143356,0.012673868796812758
21649,21639,3,17.714285714285715,0.2999999999999998,1.33670886560508,103.72517977728532,1.33378861099344,103.72511638897618,323.3911383582534,1.0,41.841137501729214,46.478712785268215,0.01267296682228826
43071,43081,10,53.07857501975149,0.1999999999999993,1.365094,103.76705,1.366245,103.766345,314.31237061788886,1.0,59.536791811852304,64.07358362370462,0.012625066019051374
28439,28441,1,7.0588235294117645,0.1999999999999993,1.33451434015094,103.7385749816785,1.33576638902918,103.73884916698127,152.84175074402503,0.7642087537201279,18.167976477405464,21.69125621200143,0.012621709581481459
59579,59581,1,10.0,0.2999999999999998,1.420294,103.843953,1.41903123253322,103.84618997941803,191.6069212504944,0.6386897375016484,30.09158397942158,34.450904338021985,0.012615206524507313
59329,59089,3,14.909090909090908,0.5,1.41968029160119,103.83179596945222,1.42397861098025,103.83155749997911,543.4307042077448,1.0,29.641465714844582,31.202823162639376,0.012584325463573623
65019,64029,9,44.5426922922279,0.40000000000000013,1.38151407829697,103.89749237919405,1.37781617357511,103.89688283812272,389.17648844847207,0.9729412211211799,36.461392530022394,37.42453020220775,0.012575788263986417
42021,42031,12,60.88305587867881,0.3000000000000007,1.33254537683925,103.79237058676013,1.33332611108217,103.78997500000864,644.4518186747584,1.0,55.049392768337334,57.21686875490666,0.012568845051612267
11339,11329,3,13.415384615384614,0.1999999999999993,1.32398638897489,103.79204722198944,1.32236139685053,103.7909809400838,247.72961068554778,1.0,39.77655252025233,48.87698464687267,0.012559246777596655
26011,26021,1,6.666666666666667,0.2999999999999998,1.31922965607898,103.64876709883725,1.3172613938167,103.64693086349153,351.82997756691304,1.0,36.738618596339066,47.73645375696436,0.012541925775570208
77261,77271,6,29.98739495798319,0.2999999999999998,1.38285811735056,103.93615875590504,1.38058998439068,103.9349613837619,379.4667412679664,1.0,35.63353545693587,37.491561866188206,0.012511789522783716
46941,46489,1,13.333333333333334,0.5,1.45167306508663,103.80547695607456,1.44952095631928,103.80160651744906,623.4120504490431,1.0,31.300750791409044,33.24411632299609,0.012450697694236675
16059,16049,7,43.50935960591133,0.19999999999999996,1.289675,103.7759325,1.28910696351866,103.77738952047318,176.97086896998556,0.8848543448499281,43.04280963791193,45.859461967313166,0.012416990901403137
63131,64201,2,11.282051282051281,0.40000000000000036,1.36120884403234,103.89033109494885,1.36172833297814,103.89420777799334,591.8209763019881,1.0,38.39956346455728,42.93543367203099,0.012415566446271583
45029,44999,9,57.28055278055278,0.20000000000000018,1.39303959514259,103.75414864750223,1.391239722,103.7545111,379.6209355616843,1.0,52.289694357217705,55.43005030095923,0.012412369517030552
65179,65169,6,31.376026272577995,0.3999999999999999,1.39429582834351,103.91190241454986,1.39645725997371,103.90932129998102,447.26655601941565,1.0,33.876456953192275,35.048310602885635,0.012387002833753434
58029,58019,7,33.19480519480519,0.30000000000000027,1.44315919415772,103.82398509211036,1.44085,103.824719,253.98605869441994,0.8466201956480657,43.77072887689402,46.29058490398879,0.012384847405871986
65801,67379,2,6.0,0.2999999999999998,1.3904399999914,103.88569800003212,1.3929735,103.8871335,355.93993049144643,1.0,23.63747299386066,28.223828359997636,0.012374374042299593
43611,43181,6,17.047630031138276,0.29999999999999893,1.3440783607984,103.75829172450743,1.34648944401178,103.75681722199707,308.37627049562377,1.0,34.728380023120764,37.91092131403237,0.012362617984768929
58041,58051,7,35.338603425559945,0.19999999999999996,1.44939346470038,103.8268558037182,1.45087972197488,103.82843083296738,223.58072359294252,1.0,35.616521087585454,37.974153452701806,0.012320146300238947
49211,49141,1,5.454545454545454,1.0999999999999996,1.43868741216241,103.7350959713107,1.4383065782824,103.74365393048626,764.9715737129841,0.6954287033754404,43.89830807715178,48.24707322509404,0.012319652266953621
13063,13141,2,10.158730158730158,0.30000000000000027,1.29534692836828,103.82964309110659,1.29763682834545,103.82997986347917,197.20393875876212,0.6573464625292065,45.0,55.0,0.012313612313612329
59221,59261,2,12.0,0.40000000000000036,1.43902299324239,103.83502785005078,1.43755803458153,103.83159143616113,448.2531922213557,1.0,41.264504112405874,46.13156087183473,0.012272495135583822
15219,15209,7,41.52364532019705,0.40000000000000036,1.27818114088895,103.78701031206879,1.27706561928684,103.79023432729963,346.73015283568645,0.8668253820892154,52.67685083258094,54.807176955069934,0.012255874932786397
03071,03031,13,10.8,0.30000000000000004,1.27990609626764,103.84940030424481,1.28207492207952,103.85086074925066,232.3579567699339,0.7745265225664462,24.66187757377618,27.1878025191884,0.012205770726212322
59099,59073,8,59.691525865438905,0.5,1.43272835490407,103.83522544787667,1.42868146490253,103.83546942999693,498.28943278115406,0.9965788655623081,42.66898996933899,43.426610453698224,0.012202985573943165
18321,16171,1,6.666666666666667,0.1999999999999993,1.29879333297449,103.77561916702605,1.29890150201437,103.77438231319462,123.46185160956263,0.6173092580478153,20.355191232157548,24.999999999999996,0.012170022450762914
58549,58261,1,8.0,0.6000000000000014,1.442578,103.830142,1.44710213838584,103.82726305553976,662.1073668298667,1.0,39.15235564918708,43.46371793421024,0.012161047506200751
27121,27171,1,8.571428571428571,0.3999999999999999,1.35682305601032,103.69521277798744,1.35604565059158,103.6916825448322,331.2715900260832,0.8281789750652082,42.065232369659405,49.422806297311574,0.012133808661856923
66141,63189,2,13.454545454545453,0.20000000000000018,1.36311828855893,103.87239656838271,1.36133997852966,103.87363460960414,205.6060560426314,1.0,33.78321495086852,39.84604370302186,0.012119596025134377
54589,54389,1,5.714285714285714,0.5999999999999996,1.37173441613541,103.85671893941708,1.36638973614786,103.85660537812751,562.5881110937679,0.937646851822947,27.63306669518247,30.619850994678316,0.012102773431932771
40171,40181,6,30.921212121212122,0.30000000000000027,1.3109517198906,103.83582101192815,1.312465,103.83808,406.1696060594734,1.0,33.88641017134856,35.453702806138,0.012101541493891099
05059,05049,8,49.955144778943406,0.1999999999999993,1.28676420118491,103.84575036447065,1.28531114761754,103.84455070696784,160.1233861126717,0.8006169305633614,33.13344464644514,34.51805117977784,0.012095497529947036
13121,13141,5,21.18571954361428,0.3999999999999999,1.29409221679274,103.8308377640795,1.29763682834545,103.82997986347917,493.04336313377036,1.0,41.268167499315226,43.846108776961294,0.012073411110812874
83121,83159,2,14.23076923076923,0.30000000000000027,1.31260836391216,103.91063424326731,1.31480354064185,103.90947767042405,178.3446527140914,0.5944821757136375,31.86497798505106,35.0,0.012000754697537324
98119,78199,2,14.8,0.44999999999999973,1.3671897219745,103.96432861100051,1.36477,103.96189,363.377832721049,0.807506294935665,23.2971781640154,24.31665040637814,0.011985124855409575
46721,46711,3,23.57142857142857,0.30000000000000027,1.45248916519346,103.80178758846797,1.45470160187201,103.80084970775462,233.81675755429563,0.7793891918476514,42.19813090869407,45.444763855263645,0.011971905616677691
44171,44161,3,14.23076923076923,0.5,1.36801215768924,103.74704828649467,1.37071120082306,103.74995297031272,412.7915776504627,0.8255831553009254,45.15578034983069,48.86599399220018,0.011964022174809305
11529,11519,4,12.901098901098901,0.3000000000000007,1.28903120647732,103.8060909305284,1.28665742231261,103.80334129425303,491.2741335436075,1.0,39.09927195796769,44.44842958859059,0.011912646733427552
10017,10018,8,48.569777514628775,0.09999999999999964,1.27832046633393,103.83762574759974,1.27900819665099,103.83860360621959,205.37713005037637,1.0,44.99999999999999,50.575440699292095,0.011898524947918404
59059,59039,1,6.0,0.8999999999999999,1.42054602879781,103.83497942324875,1.41342871609658,103.83156300557019,882.9964410980089,0.9811071567755655,43.00997946610346,47.51266431593872,0.011898348662773667
21269,21509,1,4.8,0.30000000000000004,1.33418183646412,103.71049761773749,1.33115639068272,103.70998723220183,286.89164256344947,0.956305475211498,28.46098166045457,37.20401323953356,0.011890082648145131
76429,76419,1,5.714285714285714,0.2999999999999998,1.35369222069272,103.9595890045465,1.35366243500181,103.95648530342,279.7906109262624,0.9326353697542085,26.33845054327961,32.21732395147998,0.01187675036106173
05651,05411,2,11.50326797385621,0.19999999999999973,1.273218611,103.8430731,1.2753515,103.843144,263.5246817730373,1.0,22.93434740136285,26.00744526177737,0.01185341645466305
78221,78151,1,6.315789473684211,0.19999999999999996,1.37417517709229,103.96122560227602,1.37239496316057,103.96078021168164,271.8481607615575,1.0,27.122163014472136,36.37154687667465,0.011843616887333121
83131,83141,2,9.244444444444444,0.1999999999999993,1.31631138897106,103.90907722199168,1.31763611995973,103.90845006395246,128.74571175785556,0.64372855878928,26.807959899888978,32.354904710272,0.01182390051827776
96309,96319,1,6.666666666666667,0.19999999999999996,1.33427655612286,103.96175810276951,1.33311988623192,103.96095897791456,167.62596264034082,0.8381298132017043,27.04661766134544,35.58013029509411,0.011823500565982324
40211,40221,4,23.770334928229666,0.2999999999999998,1.31655331624558,103.825862990405,1.31902531287493,103.82545561296305,260.8021095836611,0.8693403652788708,49.94288271893462,54.43450907438087,0.011781816662473025
84071,84081,5,27.08889871738169,0.20000000000000018,1.32067138376849,103.9426000755741,1.3204380811482,103.94022038903293,392.6983780300451,1.0,47.10478651543891,52.47561589723537,0.01177172523972435
94029,94019,11,55.35793025722798,0.20000000000000018,1.31453305602342,103.93750499997167,1.3142851610342,103.93574953076752,224.14084550569106,1.0,46.39370883185559,48.79844761179943,0.011760144229380484
44569,44579,2,20.57142857142857,0.30000000000000004,1.37811996831753,103.74122138165869,1.37850611289436,103.74345256107138,255.82781586772725,0.8527593862257573,27.850072318997043,29.410404101221296,0.011756426754560382
20161,20171,4,18.75,0.2999999999999998,1.31915476642967,103.74213695526599,1.31967681449311,103.73984434693502,332.49326030112206,1.0,32.61800754203446,35.0,0.011736468451220105
44111,44109,1,8.571428571428571,0.5,1.38094121398036,103.74975224203959,1.3771776806334,103.74762171258732,315.11740399455545,0.6302348079891109,26.602133551269226,28.691854858884504,0.01173374081765946
14471,14211,4,14.448160535117056,0.20000000000000062,1.28201169102423,103.80664978771298,1.28161168409316,103.80521877469815,100.53138016923599,0.5026569008461783,45.0,55.0,0.011675281240498672
59799,59779,3,14.671936758893281,0.20000000000000107,1.425161,103.853305,1.424119,103.852562,121.97054150302503,0.6098527075151219,44.63926122542133,54.27852245084266,0.011673905583606248
92271,83301,3,19.770334928229666,0.2999999999999998,1.30610999016148,103.90952850508972,1.30887166700305,103.90817888897894,392.16604707731955,1.0,37.717076235691806,40.73920123756558,0.011665333946825396
26279,26289,2,7.0588235294117645,0.2999999999999998,1.31133425245546,103.6278418960082,1.30854575415228,103.62682065616312,300.32429770679903,1.0,38.14609469313061,48.28351782034946,0.011655533758680522
72011,71099,15,97.25823694116637,0.30000000000000004,1.32816499999482,103.90548361097667,1.33022638900189,103.9038336109893,153.94600667426852,0.5131533555808949,38.6692339519042,39.27424283732187,0.011623475658965718
27219,27069,1,8.571428571428571,0.5,1.34793269501118,103.68025240016884,1.35008972199881,103.68418444402793,621.1533595484989,1.0,27.30472543554994,29.477007531520997,0.011566933299366844
85031,85041,4,17.50326797385621,0.1999999999999993,1.32501115145725,103.95232021806196,1.3264647104527,103.95116420801885,191.84644067061296,0.9592322033530682,39.397988346137,45.28022584925968,0.011542743939032506
75379,75419,2,7.0588235294117645,0.5,1.35943002306953,103.9309897702735,1.35557389,103.92911,659.9012766567982,1.0,44.13872776132189,51.58505480243822,0.011542522455072332
44809,44799,4,26.52549019607843,0.1999999999999975,1.38500083704863,103.75978425435241,1.38338692962433,103.7609562427946,183.7639846519393,0.918819923259708,22.643818804446326,23.81346731304364,0.01150738066807526
81181,81191,8,33.53334316182613,0.39999999999999947,1.30845544825732,103.88847214403829,1.30913166702397,103.89180000002517,233.54434639949898,0.5838608659987482,43.327571314815316,45.0,0.011505555533678897
75419,75409,2,7.0588235294117645,0.40000000000000036,1.35557389,103.92911,1.35220889,103.92732,455.87620987511445,1.0,50.07165967057438,62.89500788900258,0.01149702800005014
96129,96189,3,16.887218045112782,0.20000000000000018,1.3474583546739,103.95795115114063,1.3452978033151,103.95793622236005,295.6104563662883,1.0,28.902234235624807,32.05008259554218,0.011477342458810871
50169,51109,1,4.137931034482759,0.5,1.32647401158756,103.84420812253344,1.32709277800856,103.8397080559738,290.6752372885489,0.5813504745770978,26.7832173134821,31.445577801900512,0.011453461962964893
70071,71331,1,4.615384615384615,0.5,1.33377161253401,103.89841293744438,1.33683480070641,103.90096749998749,507.3287224915281,1.0,27.47379380441661,31.801544149518225,0.0114307113918045
50069,40129,5,25.717391304347828,0.2999999999999998,1.31702163080967,103.84164776289317,1.31453779264106,103.84082845008946,300.48451264227856,1.0,41.669092503511905,44.408809298540874,0.011422749914048886
40071,40081,6,28.085235713718685,0.39999999999999947,1.31918027796911,103.829213610999,1.32012951912406,103.82605259642706,568.6647636584962,1.0,55.724860465436265,59.07153049568799,0.0114215158339873
65309,65319,3,16.666666666666668,0.4,1.40494388890828,103.90913500001737,1.40257805553795,103.91244500001986,518.8990279242489,1.0,39.725298134702214,42.62633532761306,0.011421335140131876
81209,80239,1,6.0,0.40000000000000036,1.31843612461246,103.88429716458627,1.31846350927886,103.88051104388848,487.18699985592866,1.0,29.69339176417074,34.57704066095602,0.011415844546495314
99161,95071,5,33.41596638655462,0.3000000000000007,1.390303,103.992975,1.389939,103.995119,238.7487295011005,0.7958290983369999,55.8225290179363,59.60888239426593,0.011407118060794261
67241,67181,3,16.289592760180994,0.20000000000000284,1.39299612191324,103.89844142173672,1.39101786005668,103.89778017996501,259.6729620241627,1.0,29.064692240902367,32.35695995620662,0.01140517427555808
67049,67039,3,18.931174089068826,0.1999999999999993,1.38773464426252,103.869986495669,1.38831000001759,103.86800750000182,343.09159181853295,1.0,37.14607576648324,41.8233269876968,0.01139899923058107
66471,66481,1,7.0588235294117645,0.40000000000000036,1.37895833299995,103.8743605559661,1.3791866640778,103.8783096213561,420.6142655948557,1.0,36.50732401383283,42.81172818080289,0.011389210077554439
49091,49101,3,17.09090909090909,0.20000000000000018,1.42753888899762,103.75641027798767,1.43019265139167,103.75584633886155,305.6946585464657,1.0,43.7868237166378,51.25784073423944,0.011378136389734365
67419,67599,5,21.78772623257749,0.3000000000000007,1.39451056390105,103.89388277014375,1.3972004371065,103.89490664468322,287.65299565688053,0.9588433188562663,37.59556509779448,40.22557511560902,0.011367152539577175
67469,67279,3,17.83277591973244,0.3000000000000007,1.38533638989648,103.8907421565758,1.3882215,103.891787,380.525183055463,1.0,43.47087507353561,47.88307626727871,0.011340053101188892
96329,96389,2,7.252747252747253,0.3999999999999999,1.33202391003542,103.96526335898176,1.33316035695047,103.96219500000879,295.22914889836807,0.7380728722459203,33.01986294326175,37.904570137688296,0.011322288797061441
44571,44561,1,8.571428571428571,0.19999999999999996,1.37836352141036,103.74316666952303,1.3779870225601,103.7412004881177,143.2069134486442,0.7160345672432212,25.157257562223087,30.157257562223087,0.011297908914708103
11111,41101,9,41.15284715284715,0.20000000000000018,1.31780157259006,103.80771866952543,1.31908138967253,103.80921733406133,212.78656771402987,1.0,59.67608191447589,65.0,0.011296595796148794
25371,25381,1,8.0,0.29999999999999893,1.32387805603322,103.64917444402575,1.32556305598951,103.64739583301906,286.54050050410024,0.9551350016803376,35.95572444262854,43.27116508907807,0.011284572223450067
67461,67451,5,25.54680306905371,0.40000000000000013,1.38575273465234,103.89121528705635,1.383046111,103.88960583301704,415.92718244836533,1.0,49.09157956597352,51.90420068006037,0.011279718741247847
83301,83311,3,19.770334928229666,0.40000000000000036,1.30887166700305,103.90817888897894,1.31241970275404,103.90692990251455,428.52153348719634,1.0,49.9530476937574,53.78428893462065,0.0112770653074657
44669,44829,3,21.725490196078432,0.29999999999999716,1.38428576640159,103.76489752763662,1.38671416700146,103.7630574999811,299.64449453213416,0.99881498177379,28.036147825640032,29.464792894399423,0.011271804597688577
19079,19069,2,11.058823529411764,0.3999999999999986,1.30607,103.780131,1.30778758326419,103.77671170466877,474.9984595942118,1.0,45.87080821667051,51.93694738417875,0.011263373254346554
66111,66121,3,22.67193675889328,0.3999999999999999,1.35848277799301,103.86823666699911,1.36239972197855,103.86776000002241,408.27113069539337,1.0,45.447130658989295,48.15825720394129,0.011233657309489145
14279,14299,4,19.67420814479638,0.30000000000000027,1.27591552267791,103.81920892602811,1.27488820445716,103.82127132943862,313.6812520677237,1.0,23.866378140687484,24.999999999999996,0.011213990972304083
26251,26241,2,7.0588235294117645,0.3000000000000007,1.317384,103.6297295,1.32051139798651,103.63084994911132,348.5121984427291,1.0,33.583254935401804,40.83069963180023,0.01119254583528004
47039,47029,1,10.909090909090908,0.6999999999999993,1.45156922188356,103.78905216062749,1.45096550351717,103.78252315836185,682.4341741917087,0.9749059631310134,54.86068326312093,59.65354715077474,0.011183666589974715
47069,47059,1,10.909090909090908,0.3999999999999986,1.45593908069502,103.79877069336828,1.45396450182247,103.7954729366899,400.6778214793169,1.0,49.704602797498964,56.93959471933667,0.011155155369833294
16021,16031,7,33.141186299081035,0.3000000000000007,1.28625793147796,103.77981027693801,1.28800629048399,103.77846479413628,247.29738119629567,0.8243246039876504,42.839054595320434,45.0,0.011145016296485018
63311,63321,5,34.57575757575758,0.3999999999999999,1.36990463865149,103.87780647158901,1.36913602302795,103.88132215113495,496.9126146773416,1.0,50.24690157559906,52.361694644787384,0.011116718128834469
16081,17011,3,16.11111111111111,0.3000000000000007,1.29195777797363,103.76866138900287,1.29386900823232,103.76688187253777,251.77201047137368,0.839240034904577,31.70246867197946,34.192748375383474,0.01110370165186951
24219,24209,1,9.23076923076923,0.5,1.31822701576325,103.66267154250265,1.31523764085318,103.65986932009741,431.8095182133736,0.8636190364267472,30.140188864925015,32.4947849639987,0.011095954866195032
11229,11219,8,40.459233645611356,0.20000000000000018,1.31060065879064,103.80522542227166,1.30988506093033,103.80716407830104,451.10389456541736,1.0,59.009122399307344,64.19422569294932,0.01107617834506543
85039,85029,5,26.333180778032037,0.20000000000000018,1.32442497435966,103.95298594261581,1.32261805599904,103.95429972202514,154.8723839532717,0.7743619197663579,45.00000000000001,49.70222490706258,0.011072568349085767
25559,25589,1,6.666666666666667,0.40000000000000213,1.325651,103.645879,1.328334,103.648426,428.5430961362845,1.0,30.16518292515574,34.48290826123451,0.011069140355932525
30029,30019,4,17.917582417582416,0.5,1.37415602765485,103.71709630730658,1.37333306785344,103.71365844785454,370.6074462170658,0.7412148924341315,45.59627518406491,48.31809648207697,0.01106801758506115
34009,34059,1,7.5,0.20000000000000284,1.44482656088302,103.70756734461297,1.44234338763128,103.7078689605441,312.72712364618985,1.0,28.82943086290107,36.612398630773086,0.011060435815231045
44159,44169,6,40.617987275882015,0.5,1.37401429037273,103.7525923087755,1.37047453510829,103.75017065253876,453.05600779829433,0.9061120155965887,49.58481442855131,50.95643289619454,0.01102488369699443
78261,78271,1,8.0,0.30000000000000027,1.37865831081472,103.9606174383779,1.37922254801698,103.96383348445823,211.43743869085478,0.7047914623028486,28.591462998542433,32.9075836514871,0.011009622951033464
16171,16181,2,12.982456140350877,0.39999999999999947,1.29890150201437,103.77438231319462,1.29656572408064,103.77254247664239,353.79091711670804,0.8844772927917712,25.29983837177171,26.733346621088995,0.011006417326038164
67439,67259,2,16.137931034482758,0.2999999999999996,1.39549374900087,103.89737027918684,1.39465386086721,103.90046238900585,456.80133024657266,1.0,31.88841549704985,34.38018939004532,0.011003644128098114
62079,62069,4,19.615384615384613,0.20000000000000018,1.34296635529936,103.87976646424752,1.341899,103.881654,176.05549704471755,0.8802774852235871,55.0,65.0,0.010973641742872513
22359,22349,2,16.623376623376622,0.40000000000000013,1.3425266670299,103.69727527800597,1.34520537289138,103.7007962851633,615.9160315974297,1.0,44.826898162687414,48.398121974909785,0.010945336206224305
82011,82033,4,23.095238095238095,0.3000000000000007,1.31736957951855,103.89480000904068,1.31798449318919,103.898237229405,364.1432933415747,1.0,37.9065705091852,40.31958799139089,0.010938898351930938
09219,13199,2,11.217391304347826,0.700000000000002,1.30731999685228,103.83316088291699,1.302127,103.829875,680.2719264953113,0.971817037850442,39.710120791958914,42.034037966612075,0.01093221678763805
64241,64541,2,8.571428571428571,0.6999999999999993,1.36712666702422,103.89641722203109,1.371235,103.8928055,518.7742546553824,0.7411060780791184,28.40253431416836,29.9513408158637,0.010923832977537825
83261,83271,1,5.454545454545454,0.20000000000000018,1.3190690667828,103.9242469847813,1.31928964158986,103.92588543589487,180.9365401021456,0.9046827005107273,20.0,25.000000000000004,0.010909090909090927
65719,65699,1,5.0,0.2999999999999998,1.416996944,103.911575,1.419958,103.912031,484.54628276503087,1.0,21.097890360628625,24.91399910669643,0.010890041268162655
95901,96041,2,11.31578947368421,0.3999999999999986,1.33857587129254,103.96020709087523,1.34153333,103.9612189,326.4604034025445,0.8161510085063641,38.61554017581793,42.56475809933846,0.010875360593222359
15161,15201,1,5.0,0.8000000000000007,1.27443806198132,103.79666055940478,1.27680819120105,103.78970861437152,872.2597299818206,1.0,45.181614565793154,51.49204796996062,0.010849688452199756
59721,59501,2,10.671936758893281,0.4999999999999991,1.41153711897875,103.83367988105842,1.41289253257843,103.83810681040471,568.7733126554627,1.0,45.19029008741319,49.75962596130638,0.01084286607144861
60201,60261,10,44.390734812321234,0.20000000000000018,1.32933888886,103.8683861111429,1.33132471594343,103.86891794930561,216.86468249485236,1.0,42.664852438902045,45.0,0.01079826291632565
77339,77279,2,13.725490196078432,0.3000000000000007,1.3780301775267,103.93278653475954,1.38079641020594,103.9346621770568,422.2291500257058,1.0,40.87866335194275,45.77705514713947,0.010778494386224184
08138,08058,1,5.714285714285714,0.5,1.3004785730821,103.84184700607595,1.2989583431631,103.84654115271174,597.2747730210508,1.0,35.57198896051159,41.08058992619418,0.010770316087301338
75079,75089,2,16.126482213438734,0.40000000000000024,1.34858249441921,103.9370121634589,1.34977145890473,103.93404731779178,285.829574289415,0.7145739357235371,25.85212576490536,27.01200100939814,0.010714154266959085
14041,14051,4,30.558823529411764,0.39999999999999947,1.2732727805917,103.81247079301698,1.275847,103.815157,428.12090988981515,1.0,46.35670581488283,48.318347105392334,0.0107051209926948
85071,96071,1,5.0,0.40000000000000213,1.33407653133395,103.9498516702887,1.33552793998608,103.9532750845244,459.50397164659853,1.0,30.812180777084166,36.88291591454565,0.010683747005115188
47759,47649,1,7.5,0.20000000000000018,1.439225,103.805645,1.43909453192901,103.8036760000029,139.79775185900775,0.6989887592950381,24.999999999999996,30.413186928216493,0.010679289101125347
49101,49111,3,17.09090909090909,0.2999999999999998,1.43019265139167,103.75584633886155,1.43245972200669,103.75543333298812,307.8332495650432,1.0,45.198537127000606,49.88994649886875,0.010667246546346184
63179,63169,1,5.454545454545454,0.39999999999999947,1.35999305129204,103.87393532776181,1.35703664863271,103.87567788589342,212.47551406572626,0.5311887851643163,37.30021295901669,45.61474399250541,0.010662026609240958
65209,65341,1,6.0,0.39999999999999947,1.40040560689368,103.90387509832152,1.40194694990354,103.9009230492748,489.65854714136935,1.0,30.52526707986442,35.304479216400495,0.010643348136381348
47611,47621,1,8.571428571428571,0.5000000000000004,1.44388706173517,103.80622284389754,1.44689218119453,103.80982770058664,480.92399678707653,0.9618479935741522,40.603325183488955,45.153709957073616,0.01063692986969842
59072,59069,2,20.0,0.40000000000000036,1.42939861,103.8354664,1.4259095,103.835307,416.309740869694,1.0,37.553489899923676,39.526713010258874,0.010634698378499322
62011,62021,9,53.05283419710664,0.20000000000000018,1.3421349999944,103.88345100001618,1.3436889743392,103.8825074871872,335.5703433012388,1.0,52.48520573093731,55.3993821114387,0.010634390274525358
47521,47491,1,7.0588235294117645,0.30000000000000027,1.43165346145517,103.79813585749302,1.431049,103.8005965,195.92688508641976,0.6530896169547319,25.726766027944286,29.543380743636025,0.010633751608119645
59299,59449,1,7.5,0.40000000000000013,1.41910065823939,103.84101934062127,1.41552972203074,103.83953916700452,562.3879676904016,1.0,28.629859867428145,31.855323058091933,0.010609919984380937
55199,55169,2,8.0,0.2999999999999998,1.3795247679563,103.8426631996752,1.38123639226093,103.84100233602071,201.88124181799918,0.6729374727266644,25.0,28.105557955901286,0.010607637259303181
84339,84429,2,8.251748251748252,0.40000000000000013,1.3289,103.930777,1.33222526253562,103.93014326693238,369.68617305804986,0.9242154326451244,24.909076585709926,27.07595273028867,0.010604707015175897
13051,13063,2,10.158730158730158,0.39999999999999947,1.29334305906356,103.8263656209055,1.29534692836828,103.82964309110659,457.6769641584539,1.0,34.20662640607982,37.55185684540061,0.010582390775908975
13101,04339,3,13.832775919732441,0.3000000000000007,1.29414162678811,103.84231209757696,1.29221099996741,103.84500500002959,408.3149620928455,1.0,33.852951602834466,37.05014583507529,0.010578233644954525
61111,61061,1,5.0,0.6000000000000001,1.3354995,103.872035,1.33268166698419,103.8682283329788,326.03434078446827,0.5433905679741137,30.40827028105914,34.05137217809857,0.010555194464917645
23041,23051,3,20.27621483375959,0.20000000000000107,1.33334088691759,103.69055967203332,1.33168972198862,103.68928138898715,265.5671292652223,1.0,53.738518657619224,62.477037315238434,0.010554765285815363
81211,81221,3,15.05982905982906,0.3999999999999999,1.31904666371972,103.88666750777982,1.31976331280568,103.89015111975269,398.0461170575565,0.9951152926438915,36.65671230598602,39.16686941315456,0.010531944620188879
21751,21631,2,7.926829268292683,0.3000000000000007,1.33089333300685,103.72480472198433,1.33363626085559,103.72493610114242,323.6228074153538,1.0,33.65414013055688,39.547736664994694,0.010530306885522677
96049,95909,3,13.270334928229666,0.2999999999999998,1.3408744614671,103.96143293297968,1.33849391556302,103.96049907137146,265.9938455396589,0.8866461517988634,40.15841648551563,44.925559240386065,0.01051940618131186
59081,59321,3,23.13986013986014,0.40000000000000036,1.42371474872973,103.83164666791833,1.42004673882783,103.831802328761,527.2312882982861,1.0,28.52463082859206,29.48022757330152,0.010518274933772094
90021,90041,3,10.718325791855204,0.2999999999999998,1.29717611,103.8712881,1.297196,103.873691,277.89875122020237,0.9263291707340084,33.264832364950955,37.32402012356536,0.010512683618028991
42109,42089,4,23.991410887962612,0.5,1.34338694,103.7768419,1.34007090936874,103.77941451542826,963.2176514755874,1.0,52.936190157070016,55.508770055498076,0.010502202276229338
84591,84431,1,7.5,0.40000000000000036,1.33774805557922,103.94699472223161,1.33513644378005,103.9502227306511,285.9516384947744,0.7148790962369354,36.86310468545982,42.324776358486886,0.010501715826455664
18081,18061,1,5.217391304347826,0.20000000000000018,1.29478519265463,103.78733754155819,1.29671588928647,103.78738045694247,256.44513160012394,1.0,25.884421295727076,35.00000000000001,0.010499319377674772
41101,41111,9,41.15284715284715,0.3999999999999999,1.31908138967253,103.80921733406133,1.32081170217365,103.81185140010722,330.08804356528884,0.8252201089132224,59.688486693297264,62.04540886652103,0.010476227034816788
55011,55021,2,10.31578947368421,0.5,1.382262,103.835704,1.3857011784032,103.83872706499656,528.1788620337963,1.0,41.79444788879975,45.649417151202705,0.010421723938187974
90051,90061,2,6.968325791855204,0.2999999999999994,1.29765944,103.8791731,1.2981225,103.8824094,344.1918103764987,1.0,34.74996453838489,42.00819323932671,0.010394221836568693
43731,43741,1,4.8,0.3000000000000007,1.34630310628015,103.75421605015862,1.34650419288551,103.75185667801935,202.56844953432582,0.6752281651144179,28.01397866781485,35.113142262824766,0.01039262332275976
14299,14389,1,7.0588235294117645,0.40000000000000213,1.27488820445716,103.82127132943862,1.27428160509375,103.82500895193466,448.1374410180523,1.0,31.2318764744686,35.28346099518473,0.01038120965351862
25511,25811,1,6.315789473684211,0.40000000000000036,1.32981500001918,103.64080472198735,1.3319345,103.642835,265.6168722800793,0.6640421807001977,39.77373593932294,47.537226886492924,0.010373240762022973
11081,11091,6,26.207792207792206,0.40000000000000036,1.30851972202313,103.80258027799627,1.31219444050072,103.80367378215983,955.9083858849712,1.0,54.572821713480884,57.68742500544474,0.010371357456468588
58151,58111,2,16.623376623376622,0.29999999999999993,1.44835904274406,103.82201343608213,1.45096272310028,103.82075231895968,367.483550410222,1.0,32.309577361302324,34.63493858170804,0.010362993501553711
70149,70139,5,28.67603792088918,0.40000000000000036,1.33291249995394,103.88646305557553,1.33218202150261,103.88328460405727,339.0481027101071,0.8476202567752671,40.448639123644796,41.982153073640475,0.010358532810330614
55021,55031,1,6.315789473684211,0.6999999999999993,1.3857011784032,103.83872706499656,1.38944774212221,103.84360331162512,826.5245015007334,1.0,41.54647054390755,46.01908017267205,0.010342239965869476
22409,22429,2,17.454545454545453,0.40000000000000036,1.31014256556667,103.69741989860339,1.30725749703402,103.69908070609895,361.6336630083273,0.9040841575208175,34.30854835666941,36.145324057090704,0.010341182309874146
13119,06129,8,33.43061667546793,0.5,1.29425,103.832501,1.29078162052352,103.83440916705554,499.32736790518345,0.9986547358103669,44.171152761056845,45.41148125965945,0.0103358622568314
91051,91061,3,14.958730158730159,0.3000000000000007,1.30046470843446,103.88946922448878,1.30060777798346,103.89256694398647,221.97990202930023,0.7399330067643324,45.0,50.19749540336859,0.010325605639016798
67351,67341,4,18.666666666666668,0.5,1.38995158321899,103.89134430221003,1.38864779457077,103.89505169031366,412.21503531738824,0.8244300706347765,28.51820031278378,29.445717734238364,0.010308953779706347
92209,92309,2,14.23076923076923,0.3000000000000005,1.31101000002422,103.91147888898843,1.30827858622776,103.91268253327297,367.5239685686384,1.0,30.213847260895488,32.58927412284965,0.010299368034649932
01341,07371,2,11.282051282051281,0.29999999999999716,1.30647555600578,103.86452527798744,1.30950750000455,103.86350138902452,387.75177376449926,1.0,34.20303662160619,38.17532652903441,0.010296813227256209
26141,26151,1,6.0,0.3000000000000007,1.32668624650782,103.6402558570377,1.32452998769194,103.64252271521323,365.45397399915265,1.0,32.876105533289454,40.48876224952415,0.010294230418997543
43991,44061,7,40.47451963241437,0.1999999999999993,1.386207,103.7565,1.38792499938306,103.7553863903753,238.6929730925379,1.0,47.656052520687794,50.730063199316284,0.010292801598439686
50241,07249,1,8.0,0.2999999999999998,1.31724802771626,103.8572754498738,1.315368056,103.8594669,326.5841702091928,1.0,33.43427064895594,39.02831399550394,0.010288816575269815
18301,18311,1,6.666666666666667,0.3000000000000007,1.29738521493261,103.7809269856724,1.29743814797617,103.77792133383952,264.2146129808003,0.8807153766026657,25.043731727214237,28.743600480173615,0.010279597341554089
71031,71191,5,19.286356821589205,0.2999999999999998,1.33913918063035,103.8968074607421,1.34114100497371,103.89814797322435,265.62192135938204,0.885406404531274,34.74602772788512,37.028763415719325,0.010265561518495425
91061,91071,3,14.958730158730159,0.40000000000000213,1.30060777798346,103.89256694398647,1.30171305700998,103.89599084091456,446.04994574691875,1.0,44.211002647090055,47.83887153708672,0.010263488779984665
22411,22341,2,18.909090909090907,0.3000000000000004,1.34626796042608,103.70380100924208,1.34491616105023,103.70103326346653,382.87622879679907,1.0,33.52232986090732,35.68139251708059,0.010239556815207879
92301,92201,2,14.23076923076923,0.4000000000000008,1.30793535291547,103.9126288890594,1.31117244269722,103.9112378097299,366.8910706711814,0.9172276766779517,29.78769323179035,31.471796524983485,0.010225832747355473
03041,05131,2,7.636363636363637,0.3999999999999999,1.28179509394707,103.84893207391676,1.284073056,103.8453381,507.5097551380882,1.0,34.0998340354471,38.483245574802325,0.010203164330352467
48069,48059,3,11.909634551495017,0.5,1.41601156056508,103.80203473964005,1.41502109155627,103.79763214717948,489.6145460616982,0.9792290921233964,50.892697040863744,55.750711740560675,0.01019580172558278
59339,59549,2,15.0,0.39999999999999947,1.42273567302859,103.83378411194366,1.42313912325939,103.83052605711299,417.5280051881357,1.0,35.73627217167649,38.03484427136047,0.010146552147123372
65611,65601,3,13.454545454545453,0.5,1.41138059190012,103.9003025582472,1.407698056,103.89849,521.7519779632129,1.0,41.235914221459694,43.96706153336912,0.010134004468191512
28099,28379,2,9.23076923076923,0.5,1.344324,103.719266,1.345075,103.723997,384.6424677183412,0.7692849354366824,44.369093045469256,49.15483073482656,0.010127681445349052
78191,98111,1,5.217391304347826,0.3000000000000007,1.36488943048941,103.96176906896966,1.367282,103.964295,467.20689701226536,1.0,22.752618214727875,26.67996550711583,0.010126452473953704
06069,06049,2,12.115384615384615,0.1999999999999993,1.28623157720487,103.83496162445665,1.28474856880259,103.83517705055233,231.1246017079754,1.0,37.89198807621065,45.0,0.010100792357974666
05539,05519,3,14.3,0.3000000000000007,1.278515,103.8403219,1.27553472200739,103.84112694400494,416.7552811926975,1.0,37.21749907203429,40.78560425711379,0.010084186140803768
65419,65429,1,8.0,0.40000000000000036,1.39946209125417,103.91395382625832,1.39678724110144,103.912022758935,414.03011769554007,1.0,36.6951868805798,41.486508872496636,0.010071388341841257
53301,53311,1,12.0,0.5,1.348611,103.845924,1.34684500003106,103.84162388899554,515.231172966925,1.0,49.004080379496784,53.38653050069362,0.010050884700906197
52429,52439,1,10.909090909090908,0.30000000000000027,1.33630975081569,103.85712939407202,1.33825111098581,103.85541166702772,376.0027002987073,1.0,33.577348812333895,37.4347845001618,0.010043538994092943
85041,85051,1,6.0,0.3999999999999986,1.3264647104527,103.95116420801885,1.32956968334939,103.94880115987219,595.4639694095071,1.0,30.36263107342385,34.77767729179662,0.010034749142987553
93091,94011,5,16.760233918128655,0.40000000000000036,1.31398835332345,103.93157431388184,1.31438169513219,103.9351058006447,410.7017578909516,1.0,35.703417607201445,37.711497645378344,0.009998561362471075
61111,61019,2,11.11111111111111,0.40000000000000036,1.3354995,103.872035,1.33320166700854,103.86976166703383,225.72031763172748,0.5643007940793182,34.05801375446629,36.883972491067425,0.00999830295666473
28621,43691,6,31.561929119473877,0.5,1.342172,103.744076,1.34490189049397,103.74605567060456,312.5871022512775,0.625174204502555,49.882288090418555,51.508292583790784,0.009986924477496882
81111,81131,3,15.524475524475523,0.5,1.31860238558389,103.89211689790608,1.31431505362846,103.89221613925537,380.31796830840256,0.7606359366168051,33.92914449351369,35.476563348706215,0.009978847228187973
64179,64169,1,9.23076923076923,0.40000000000000036,1.37420776153231,103.91287632675001,1.37131499866835,103.91146527121292,375.47412113713557,0.9386853028428381,49.15238144449195,56.615974201913644,0.0099028971968403
33019,32089,1,7.5,0.3000000000000007,1.41920159190274,103.70215656491881,1.41681891211204,103.7010851003633,345.2120522516393,1.0,42.436539216460574,52.16331787065244,0.009886586830127093
52389,52529,1,15.0,0.20000000000000018,1.33972612917249,103.85808211459384,1.34132643517011,103.85733489917507,142.18628756419926,0.7109314378209957,34.12395992206511,38.44762943464336,0.009886549709019065
68081,68101,3,14.671936758893281,0.5,1.40559323576727,103.86681241814273,1.40378584520974,103.86344710129676,257.4057786286211,0.5148115572572421,52.339450514455535,56.30529972065048,0.009872228847654107
92179,92189,2,6.315789473684211,0.5,1.30803621256234,103.90349800941955,1.3047647219741,103.90592361097,445.33214117501274,0.8906642823500255,26.928187954984466,29.400447822255483,0.009861221021481854
46019,46079,3,25.42857142857143,0.3000000000000007,1.4386733329964,103.7741286109918,1.43886731397133,103.77691747568024,326.9415046285694,1.0,39.93716311063362,42.10527895426794,0.009835850953728987
33049,33039,1,7.5,0.40000000000000213,1.42621743469097,103.70543799603165,1.42329599233546,103.70408030420536,365.8347813445632,0.9145869533614032,49.44677828807101,59.005471126849656,0.009828550606938474
53129,53119,2,11.884057971014492,0.3999999999999999,1.34968057726521,103.83978033272378,1.347063,103.839451,328.30540032510623,0.8207635008127658,35.749273800729156,38.60164507183218,0.009825570344348613
67449,67419,5,20.471111812514796,0.2999999999999998,1.39203289077574,103.89307115004729,1.39451056390105,103.89388277014375,391.0756838431928,1.0,38.08148774524139,40.539971513368975,0.009779861047771485
32081,33011,3,9.346153846153847,0.1999999999999993,1.41744631606558,103.70120361125713,1.41959108645842,103.70222963088568,284.43967711960556,1.0,39.117952392813734,49.17533078532233,0.00977291918744904
66231,66241,1,8.0,0.20000000000000018,1.36994831751271,103.86438051938194,1.36890803491379,103.86562505721909,186.85238203429012,0.9342619101714498,21.70627884291192,25.000000000000004,0.009711390680050743
42221,42231,2,9.085714285714285,0.2999999999999998,1.339618,103.767643,1.34056805598593,103.7706058329681,334.3453980776901,1.0,32.972766881276655,37.36082866597509,0.009709149129712545
66129,66119,4,22.434782608695652,0.5,1.36149111,103.8680175,1.35683000003038,103.86812666696963,325.20736675287463,0.6504147335057493,44.26660601925827,46.02818801366472,0.00969827799734916
53221,53301,1,12.0,0.2999999999999998,1.34816840593896,103.8484543562104,1.348611,103.845924,335.91112056381303,1.0,31.95325829875125,34.959844488387745,0.009689280234959982
44471,44481,2,15.454545454545453,0.399999999999999,1.3804703714721,103.7480231565411,1.38184295668756,103.74495854313909,391.72837910508724,0.9793209477627205,25.182888419949048,26.21667236103578,0.009679722370978546
75411,75371,2,6.666666666666667,0.40000000000000036,1.35660663,103.9293749,1.35909826524265,103.93052373888251,477.6232032348763,1.0,42.352852746377586,50.042589198986605,0.00967515090893705
10231,10241,2,8.080808080808081,0.5,1.29041850946952,103.82788100149519,1.2906166672167,103.82362326803131,533.6411102071975,1.0,38.428124729498606,42.31160603398365,0.009650222206330798
63319,66109,5,32.72006754855052,0.5,1.369226,103.878124,1.369659,103.875269,331.4229165491835,0.6628458330983671,47.070178421279934,48.413311366353874,0.009642564770439904
63359,64399,4,24.686813186813186,0.3000000000000005,1.36936804895468,103.88779233654836,1.37121818386818,103.8892571932248,352.4948226338626,1.0,34.27633633501284,35.873569193490994,0.00962023181623845
04321,04311,3,14.415384615384614,0.3000000000000007,1.2921400077773,103.84303646191061,1.29464575337351,103.8439214229312,305.3177173087648,1.0,29.51383078260279,31.587235180117474,0.00961821115991123
60211,70361,1,5.217391304347826,0.40000000000000036,1.328541,103.870488,1.32859972197494,103.87346222198977,229.45399470551519,0.5736349867637874,38.428688790687914,46.645583551086226,0.009566543025962245
45091,45101,6,28.47451963241437,0.5,1.41421866753882,103.75523144616068,1.41863235748269,103.75457151987825,362.87132800111425,0.7257426560022285,60.45759719015032,63.01684547383307,0.009563817700965482
29139,29149,1,6.666666666666667,0.3000000000000007,1.30295846509397,103.75137448307609,1.301837,103.7486385,288.4899238666588,0.9616330795555271,33.15318178177293,39.39551145404239,0.009558830017411752
10291,11541,1,4.615384615384615,0.6000000000000014,1.29215855273858,103.81065866068086,1.29235984013148,103.80578500139798,343.3235935394848,0.5722059892324733,37.56100956463899,43.150010249871315,0.009549379466976123
84361,84311,1,5.714285714285714,0.29999999999999893,1.32936638901809,103.92462499999526,1.330067,103.927858,279.80238926322636,0.9326746308774245,31.728535975092363,38.53783286468796,0.009546587423198616
43021,43041,7,37.40436687495511,0.5,1.351354,103.7698661,1.355809,103.768503,678.9545915318809,1.0,52.07834778770615,53.49615291475527,0.009517636317041186
68119,68059,4,21.304066658375824,0.2999999999999994,1.402186,103.872168,1.39978638898633,103.87243527803194,286.99728739096827,0.9566576246365629,24.776149352680232,25.72231119445222,0.009488671199509356
54319,54531,2,11.466666666666667,0.400000000000001,1.36205969144532,103.85305482306448,1.35839974282084,103.85132688003488,458.76785903666485,1.0,40.52825995540813,44.236221144031205,0.009486289633238332
96281,76061,2,13.058823529411764,1.3000000000000007,1.339714,103.94825,1.3482019444416,103.94189805552267,686.7540630825735,0.5282723562173639,59.221839079892085,61.2438279225268,0.009464157143585223
27451,27441,4,17.846153846153847,0.3999999999999997,1.35128613677034,103.7041505569119,1.35032868767666,103.70079327483805,342.52182718641734,0.8563045679660439,36.69269830294584,38.56279234376944,0.009434522975506352
67269,67339,4,8.994307400379506,0.2999999999999998,1.386147,103.8951088,1.38648038153055,103.89269086108794,332.14776212343867,1.0,30.572748884792215,34.2294520563151,0.009428535778584496
25821,24709,1,6.0,0.5000000000000009,1.317492,103.652589,1.32089,103.649026,682.3338901829487,1.0,41.60817407887818,47.86439147292771,0.009424143414664889
25719,25709,2,4.444444444444445,0.8000000000000007,1.289014,103.624893,1.295671,103.627284,862.0584975196681,1.0,41.42488250548624,46.47896105226671,0.009333225502075033
53199,53189,1,6.0,0.3999999999999999,1.35754830843445,103.83899242953868,1.35496333303081,103.83681111097366,450.77372087757254,1.0,30.36857919329976,34.42560444045233,0.009313499681311935
64611,66499,2,11.5,0.19999999999999973,1.37837333826782,103.88445923003084,1.37912306945844,103.88326933020046,151.19337071460217,0.7559668535730119,45.0,55.0,0.009292929292929285
77241,77231,7,34.26985109833407,0.2999999999999998,1.37531331487507,103.940272636011,1.37670503142246,103.93844026085439,291.3308461903565,0.9711028206345222,38.10159148404809,39.459895650703544,0.009288197817191536
43621,43611,5,17.047630031138276,0.3000000000000007,1.34169275195642,103.75908187494267,1.3440783607984,103.75829172450743,315.87137676701263,1.0,48.696841200765675,53.41956191627279,0.009284882607123431
17329,17319,1,7.5,0.40000000000000036,1.30505055600585,103.76058388902574,1.30183915639239,103.76229972130764,401.51569321998045,1.0,46.70763311885584,54.58934865610472,0.009273554710916938
07241,50249,1,7.0588235294117645,0.29999999999999716,1.31557142083242,103.85900616698896,1.317187,103.857005,278.16266016967097,0.9272088672322454,31.182677655650252,36.11405604109187,0.009273255669812476
44861,44951,1,7.0588235294117645,0.40000000000000013,1.3866920101757,103.75877312173013,1.388313,103.761392,348.1345490911101,0.870336372727775,19.926390000836307,21.319225706106735,0.009257466598740353
96139,96149,3,12.967032967032967,0.3999999999999999,1.34646413372668,103.95585291875304,1.34448666696732,103.95318111098746,314.70710235944506,0.7867677558986129,39.71340820546967,42.7416823870653,0.009253521270875862
17259,17269,1,6.666666666666667,0.8,1.31092798217655,103.76746074010758,1.30513563161538,103.76274177899958,553.1293573784243,0.6914116967230304,43.56886825520709,47.12169837326802,0.009229452857522304
40021,40031,5,21.418569047052017,0.2999999999999998,1.311033889,103.8427911,1.31178509472011,103.84098359641321,212.41603632085963,0.7080534544028658,53.241686419283454,57.641041352218664,0.00921121856732235
10017,05012,2,10.31578947368421,0.5,1.27832046633393,103.83762574759974,1.28154583300728,103.84087722199499,410.3562565953727,0.8207125131907455,33.59392168661176,35.73581159602751,0.009202488095701275
96389,96319,1,6.0,0.19999999999999996,1.33316035695047,103.96219500000879,1.33311988623192,103.96095897791456,118.53718373408404,0.5926859186704203,27.59659906228483,34.99999999999999,0.009197904738920959
59501,59731,2,10.671936758893281,0.40000000000000036,1.41289253257843,103.83810681040471,1.4141292303869,103.84149524920335,399.17503635748704,0.9979375908937168,43.35656897051126,47.81663711165332,0.009183554166501094
16011,16031,1,5.0,0.8000000000000007,1.28277766355314,103.78186930413443,1.28800629048399,103.77846479413628,505.2999333513385,0.6316249166891725,36.95715376459371,40.379858654110286,0.009174156308037274
59521,58549,8,35.44249952945605,0.3000000000000007,1.44003661278482,103.83171080846517,1.442578,103.830142,298.33494476473487,0.9944498158824473,43.477037568035286,45.16545819159821,0.0091423928774589
90069,90059,2,6.968325791855204,0.40000000000000013,1.29795473961403,103.88258182953015,1.29757861,103.8791081,344.93483413873287,0.862337085346832,45.50435085128948,53.477204614196935,0.009132309383949795
44831,44721,1,4.8,0.19999999999999973,1.387891389,103.7657931,1.386786,103.764921,215.8680469092544,1.0,27.810143321972458,37.81014332197246,0.009129766754525447
44581,44181,4,25.48051948051948,0.2999999999999998,1.37532277779344,103.74031352986161,1.374452,103.74287,280.2950218476061,0.9343167394920209,24.651077335105356,25.398771601720906,0.009128616578928776
65191,65071,2,15.897435897435898,0.5,1.39527356921611,103.90539999997036,1.39845074063981,103.90416383740006,356.79564903118944,0.7135912980623789,64.64088957502224,69.82044478751112,0.009122200595522177
49039,49029,1,8.0,0.40000000000000036,1.41665386559511,103.75136638264014,1.41359128228018,103.75189550271323,336.13552671127337,0.8403388167781827,41.26500922483768,46.7580922988997,0.009110189587738701
23491,23481,1,7.5,0.3000000000000007,1.327885,103.677849,1.32791691676156,103.68174669439477,452.56657795844774,1.0,31.607365827830662,36.24333573487759,0.009105560015497154
34049,34039,1,7.5,0.3000000000000007,1.43837406233239,103.70802408979871,1.43659170251147,103.70811753153625,192.72241829305636,0.6424080609768531,45.0,55.00000000000001,0.009090909090909116
43579,43609,1,6.666666666666667,0.2999999999999998,1.35911715344895,103.75166771394562,1.3566605,103.750018,205.30609322754316,0.6843536440918109,30.41160576524784,35.27440384349856,0.009066030951714212
84551,84541,1,6.666666666666667,0.3000000000000007,1.32853887137542,103.9225201285922,1.32761801937398,103.92519155563974,285.8818299198018,0.9529394330660039,29.572963867814753,34.14592773562951,0.009057200795779307
77271,77331,3,14.558823529411764,0.2999999999999998,1.38058998439068,103.9349613837619,1.3782973982979,103.93338764757789,369.65743687768276,1.0,33.41955680132961,35.891112522917865,0.00899974773380538
64571,64371,1,9.23076923076923,0.3999999999999986,1.37811157042732,103.89296494237695,1.37453017,103.8928777,371.6088553596197,0.9290221383990526,36.29268037352485,39.81457891170719,0.008999399979853074
46271,46301,2,17.5,0.40000000000000013,1.44040195107982,103.78588806965098,1.44274264517274,103.78280019667034,453.4096069210791,1.0,39.3961498379156,41.495111862727086,0.00898776898272181
68101,68121,2,9.454545454545453,0.3999999999999999,1.40378584520974,103.86344710129676,1.40580853768965,103.85999518683653,394.41282438813136,0.9860320609703287,48.15316371399137,54.36438431022498,0.008973013050055214
74949,75349,11,69.9935080668423,0.3999999999999999,1.340276,103.936345,1.33811824869625,103.9339578151498,380.57847201119864,0.9514461800279969,49.74148859108719,50.54571119797953,0.008955522710464408
62099,62089,5,24.473684210526315,0.3,1.34412749517611,103.87562115587856,1.34383983323818,103.8782509427123,246.54650947800633,0.821821698260021,15.98194088337655,16.297250986188235,0.008888216383364584
75589,75599,3,23.846153846153847,0.2999999999999998,1.364117,103.945427,1.362446,103.943349,474.8833262719283,1.0,43.93656871239641,46.467611591626714,0.008868754054580576
01012,01112,6,26.988805346700083,0.5,1.29684825487647,103.85253591654006,1.30009212839081,103.85520027125814,443.36248937034566,0.8867249787406913,34.945750313953205,35.76473727171733,0.008842625707355785
59759,59749,3,11.570332480818415,0.3999999999999999,1.41755035688919,103.84631099997239,1.41499035691552,103.8443330000306,419.68167594301633,1.0,49.7743057935946,55.0,0.008834498909673187
16201,16011,7,33.141186299081035,0.3000000000000007,1.28130063164133,103.78410758834183,1.28277766355314,103.78186930413443,227.49565751479264,0.7583188583826405,44.29199675900246,46.106386689291824,0.008833515672587664
46931,46941,1,13.333333333333334,0.2999999999999998,1.45305389773625,103.80789928421208,1.45167306508663,103.80547695607456,334.4397926718347,1.0,44.47922168648153,49.31825145465813,0.008823754884431026
40341,40361,2,6.315789473684211,0.39999999999999925,1.3546236109849,103.73889587967264,1.35715418971956,103.74085618975258,393.11935654701733,0.9827983913675451,22.770021646080686,24.7302450068307,0.008794301171597801
65619,65629,4,14.945054945054945,0.5999999999999979,1.4115376363476,103.9000027461105,1.41645968650579,103.90252132088521,677.7301481936134,1.0,42.32568535382393,44.155330524285844,0.008778665496985237
10299,10287,5,20.40436687495511,0.1999999999999993,1.29233498466278,103.81146486767658,1.291914,103.813405,193.41661231813947,0.9670830615907008,49.189920358043594,54.999999999999986,0.008763879467713306
58119,58159,4,24.979020979020977,0.3000000000000005,1.45099925490468,103.82102323159111,1.44821708737482,103.82235611868522,467.36789007493434,1.0,36.66878138452371,38.311561162742194,0.008762936992053256
11031,11441,1,5.714285714285714,0.8999999999999986,1.29119666696879,103.80045500000118,1.29780416697573,103.79754055603178,459.48647539962303,0.5105405282218042,43.01484782544306,46.41185255874577,0.008750912029592347
42159,42079,2,11.31578947368421,0.3000000000000007,1.34036805329812,103.77530898996658,1.339255,103.776989,190.48416106026872,0.6349472035342276,35.28663870250699,38.7898041337445,0.00868838151409708
25099,25819,1,7.0588235294117645,0.29999999999999893,1.33392910725335,103.6449493341418,1.332495,103.64353,229.13455154956728,0.7637818384985603,28.355515273838137,32.08413639063285,0.008679084899816844
59479,59759,3,11.570332480818415,0.40000000000000036,1.42034812354505,103.84865147425622,1.41755035688919,103.84631099997239,434.4892129418316,1.0,34.9080844490148,37.35112683528972,0.00867175712365406
54081,54091,5,21.86049002543848,0.3999999999999999,1.36358972199933,103.84786694396756,1.36167975047647,103.85092799797833,464.5832570369707,1.0,56.69608657512899,60.06794375385684,0.008657514086359473
78251,78261,1,8.0,0.19999999999999996,1.37824090541171,103.9595522242097,1.37865831081472,103.9606174383779,118.98815049519463,0.5949407524759733,28.098847220720877,33.12188856518488,0.00863541355112035
22559,22549,1,8.0,0.2999999999999998,1.33465462202129,103.70101403397047,1.33463563122766,103.69795361380136,266.4705716227694,0.8882352387425652,40.54969612058453,47.474650379942744,0.008633338549946332
56011,56021,5,25.770334928229666,0.3999999999999999,1.36865,103.828321,1.372666,103.82843,484.46863893425797,1.0,51.74668443361672,54.09086329675791,0.008633052036047995
48019,45209,1,4.615384615384615,1.0,1.41047890324886,103.77547240613428,1.4099988110322,103.76653377102565,633.7131696335415,0.6337131696335415,55.92218925724669,62.43470106828649,0.008608871400616735
25129,25119,1,7.0588235294117645,0.3000000000000007,1.32994444402601,103.65226388900422,1.33212638903277,103.64991694402983,330.3919388885262,1.0,31.222930983885682,35.76221051004293,0.008608797300408876
47581,47571,1,8.571428571428571,0.3999999999999999,1.43464494959345,103.79352674536875,1.43349024051919,103.79639715585557,300.9480035372942,0.7523700088432357,40.97132805413804,45.6669225136604,0.008604427827428854
53081,53091,7,31.840264998159732,0.1999999999999993,1.36319303798878,103.82783467220469,1.36482025993725,103.8279237884758,157.3489889417657,0.7867449447088313,55.0,59.414784445872776,0.008603178973188259
28359,28349,4,27.23076923076923,0.3000000000000005,1.34388722199927,103.73119944403174,1.34255113741933,103.73318514055593,309.9843560736999,1.0,47.49486925323601,49.98973850647202,0.008584230958525027
71061,71071,7,49.305916305916305,0.40000000000000036,1.33901443022109,103.89506854137488,1.33638181561906,103.89785574766542,415.97081861834437,1.0,45.41728037098788,46.33317643410694,0.008584045642917747
82091,82111,1,5.714285714285714,0.3999999999999986,1.31264667096781,103.89411050584133,1.3161193086354,103.89379978179137,395.903919365188,0.9897597984129736,32.40698567634827,36.89326549605694,0.00857674634898186
63119,63039,1,5.0,0.1999999999999993,1.360591,103.886919,1.360036,103.885203,140.54063494393,0.7027031747196525,35.0,50.0,0.008571428571428539
18319,18309,2,6.666666666666667,0.30000000000000004,1.29752638901257,103.77813111102236,1.29752011664987,103.78134198615086,214.02899121603494,0.7134299707201164,25.709455093670016,28.892474376048412,0.008570213802106959
76119,76131,2,14.31578947368421,0.2999999999999998,1.35188664573357,103.94009028016603,1.35184112001279,103.94254133694142,324.4246346733726,1.0,31.457658365552835,33.56390251831346,0.008567348387467451
84421,84331,2,19.615384615384613,0.2999999999999996,1.33232270053889,103.93032045625178,1.32898829919632,103.93099993868753,369.4482815480806,1.0,24.88082172937267,25.809662499090084,0.008511621589749382
25381,25061,1,8.0,0.3000000000000007,1.32556305598951,103.64739583301906,1.32758500003063,103.64528750001706,262.1449218230769,0.873816406076921,34.917546512434356,39.851077509775095,0.008509133043689533
64121,67079,6,36.70150901729849,0.30000000000000027,1.37974139718092,103.87650111729936,1.38256500000442,103.87673500001087,376.15896306977714,1.0,48.75591496139908,50.66331493441848,0.008502096588240906
80291,80301,2,8.937931034482759,0.39999999999999947,1.3195596877041,103.87229334189442,1.31643329020681,103.87348616263843,356.98272646962096,0.8924568161740535,44.36279735454988,49.581274015164276,0.008482114500729467
84459,84539,6,33.18681318681318,0.20000000000000018,1.336324,103.918288,1.3350342184363,103.91851751540032,260.4185193186904,1.0,55.0,59.15582629469025,0.008477986455739763
26121,26111,1,6.0,0.40000000000000036,1.31736840181558,103.65136419209274,1.31464305600075,103.6542583329887,428.17301073697365,1.0,39.17149719739537,45.44667631442231,0.008459896892769714
21511,21521,1,6.666666666666667,0.40000000000000036,1.3331199693958,103.71107697488075,1.33413893275864,103.71458530428906,431.41047088696143,1.0,31.14922870724737,34.54987189215926,0.00842628335064006
64351,64361,4,27.690402476780186,0.3000000000000007,1.374811,103.888082,1.37634509209583,103.89054894445846,422.1712869251028,1.0,41.30629385496251,43.10751814465502,0.008403284511680771
97101,97111,1,5.714285714285714,0.2999999999999998,1.36321195503241,103.96739806471844,1.36331111102284,103.97038833297182,213.73564028389626,0.7124521342796546,36.86951191137251,44.99999999999999,0.008400786002030662
28401,28531,6,29.59934183463595,0.30000000000000027,1.3506545513673,103.71861401513462,1.35006115514965,103.71652940446651,245.62937139040474,0.8187645713013484,26.45818509067343,27.137174311077487,0.008397335673620146
18309,18239,2,6.666666666666667,0.2999999999999998,1.29752011664987,103.78134198615086,1.29678943404486,103.78318782626637,218.3558673984603,0.7278528913282014,24.999999999999996,27.928244637393878,0.008387908872649086
25269,25251,2,7.0588235294117645,0.3999999999999986,1.34777150726774,103.63746924027154,1.345284,103.640183,337.88150500498165,0.8447037625124572,50.14617319492784,58.92043861893431,0.008384927586162442
54359,54251,2,7.0588235294117645,0.40000000000000213,1.37615334768079,103.8499921086812,1.37689002832989,103.84617199453344,469.16414808285623,1.0,37.072607328299675,41.654432252202724,0.008377538950804984
01059,01119,7,36.31795397584871,0.1999999999999993,1.30075679526626,103.85611040457583,1.2996041093804,103.85512934079571,204.40640795910932,1.0,32.77366162151135,34.06048082943869,0.008373232769617173
27419,27429,3,14.671936758893281,0.5,1.34575472199235,103.6928200000021,1.34286500004293,103.69555805555355,343.64504301298837,0.6872900860259767,27.759176811978588,28.66328153353121,0.008335731082403609
06071,06081,9,42.301104158998896,0.20000000000000018,1.28685859481289,103.83360028266564,1.28837086415387,103.83349881780524,154.6138263535139,0.7730691317675689,45.0,47.0830625251029,0.008317767708420047
65159,65209,2,14.571428571428571,0.39999999999999947,1.39856872266182,103.90665292741664,1.40040560689368,103.90387509832152,440.4309364714863,1.0,32.77530275058304,34.379976774168014,0.008300354755208482
20239,20219,5,27.666666666666668,0.19999999999999996,1.32246879634748,103.73947011845992,1.32205689998871,103.74143326706027,251.03922400888376,1.0,33.254573498923435,35.0,0.008297914819877964
77141,77131,1,9.23076923076923,0.19999999999999574,1.37380309020358,103.9452981948771,1.3755835643888,103.94652128223,251.24590044342952,1.0,29.933787951321293,34.585818975822974,0.008295656292020642
10249,10239,2,8.275862068965518,0.5,1.29088138899671,103.82407777797806,1.29060688839488,103.82865297447873,487.2148038577852,0.9744296077155704,40.45160728454866,44.02033707527359,0.008292925584521268
49151,49171,2,11.168831168831169,0.29999999999999893,1.43666749998525,103.74684027798631,1.43471927034855,103.75086631663139,617.5754810720135,1.0,41.87453952917423,46.702456771259655,0.008271780973173359
66391,66401,2,12.121212121212121,0.2000000000000015,1.351021,103.86481,1.34937635159369,103.86604085565898,194.52110891418948,0.9726055445709401,27.430380467137542,30.260434858987168,0.00826539919081842
20129,20179,1,6.666666666666667,0.1999999999999993,1.32034555007728,103.73754105423453,1.32000211967899,103.73910069465363,174.7625315785284,0.8738126578926452,22.793805547326013,26.53957544984487,0.008255987412039874
45291,45321,1,5.217391304347826,0.8000000000000003,1.3909225,103.745081,1.397347,103.747665,443.6891934168251,0.5546114917710312,41.05249771903942,44.671506910400865,0.008236882952999125
21761,21751,2,7.926829268292683,0.3000000000000007,1.32831333299986,103.72476805601295,1.33089333300685,103.72480472198433,339.9036294498643,1.0,42.76564687227099,50.18339334263867,0.008219353792708968
52501,52131,1,5.217391304347826,0.6999999999999993,1.33090220918791,103.85011762889827,1.33220703637711,103.84419754508008,615.2798365118101,0.8789711950168725,38.7912724290531,42.495001036897776,0.00820575859675941
51101,52071,7,37.770334928229666,0.8000000000000007,1.32753637537789,103.83724817699014,1.329978333,103.8438753,1451.5913418724606,1.0,67.17520388329754,68.4212679704473,0.008191833014651557
70181,70191,9,56.153320907767366,0.1999999999999993,1.32886177068404,103.88691723349123,1.327333,103.887875,225.87967790734174,1.0,33.041915788682445,33.856501119579384,0.00817776699051754
43829,43819,1,4.8,0.2999999999999998,1.35685805598526,103.767370833003,1.358156,103.7651,189.99422417813122,0.6333140805937711,31.66720569429493,38.606523662437056,0.008173514543645762
25479,25499,1,6.666666666666667,0.5,1.33552805597987,103.64162972197275,1.33874972198024,103.63823777800012,549.4424318413904,1.0,37.799100980122006,41.65996106251064,0.00817264205308441
83321,83329,1,5.714285714285714,0.3,1.32168778524368,103.9136543376456,1.32198642679896,103.91379833222052,168.78100332952712,0.5626033444317571,30.0,35.0,0.00816326530612245
53291,53179,2,16.8,0.1999999999999995,1.35231394964571,103.8371139764859,1.353043,103.835842,168.2299437419902,0.8411497187099531,27.295971127412805,29.234676290862396,0.008163082860955264
10229,06149,3,12.891246684350133,0.3000000000000007,1.29052137840164,103.83178189529583,1.28984045728104,103.83411526676929,267.39102632099053,0.8913034210699664,32.802970286808545,35.227539303228696,0.008114378207440357
21391,22481,1,3.5294117647058822,0.4000000000000057,1.34485064221938,103.70847936082643,1.3424622384747,103.70554089546958,330.69012912276025,0.8267253228068889,29.68552549035334,35.78757011306021,0.008108877628193333
65141,65431,7,27.757586273375747,0.19999999999999996,1.40454805557377,103.89716388800268,1.40238938083661,103.89673562171807,327.4282840099727,1.0,37.56029795617804,39.73822676977554,0.008100612578760795
96351,96391,2,7.252747252747253,0.2999999999999998,1.33529647913206,103.97039204168856,1.336856,103.967921,392.6660141356718,1.0,25.570825226805454,28.251378597950033,0.00807353751316215
46719,46729,1,8.0,0.3999999999999986,1.45490953729339,103.80106314214777,1.4521571470745,103.80223070821165,243.07538799134133,0.6076884699783555,43.12695202319175,48.38192595149914,0.008059138620759791
42201,42211,2,9.085714285714285,0.1999999999999995,1.33939353535638,103.76383096590918,1.33974260070464,103.76559520495253,197.08765112983906,0.9854382556491976,35.0,41.41988159234526,0.008047096177523338
63019,62149,6,32.96993464052288,0.2999999999999998,1.35347964311763,103.87800141702434,1.35169173270668,103.87595332312252,371.82045307680784,1.0,36.891459928271516,38.0275466820221,0.008009892487260046
83279,83269,1,5.454545454545454,0.19999999999999973,1.3188308339316,103.92510530820441,1.31895097253228,103.92346501346623,225.98128341479625,1.0,23.384586509758172,28.23082698048367,0.008008298001288272
49049,49039,1,8.0,0.40000000000000036,1.420040467845,103.75074630835057,1.41665386559511,103.75136638264014,407.9233502562907,1.0,44.03048217704649,49.480925114715944,0.008005538000335028
57121,57131,5,32.935064935064936,0.5,1.43345083292583,103.82631132424072,1.43808413802489,103.82529753316932,663.2458801143381,1.0,42.88649203959608,43.797569363582056,0.007987543435328974
75551,75571,2,13.714285714285715,0.30000000000000004,1.366268,103.943413,1.36378,103.943296,195.84837727913225,0.652827924263774,35.0,37.54961976933578,0.007981716123341398
17021,17381,5,22.77777777777778,0.3000000000000007,1.29673702633957,103.76691201794645,1.29907638900012,103.76686444402534,186.71447176316232,0.6223815725438729,39.802651844295426,41.73743185389535,0.007958412891494326
66359,62179,1,5.454545454545454,0.3000000000000007,1.35080698547823,103.87328604946424,1.348559,103.874826,343.54215762041576,1.0,27.253091192437573,31.417249870804895,0.007958352191898308
29021,29031,2,13.333333333333334,0.40000000000000036,1.31267499889159,103.73450231627747,1.31653138767966,103.73538661201253,453.3447574461551,1.0,38.14706745525298,40.446759912401674,0.007949203119066873
98171,98181,1,8.0,0.2999999999999998,1.38209408212027,103.97466838363384,1.38434111832012,103.97345066073454,263.4548631301452,0.8781828771004846,37.95625658234033,43.39436274032413,0.007923959263256494
54331,54391,2,10.615384615384615,0.5999999999999999,1.36719473720813,103.85056845375878,1.371548,103.848298,536.1713413957198,0.8936189023261998,33.51383026999101,34.969269830606265,0.007909891563778727
27431,27351,1,4.615384615384615,0.6000000000000014,1.349874,103.697454,1.34423200986065,103.69613170622605,547.1848330898716,0.9119747218164507,30.87700193468572,33.86349690963462,0.007909590660603701
33011,33021,3,9.346153846153847,0.3000000000000007,1.41959108645842,103.70222963088568,1.42179012512071,103.70324459408172,280.7507923368054,0.9358359744560157,43.50404260286899,49.576783436747895,0.007894615188762999
11311,11321,3,12.008898776418242,0.1999999999999993,1.31989638898836,103.78918694402276,1.32123138902898,103.79010361098513,245.37648729431785,1.0,44.99999999999999,52.76172870894606,0.007851635113097779
51051,52241,1,4.615384615384615,0.39999999999999947,1.33635352726982,103.83707802024655,1.33804611111505,103.8389949999753,286.44587414678915,0.7161146853669738,30.46891291711263,34.99999999999999,0.00784413924550087
72079,72069,4,28.887218045112782,0.29999999999999893,1.33201510811169,103.91201112281274,1.33150994155892,103.90977961908514,341.4613009404697,1.0,37.02902237455753,38.31243377981068,0.007839906465420356
59621,59199,2,8.225108225108226,0.29999999999999716,1.43416283001882,103.84410555917717,1.43609553700432,103.84224938363205,386.20268170755816,1.0,27.414650061363496,30.030348298867235,0.007839844335684302
23259,23249,1,6.315789473684211,0.5000000000000004,1.31139556205987,103.6836649596919,1.30990348653039,103.67948846644917,520.894633810089,1.0,44.67510951454571,50.210207275059346,0.007792293556199644
72061,72071,6,28.714285714285715,0.1999999999999995,1.33177922756641,103.9098393917043,1.33219165087886,103.91184110459187,146.08241133585344,0.7304120566792689,39.05886794605151,41.23547178420602,0.007760983928256923
11299,11301,1,3.870967741935484,0.2999999999999998,1.31826975603165,103.78558843680226,1.31803972093441,103.78790067716272,199.69868632465815,0.6656622877488609,36.91487715362186,48.99305318631047,0.007755436197819513
46611,46621,4,17.936374549819927,0.30000000000000004,1.42923412810157,103.77760584579323,1.42955535916481,103.78064562823636,333.07359105189937,1.0,24.924878803004024,25.851995252989155,0.007742176775078429
82129,81199,4,12.0,0.5999999999999996,1.309501,103.896589,1.308682,103.890231,547.6421294592533,0.9127368824320893,36.75445528893664,38.263850394526244,0.007727460134034981
01029,04167,3,18.514285714285712,0.5,1.2966729849642,103.85441422464267,1.29250006522444,103.85145315468638,579.7555271704949,1.0,34.031097767883494,35.02604498741496,0.007726982856404643
06151,06141,3,12.696192696192696,0.40000000000000036,1.28870976841461,103.83737276969174,1.28963300933974,103.83381241921823,410.65666282706235,1.0,33.18027653316605,34.94241412261159,0.007718633223079829
77071,77081,1,4.0,0.30000000000000027,1.37810945408117,103.94127900809487,1.38026998386867,103.94265250854711,189.0662957163662,0.6302209857212201,33.04157083105399,41.95842916894601,0.0077181498516131234
43051,43061,7,37.40436687495511,0.3000000000000007,1.35910148170791,103.76705036241354,1.36301133873589,103.76739148459211,895.3304946447406,1.0,57.898103079322624,60.285336143163434,0.007674716851980096
26461,26311,2,7.0588235294117645,0.29999999999999893,1.29946472196917,103.62876777798095,1.302461,103.6298305,362.6783494874887,1.0,41.19883846238268,48.39107447545,0.007639541113664251
25501,25531,1,6.666666666666667,0.19999999999999996,1.33379055380717,103.6436358584241,1.332349,103.645156,264.65902805212914,1.0,29.678253625333063,35.75167204170367,0.007631980269323637
42089,42149,3,21.07142857142857,0.5,1.34007090936874,103.77941451542826,1.33607426889198,103.77862313710679,727.705966534451,1.0,56.36496316520656,58.762693153243305,0.007626992869226558
57119,57089,3,15.214285714285715,0.3999999999999999,1.43130257113028,103.82688773076856,1.42740500891774,103.82685672676006,408.3616889013273,1.0,37.38089874623816,39.216851550991656,0.007621678213391221
18179,18159,1,3.4285714285714284,0.5,1.29988107543841,103.79304547568137,1.3003468994065,103.78858368998314,404.4726413605044,0.8089452827210087,28.624232075540498,32.79587058454349,0.0076179280330995625
76401,76181,1,17.142857142857142,0.2999999999999998,1.35501333299594,103.95086166698833,1.35384110037439,103.95308027923268,198.73413846977866,0.6624471282325959,28.723928948153155,30.0,0.007615777000921883
43511,43379,1,6.315789473684211,0.40000000000000036,1.34497394208663,103.74849870531534,1.34716553724092,103.74518662694207,478.2818308814125,1.0,31.860573446663473,35.240337400124695,0.007604669776531719
01013,01112,5,17.533180778032037,0.30000000000000027,1.29770970610083,103.8532247463225,1.30009212839081,103.85520027125814,352.93574971694574,1.0,33.60227660580863,35.31637501724659,0.007597538254225173
67401,67101,5,23.454545454545453,0.5,1.39290842289238,103.89531738456282,1.39143144034973,103.89956953538392,634.6724820990551,1.0,41.610759422344685,42.761102052573214,0.007581754333464986
25339,25329,1,5.714285714285714,0.39999999999999947,1.32018179763398,103.65396888287178,1.31779138900842,103.65646249999054,323.52838792850775,0.8088209698212704,42.754419284804584,49.77777844071345,0.007543107515673583
46861,46871,2,13.358070500927642,0.30000000000000027,1.43515578551993,103.79998340500156,1.43679116597713,103.80176512304321,304.66049249770765,1.0,21.140727060791242,22.014105393979257,0.0075204952115456615
25231,25221,2,7.0588235294117645,0.5999999999999996,1.3386865,103.647331,1.335143,103.651045,454.13106530282994,0.7568851088380504,53.68392926099687,59.340412284372675,0.0075203007352314
21551,21771,2,7.926829268292683,0.29999999999999716,1.3266610431866,103.7209862100987,1.3266,103.723626,366.29642232497906,1.0,27.888934704126925,30.585801813858943,0.007518453363176743
52411,52451,3,13.374613003095975,0.5,1.328301,103.853806,1.3253199216809,103.85731928602708,494.9375015306838,0.9898750030613676,23.20719743325147,23.828644976505714,0.007515080907125645
01529,01519,6,32.51803751803752,0.20000000000000062,1.30041667676526,103.86044115259938,1.29907492488417,103.8589102973441,222.69399194964245,1.0,27.118027313252867,27.99345607042609,0.007499987138783534
43839,43649,4,19.57142857142857,0.29999999999999805,1.36527346533705,103.74824970624866,1.36545844046425,103.7506020069351,304.5866877973505,1.0,28.81293778106684,29.913639527902426,0.007498193439810242
54611,54071,3,10.69165885660731,0.5,1.36489470522366,103.84057417396242,1.36433664907741,103.84490672378502,503.573986425802,1.0,39.137085578772535,41.4080018739648,0.007491063316051032
47629,47619,1,8.571428571428571,0.40000000000000036,1.44667808186871,103.80985736845511,1.44430697551185,103.80713784459924,322.8972071267617,0.8072430178169036,44.980434387659955,49.85144129521262,0.007447844195077882
65609,65619,3,10.31578947368421,0.5,1.407746111,103.8981261,1.4115376363476,103.9000027461105,407.00351899328234,0.8140070379865647,42.759793649792535,45.56671646085937,0.007430526878660817
25691,26101,2,4.444444444444445,0.30000000000000027,1.328519,103.639669,1.326868,103.638144,284.4801396792809,0.9482671322642688,36.49591843406105,45.79803645856789,0.007420436044109402
52539,52371,1,15.0,0.2999999999999998,1.33991805598004,103.85386250003322,1.33992964917756,103.85651585657361,270.6628267740807,0.9022094225802696,30.375835149382986,31.972985052958244,0.007400256644171959
21699,21689,7,39.96092796092796,0.19999999999999996,1.341617,103.712315,1.34241984576482,103.71442338427325,331.8355235580906,1.0,47.139775231361455,49.2795504627229,0.007361722990253064
67769,67371,1,6.666666666666667,0.3999999999999986,1.39607378603056,103.88766378607079,1.39259972198676,103.88713972197542,445.26963736338905,1.0,27.27693772419674,29.497927424096233,0.007360853289319931
26161,26171,1,6.0,0.3000000000000007,1.32238325656852,103.6448005401494,1.32013250000852,103.64712138903367,364.5345176473749,1.0,39.833674006390424,47.55904437373989,0.007340207381442604
64401,67501,1,8.571428571428571,0.5999999999999979,1.37839309319848,103.9032366204475,1.38354973187936,103.903650012666,570.2609909795679,0.9504349849659498,40.251445764911736,42.69565678939087,0.00731438770172396
82259,82249,1,5.714285714285714,0.39999999999999947,1.303918,103.900094,1.307375,103.898635,452.21889950530976,1.0,33.08599116517139,36.996764525519154,0.007302586264748008
26151,26161,1,6.0,0.3999999999999986,1.32452998769194,103.64252271521323,1.32238325656852,103.6448005401494,358.8213422878521,0.8970533557196334,35.341261912695586,39.59872449416082,0.007301277106693676
16049,16039,6,34.93793103448276,0.1999999999999993,1.28910696351866,103.77738952047318,1.28799020188116,103.77872029260048,175.51332762851442,0.8775666381425752,32.17380270766847,33.291363033276085,0.007290615312772036
46619,45599,1,3.4285714285714284,0.39999999999999947,1.42907407993851,103.77775112537243,1.429146111,103.7745339,383.11294052637004,0.9577823513159264,26.837272594389674,31.288270232831163,0.007269601849107476
23269,23259,2,14.31578947368421,0.2999999999999998,1.312406285462,103.6857799047387,1.31139556205987,103.6836649596919,331.12527877440243,1.0,50.32453074334749,54.99999999999999,0.007254698029361226
70119,70109,7,41.43427967913094,0.3999999999999999,1.33075033509776,103.8777335022986,1.32946242383323,103.874037265782,377.77812844112304,0.9444453211028079,48.33008810662844,49.3742863064027,0.007252442708491536
71201,71211,3,16.28205128205128,0.2999999999999998,1.32612447781531,103.89795152582765,1.32546235545492,103.89525403753592,283.36399470257624,0.944546649008588,30.689473722833583,32.149640222906086,0.007228816410323163
53091,56011,4,17.770334928229666,0.40000000000000036,1.36482025993725,103.8279237884758,1.36865,103.828321,429.90266773251426,1.0,48.239648623398125,50.724580345415674,0.007218508402897592
11579,11589,1,4.615384615384615,0.09999999999999964,1.29256489056942,103.80303321252237,1.292991881006,103.80400524995773,79.13333621392579,0.7913333621392606,16.948212201266934,23.051787798733066,0.007210472420510976
83121,83131,1,4.8,0.40000000000000036,1.31260836391216,103.91063424326731,1.31631138897106,103.90907722199168,429.4313166913024,1.0,30.156851981840177,33.99550499591702,0.007189067880244932
01012,01113,5,25.082375478927204,0.6000000000000005,1.29684825487647,103.85253591654006,1.30117297541547,103.8561140106393,582.9156508797744,0.971526084799623,34.95873798238739,35.552284434482786,0.007187061657277895
58011,58021,5,32.935064935064936,0.20000000000000018,1.44135611418225,103.82418746836298,1.44324136994568,103.82367863032862,231.87436401326934,1.0,45.16420069429544,47.50407343657201,0.007183822245540453
25349,25339,1,5.714285714285714,0.20000000000000018,1.32159222133434,103.65248184445197,1.32018179763398,103.65396888287178,249.95226154763412,1.0,36.48422678634836,47.3249779471969,0.007175559265660859
23119,23109,1,5.714285714285714,0.20000000000000107,1.32467561470377,103.68847743952205,1.32468138902865,103.69068388898825,310.16659712336417,1.0,33.015791118984396,41.64515320184452,0.0071727297290460415
52169,52159,2,13.454545454545453,0.20000000000000018,1.34013183349101,103.84465978021645,1.33810803464351,103.84385638188928,182.3267010101566,0.9116335050507822,29.795544366987095,32.357909137601496,0.007151682159889677
52389,52531,1,5.0,0.39999999999999947,1.33972612917249,103.85808211459384,1.3397645,103.854501,446.2815162805039,1.0,26.62060749694649,29.40892298026283,0.007123194843855975
23149,23139,1,5.714285714285714,0.1999999999999993,1.32683034567488,103.68416474851742,1.32517166702255,103.68414777801725,224.53993923234881,1.0,28.69182634118551,34.937186249203286,0.007120382092438774
67299,67309,4,8.994307400379506,0.2999999999999998,1.38683575602542,103.88973216030708,1.38813799869207,103.88759103191384,227.52389919048068,0.7584129973016027,38.49573589470205,42.84724480374278,0.007118579363185713
66531,64491,1,4.615384615384615,0.5,1.37519277744949,103.87488352078606,1.37513027801163,103.87905166700338,522.9572110226661,1.0,21.42222355587925,22.937450006962383,0.007116160968994541
65691,65711,1,5.714285714285714,0.2999999999999998,1.420151,103.911959,1.417097,103.91168,350.0982608361731,1.0,25.078148022607813,27.990223496173886,0.007111873201489344
58111,58121,5,26.082023239917977,0.2999999999999998,1.45096272310028,103.82075231895968,1.45329115486737,103.81929476185202,309.886346819451,1.0,31.290884286914917,32.20642212197384,0.007108508896875186
52059,52039,2,10.454545454545453,0.6000000000000014,1.34309745890513,103.85622585798508,1.34333817728421,103.85130310024304,976.3337551180514,1.0,61.44583514520473,66.0439033616376,0.007107332462961879
22141,22151,1,8.0,0.40000000000000036,1.3173330063793,103.6959517251446,1.32095233702714,103.69627164313702,435.93025206487584,1.0,42.53101582463127,46.965395417047716,0.0071039370831192
49069,49059,1,8.0,0.40000000000000036,1.4264399252605,103.74887339054357,1.42318199210104,103.75019253254519,215.81720010326254,0.5395430002581558,38.69574342301124,42.32662750957088,0.007093907184142474
53329,53379,3,21.085714285714285,0.39999999999999947,1.36153970079158,103.84049549859829,1.36018670154842,103.84386020713477,407.7058841546395,1.0,32.78360708115402,33.71301251018958,0.0070924979044290895
97121,97111,1,6.0,0.30000000000000027,1.364444,103.968095,1.36331111102284,103.97038833297182,249.82918319970784,0.8327639439990253,38.04414698400447,44.752291899661444,0.007092050322342598
67229,67239,2,7.0588235294117645,0.30000000000000027,1.39105777803334,103.90614361099206,1.3930503019817,103.90373341553943,415.42504430479386,1.0,29.840936562267025,33.14963129712159,0.007083030761640404
53349,53339,3,21.085714285714285,0.40000000000000036,1.3637398272719,103.83379317461136,1.36312998205072,103.8367836110905,204.53945541967497,0.511348638549187,25.50298335101364,26.059082062921526,0.007057487165367192
13209,13049,2,9.636363636363637,0.3000000000000007,1.3040310710651,103.82205605505206,1.30261671321463,103.82045069624506,216.98444801852602,0.7232814933950851,42.338492959771706,47.21754205320016,0.00705554964203783
67111,67121,4,20.67193675889328,0.3999999999999999,1.39105369405739,103.90237246307768,1.38949805550873,103.90518999989366,332.87520670047564,0.8321880167511894,39.92648082852663,41.3327782042353,0.007046325401246896
77309,77061,2,12.666666666666668,0.1999999999999993,1.37437639672106,103.93874482147835,1.37377216806532,103.94041320097696,104.01605485342962,0.52008027426715,40.0,45.0,0.007037037037037014
10429,10419,1,6.666666666666667,0.1999999999999993,1.2892779060127,103.81404805422201,1.28842024220748,103.81257549749508,137.4279792248838,0.6871398961244215,29.548521787307493,34.99999999999999,0.007028282564467561
55149,55139,6,22.750155685639555,0.2999999999999999,1.38147638900431,103.8392680559805,1.37894011617745,103.84007487448596,340.88280100053186,1.0,40.85675111678084,42.65054988715512,0.007025720779570803
26101,26091,2,4.444444444444445,0.2999999999999998,1.326868,103.638144,1.324656,103.636135,295.933549477183,0.986445164923944,42.018448889801846,53.94444706829958,0.00701530751412866
26099,26109,2,4.444444444444445,0.3999999999999986,1.32464249366642,103.63599686578979,1.32727742846476,103.63849052734983,396.0056920345018,0.990014230086258,43.14730145593332,51.99141383678795,0.007008845053614851
25331,25341,1,8.0,0.3000000000000007,1.32019777799085,103.6538130560161,1.32194305599571,103.6519888889781,247.74773542167594,0.8258257847389179,37.49646265781203,42.09243310836065,0.006988663659881358
44109,44099,1,8.571428571428571,0.2999999999999998,1.3771776806334,103.74762171258732,1.37631844004137,103.74462947882313,346.96474470477347,1.0,30.010066204352114,32.662521007016714,0.006958342504875298
66081,62109,2,10.0,0.5,1.34302188357133,103.86962821126625,1.34374111656683,103.87380734555013,987.3799424808271,1.0,51.0906477267428,54.98311656860281,0.006928263353174983
28059,28049,1,8.571428571428571,0.29999999999999893,1.33260638902834,103.74580722197156,1.33069921313648,103.7481034124348,449.42079369369077,1.0,36.66918532685112,40.68622255667367,0.006923595549072207
40201,40211,4,23.770334928229666,0.40000000000000124,1.31358972201496,103.82743055599407,1.31655331624558,103.825862990405,287.8354291088625,0.719588572772154,52.891221572902595,55.0,0.006892550478421144
46249,46179,3,17.5,0.19999999999999996,1.44211238924063,103.77874767257565,1.44401436320878,103.77787477069215,251.92597649257925,1.0,33.82616840247524,36.23831838990453,0.006887339796463393
24389,24379,1,8.0,0.3000000000000007,1.30668431065764,103.66551563876423,1.30366277967429,103.66588434674222,330.6940543631205,1.0,47.3776160486088,54.832508679848644,0.0068871781110453
77331,75359,3,13.058823529411764,0.5,1.3782973982979,103.93338764757789,1.374303,103.931336,562.36905959241,1.0,43.284944816872006,45.350150067163526,0.006869445481886101
26021,26031,1,6.666666666666667,0.20000000000000018,1.3172613938167,103.64693086349153,1.31548257210498,103.64524684749753,274.54812781169386,1.0,40.96371296970892,51.886783735636584,0.006852158783421442
04331,13109,4,12.901098901098901,0.30000000000000027,1.29183939431601,103.84504089382705,1.29350944398488,103.84272416702719,354.41350569940647,1.0,33.971012013138676,36.136021860934406,0.0068258856770614385
22451,22369,1,5.714285714285714,0.20000000000000107,1.33817022625307,103.69561280580359,1.34033186393306,103.69511038795854,171.6207940917127,0.8581039704585588,39.9566765079035,52.47833825395175,0.006824714414569739
84579,84589,3,17.4974358974359,0.2999999999999998,1.32584772443012,103.91948961283839,1.32311277295983,103.91954371811282,336.4424034532067,1.0,35.341096781851505,37.04287663125699,0.006823611841317385
34029,34019,1,7.5,0.3000000000000007,1.43497194397025,103.70818333298028,1.43253416698475,103.70773805599093,214.1076556431776,0.713692185477257,47.147269556796736,55.00000000000001,0.006813715122963635
27181,27011,1,8.571428571428571,0.2999999999999998,1.35587588807417,103.68903620638115,1.35586334559449,103.68610938870162,203.25664328433152,0.6775221442811055,31.214081475145147,34.02243910142279,0.00680003067249739
66101,63311,5,32.5069316648264,0.5,1.37094045484466,103.87325896613375,1.36990463865149,103.87780647158901,465.5550559835017,0.9311101119670033,40.72933168443611,41.43202333685695,0.006768109094886743
97119,97129,1,5.454545454545454,0.29999999999999716,1.36337227349683,103.96996378901376,1.36461847541947,103.96762195035996,414.61386430818976,1.0,36.86080990106359,43.43010891653624,0.00671495425348915
64141,64151,1,9.23076923076923,0.40000000000000036,1.36467309909964,103.90820496724626,1.36812309444086,103.90984810962769,330.97173333858893,0.8274293333464716,50.38256970675195,55.44832620332213,0.0066953523921662325
27121,31011,2,11.298701298701298,0.40000000000000013,1.35682305601032,103.69521277798744,1.35882056,103.6938781,326.48016906315104,0.8162004226578774,50.978643523855666,55.14052710376416,0.0066914349092071146
83139,83129,3,18.846153846153847,0.1999999999999993,1.31451138900044,103.90997555601626,1.31306365118709,103.91061094817724,180.14590579718376,0.900729528985922,31.97459597715957,33.89717661319445,0.0066860358337215604
64351,64431,1,7.0588235294117645,0.5,1.374811,103.888082,1.37809447450304,103.88930278976599,304.9785814689796,0.6099571629379592,36.40193396093642,39.09227856430705,0.006672595505913602
65011,65021,3,15.50326797385621,0.40000000000000036,1.38159696830765,103.89720951783346,1.38403136207098,103.89961345545082,369.93444917842896,0.9248361229460716,38.489234180306156,40.148757373642965,0.006659708089509007
34059,34049,1,7.5,0.29999999999999716,1.44234338763128,103.7078689605441,1.43837406233239,103.70802408979871,456.9347999353206,1.0,43.10227930532789,49.405016645647024,0.006659481857138088
17219,17009,1,8.571428571428571,0.40000000000000013,1.31820000002277,103.76615861100824,1.31491572870629,103.76412225438476,252.44632848929402,0.6311158212232348,28.33390730769583,29.97440878320122,0.0066226641629602906
25761,25771,2,4.444444444444445,0.9000000000000004,1.275062,103.624222,1.274334,103.632329,829.3480374092392,0.9214978193435988,43.56899842200801,46.951830450138026,0.006614702564256283
25251,25231,2,7.0588235294117645,1.1000000000000014,1.345284,103.640183,1.3386865,103.647331,1021.982184450788,0.9290747131370789,62.39215845841282,65.89316319352729,0.006612220707749156
25389,25379,1,5.714285714285714,0.2999999999999998,1.32595623010711,103.64720536104248,1.3242164088822,103.64900097889706,268.5784597250227,0.8952615324167428,34.952702732530724,40.39857843296527,0.006611562138752016
57019,56099,6,27.514285714285716,0.39999999999999947,1.40056260892652,103.81734465881833,1.39606817759915,103.8188299218487,611.689509872143,1.0,41.93268119597886,43.01458991331302,0.006601466671904197
95071,95081,5,33.41596638655462,0.3000000000000007,1.389939,103.995119,1.389422,103.997946,279.1136516023488,0.9303788386744939,49.685100936665314,51.36235478321315,0.006588749159617662
59509,59729,3,11.570332480818415,0.5,1.41252120911526,103.83794497908777,1.41113811897325,103.83350299996852,492.9828227585956,0.9859656455171912,50.679940939339446,53.77976693175881,0.0065795795618872515
46769,46399,4,39.8921568627451,0.40000000000000036,1.4395995,103.7980195,1.43896035246776,103.79423705109248,545.0845938356365,1.0,42.25822049191217,43.002874106078835,0.006538725768103786
96029,96019,3,18.345864661654137,0.39999999999999947,1.33371794723789,103.95679798964366,1.33138833299802,103.95370361097966,571.6811993062119,1.0,46.88176958667158,48.92017325994645,0.0065222341701836085
83281,83279,1,5.454545454545454,0.19999999999999973,1.31965172299504,103.9270176945798,1.3188308339316,103.92510530820441,187.3485641586498,0.9367428207932502,24.102791064345386,28.15711577479502,0.006517058007373102
59149,59159,3,14.0,0.2999999999999998,1.43061861098729,103.83218000002928,1.43055466220788,103.8346706884974,346.3094572748357,1.0,35.83030854073753,37.93711847304879,0.006509681776243271
59229,59219,3,18.666666666666668,0.39999999999999947,1.43901589576688,103.83416399362906,1.44045526236363,103.83757625759554,406.35994816487414,1.0,53.49225282811847,56.09806534015904,0.006483823081316134
07351,07241,1,7.0588235294117645,0.3000000000000007,1.31351833300073,103.86054527803076,1.31557142083242,103.85900616698896,292.49835090304765,0.9749945030101567,29.335859424778448,32.22397134593706,0.006469783082884026
52479,50169,2,12.030075187969924,0.19999999999999973,1.32749617656635,103.84578619081431,1.32647401158756,103.84420812253344,111.78261524012186,0.55891307620061,34.52910639213934,38.0609303944304,0.006465954611080227
91041,91051,3,14.958730158730159,0.29999999999999893,1.30100303875383,103.8865107850326,1.30046470843446,103.88946922448878,342.3504822328238,1.0,47.245788925440976,50.69502113673174,0.006462640561619744
48101,57141,2,4.8,0.30000000000000027,1.40241038608699,103.81439973574913,1.40248255094729,103.8169622653191,204.91648917885382,0.6830549639295121,36.45628231698696,43.54371768301304,0.006429152378034168
82241,82251,1,5.454545454545454,0.3000000000000007,1.307747,103.8985,1.305103,103.899669,332.9057066656353,1.0,30.633234952986555,34.80489902420426,0.006402593198477212
28329,28631,3,15.029411764705882,0.40000000000000036,1.3414709231345,103.74043571670437,1.34053157728505,103.74418616293988,208.58470455272357,0.5214617613818084,36.13186436461713,37.557237130292584,0.006314608407336462
43749,43739,2,5.454545454545454,0.2999999999999998,1.34661217154358,103.75163638787585,1.34646078257571,103.75454805492608,402.50126089972053,1.0,30.679297061702115,34.795685061888456,0.006309941421156648
83149,83159,2,5.333333333333333,0.30000000000000027,1.31745755005277,103.90875486321198,1.31480354064185,103.90947767042405,250.4776129814659,0.8349253766048855,32.83570378522613,37.717882878671965,0.006307250102589296
15109,15099,2,5.714285714285714,0.40000000000000036,1.28591970870508,103.78581066082835,1.28305620100972,103.78789349372825,368.012085171484,0.9200302129287092,40.04752846654501,45.0,0.006281389121077799
21759,21769,2,12.0,0.20000000000000018,1.33032387572414,103.7249113116863,1.32847554099899,103.7249037836336,174.44285324691035,0.872214266234551,46.1891330499903,52.53369566648652,0.006275309713716454
43599,43141,2,11.533180778032037,0.5,1.34513161798285,103.75190146961904,1.34421891680123,103.75586020801809,349.77156879140847,0.6995431375828169,40.95453422023264,42.863602660697914,0.006271189734963517
67281,67651,3,8.994307400379506,0.1999999999999993,1.38925023527794,103.87298584005708,1.389341,103.871222,187.79803772713416,0.9389901886356741,27.57072198554656,30.499917471392536,0.006266128187843426
28341,28351,2,17.23076923076923,0.1999999999999995,1.34247027799798,103.73271277802048,1.343615278018,103.73105583301476,307.72697510643275,1.0,50.0,54.99999999999999,0.006265734265734242
84401,84411,2,19.615384615384613,0.19999999999999962,1.33316500001136,103.9269811109948,1.33383806396564,103.92928425024714,261.2307034064862,1.0,33.15228555241343,34.99999999999999,0.006247124477653703
71161,71151,4,29.214285714285715,0.30000000000000027,1.32732994325917,103.89209147524538,1.32814305145316,103.8944494102938,235.274194576526,0.784247315255086,39.60312336118659,40.746817126873914,0.006211595291173006
40011,40271,5,21.418569047052017,0.5,1.30606411522588,103.84908751469008,1.30880664936794,103.8463464537845,412.9236266379404,0.8258472532758808,38.86137873957633,39.75693278019442,0.006207563611125913
63329,63319,4,28.861244019138756,0.5,1.36862870083779,103.882008479663,1.369226,103.878124,388.65579453713724,0.7773115890742744,53.72939406323891,54.99999999999999,0.0062047073000786965
21641,21651,2,7.926829268292683,0.29999999999999716,1.3363012622323,103.7250086693193,1.33873014874255,103.72402172321266,392.98226217689745,1.0,31.454895369898527,34.263981955612635,0.006198117531279683
84089,84079,4,17.714285714285715,0.3000000000000005,1.3206814195738,103.9400309260245,1.32099303797206,103.94325305782594,393.46290779034587,1.0,48.636457925240904,51.55601095979999,0.0061875685371501656
10291,11539,2,8.285714285714285,0.30000000000000027,1.29215855273858,103.81065866068086,1.29117049549107,103.80786180498694,180.17431856229115,0.6005810618743033,45.0,50.66736856944829,0.00617862449989835
75261,75471,3,11.533180778032037,0.39999999999999947,1.35801998380195,103.93796778680796,1.361598056,103.9379408,472.64459451393867,1.0,34.74074369755084,36.43546749698217,0.006176530093901564
46641,47581,2,16.07142857142857,0.39999999999999997,1.43537882843176,103.79002659369449,1.43464494959345,103.79352674536875,387.61203322552296,0.9690300830638076,46.84087772917789,49.048262438058,0.006176520001444815
49029,49019,1,8.0,0.3000000000000007,1.41359128228018,103.75189550271323,1.41054305509663,103.75244718246053,367.0289212680902,1.0,44.034444006168385,49.66040742927448,0.006174550550741457
23221,23231,2,14.0,0.29999999999999893,1.30896659624814,103.67178095052478,1.3093,103.6750325,414.302200206114,1.0,49.32453308571082,53.165662627895145,0.006151967472009922
44389,44379,3,19.884057971014492,0.29999999999999716,1.37154303506556,103.77461859337586,1.37355053515267,103.77293526626733,304.73986593593213,1.0,41.893145116167254,43.780683055804914,0.006138983497360446
64159,64149,1,9.23076923076923,0.2999999999999998,1.36751138265993,103.9099923734176,1.36508805596971,103.90890305599302,301.7654004832235,1.0,48.735425401456894,54.625805624449036,0.006127169031559026
23251,23261,1,6.315789473684211,0.2999999999999998,1.3117223561773,103.68378143028161,1.31264863196713,103.68577338809426,328.71031185950403,1.0,45.00000000000001,52.64892600049198,0.0061171246327601896
11459,11449,1,7.5,0.3000000000000007,1.30097055597804,103.7968519439962,1.29840527801842,103.79760333302292,292.6368588983124,0.9754561963277059,30.50555630182077,33.26431567020235,0.006117004450931024
44739,44859,1,4.285714285714286,0.20000000000000018,1.37876549999936,103.76459849996492,1.37763753804628,103.76321805626448,108.91393479162666,0.5445696739581328,23.90612950283156,28.80573703121697,0.006098545160342422
25121,25151,1,6.315789473684211,0.20000000000000018,1.33060763294167,103.65169663523501,1.32913728132074,103.65325524319752,239.04444281789665,1.0,36.498520973784395,44.29905693668553,0.006094138743145163
33029,33019,1,7.5,0.1999999999999993,1.42080314827393,103.70292186217569,1.41920159190274,103.70215656491881,140.0995454801268,0.7004977274006365,45.0,55.00000000000001,0.0060606060606060415
95909,96039,3,18.345864661654137,0.40000000000000036,1.33849391556302,103.96049907137146,1.33560833298198,103.95843416703279,349.0967984485048,0.8727419961212612,50.34531723573283,52.52553165760284,0.006050173737293046
18249,15189,2,11.814671814671815,0.20000000000000018,1.29072399998624,103.78712700002762,1.29079779477822,103.78550255759306,163.04338923149768,0.8152169461574877,34.99999999999999,38.43974195245655,0.00604128067630732
22519,22509,4,26.126482213438734,0.2999999999999998,1.33773359608761,103.6999522210238,1.33799405073941,103.70323491142737,290.54011179870696,0.9684670393290238,28.623413892323075,29.267391724727325,0.006025147179722789
09141,13011,7,36.399278382786626,0.3000000000000007,1.30543500002797,103.82177666702269,1.306504,103.81932,255.56899690905664,0.8518966563635202,53.38201179773625,55.0,0.0060177168993054975
23169,23159,1,7.5,0.2999999999999998,1.32768833297607,103.68867638901021,1.32766374044406,103.68563350571777,210.5761005185119,0.7019203350617068,42.07998703762462,47.40759317120279,0.00600884669271269
44129,44449,5,22.07621483375959,0.3999999999999986,1.37741713631203,103.75092697249079,1.37889232196067,103.74762704486072,421.4767501057147,1.0,28.47556071955748,29.03742579540543,0.0060004834699967854
54521,54599,2,10.506912442396313,0.1999999999999993,1.37342640743158,103.86288750616447,1.37489472202166,103.86180138897765,109.93690790907377,0.5496845395453708,30.241830075612825,33.09358382687131,0.005987772073445373
53229,53259,2,8.444444444444445,0.2999999999999998,1.34822303496432,103.84927239325486,1.3471159591462,103.85199575975044,232.89977158485956,0.7763325719495323,29.053747806801617,31.191449174078052,0.005975877101848113
12149,12139,1,8.571428571428571,0.3000000000000007,1.31576900455367,103.78266099158458,1.31453185933289,103.78504157068625,287.80381121346625,0.9593460373782187,30.724732007535625,33.07957047858608,0.005957823347870097
23091,23101,1,8.0,0.20000000000000018,1.32451861639004,103.69276227893867,1.32453472201272,103.69091333299923,191.19688645657865,0.9559844322828924,37.90163165903995,44.10360964789656,0.005936331716595344
67421,67311,3,6.666666666666667,0.30000000000000004,1.396636,103.892236,1.39695849054084,103.88980246889258,367.2963662025111,1.0,32.73685822854443,36.25885634016477,0.005934279742490759
21049,21159,3,16.235632183908045,0.40000000000000036,1.32107250538852,103.72024520956326,1.31868562417111,103.72042922086165,228.30390971063454,0.5707597742765859,43.18516573850199,44.954325733060976,0.005918208026536881
07361,07351,5,29.1875771287536,0.3000000000000007,1.31167636068313,103.86189483728585,1.31351833300073,103.86054527803076,202.36423200964316,0.6745474400321423,38.38910130512267,39.404593937731875,0.005878158271062795
67779,67621,1,6.315789473684211,1.0,1.386616,103.8835,1.38095802621952,103.89025132744938,1050.936377938016,1.0,47.54502388606207,49.74177121516843,0.005866531900218293
44011,44021,9,44.17747611865259,0.40000000000000036,1.37448606693865,103.76257120089846,1.37820722702851,103.76172178111382,664.0569083145137,1.0,61.49317091411746,62.77356074020169,0.00586137428266744
17061,17071,6,32.00854700854701,0.20000000000000062,1.30775834752765,103.76180505768346,1.30891781912545,103.76044433406533,189.15504083344047,0.9457752041671994,40.855803220479324,42.44241841373164,0.0058575187720466835
03339,03539,1,2.0,0.5,1.27498516412784,103.85950016250487,1.2775330547661,103.85561610012866,460.0266249588683,0.9200532499177366,33.8174074788655,42.14483169204249,0.005842867725829169
16071,16081,8,41.71261487050961,0.3000000000000007,1.29129940835907,103.77117221155989,1.29195777797363,103.76866138900287,320.27639916987573,1.0,45.28316819371511,46.26058986878563,0.005838787446045283
22341,22351,1,8.0,0.40000000000000013,1.34491616105023,103.70103326346653,1.34277421893699,103.69803382884736,375.4998372167215,0.9387495930418035,45.63826907048675,49.777680382951075,0.00583075429949448
30121,43529,1,6.666666666666667,0.7999999999999998,1.37211783027051,103.74443713836388,1.36769649857951,103.7502379581868,641.8267033931132,0.8022833792413918,43.22707270247075,45.35641572104859,0.0057922833975361234
84581,84571,1,6.666666666666667,0.3000000000000007,1.3238068248883,103.91945047474212,1.32653228537615,103.9187401751097,176.45619956823057,0.5881873318941006,31.16770859950831,34.25156289926246,0.005777481703908301
43691,43381,1,8.571428571428571,0.2999999999999998,1.34490189049397,103.74605567060456,1.34696555762849,103.74766049075139,280.8618970884497,0.9362063236281662,34.146307840034325,36.956725269177284,0.00572674786282514
17321,17331,1,7.0588235294117645,0.40000000000000036,1.30483416696998,103.76035361097789,1.30758833300768,103.75833111102287,272.4254734589623,0.6810636836474052,49.490642197443336,55.0,0.005714885262696003
23081,24041,2,7.0588235294117645,0.3999999999999999,1.33011660553179,103.67826798978071,1.33035313055333,103.67499316670492,400.11966924025796,1.0,48.45294651506482,53.70372166628541,0.005697589572779058
41131,41141,2,10.931174089068826,0.7999999999999989,1.32973612368298,103.8145129140827,1.33489306619804,103.81796101152241,865.5488021475027,1.0,54.44534779256094,56.440380737038254,0.005677487130197465
96141,96131,2,11.714285714285715,0.30000000000000027,1.34470972121071,103.95324349664256,1.34639164071686,103.95526044455801,285.92003101946,0.9530667700648657,37.66663320113221,40.099160057386236,0.005659820166506775
27359,27389,2,6.529411764705882,0.6000000000000001,1.34441434989381,103.69601368907118,1.34845180903204,103.69810437813979,343.10800024531636,0.5718466670755271,38.077355900141995,40.29293712869058,0.0056574050698081765
25079,25069,1,5.714285714285714,0.2999999999999998,1.32944568983893,103.64347153803386,1.32751179627799,103.64551802153501,314.0456362187055,1.0,39.732947171951395,45.728179010481064,0.005656587390969363
43251,43261,4,19.959922430510666,0.40000000000000013,1.35859534411792,103.76319656643706,1.36056,103.764115,254.82974154125966,0.637074353853149,43.81294960259302,45.20624815330555,0.005616452226888203
10199,10189,9,37.88593174970884,0.3000000000000007,1.28875723330649,103.81936618662205,1.28858805222806,103.82183192865197,321.8850071497089,1.0,43.630670683416675,44.5900873039469,0.005605008214334646
54061,54621,1,5.454545454545454,0.40000000000000036,1.36728801688172,103.83404076959498,1.36595331171712,103.83773071305599,346.0094156905564,0.8650235392263903,39.78164250504763,44.30779864281513,0.005602543077597582
65191,65439,1,6.666666666666667,1.4000000000000004,1.39527356921611,103.90539999997036,1.40172529138051,103.89631809709375,1435.0032409162477,1.0,58.700074061114776,60.841909031163695,0.005597334999017588
24691,24681,1,6.0,0.29999999999999893,1.31344500002083,103.65712805602769,1.31200874931979,103.65863348470843,239.15064387994246,0.7971688129331445,45.67277647625568,53.22827121261695,0.005594169717166283
46151,46161,3,25.0,0.19999999999999973,1.44582725741537,103.77347243148317,1.44536006142756,103.77556464561282,304.99462797818626,1.0,31.54338828515099,32.695287612590576,0.005584586536570994
42119,42109,4,23.991410887962612,0.5999999999999996,1.34582513057916,103.77330275765884,1.34338694,103.7768419,730.7150412566716,1.0,59.79109638027106,61.210038083920466,0.005581005177569195
43311,43211,1,10.0,0.20000000000000107,1.339803833761,103.75695468286781,1.34087277799084,103.75507916698768,204.16187521178935,1.0,38.33093215253495,42.92043022169699,0.005579326023394242
16031,16061,1,5.0,0.6999999999999993,1.28800629048399,103.77846479413628,1.29046257201356,103.77356171611027,369.0317410492073,0.5271882014988681,37.12148553153244,39.45429065401265,0.005574769527485163
16109,16041,1,8.571428571428571,0.3000000000000007,1.28911169277414,103.77950843257454,1.2893086506189,103.77660095143266,180.61991475360946,0.6020663825120302,40.379754572834614,44.234502857461415,0.005549395316049124
24379,24369,1,8.0,0.2999999999999998,1.30366277967429,103.66588434674222,1.30077687663858,103.66698326196405,316.94996544471564,1.0,48.510180455339516,54.59254956720335,0.005512108358298836
17039,17389,5,27.31888341543514,0.2999999999999998,1.3015316464856,103.76606427132043,1.29908138901268,103.76700194402241,302.79282816766295,1.0,42.688425374666906,43.94572259546347,0.005492820533948304
67711,67721,2,9.428571428571429,0.399999999999999,1.38013294516415,103.8947798896038,1.37971349716278,103.89819238601865,317.33883748768153,0.7933470937192058,47.78653577073827,51.36018569334436,0.005491433895616165
64091,66541,3,7.5,0.2999999999999998,1.37748777797023,103.88149277798507,1.37977511312504,103.88135493816362,250.05278273930136,0.8335092757976716,25.746605485765546,27.465455794826877,0.005469073823461663
78269,78259,1,8.0,0.20000000000000018,1.37861875398733,103.96096176266686,1.37802115263457,103.95936584739643,210.60258230879262,1.0,30.540662627393704,34.10005224684251,0.005468421879456186
84249,84239,4,18.8926049795615,0.3000000000000005,1.32941668893627,103.93960622332179,1.33151836127292,103.9383568845181,214.7164614811854,0.7157215382706168,43.132602541089994,45.0,0.005452952129411372
57089,57079,3,13.428571428571429,0.40000000000000013,1.42740500891774,103.82685672676006,1.42443860227619,103.82566793061787,526.3257621186498,1.0,35.422840399056525,36.73967482578401,0.0054350342646648
81201,81211,3,15.05982905982906,0.40000000000000036,1.31869302203322,103.88300679740438,1.31904666371972,103.88666750777982,412.9615050615164,1.0,35.13248833603907,36.281056450171675,0.00542810142361031
42231,42169,3,13.885714285714286,0.39999999999999947,1.34056805598593,103.7706058329681,1.34038575681297,103.77366130505683,202.27710861622117,0.5056927715405536,37.315641543117465,38.727849766818125,0.005427660252812196
23109,23099,1,5.714285714285714,0.1999999999999993,1.32468138902865,103.69068388898825,1.32467117178875,103.69286142759196,191.0857777973638,0.9554288889868223,35.91729585187167,43.29645981010259,0.005423043497984111
24279,24269,1,9.23076923076923,0.3000000000000007,1.31480277476233,103.6767463061916,1.31796007151086,103.67660828077693,417.7020378044978,1.0,37.00875406154216,39.8840231445124,0.005394289110104569
97301,97311,1,5.714285714285714,0.39999999999999947,1.35182434688859,103.96979848322833,1.35255805555221,103.97290111112585,227.9601020268866,0.5699002550672172,30.779040784344673,33.186934195498736,0.005388116603816869
11259,11381,1,6.666666666666667,0.2999999999999998,1.31119887945564,103.79274002213417,1.30841137865065,103.79328294102335,326.21782636495305,1.0,27.07527138405939,29.18772030865464,0.005346175588894467
59211,59221,4,20.225108225108226,0.39999999999999925,1.44037027798466,103.8381736110171,1.43902299324239,103.83502785005078,419.20458237475594,1.0,53.20449668215693,55.13546354227352,0.0053253271956747285
46459,46261,1,8.0,0.3000000000000007,1.4441853308513,103.78940895329838,1.442639,103.7869635,330.8058198451199,1.0,43.39150091417061,48.01072542101328,0.005321540499445167
24239,24229,1,9.23076923076923,0.30000000000000027,1.31979166699662,103.6690038889689,1.31953778109044,103.66615348821185,259.8374802869738,0.8661249342899119,38.943276308070566,42.09331353191427,0.00532144078793566
96299,96179,2,11.714285714285715,0.20000000000000018,1.34126498344514,103.95716526054423,1.3426613811598,103.95530716615029,157.7921860489973,0.7889609302449859,28.712662740181322,30.70887590450418,0.00530414434330099
50191,50201,5,30.267942583732058,0.19999999999999973,1.32604500002988,103.84902388888725,1.32495,103.85092,250.4232616117925,1.0,38.3260118582462,39.65623006687315,0.005298229060242349
65791,65561,3,10.0,0.19999999999999973,1.398805,103.919084,1.40046,103.920181,368.5915947846844,1.0,36.523495846748546,40.418110103178826,0.005276501949841979
24391,24401,1,8.0,0.2999999999999998,1.29859319877639,103.66447101698635,1.30031638897466,103.66355777798681,226.27110082983484,0.7542370027661166,41.91764005230144,46.16471989539713,0.005267379854806106
59739,59509,3,11.570332480818415,0.5,1.41416011900146,103.84214688104234,1.41252120911526,103.83794497908777,590.1140330246177,1.0,50.50190281868829,52.93535299697003,0.0052660471940137645
85059,85049,1,6.315789473684211,0.40000000000000036,1.32950222197902,103.94906611097686,1.32671998700111,103.95124872703616,367.22467209825504,0.9180616802456368,35.510411966462314,38.34128181707978,0.005252731487313374
83271,83281,1,5.454545454545454,0.20000000000000018,1.31928964158986,103.92588543589487,1.31965172299504,103.9270176945798,157.44694323984618,0.7872347161992302,28.319950735489698,32.78584252987634,0.005247082768697924
45451,44081,3,14.887218045112782,0.20000000000000107,1.3779238888638,103.73970805552322,1.3767974760485,103.74072974268672,144.32171490763812,0.7216085745381867,25.011905763219765,26.158327906815558,0.005217126265663356
75081,75071,2,15.709090909090907,0.30000000000000027,1.34986941891093,103.93426738811776,1.34893303477474,103.93654250213598,229.1209086326371,0.7637363621087896,29.84259779049026,30.860878766970636,0.005210687450235947
21501,21261,1,4.8,0.40000000000000036,1.3304277146486,103.71000208357827,1.33393514008105,103.71025085451481,277.82427671466803,0.6945606917866695,33.99162769482503,37.443615744560105,0.005207397990773661
84159,84169,1,4.615384615384615,0.5999999999999979,1.31664972197451,103.93304055596909,1.322133056,103.9321144,663.5721258702285,1.0,41.5318595284122,45.04692916033575,0.0052029124024880954
25069,25389,1,5.714285714285714,0.2999999999999998,1.32751179627799,103.64551802153501,1.32595623010711,103.64720536104248,225.6768363765778,0.7522561212552598,35.31537799902679,39.526352070906384,0.005171483931439907
97209,97059,2,6.954545454545454,0.2999999999999998,1.36229421254534,103.97331639977371,1.36075141209876,103.97097232582753,201.72773951787792,0.6724257983929268,40.49828824953198,44.99999999999999,0.005153692554277764
66241,66251,1,8.0,0.1999999999999993,1.36890803491379,103.86562505721909,1.36724305880207,103.86653816215,210.8668717247423,1.0,23.139577859287062,25.0,0.005145600223551187
72149,72139,1,4.615384615384615,0.3000000000000007,1.33834674682355,103.91170534393189,1.337282,103.909145,237.47709972202796,0.791590332406758,36.62053028277322,42.38822047632414,0.0051447143210771595
30031,30041,2,16.07142857142857,0.20000000000000107,1.37461935383489,103.71983865916742,1.37462014104762,103.72188815233464,310.048297144246,1.0,46.360376917656524,50.07537925498804,0.005143661307541322
22551,22561,1,8.0,0.40000000000000036,1.33498204269222,103.70065616150622,1.33497038465954,103.704144267721,345.55488623331036,0.8638872155832752,55.00000000000001,60.32045253248,0.00513181829534624
67729,67719,2,6.0,0.40000000000000036,1.37948933048443,103.89872566951759,1.37972132476485,103.89527238603087,276.05444906592044,0.6901361226648005,43.48130348310423,47.92164799186139,0.0051143872495564395
56269,56011,1,8.0,0.5,1.36741835425889,103.83233403239235,1.36865,103.828321,280.32970447571967,0.5606594089514393,49.53364277120524,52.87495812959365,0.0051030186321517484
23239,23229,2,14.0,0.2999999999999998,1.3091795,103.6749895,1.30868757581216,103.67180644651505,414.9249047906396,1.0,51.55604841038771,55.0,0.005101102100566177
67119,67109,4,12.121212121212121,0.40000000000000036,1.39050824371994,103.90323582065614,1.39102885574104,103.89998669813552,299.1614869107874,0.7479037172769679,42.40779038085489,44.383858336002234,0.005090227823692275
27341,27351,2,18.909090909090907,0.39999999999999925,1.346726,103.697809,1.34423200986065,103.69613170622605,299.652417651276,0.7491310441281913,41.01686622055967,42.180513869836446,0.005087188088890421
49099,45149,2,11.168831168831169,0.29999999999999893,1.42763,103.7566,1.4251485321405,103.75694671247683,386.1553200976331,1.0,55.00000000000001,60.0,0.005076741440377784
42111,43011,8,41.188493859082094,0.1999999999999993,1.34584805601375,103.77262861101015,1.347407,103.771195,303.89809588181686,1.0,54.81543088173778,56.7310366626282,0.005074444350604592
47819,47829,1,8.0,0.5,1.4625580134543,103.81005089658552,1.46054631909982,103.80617388921056,479.61450264501127,0.9592290052900225,45.80116345700415,48.59061781311539,0.005013607363219305
17181,20101,6,37.588819875776394,0.30000000000000004,1.31749570803723,103.7638854582427,1.31993714188512,103.76221926730373,238.17197643878376,0.7939065881292791,38.32566140561209,38.98772315011801,0.004996442660842107
21331,21341,1,12.0,0.5,1.33029049207675,103.70796785261548,1.33517345758852,103.70895825573741,538.1681225708592,1.0,51.07397611655272,53.33595997983906,0.004982197821216776
23241,23251,1,6.315789473684211,0.5,1.3102543597714,103.67981162071217,1.3117223561773,103.68378143028161,486.39271471327595,0.9727854294265519,49.52130138303495,53.714457605530214,0.004978006377340132
25621,25631,1,6.666666666666667,0.5,1.294382,103.631889,1.290329,103.631397,516.4941759105523,1.0,42.07923745097753,44.88985189935292,0.004959797965776898
22541,22551,1,8.0,0.29999999999999893,1.33496804809618,103.69761016575693,1.33498204269222,103.70065616150622,478.3967359163438,1.0,40.13383899849511,43.760573824210155,0.004956023215135498
58229,58219,2,8.571428571428571,0.40000000000000036,1.44875084068886,103.8168059210019,1.44953463697186,103.8199297231716,398.6817867249744,0.9967044668124352,31.374686346906714,32.86318506050939,0.004949628686436931
59359,59709,1,9.23076923076923,0.2999999999999998,1.42844102693712,103.84071821797886,1.42599217250432,103.84064406907125,304.31736932907035,1.0,32.93855519102054,34.9964802341547,0.004943787416219139
83189,83179,2,10.0,0.30000000000000016,1.31683972198045,103.91749277802164,1.31460443311119,103.91922466611177,171.41394354312052,0.5713798118104014,28.7751184335982,30.20679703716456,0.004941342894183037
54089,54079,4,19.67193675889328,0.3000000000000004,1.36297001065247,103.8484911674186,1.36389805596869,103.84585916699372,354.7408207837528,1.0,61.648569213415826,65.0,0.004935853611728974
26299,26369,2,7.0588235294117645,0.6999999999999993,1.30510954355111,103.62556346611815,1.2984699944142,103.62308583345813,836.3225535277306,1.0,43.79051651425439,45.783775386727406,0.0049124981581239804
67101,67111,3,15.454545454545453,0.30000000000000027,1.39143144034973,103.89956953538392,1.39105369405739,103.90237246307768,272.72277104730966,0.9090759034910314,35.477606905662235,36.86062141153627,0.004903286347059221
45591,46611,1,3.4285714285714284,0.30000000000000027,1.429215,103.7748931,1.42923412810157,103.77760584579323,382.8064197480754,1.0,26.0280435481626,29.712969302835045,0.004900897498416116
44929,44329,1,4.8,0.2999999999999998,1.3827025,103.7730945,1.38021501052151,103.77257633645274,326.5703770606493,1.0,34.777361070710725,39.43937947803336,0.004894516290862487
63151,63161,1,5.217391304347826,0.3999999999999986,1.35412291412202,103.87758355854012,1.35717307747832,103.87530650239555,451.28136025179634,1.0,35.45482255141427,38.66138933177073,0.004882035325134388
71021,71031,3,7.286356821589205,0.40000000000000036,1.33655775095595,103.89468782549605,1.33913918063035,103.8968074607421,431.1314464554413,1.0,40.78603011536054,43.77094855429851,0.004873101998370897
93111,83231,2,4.137931034482759,0.29999999999999893,1.31451280258696,103.92278173877762,1.31726812920156,103.92214229972099,281.86765278705496,0.93955884262352,35.312992739480705,40.9897439296281,0.004868493922632576
51119,40269,2,10.254545454545454,0.6999999999999997,1.34014305601694,103.83257583298696,1.34105638903249,103.82660805601813,716.6974991746979,1.0,49.28605428146271,50.98810649029693,0.004861769858859535
20319,20309,1,9.23076923076923,0.20000000000000018,1.31259468493848,103.75284421307401,1.31062303116794,103.75403766163392,226.4881381212047,1.0,34.9001929962098,38.42366658640709,0.004850787796468945
59231,59101,1,3.0,0.3999999999999999,1.43537970016985,103.83680745007868,1.43420210733558,103.83302746443204,386.46306690983755,0.9661576672745942,27.78709315652103,31.302263012057807,0.004849631144351348
65411,65379,1,8.0,0.8999999999999995,1.39944781445392,103.91384912994876,1.40280775893278,103.91633762054916,474.3415188240675,0.527046132026742,34.77609888058413,35.609743540547996,0.004846896668521353
84349,84329,2,13.374613003095975,0.2999999999999994,1.33091748609947,103.93233223449336,1.33029323198176,103.92970061275057,388.7905394890319,1.0,35.29247027341923,36.86126731253569,0.004838568794075194
59709,59349,3,20.685314685314683,0.2999999999999998,1.42599217250432,103.84064406907125,1.42345056032348,103.83882425770956,281.11082779946594,0.937036092664887,39.83640658074066,41.110213836323915,0.00482677676171823
23499,24149,1,7.5,0.2999999999999998,1.32755092355685,103.67805103515069,1.32754011144327,103.67466321781171,367.78437876992666,1.0,28.42721145070128,30.260454273523074,0.004795046335009343
65321,65311,3,6.0,0.5,1.3992735,103.9167155,1.40201500002599,103.91285694443438,578.4724503920672,1.0,35.417156396167826,37.53836283111001,0.004786468153457481
28031,28041,4,24.0,0.39999999999999925,1.32790100001681,103.75101499996688,1.33008349967851,103.74828366332322,451.6357935533315,1.0,54.181902776733715,55.68258106105077,0.004775130231176907
25801,25729,2,4.444444444444445,0.7000000000000002,1.28451,103.634186,1.284932,103.628258,688.0724432672877,0.9829606332389821,38.20810249925363,40.5874645859119,0.004773409204038877
27359,27349,1,8.571428571428571,0.39999999999999947,1.34441434989381,103.69601368907118,1.34680805601666,103.69781805598312,309.5621051708114,0.7739052629270294,41.69140727007214,44.23663733638957,0.004731638809638416
96241,96271,2,6.0,0.39999999999999947,1.32746975992942,103.96702744644506,1.32913596796858,103.96366258799002,204.38573625208107,0.5109643406302034,40.589111565377564,44.11526304222872,0.004726218415694843
31139,31129,4,12.073426573426573,0.40000000000000036,1.37211281474792,103.69038412231409,1.36997393445421,103.68740996007186,393.8610739006034,0.9846526847515077,41.67525139184906,43.445148537293704,0.0047208374918979975
21631,21641,3,13.641114982578397,0.3000000000000007,1.33363626085559,103.72493610114242,1.3363012622323,103.7250086693193,172.90498557750837,0.5763499519250266,42.780363054622406,45.0,0.004718414498230603
81191,82121,3,10.760233918128655,0.5999999999999996,1.30913166702397,103.89180000002517,1.30965150589688,103.8965764453886,638.2224646314346,1.0,40.051151114279364,41.258568357912466,0.004717383460081636
44209,45009,1,4.8,0.5,1.37719530827914,103.76698269593902,1.37812611932206,103.763286611367,253.08687842901034,0.5061737568580207,30.897361385468933,32.890289436770885,0.004706670264009674
49149,49219,1,5.454545454545454,1.1000000000000005,1.43841910254735,103.74316251360837,1.43853758245996,103.73562300935441,786.4176178614512,0.7149251071467735,45.502688420537694,47.18445726055655,0.004699823314203844
03222,03223,6,26.0,0.3000000000000007,1.27397836925637,103.84489562922414,1.2757033952327,103.84632468221952,258.07186501404726,0.8602395500468223,37.18175562511412,38.03019405387428,0.00468011473455719
54248,54239,9,47.538966296861034,0.4,1.36875490594243,103.84661006967286,1.369186093503,103.84332015576305,455.42248642766117,1.0,27.438830877948767,27.624474832896542,0.004657264506280227
44179,43679,3,19.685314685314683,0.5,1.36783174007175,103.74735822064176,1.36506686600259,103.74421935477038,442.6938485914764,0.8853876971829528,51.57063588278166,52.85871913447262,0.004650901885523496
21141,21151,3,14.166666666666668,0.1999999999999993,1.31517431113868,103.71957368500223,1.3169920318205,103.71988944330612,149.95090674116327,0.749754533705819,45.669752351109935,49.35915319532944,0.00463721419751015
58081,58091,1,4.8,0.5,1.45825194403092,103.83594609403143,1.46211498021096,103.8379191742591,261.27128376476554,0.5225425675295311,30.77998600251879,32.719791316691925,0.0046226439425608775
54471,54579,1,5.714285714285714,0.20000000000000018,1.37613470846106,103.853296559924,1.37487817367914,103.85483080978989,134.4685800949709,0.6723429004748539,45.0,55.0,0.004617604617604624
80309,80299,2,9.355322338830586,0.29999999999999993,1.31723134728621,103.87298911852837,1.31954835158003,103.87197222899434,269.388574761039,0.8979619158701303,45.0,48.594711977789174,0.004613628095013551
83249,83239,2,4.137931034482759,0.10000000000000009,1.31786650545216,103.92174594601859,1.3169597007985,103.92246139079549,90.41599337696054,0.9041599337696047,27.115452481118993,38.79654428483012,0.004594696036451221
47559,47499,1,7.0588235294117645,0.5,1.43461254485308,103.80204564158956,1.430873,103.80047,251.6148410168061,0.5032296820336122,30.5544272027352,31.813350592139116,0.00457107211857591
66221,66231,1,8.0,0.2999999999999998,1.36834972197817,103.86262638902237,1.36994831751271,103.86438051938194,231.55913208290116,0.771863773609671,26.395850598392368,27.791701196784732,0.004566667434088031
55131,55141,5,28.017582417582418,0.29999999999999893,1.37986282047018,103.8396597025406,1.38151305598601,103.83902055596755,202.7458501707782,0.6758195005692631,43.2046620887946,44.242757272072225,0.004564742576508558
14499,14359,1,7.5,0.3000000000000007,1.27291305557456,103.8078211111249,1.27289055599998,103.81035027797056,304.05572921234614,1.0,28.829390611271954,30.619373229692478,0.004562465283580388
42211,42221,2,9.085714285714285,0.3000000000000005,1.33974260070464,103.76559520495253,1.339618,103.767643,210.93699320918833,0.7031233106972933,38.767278009137584,41.45381320552248,0.004556622708700674
24369,24359,1,8.0,0.39999999999999947,1.30077687663858,103.66698326196405,1.29822556407932,103.66853349337183,346.9946957238417,0.8674867393096053,48.68294846849267,52.28944541023212,0.00453361501134088
17251,17241,1,6.666666666666667,0.5,1.31148,103.76744,1.31519114798349,103.76905503649127,547.9232277291374,1.0,36.10053990759184,37.962425678484635,0.004528601712113894
76271,76351,2,15.909090909090908,0.3000000000000007,1.36181167182029,103.95518343875231,1.36213822350227,103.95309131019367,246.2922654523856,0.8209742181746168,30.0,30.87895901621986,0.004528468361599151
16221,16231,2,12.27621483375959,0.5,1.28297585453544,103.78118424868649,1.28635947284714,103.77852933168337,565.3867616675402,1.0,50.90358587689801,52.88383587034819,0.004515264324556309
27199,27189,1,8.571428571428571,0.3000000000000007,1.35434216792763,103.68685754938303,1.35607204234326,103.68903921690323,264.3040034923001,0.8810133449743317,23.958499600484597,25.0,0.004471304846508857
21271,21201,1,5.454545454545454,0.3000000000000007,1.33465896770641,103.71947315443572,1.33683396424463,103.71778639139953,320.20342895187065,1.0,45.45155222049787,51.89108923540752,0.004467792115967318
98131,98141,1,8.0,0.2999999999999998,1.3741140347487,103.97225879434563,1.37600551742745,103.974121669607,366.1433597703792,1.0,38.68019313188024,41.679471236893086,0.0044649555971633895
47559,47569,1,8.571428571428571,0.40000000000000036,1.43461254485308,103.80204564158956,1.4329425,103.7995535,301.5056344459664,0.7537640861149153,42.44699597927304,44.92932797236406,0.004462684489822336
81139,81129,2,10.931174089068826,0.20000000000000018,1.31435328604306,103.89191764014708,1.31631147367096,103.89217268755989,181.20153420208032,0.9060076710104008,30.346730571496522,32.34916861117253,0.004459445502757886
41151,40251,2,10.931174089068826,0.40000000000000036,1.33799972901638,103.81931795640678,1.34054275997605,103.82231128179984,255.67390529416969,0.6391847632354236,45.195630862665986,47.37014389408121,0.004441070424175908
44021,44041,4,17.158730158730158,0.2999999999999998,1.37820722702851,103.76172178111382,1.3809505774787,103.7603697770399,793.6093373984601,1.0,49.236602844542155,51.41299938742277,0.00442571460938183
43389,43699,1,7.5,0.3999999999999986,1.34760499094973,103.74834299093746,1.34475341160997,103.74628307427523,469.51590912742614,1.0,39.21309605401275,41.61749980671806,0.004419992500383161
78071,78171,1,3.0,0.30000000000000004,1.37031163160495,103.95718010428234,1.36780002450028,103.95673805301494,269.52195115400605,0.8984065038466866,22.968392772273504,25.870699433934405,0.004395892177747546
25471,25501,1,6.666666666666667,0.30000000000000004,1.33552353410516,103.64184123007807,1.33379055380717,103.6436358584241,240.1162076953196,0.8003873589843985,26.047152232630154,27.624710209719645,0.004384876293936872
65661,65689,1,6.315789473684211,0.3000000000000007,1.418851944,103.9057239,1.418378,103.907847,236.61663681589738,0.7887221227196561,28.957087582510514,31.03088248483799,0.004372861235998227
82179,82159,2,5.333333333333333,0.5,1.31383213839694,103.90453211897777,1.31327026591962,103.90049572645528,412.80516172119314,0.8256103234423863,32.43566263507496,34.257136077873035,0.004371371821328102
46401,46411,4,13.186813186813186,0.19999999999999962,1.44091,103.7955225,1.44270591766599,103.79441916127091,275.3702259158084,1.0,33.62290069021555,35.60478661768245,0.004366213198449592
65799,65189,3,14.0,0.20000000000000018,1.398633889,103.9191989,1.397182,103.918161,176.53193979632283,0.8826596989816134,32.85923431970751,34.63168928930957,0.004361161063488269
12051,12111,5,24.843956043956045,0.1999999999999993,1.3204289505949,103.7750613105408,1.3191179107649,103.77222980786665,314.0143208694717,1.0,53.19727803772905,55.80031767519246,0.004357179449011976
83251,83261,1,5.454545454545454,0.19999999999999973,1.31923829366992,103.92199914721091,1.3190690667828,103.9242469847813,239.95355587369698,1.0,33.03881614321924,38.03881614321924,0.00434017354910119
83331,83341,1,5.454545454545454,0.3,1.32349513640884,103.91271655859842,1.32539968158209,103.91109803643086,198.67259970011438,0.6622419990003813,32.03997248689304,35.0,0.004319320085973925
45261,45271,2,27.0,0.30000000000000027,1.39431509144869,103.7435570382963,1.39569595459867,103.74526443744904,200.45036600609745,0.6681678866869909,34.245499991716244,34.880524664462314,0.004306149445362942
58289,58279,3,20.285714285714285,0.3000000000000007,1.44485960840447,103.81627162679553,1.44658462255674,103.81456918653721,171.5052578490072,0.5716841928300227,39.32969612635516,40.45536001706802,0.004305500388143969
49041,49051,1,5.714285714285714,0.40000000000000036,1.41926629646719,103.75071744712069,1.42276696289419,103.75010170518756,388.70274652071026,0.9717568663017748,47.54033850716566,52.21483304903431,0.004304279217662905
67671,67239,1,8.0,0.5,1.39200512922492,103.90712750531712,1.3930503019817,103.90373341553943,286.22546047629584,0.5724509209525916,30.594987247706417,31.6362346516971,0.004303074432234655
07371,07361,5,29.1875771287536,0.3000000000000007,1.30950750000455,103.86350138902452,1.31167636068313,103.86189483728585,329.05679718632695,1.0,43.61986394419092,44.57501092517225,0.00430143874481119
80301,80311,2,8.937931034482759,0.1999999999999993,1.31643329020681,103.87348616263843,1.31443333298525,103.87260027800174,295.9421110410094,1.0,31.340530272205385,33.895131454602115,0.004298792088501054
66191,66201,1,8.0,0.09999999999999964,1.36065611099902,103.85983944399274,1.36208638896684,103.85966527802135,114.42037619657285,1.0,22.633320267449612,25.749857141294058,0.004277984078265108
67469,67331,1,3.870967741935484,0.3000000000000007,1.38533638989648,103.8907421565758,1.3867745,103.8925445,225.22976486009026,0.7507658828669658,38.602768965040056,45.0,0.004276631899379232
96021,96031,3,18.030075187969924,0.20000000000000284,1.333937,103.956569,1.33590500003397,103.95837000001772,299.03645032679964,1.0,55.0,58.830934345861095,0.004269370129789529
64319,64309,4,8.615384615384615,0.30000000000000004,1.36984558380582,103.90037616571983,1.3670813438207,103.89926444088415,337.03147627851445,1.0,31.905308727868004,33.670182880815645,0.004246207775176858
47589,46649,2,8.571428571428571,0.3000000000000007,1.43479106906247,103.79254444311259,1.43513571565336,103.79042134084122,213.19526107038212,0.7106508702346055,41.3660729983544,44.384454444788105,0.004227400628610503
96031,95901,3,18.030075187969924,0.3999999999999986,1.33590500003397,103.95837000001772,1.33857587129254,103.96020709087523,321.12928161626576,0.8028232040406672,50.32600106774909,51.852184295400534,0.004217982049250692
58381,58229,2,8.571428571428571,0.2999999999999998,1.44797049342873,103.81337787352544,1.44875084068886,103.8168059210019,402.83024260199176,1.0,34.8986099532677,37.014249718025184,0.0042115223211884574
17019,16089,3,14.652216748768474,0.29999999999999893,1.2937974792702,103.76705176995323,1.29201138346787,103.76908420716119,198.65012095938658,0.6621670698646244,31.452130831426658,32.42840068797553,0.004207449047301861
23471,23191,1,6.315789473684211,0.2999999999999998,1.31966340928848,103.68097194774356,1.31966145615591,103.68362765144359,306.7177312027161,1.0,44.573651079570624,49.44848756089166,0.004190614684876856
53181,53191,2,8.937931034482759,0.3000000000000007,1.35607279929568,103.83781001395549,1.35837944828586,103.83908917392279,359.553808342818,1.0,38.74937255329525,41.243764838928655,0.004185044036550557
75499,75489,4,20.986757215619694,0.3000000000000004,1.366074,103.936768,1.363941111,103.9381689,353.4940269309217,1.0,37.49571662238464,38.452022943260815,0.004176021908393197
45581,46541,1,3.4285714285714284,0.2999999999999998,1.430976111,103.7800619,1.43328331503309,103.78083569681783,166.42696771954604,0.5547565590651538,45.0,55.00000000000001,0.004155844155844154
45141,49091,3,17.09090909090909,0.2999999999999998,1.42484086207371,103.75684069951173,1.42753888899762,103.75641027798767,384.50764212032425,1.0,57.40531942176966,60.18936115646066,0.004131333822808699
25539,25509,1,6.666666666666667,0.20000000000000284,1.332311,103.64507,1.33355930464673,103.64364939022576,265.3579844294969,1.0,31.085702085776006,34.397661773756674,0.004129849032944003
82141,82151,1,4.444444444444445,0.29999999999999716,1.31084210669638,103.90248369965865,1.31310616198244,103.9009112063053,315.2990781182908,1.0,25.966945574175668,28.230889812827048,0.004117741011800317
75209,75169,2,5.217391304347826,0.19999999999999973,1.35145000000178,103.93361000002287,1.35327639994383,103.93440612457627,254.23333560155947,1.0,25.15439831599991,27.922556385812076,0.004112493091770137
13171,13181,1,4.615384615384615,0.2999999999999998,1.29906809120339,103.82650703485064,1.30023223661153,103.82403473005562,323.5163217439889,1.0,44.464060007951254,51.215409452366394,0.004104969885386666
65681,65669,1,5.454545454545454,0.30000000000000004,1.418239,103.907934,1.41874,103.905114,368.8648144020382,1.0,30.508416836853797,33.001349613723015,0.004051716174209138
96229,96239,2,6.0,0.40000000000000036,1.331224,103.95799,1.33007025409204,103.96193922509366,503.6643591911388,1.0,48.17846499500196,52.426519162852955,0.004036428880063071
67339,67299,4,8.994307400379506,0.40000000000000036,1.38648038153055,103.89269086108794,1.38683575602542,103.88973216030708,289.12824569567755,0.7228206142391933,35.73560772798136,37.216723617356415,0.004006613494104776
46749,46739,1,8.571428571428571,0.4000000000000057,1.44598746959694,103.80719081852185,1.44847350274561,103.80400338022199,478.97865291968503,1.0,41.17652288719019,43.25355749593308,0.0039983925687516395
83059,83049,12,67.83348746197044,0.20000000000000018,1.31888900641724,103.91222670426201,1.318489754773,103.91002178191968,229.56997324577654,1.0,43.20257463640758,43.75949191531191,0.003996528679156308
26249,26259,3,7.0588235294117645,0.2999999999999998,1.32047370757812,103.63121830364248,1.31751639387096,103.63011079068617,383.6474193049579,1.0,41.788701787075894,45.329302395183184,0.003958153241219392
46779,46769,5,44.50754147812971,0.39999999999999947,1.44071357576488,103.80070754495145,1.4395995,103.7980195,358.9996904158647,0.8974992260396628,51.024931399721766,51.608475026433716,0.003945149551193037
54519,54309,1,8.571428571428571,0.1999999999999993,1.372117,103.864539,1.36988835306854,103.86306604022437,202.31459693384113,1.0,26.609750091068815,28.34497335408568,0.003943862076101957
98079,98069,8,46.8879031454479,0.3999999999999999,1.37859016739254,103.97870069719525,1.3757102208247,103.976778734029,422.2560196991451,1.0,57.252348473689736,57.94247644618914,0.003901755708364883
33039,33029,1,7.5,0.3000000000000007,1.42329599233546,103.70408030420536,1.42080314827393,103.70292186217569,336.7273068171499,1.0,47.21193126595209,51.40248376560966,0.0038852407330354946
05411,05421,2,11.50326797385621,0.30000000000000027,1.2753515,103.843144,1.27777470568529,103.84346347289251,220.41706018691832,0.7347235339563937,27.307023623017187,28.172180732731576,0.0038809910474348498
21209,21279,1,4.444444444444445,0.30000000000000027,1.33687648564633,103.71805599895127,1.33491282590378,103.71952517818409,328.945204999972,1.0,45.0,51.74104020981344,0.0038602726950458695
78211,78201,2,6.666666666666667,0.3999999999999999,1.36790255939851,103.96243675215658,1.37134689166636,103.96205663680765,231.85048630379174,0.5796262157594795,37.09673522779249,39.19347045558498,0.003845589411401117
14299,14029,1,8.0,0.39999999999999947,1.27488820445716,103.82127132943862,1.27247333301883,103.82418777803016,218.2893340869789,0.545723335217448,48.89652466903508,51.94826233451754,0.0038445734156586533
84329,84319,2,13.374613003095975,0.30000000000000027,1.33029323198176,103.92970061275057,1.32980564460578,103.92771515822335,210.90003886523095,0.7030001295507692,43.1446365831657,45.0,0.003834353412994548
82181,83151,1,4.444444444444445,0.3000000000000007,1.31422806856846,103.905891658307,1.31488002411227,103.90911503893872,369.76140196959796,1.0,26.15685911160587,28.28326144049641,0.0038323846737798504
75471,75481,5,17.533180778032037,0.20000000000000018,1.361598056,103.9379408,1.363804,103.93794,285.0441879863627,1.0,33.565374658521684,34.84235528225058,0.0038289175083485827
26321,26331,2,7.0588235294117645,0.40000000000000213,1.3052555,103.6308775,1.30869957612651,103.63213426017337,496.96873743004045,1.0,47.887990021840345,51.20113142369186,0.0038152774054009773
21279,21199,1,4.444444444444445,0.19999999999999973,1.33491282590378,103.71952517818409,1.333309472028,103.72051292839538,206.65461664726757,1.0,33.46931574339849,39.05163301796326,0.0037964349317095346
23021,23031,2,10.671936758893281,0.5,1.32243595181684,103.6851860612218,1.32239543114794,103.68099108399514,492.3653951634007,0.9847307903268014,54.857920305943836,57.08484995992799,0.003794543558719852
53049,53039,9,45.03954806803104,0.3000000000000007,1.35362664583092,103.83422172361446,1.35144681735328,103.83591070615076,436.3167326528195,1.0,32.86570602331766,33.171707659331446,0.0037925230732604306
14381,14291,1,6.315789473684211,0.5,1.27413014152159,103.82554290547176,1.27468440821038,103.82132649422054,555.7504757089888,1.0,28.804357261780368,29.833511042237795,0.003781946376038007
85021,85031,4,17.50326797385621,0.400000000000001,1.32190305598591,103.95468472199643,1.32501115145725,103.95232021806196,370.2050470243267,0.9255126175608144,43.810419677586324,44.87185107477973,0.0037802425312583425
25101,25111,1,6.315789473684211,0.2999999999999998,1.33428472907824,103.64783751324052,1.33239888543698,103.64981610844488,275.93419676574285,0.91978065588581,33.521835716223116,35.92348743641215,0.0037787890041594517
26039,26029,1,6.666666666666667,0.3000000000000007,1.316062,103.645623,1.317805,103.647257,256.820450061571,0.8560681668719015,44.64162626246755,48.75355559606602,0.003778586220879713
17249,17259,1,6.666666666666667,0.5,1.31517111,103.7693364,1.31092798217655,103.76746074010758,626.877579754955,1.0,36.749661701400285,38.34250316107463,0.0037680572184701708
68141,68151,3,14.671936758893281,0.40000000000000036,1.42043301652737,103.86347697141191,1.42333311184046,103.86619112165944,375.3572642417553,0.9383931606043874,46.316638661005314,47.73560574531891,0.0037665200812607154
47491,47551,1,7.0588235294117645,0.3999999999999999,1.431049,103.8005965,1.43472623786722,103.80188755233279,249.21080046866385,0.6230270011716598,31.979020485423277,33.40339507010387,0.0037649634511923605
28221,28009,1,4.8,0.7999999999999972,1.327192,103.745149,1.33235,103.740664,407.77334120505463,0.5097166765063201,49.97857858606234,52.53846299140095,0.003743607556375816
65049,65039,7,24.494307400379505,0.2999999999999998,1.38993499998792,103.90187166698628,1.38732058981564,103.90185567950667,239.41183259755553,0.7980394419918522,50.98606893311586,52.32530986952573,0.0036887718649729158
24511,24521,1,8.0,0.3000000000000007,1.319446944,103.6608911,1.317440843177,103.65887836276522,720.5259648414203,1.0,50.690175012543435,54.96147062262581,0.003679499393033706
67069,67059,5,30.38571954361428,0.29999999999999893,1.385515,103.875233,1.38705245959807,103.87298447808229,207.04455512802244,0.6901485170934106,54.74183013764454,55.97721915346198,0.0036750553376690143
80229,80269,1,5.217391304347826,0.20000000000000107,1.3172897212662,103.87810554835914,1.31501452983156,103.8783609867014,197.63994881546074,0.9881997440772984,29.829915595028325,33.31796070314297,0.003662141006032168
91099,91089,5,18.63499245852187,0.5,1.30320972763591,103.88471920227425,1.29913832558004,103.88553021350832,572.1179450029915,1.0,46.1280796933756,46.97335209807661,0.0036347871831297865
43291,43301,1,5.454545454545454,0.10000000000000053,1.35796167034005,103.7613803711349,1.35900254167529,103.76206438472947,150.56197623880047,1.0,25.022085775533945,29.988957112233024,0.003610410666991419
15071,15091,1,5.714285714285714,0.1999999999999993,1.28142472197061,103.78701416697068,1.28290732015735,103.78781105381566,203.84084944421986,1.0,31.11577758898987,34.49454651500204,0.0035976535585102317
28551,28561,2,13.714285714285715,0.19999999999999973,1.35309201855261,103.71993998752167,1.35318546958489,103.72232429359829,275.23557388784127,1.0,38.42534214421193,40.45524186701652,0.0035816671832542796
43141,43199,1,6.315789473684211,0.5,1.34421891680123,103.75586020801809,1.34663409083885,103.75920055445125,465.5961832610979,0.9311923665221958,37.624323714555075,39.284900985413856,0.003547826500957573
59779,59789,6,23.691544602030536,0.2000000000000001,1.424119,103.852562,1.42284,103.851137,155.64605668394586,0.778230283419729,52.82477183268401,55.0,0.00354754465360507
54591,54529,1,8.571428571428571,0.29999999999999893,1.37530666700034,103.8617738890253,1.3733597291276,103.86303621815655,242.4319836830758,0.8081066122769223,34.67842462216893,36.41411963827092,0.0035344244815849004
23449,23349,1,8.0,0.19999999999999973,1.31284166701008,103.67877583300174,1.31076855055702,103.67871579430353,300.73965307600395,1.0,49.063376648380114,55.0,0.003519973186245102
28561,28571,2,13.714285714285715,0.30000000000000027,1.35318546958489,103.72232429359829,1.35242067621829,103.72542293305399,327.0415310152084,1.0,33.419529659601416,34.402957714993526,0.003519175507720861
67179,67349,1,6.0,0.2999999999999998,1.38741393896265,103.8979957397525,1.38837810902521,103.8953369095349,404.41288876160206,1.0,31.711431165844886,33.806184935539264,0.00351717097257438
26061,26051,1,6.666666666666667,0.29999999999999893,1.318186,103.639406,1.316385,103.641295,286.9215187694808,0.9564050625649395,44.060463488482085,47.75981243397166,0.003515957529050763
67121,67531,1,6.0,0.29999999999999893,1.38949805550873,103.90518999989366,1.38786807176296,103.90676693747147,238.9936135524531,0.7966453785081798,35.134996890583636,37.714076592286816,0.0035034334350770844
45171,45161,1,8.0,0.40000000000000036,1.40600808717869,103.75535627770704,1.40273722420741,103.75467349450044,422.1071943031057,1.0,46.68994956791305,49.197038332092454,0.003492668159899951
67529,67519,2,8.571428571428571,0.3999999999999999,1.38731666838873,103.9092635072425,1.38565333297959,103.9062883329725,344.6036449961982,0.8615091124904958,38.484487491614466,40.054038813091296,0.003491055080262241
52191,52201,2,17.22488038277512,0.29999999999999993,1.33636138602833,103.84608389640735,1.339123,103.846497,184.96007394393484,0.6165335798131163,25.444792822398448,25.889585644796895,0.003489082358959801
42239,42229,2,8.423645320197044,0.1999999999999993,1.34027047980738,103.77016055707928,1.33943222197209,103.76827388898352,291.5694308217963,1.0,32.41802896271763,34.749337910526265,0.00348655691038965
10261,10271,5,22.682311840206577,0.3000000000000007,1.29090335842692,103.82047232884216,1.29115999997607,103.81757666701353,303.46130072502405,1.0,53.67810758439551,55.1950626392782,0.0034840458214375133
58071,58081,1,4.8,0.40000000000000036,1.45528422069638,103.83388976874676,1.45825194403092,103.83594609403143,201.49383654702336,0.5037345913675579,37.03820659366509,39.70543790002405,0.0034822662109060386
08019,04329,3,14.415384615384614,0.5,1.296188,103.8440945,1.29197057108024,103.84328384973516,301.6050332948023,0.6032100665896046,49.13079387102414,50.32414383577489,0.0034788354467587624
27359,27439,1,5.0,0.6000000000000001,1.34441434989381,103.69601368907118,1.349546,103.697197,329.67825873349256,0.5494637645558208,30.013406563381807,31.089885476821806,0.0034609264365630878
28541,28551,2,13.714285714285715,0.3999999999999999,1.35235805602121,103.7172600000334,1.35309201855261,103.71993998752167,357.0623619318634,0.8926559048296587,33.16409848678573,33.86674746812924,0.003431862820349586
13201,09159,2,10.0,0.5000000000000002,1.30453622259471,103.82209559895128,1.30602637557418,103.82568042620605,467.3317277158093,0.9346634554316181,34.71134525470161,35.55327141797143,0.0034110885718280546
67309,67329,3,8.994307400379506,0.3999999999999999,1.38813799869207,103.88759103191384,1.39001974230515,103.88460168183559,456.9388742404617,1.0,39.57835451366594,41.11879429409076,0.0034054486598017824
25781,25791,2,4.444444444444445,0.5999999999999996,1.276398,103.635811,1.28202,103.636126,543.417577799329,0.9056959629988822,41.66725582058652,44.005750784271335,0.0034009546216088203
21311,21321,1,12.0,0.29999999999999893,1.323117,103.709537,1.32624055798556,103.70885429370763,419.57593157721254,1.0,48.26624222080899,50.57058460536601,0.0033986625542082264
66151,66161,1,8.0,0.19999999999999973,1.36306633208702,103.86588376967377,1.36123776322522,103.86464333342467,306.7313874804703,1.0,32.43748769112649,34.83570434654735,0.0033957568939462623
57041,57051,5,20.454545454545453,0.5,1.41069268256433,103.82192312004506,1.415206,103.8233905,384.4728410143037,0.7689456820286074,36.708382623621915,37.16129104190101,0.003395581719446575
25061,25071,1,8.0,0.29999999999999893,1.32758500003063,103.64528750001706,1.32958277801799,103.64320638902281,382.7394441303438,1.0,42.314489277675676,45.0,0.003384827300740397
16149,16009,1,4.0,0.3999999999999986,1.29781833402646,103.76994027003138,1.29425341056334,103.76988323197696,228.1737256847737,0.5704343142119362,45.46709819293615,50.285576054319506,0.0033720125591071063
84311,84321,3,17.82967032967033,0.3000000000000007,1.330067,103.927858,1.33060063600662,103.92977387914273,292.8229055863819,0.9760763519546042,45.66872072316727,47.01788569744261,0.003360838810020862
66541,66551,1,7.0588235294117645,0.20000000000000018,1.37977511312504,103.88135493816362,1.38172111,103.8814381,274.49783818255537,1.0,32.02617211965393,34.64873731704706,0.00333653871198886
75401,75411,2,6.666666666666667,0.5499999999999998,1.35169889,103.926635,1.35660663,103.9293749,530.406713205488,0.9643758421917968,61.39592758425587,65.0,0.0033114028420574487
53071,53081,7,31.840264998159732,0.3000000000000007,1.36063333692202,103.82834252087906,1.36319303798878,103.82783467220469,356.2499948455064,1.0,57.33904531016719,58.50122703402039,0.0033094554320702366
67569,67579,2,12.0,0.30000000000000027,1.39504999232889,103.87700000087196,1.3947623,103.874852,259.8059063328186,0.8660196877760612,33.81610742958168,34.89847766343457,0.0033017808464764612
25259,25269,1,7.0588235294117645,0.6000000000000005,1.34418817757747,103.6407070702331,1.34777150726774,103.63746924027154,452.1924038240478,0.7536540063734123,48.104263152353084,49.97756865121909,0.003300148570467832
83239,93119,2,4.137931034482759,0.30000000000000004,1.3169597007985,103.92246139079549,1.31431984916508,103.92298221289045,285.9574516320097,0.9531915054400321,38.51211786329508,42.882118022347825,0.003284825669124717
06161,06151,4,17.496192696192693,0.2999999999999996,1.28901705678419,103.83994286096711,1.28870976841461,103.83737276969174,363.5717061450986,1.0,41.72106982162079,42.83255534229951,0.0032646693097638404
56061,56071,6,25.254545454545454,0.3999999999999997,1.385154,103.822865,1.38717744383548,103.81964816646843,526.8445783527038,1.0,58.624399630858484,59.75642536183415,0.0032643207666000137
52431,52421,1,5.0,0.2999999999999998,1.3383165,103.855529,1.336232,103.857428,333.30840110501845,1.0,30.02669110440535,32.115211044160716,0.0032487151106872086
24539,24431,1,8.0,0.3000000000000007,1.30492020241064,103.65548029310382,1.30726611103183,103.6576999999841,380.3095129098782,1.0,39.23765782042451,41.40505907998583,0.0032017991054539945
24529,24519,1,5.714285714285714,0.3000000000000007,1.31721248927948,103.65816649904158,1.319071944,103.6598081,780.1654252115735,1.0,47.190837089451115,51.75019458131158,0.003200495226000214
65201,65151,3,8.571428571428571,0.4,1.40083471013366,103.903580214986,1.39885650320272,103.90662105241732,392.9404121802494,0.9823510304506234,32.91892621464429,33.962500027356505,0.003200302729201057
23501,23091,1,8.0,0.30000000000000027,1.32453160328451,103.6958354332658,1.32451861639004,103.69276227893867,332.20310852444584,1.0,37.805686132137,39.81070292984553,0.0031972182756847324
49129,49119,1,5.454545454545454,0.3000000000000007,1.43487511854102,103.75521112659418,1.43218727065725,103.75568435534463,328.90570922433835,1.0,41.05044059805023,44.60579965150334,0.0031772700878238158
54259,54351,1,5.714285714285714,0.40000000000000013,1.3772094440158,103.84628222196814,1.37647777885877,103.85003474200923,431.353862896103,1.0,45.72179012867945,48.809500370798006,0.0031625026134607234
95089,95079,3,24.201680672268907,0.40000000000000213,1.389665,103.995899,1.39019416668503,103.99252027779501,444.8025797193145,1.0,56.98826998465759,58.06859036772446,0.003160321977311497
03391,03331,1,2.0,0.7999999999999998,1.28037660340352,103.85498006767988,1.27663307202767,103.86076808024792,826.7812087879894,1.0,39.88927380897729,43.29893710079011,0.00315862531153096
27179,27169,1,8.571428571428571,0.2999999999999998,1.35618418171977,103.6917825773122,1.35693103245165,103.69424464254188,352.6103834994828,1.0,44.33167681529622,46.871860144852135,0.003143497932019987
98161,98171,1,8.0,0.20000000000000018,1.37986849530321,103.9759182930092,1.38209408212027,103.97466838363384,315.3565519695982,1.0,44.642381431334854,48.926039332362,0.0031379596070315067
49109,49099,2,11.168831168831169,0.20000000000000107,1.42885154471804,103.75622617449282,1.42763,103.7566,109.51750568408374,0.5475875284204158,51.10815074014054,54.99999999999999,0.003092721944519794
22369,22359,1,5.714285714285714,0.29999999999999893,1.34033186393306,103.69511038795854,1.3425266670299,103.69727527800597,363.17582807323413,1.0,34.176538505572694,36.41251715918122,0.0030801515326811515
97119,97109,1,5.714285714285714,0.3000000000000007,1.36337227349683,103.96996378901376,1.36281875953495,103.96702623375789,283.54444391786365,0.9451481463928767,45.0,48.95312979418031,0.003076318539056559
46969,46659,2,13.333333333333334,0.30000000000000027,1.43059181782407,103.79269972105995,1.43269272771322,103.79414300304941,316.5181885914204,1.0,31.938849216427677,32.74075574493866,0.003067437880986959
44709,44619,3,23.238095238095237,0.20000000000000284,1.3885418939603,103.76842967593706,1.38695072395596,103.76763574907523,220.53413609942703,1.0,27.218374526996975,27.714609014300436,0.0030573596152689876
65039,65029,7,24.494307400379505,0.30000000000000004,1.38732058981564,103.90185567950667,1.38461500003195,103.90061583298267,295.78573673704494,0.9859524557901497,42.53384746450806,43.299630559918796,0.003055437000790047
21079,21139,2,9.568965517241379,0.5,1.31342751032359,103.72279763377816,1.31433044660166,103.71846563037732,483.9003067499374,0.9678006134998748,43.934734116867205,45.20267055418189,0.00305464243353004
21191,21271,1,5.454545454545454,0.1999999999999993,1.33290982216515,103.72044541450344,1.33465896770641,103.71947315443572,187.9999193022195,0.9399995965111008,39.91243934550665,44.923674004105905,0.0030489462061283872
18261,18271,3,11.814671814671815,0.19999999999999996,1.29015996757499,103.78933806183707,1.28840699998743,103.78992778459765,174.30936352395554,0.8715468176197779,41.69786123256004,44.06206984680703,0.0030405964154170267
54511,54521,2,10.506912442396313,0.20000000000000018,1.372192,103.863322,1.37342640743158,103.86288750616447,183.07111379861254,0.9153555689930619,39.0785774970955,41.414137462747505,0.00303255554251371
40229,40219,6,39.064935064935064,0.20000000000000018,1.319241,103.825711,1.317033,103.826044,270.64051693603824,1.0,54.81623333145407,56.00117826613746,0.003015844302296726
64221,64131,3,21.897435897435898,0.3000000000000007,1.36263972024077,103.90086280526522,1.3630249842487,103.9035055135566,243.57201585640667,0.8119067195213537,49.392687675536266,50.533664742793164,0.0030029491655043897
51131,52011,4,22.24558074503146,0.40000000000000124,1.34429,103.839394,1.34504127313408,103.84263401771713,246.05828736944883,0.6151457184236202,46.21473211798954,46.93551112847935,0.002956813135134926
85071,84439,1,4.615384615384615,0.09999999999999787,1.33407653133395,103.9498516702887,1.33474732352614,103.95024017522437,107.9694970371116,1.0,35.0,45.0,0.002930402930402867
64219,64209,3,21.897435897435898,0.3999999999999986,1.36194642289744,103.89836719781479,1.36146974234447,103.89452504836862,516.9001889871778,1.0,37.829512862667976,38.313457288687445,0.0029246012083756876
23199,23479,1,6.315789473684211,0.3000000000000007,1.31951264524841,103.68312351699183,1.31950924526288,103.68065985334341,278.89777820295785,0.929659260676524,47.202719067171714,50.90973910760539,0.0029228460811939563
49031,49041,1,5.714285714285714,0.39999999999999947,1.41631604671773,103.75124374338,1.41926629646719,103.75071744712069,337.82738523377515,0.8445684630844389,49.956662233207254,53.364025318625266,0.0029214493491181875
67511,67521,1,8.571428571428571,0.29999999999999716,1.38603041619808,103.90624523161839,1.38710967446608,103.90839913039454,333.4528836817526,1.0,43.78161563802179,46.07291345965609,0.002920912499886055
26049,26059,1,6.666666666666667,0.2999999999999998,1.31486576449382,103.64275148813714,1.31672777803073,103.64083888900358,305.90843907114356,1.0,44.241900629829985,47.28835488432617,0.002912303789045249
06051,06071,3,16.3,0.19999999999999973,1.28475980959972,103.83405671725487,1.28685859481289,103.83360028266564,219.32715477682328,1.0,42.23577789721226,43.88750667241065,0.002904925032121923
97031,97041,1,5.0,0.29999999999999716,1.35474723326023,103.96851979269732,1.35785139360852,103.96938267040976,330.1906226492419,1.0,48.38064349690295,53.36275246262586,0.002894640392146953
47821,47811,2,18.57142857142857,0.40000000000000036,1.46077717684188,103.80582927631109,1.46237692251291,103.80898707919847,323.63964786371855,0.8090991196592957,54.99999999999999,56.202165716345455,0.0028890423055044
12049,12039,6,28.016427545290025,0.3999999999999999,1.32091131971837,103.77655888991401,1.32104526183447,103.78018998386835,467.2982540559392,1.0,49.357485840276944,49.99204506459992,0.002881980092587203
28519,28581,1,8.0,0.1999999999999993,1.35058416759245,103.72452492776075,1.34925114010527,103.72570564902432,113.80866053263209,0.5690433026631625,32.5387627917745,34.544600791008904,0.002855187430335433
84561,84551,1,6.666666666666667,0.29999999999999893,1.32804725721627,103.91973825722668,1.32853887137542,103.9225201285922,310.07311154082885,1.0,39.818312704316796,42.21060123587664,0.002846683361005933
23039,23029,2,10.671936758893281,0.5,1.32303111111252,103.68151388887642,1.32302194442237,103.68622888892132,656.8425553994347,1.0,55.881157758551694,57.594218830224094,0.002840153455413747
64499,66539,2,8.746803069053708,0.39999999999999947,1.3748828566071,103.87828864496953,1.37500340591534,103.8750162086281,394.58313276361224,0.9864578319090319,26.03542549478385,26.585416887184568,0.0027800786212534316
26079,26089,2,4.444444444444445,0.3000000000000007,1.32060611102859,103.6367552779852,1.32215171578031,103.63510021174817,245.73246802905192,0.8191082267635045,44.888343610070194,49.52332286078092,0.0027799896176111507
47569,47579,2,8.571428571428571,0.3999999999999986,1.4329425,103.7995535,1.4333134741952,103.79597019770507,381.7016241262902,0.9542540603157289,46.127033185584,47.91154504945155,0.0027684516472987536
48031,48041,3,10.514285714285714,0.6999999999999993,1.41109191008995,103.78316982719807,1.41268317529503,103.78892108182363,598.2477560051099,0.8546396514358721,65.0,66.61195674499422,0.0027400951889337594
43231,43241,6,25.41446788505612,0.2999999999999994,1.35393625714127,103.76006304222618,1.35584392851879,103.76188709548238,333.4594034377104,1.0,52.3297225505467,53.33100739817543,0.0027354683884948995
34039,34029,1,7.5,0.1999999999999993,1.43659170251147,103.70811753153625,1.43497194397025,103.70818333298028,161.20418092694132,0.8060209046347094,50.0,55.0,0.0027272727272727197
23481,23151,1,7.5,0.3999999999999986,1.32791691676156,103.68174669439477,1.32788229015066,103.68483459543562,452.9585460330693,1.0,49.93005566516551,52.28628447035335,0.002707627298682327
65311,65301,3,6.0,0.5,1.40201500002599,103.91285694443438,1.404519,103.9093865,619.9954653502559,1.0,39.67073140429217,41.13313921116331,0.0026886092506531387
23131,23141,1,8.0,0.10000000000000053,1.32537111100949,103.684046944028,1.32666880692569,103.68401506144217,155.31757482686223,1.0,31.16008671453971,34.80142895342922,0.0026863076680213264
48061,48071,2,4.8,0.5,1.41583154711836,103.80385151827096,1.41176331480418,103.80578610823426,351.71325657515496,0.7034265131503099,54.01534119940325,57.4895033355375,0.0026850701961119603
58079,58069,1,4.8,0.5999999999999996,1.45500446219905,103.83381218856621,1.452187,103.830428,497.91485765251275,0.8298580960875217,38.5940141936926,40.032857240350026,0.002682065440069716
45211,48011,1,4.615384615384615,0.5,1.41031981199246,103.76978816795226,1.41053605692452,103.77449402303927,357.53371528264205,0.7150674305652841,44.08603797712571,46.437928245653616,0.0026510691196429143
13019,09149,7,34.14344417192714,0.20000000000000018,1.3067380217198,103.82013079894885,1.30608981381948,103.8212215023314,123.35361655137277,0.6167680827568633,53.289017942066586,54.40755186025098,0.0026344476934625763
60191,50341,1,4.137931034482759,0.3999999999999999,1.31718305596849,103.86195722198198,1.319418,103.859282,328.73715666221494,0.8218428916555376,26.412894832111547,27.56907518456057,0.002628031851214698
25169,25129,1,7.0588235294117645,0.29999999999999893,1.32774944401039,103.65450055600219,1.32994444402601,103.65226388900422,360.3880682254708,1.0,38.06006599661587,39.93697747958926,0.002614885280109578
18329,18319,2,6.666666666666667,0.30000000000000004,1.2989244439988,103.77611416701255,1.29752638901257,103.77813111102236,279.7786832373156,0.9325956107910518,31.212315675050142,32.53976732118352,0.0026140161852350606
26289,26299,2,7.0588235294117645,0.40000000000000036,1.30854575415228,103.62682065616312,1.30510954355111,103.62556346611815,367.29791994659325,0.9182447998664823,48.02135871865709,50.238020029483735,0.0025943268993137494
96321,96331,2,7.252747252747253,0.2999999999999998,1.332136,103.965498,1.331357,103.967556,312.33106197213095,1.0,27.856628891973436,28.802583069467072,0.0025652748363326726
67739,67729,3,6.0,0.3999999999999999,1.37998423176832,103.90195091871207,1.37948933048443,103.89872566951759,386.7957677085402,0.9669894192713508,49.580018833109705,52.35406550816334,0.0025648850507387737
49059,49049,1,8.0,0.3999999999999986,1.42318199210104,103.75019253254519,1.420040467845,103.75074630835057,338.3910000151926,0.8459775000379846,44.51020275928235,46.1501699360566,0.002554772643290306
67251,67431,3,4.137931034482759,0.3000000000000007,1.39442862205324,103.9003121852631,1.39521359607395,103.89739500115256,386.7963077842955,1.0,32.64186226612897,34.98051998476309,0.0025425527851556723
16239,16229,2,12.3,0.5,1.28643527800393,103.77893444397212,1.2830090731877,103.78159959377587,436.35695971418284,0.8727139194283656,53.77925948709603,55.0,0.0025381715167995065
54391,54341,4,22.64928292046936,0.3999999999999997,1.371548,103.848298,1.37462142095238,103.84782467173312,351.57406921878373,0.87893517304696,48.73474498274646,49.409036238794386,0.00253697913498548
01411,01421,4,24.996336996336996,0.3000000000000025,1.30211332865049,103.86295598167331,1.30338444400173,103.86483888898641,260.82158980053424,0.8694052993351069,47.29622421436543,48.065303173391605,0.0025369411822900793
22011,22021,1,6.0,0.5,1.32129797964322,103.7077550377112,1.32168245080395,103.70369314086494,702.9851898684974,1.0,54.99999999999999,57.677409969213,0.002532023262715996
45101,45111,6,28.47451963241437,0.3999999999999986,1.41863235748269,103.75457151987825,1.42170099129292,103.75566245596836,302.78831262611425,0.7569707815652883,58.56786067080277,59.334245051677755,0.0025118763738112195
59821,59621,4,26.027306027306025,0.30000000000000027,1.432912,103.845777,1.43416283001882,103.84410555917717,195.15172482773227,0.6505057494257737,35.0,35.39830146723603,0.002510220728723568
44921,44911,1,4.8,0.2999999999999998,1.3822735,103.772836,1.3848475,103.772859,269.3411448268455,0.8978038160894855,34.55585345820021,36.750296222353924,0.0024883088399782574
14489,14309,2,16.07142857142857,0.19999999999999962,1.272377,103.82159,1.27128899958763,103.82302593897191,240.3001287250551,1.0,32.29321553757914,33.12035338726259,0.00248574239508794
80009,80051,1,3.75,0.3,1.3111642220841,103.87216341433337,1.31251499997324,103.87326194447365,196.01271396475136,0.6533757132158379,38.935678314602626,42.58815484463466,0.002478011895445986
10419,10409,1,6.666666666666667,0.1999999999999993,1.28842024220748,103.81257549749508,1.28788221830638,103.81099317775703,108.01972006775287,0.5400986003387662,35.0,37.402379886204585,0.002446882632565581
30119,30109,2,6.315789473684211,0.30000000000000004,1.37288750001555,103.7404039307868,1.373745,103.738354,365.415714595131,1.0,60.001757053722706,65.0,0.002428225059533875
47731,47721,1,5.0,0.3000000000000007,1.426029,103.791884,1.427909,103.790055,340.69898222612164,1.0,33.000030204067244,34.84655720147715,0.002408644504815757
25239,25249,2,7.0588235294117645,0.39999999999999947,1.33740500002037,103.64795499996725,1.33985499996776,103.64535166698558,421.55566412672135,1.0,45.671538964949235,47.49293803704187,0.0023709519029496465
67191,67201,4,24.861021331609564,0.3000000000000003,1.389133,103.897095,1.38669709800422,103.89628892246895,390.905458129841,1.0,32.58225215300297,32.920459634988944,0.0023516703382223552
43671,44171,4,19.685314685314683,0.5,1.36459985984635,103.743456828696,1.36801215768924,103.74704828649467,583.4881940740976,1.0,56.61485318419303,57.3909414682804,0.0023509844618240234
45139,45129,9,49.756077256077255,0.3999999999999999,1.42525961270458,103.76178101875855,1.42382925070118,103.75863462427267,353.24509761144697,0.8831127440286176,52.83479318677694,53.16653563968469,0.0023504380126018903
24411,24421,1,8.0,0.2999999999999998,1.30243777798816,103.66173361100701,1.30463277796645,103.65950611101405,362.6586425584626,1.0,44.92425134316994,46.94322728684253,0.002297674974914636
28251,28261,6,35.85114300903774,0.30000000000000004,1.33382805600325,103.7369883329766,1.33614236992322,103.73489878344925,302.6603441867535,1.0,62.282222250712174,63.12194316251755,0.0022972844348301967
67539,67129,2,6.666666666666667,0.30000000000000027,1.38772020397705,103.90661294770753,1.38936844113699,103.90498892005203,301.5803112723954,1.0,32.762875393972095,34.03786470455293,0.002286610648223173
98301,98281,1,5.714285714285714,0.2999999999999998,1.3601325,103.9643955,1.3595735,103.966599,175.95875502225647,0.5865291834075219,34.46167211095725,36.118672064260615,0.002282115294241167
21529,21519,2,6.666666666666667,0.40000000000000036,1.3340830392462,103.71509707566638,1.33295908040191,103.71129155158583,431.21364991302477,1.0,32.13917233179872,33.04557488451956,0.0022758406605065326
11239,11229,5,23.88889871738169,0.40000000000000036,1.31152857401616,103.80165517330278,1.31060065879064,103.80522542227166,844.5315717057247,1.0,50.28260796221619,50.89081833975918,0.0022711860771083593
63371,64341,2,12.631578947368421,0.29999999999999893,1.37115666339413,103.88514405987183,1.3729130421635,103.88633750747994,260.49436616180793,0.8683145538726962,37.75132863206457,38.62220735763843,0.002263430922321555
29109,29099,1,6.666666666666667,0.20000000000000107,1.29874917121117,103.74969618348408,1.29938668393663,103.75207185742923,339.73459943185026,1.0,33.165624190690394,35.1408601465735,0.002259733148105526
14189,14179,13,78.24135864135864,0.2999999999999998,1.27269303340787,103.80398363214624,1.27188454577735,103.80630000533797,237.13073140497508,0.7904357713499174,54.99999999999999,55.28928821885864,0.0022329792996669154
65109,65099,1,5.714285714285714,0.39999999999999947,1.407697,103.908819,1.40446781720997,103.90711426733175,572.0712633833914,1.0,37.90877388664334,39.35458606119787,0.0022151275237133707
24341,24351,1,8.0,0.39999999999999947,1.29559624794118,103.67069575266142,1.29811763317717,103.6683905248493,425.82359199577144,1.0,39.40644220178532,40.511495512059355,0.002215071278627631
26081,26071,2,4.444444444444445,0.2999999999999998,1.322491,103.634908,1.320508,103.637024,333.2987031448122,1.0,42.04065035732408,45.169547979929014,0.0021969234247065455
07529,07517,3,16.931174089068826,0.5,1.30431906266143,103.85501564257024,1.30145216158073,103.85247781934106,300.4529925663263,0.6009059851326526,34.08313241780601,34.38715749245374,0.002195991747841718
13179,13169,1,6.315789473684211,0.20000000000000284,1.29925749997453,103.82665250000115,1.29910305180416,103.82839289158527,191.76051243052228,0.9588025621525977,49.78674887307919,54.49344705769301,0.0021913711663904376
54621,54611,3,10.69165885660731,0.40000000000000013,1.36595331171712,103.83773071305599,1.36489470522366,103.84057417396242,429.6611518806141,1.0,53.50829155322641,55.0,0.002167730354708662
26131,26121,1,6.0,0.1999999999999993,1.31902277799591,103.64969999999403,1.31736840181558,103.65136419209274,244.29742063511003,1.0,41.85348606350264,45.264688791024454,0.002160715564707825
75089,75109,2,18.909090909090907,0.29999999999999993,1.34977145890473,103.93404731779178,1.35115140327554,103.93102423699943,397.14476216240166,1.0,30.57042364186222,30.929050385893632,0.0021516247660742656
83319,83309,4,20.982456140350877,0.3000000000000007,1.31268833645873,103.90714010649674,1.31045482788745,103.90806851700533,223.8499104925467,0.7461663683084874,53.989750255463626,55.0,0.0021415702245065685
34019,33059,1,7.5,0.40000000000000213,1.43253416698475,103.70773805599093,1.42935991121752,103.70662973279376,406.87644658057786,1.0,55.49583452444099,57.75760386230044,0.0021168983899770644
24249,24239,1,9.23076923076923,0.2999999999999998,1.3200141711372,103.67231073811735,1.31979166699662,103.6690038889689,383.2498120319983,1.0,34.00840283874202,34.91248860699416,0.0021086365882643505
67571,67561,3,5.0,0.3000000000000007,1.3950407,103.874442,1.39545828505824,103.87697696683591,202.222275294933,0.6740742509831085,37.51912909300749,39.563791718142014,0.0020661519708316807
82231,81141,1,4.8,0.3999999999999986,1.3142010130892,103.8936761363468,1.31200805596649,103.89035749999957,306.3741816749416,0.7659354541873568,39.94686938657412,41.73213731000549,0.0020561332368675914
46209,46709,2,7.597402597402597,0.19999999999999996,1.44025242879024,103.77727510649777,1.44144739085946,103.77554719559573,167.16595349159354,0.8358297674579679,25.0,25.86994188045412,0.0020438542097058364
46809,46799,1,13.333333333333334,0.20000000000000018,1.44649662319346,103.79808713932866,1.44586617373151,103.79970850070715,188.60465765549372,0.9430232882774678,19.0360579276963,19.313736130464118,0.0020140359144802406
49119,49109,2,11.168831168831169,0.29999999999999893,1.43218727065725,103.75568435534463,1.42885154471804,103.75622617449282,355.8170557056964,1.0,47.41291933070177,48.8019671095864,0.002011463427070267
25549,25539,1,6.666666666666667,0.3999999999999986,1.329815,103.647687,1.332311,103.64507,429.2580081951448,1.0,31.380419587202304,32.13980607582846,0.0020078423013093227
75601,75611,2,10.31578947368421,0.30000000000000004,1.373503,103.931982,1.372567,103.93426,197.52916822767378,0.6584305607589125,31.125629064263855,31.766003599768155,0.0020043661546472755
65671,65461,1,7.5,0.2999999999999998,1.411223,103.898788,1.40985888889928,103.90129988103229,261.35063482400454,0.8711687827466823,28.944555364161175,29.70646618191434,0.0019937411991078056
57131,58011,5,32.935064935064936,0.3999999999999986,1.43808413802489,103.82529753316932,1.44135611418225,103.82418746836298,367.91952128293013,0.9197988032073287,46.02290548497288,46.344655631345674,0.001987300657886314
97051,97201,1,5.0,0.3999999999999986,1.36044412865764,103.9703768491515,1.36265900778926,103.97370278833513,341.2579610940429,0.8531449027351103,48.43485955969234,50.880628891959034,0.001984883288597042
16131,16141,4,18.015873015873016,0.29999999999999993,1.29487639088562,103.76935201010454,1.29786833526113,103.76959523650599,316.75156424803896,1.0,47.60345568061461,48.44880280621742,0.0019810257312369585
83179,93109,2,10.0,0.19999999999999984,1.31460443311119,103.91922466611177,1.31278666699062,103.91998638901408,355.5163451617679,1.0,36.756661179287875,38.11739146182133,0.001942418556088668
77389,77329,1,5.217391304347826,0.40000000000000036,1.369597,103.946715,1.37283117687855,103.94765867700548,471.9536072836295,1.0,41.19242649557795,42.820811368918314,0.0019266294445779689
11539,11529,4,12.901098901098901,0.2999999999999985,1.29117049549107,103.80786180498694,1.28903120647732,103.8060909305284,257.67005021544026,0.8589001673848052,53.00803173534209,54.43820946798605,0.001918193700343668
73021,73031,1,9.23076923076923,0.3000000000000007,1.37990824811851,103.91860651287472,1.37606329708152,103.920020388391,230.35130005298828,0.7678376668432925,58.78125117078315,61.237284429348534,0.0018894640903663125
14081,14101,8,49.81097663945961,0.40000000000000036,1.270896111,103.8308919,1.26837500002503,103.82825805600972,515.7767622988474,1.0,65.0,65.40212135524766,0.0018846772755671014
44321,44921,1,4.8,0.30000000000000004,1.379874,103.772318,1.3822735,103.772836,279.57756265481396,0.9319252088493797,39.80857278695066,41.996174374365076,0.0018842754251062995
59261,59271,5,26.115384615384613,0.3999999999999999,1.43755803458153,103.83159143616113,1.4362831713903,103.82855161345292,331.96388213729637,0.8299097053432412,47.94354234607327,48.35899149211321,0.0018718322863075566
78139,78149,4,28.558823529411764,0.39999999999999925,1.37321804486777,103.9639885558376,1.36970105283111,103.96411887211589,299.4924224461492,0.7487310561153744,56.56440159071584,57.0904016102847,0.00186071461755571
99081,99091,1,5.714285714285714,0.1999999999999993,1.38939876912039,103.97862661282434,1.39096634300286,103.97976929995467,241.5011268898698,1.0,37.42634171834139,39.85268343668278,0.0018591265989362875
71011,71171,5,18.00064253587492,0.20000000000000018,1.33411688207761,103.89054392713261,1.33497828854869,103.89238738026172,205.90450634516054,1.0,52.31694747315343,53.76799891996104,0.001857096809098599
53519,53509,1,4.8,0.29999999999999893,1.35996591,103.8380155,1.35718241,103.8366892,337.6046120544795,1.0,43.35508529049866,45.92110517125978,0.0018559664976594604
24689,24699,1,6.0,0.2999999999999998,1.31152436181276,103.65889588893424,1.31345305601187,103.65690250002406,251.8755764059444,0.8395852546864818,54.78809473632569,58.06552800430946,0.0018543930257643945
26029,26019,1,6.666666666666667,0.10000000000000142,1.317805,103.647257,1.318612,103.648062,73.44147364165647,0.7344147364165543,42.836702374303044,48.55741497484986,0.0018335268821717088
55119,54451,2,9.8,0.29999999999999893,1.37728530731209,103.8378470631113,1.37723501808517,103.84059645206445,352.35459627685395,1.0,42.36971657482105,43.51143830919433,0.0018207427972986264
77061,77181,1,6.0,0.3000000000000007,1.37377216806532,103.94041320097696,1.37591147273628,103.94109934608323,232.19080970109945,0.7739693656703297,31.776278219172767,32.82966846659029,0.0018175747132392348
23351,23361,1,8.0,0.1999999999999993,1.31615485867639,103.67874941599844,1.31910770453777,103.6788383227952,443.0436804449918,1.0,48.686190957286016,51.53149000413843,0.001814551935183766
21291,21301,1,12.0,0.3000000000000007,1.31585422996408,103.70943351671639,1.320072,103.710136,598.9184160545403,1.0,41.153384167184655,42.01497797702242,0.0017938882128976292
10239,10229,4,20.391246684350133,0.2999999999999998,1.29060688839488,103.82865297447873,1.29052137840164,103.83178189529583,420.8567295148408,1.0,43.66316178774784,44.2273587966003,0.0017872677829630932
40399,40409,3,13.157894736842106,0.3999999999999999,1.35984,103.734244,1.357394,103.731808,502.69925168465636,1.0,36.39337014250365,36.844129711213384,0.001769297144668468
31121,31131,2,10.227272727272727,0.30000000000000027,1.37035531879968,103.68800387696562,1.3721005602879,103.6901494100538,372.3333382615494,1.0,40.886928646089856,41.86694437664441,0.0017565413790807177
01339,01349,1,6.666666666666667,0.2999999999999998,1.30774601733202,103.8642627465441,1.30568635716829,103.86543994417883,192.69411214601408,0.6423137071533807,46.46258559311117,48.4030880461644,0.001725709729727582
52351,52341,2,17.575757575757574,0.2999999999999998,1.33836800687246,103.85328005892127,1.33625777803173,103.85562250002782,291.5094158445638,0.9716980528152133,43.05006238631994,43.65811276317709,0.0017058314886682691
65399,65389,2,8.0,0.5,1.40580472725369,103.91259546667418,1.40225699999819,103.91007199999862,471.5710651546086,0.9431421303092172,34.686904602959885,35.20736728141388,0.001704709914460395
58089,58079,1,4.8,0.40000000000000036,1.45873255930273,103.83654216993519,1.45500446219905,103.83381218856621,402.9851702065535,1.0,37.11233159774075,38.37452249807432,0.001701629668749222
24401,24411,1,8.0,0.2999999999999998,1.30031638897466,103.66355777798681,1.30243777798816,103.66173361100701,255.78767415255962,0.8526255805085325,43.387244688067454,44.75251479159144,0.001687525352107568
45161,45151,1,8.0,0.3000000000000007,1.40273722420741,103.75467349450044,1.40086873669287,103.75428556537604,239.60959992351775,0.798698666411724,52.95532905228199,54.99999999999999,0.001684854132494269
65101,65709,1,5.0,0.40000000000000013,1.407889,103.908735,1.411316,103.910496,492.93947482159774,1.0,44.050717063365454,45.73634784374185,0.0016733160789842029
64049,64019,2,10.671936758893281,0.30000000000000027,1.3703713899857,103.89603248614272,1.368308353364,103.89393838248249,330.38893347836273,1.0,36.086070405770535,36.77912936520169,0.001671835886834735
24011,24021,2,15.058823529411764,0.7000000000000002,1.32230923979842,103.6776263194759,1.32185257239826,103.67087977752024,1039.2631148340015,1.0,56.177125393374084,56.67944367381871,0.0016629644915211598
57011,57149,2,6.195348837209302,0.2999999999999998,1.40015725353057,103.81717214668784,1.40236816337763,103.81689548453724,281.4342199593574,0.9381140665311919,51.30889611816126,53.777245255577185,0.0016626559299214672
82171,82181,1,4.444444444444445,0.3000000000000007,1.31382614901728,103.90306992679919,1.31422806856846,103.905891658307,227.34449390523463,0.7578149796841137,33.54511732891116,35.0,0.0016522256044696475
21409,21459,1,4.8,0.40000000000000036,1.34338969264048,103.71207059648545,1.3455804550235,103.71491332975407,443.338053919298,1.0,31.721150172284247,32.60046428031286,0.001632572808630343
46761,46771,6,54.05072463768116,0.40000000000000013,1.4396175,103.7972525,1.44088808355944,103.80018670656507,393.99946517698856,0.9849986629424712,55.0,55.22861159566108,0.0016271700876578055
53421,53251,2,5.237113402061856,0.40000000000000036,1.345658889,103.8553811,1.34678829540395,103.85199823380812,433.9417181835139,1.0,34.78133076063591,35.73535496046548,0.0016079297320669855
48011,48021,1,5.714285714285714,0.5999999999999979,1.41053605692452,103.77449402303927,1.41091935719422,103.7794566466511,503.3966212109595,0.8389943686849355,58.76386638822058,60.41651330292348,0.0015959793145627287
27351,27361,3,16.144796380090497,0.3000000000000007,1.34423200986065,103.69613170622605,1.34294490356227,103.6945223808434,175.95064225969293,0.5865021408656418,25.62844299418797,25.846411361251043,0.0015937669734659085
70059,70049,4,18.672080607564478,0.19999999999999996,1.33477611102342,103.87831166701761,1.33290666703267,103.87871499999147,240.87994932809832,1.0,36.95187298187061,37.54010897370058,0.0015835884209908558
19021,19031,7,39.93102153376753,0.3999999999999999,1.30965490194051,103.7812018067838,1.31123416666912,103.77838361113201,300.8577950453815,0.752144487613454,58.770223712392905,59.11447587791869,0.0015826901721877782
40361,43799,2,5.0,0.400000000000001,1.35715418971956,103.74085618975258,1.360292,103.743215,268.7557511686098,0.6718893779215227,29.51816726942412,30.211435445402053,0.001554785602530935
59099,59072,1,8.0,0.40000000000000036,1.43272835490407,103.83522544787667,1.42939861,103.8354664,365.27346651670604,0.9131836662917643,41.82014224284717,42.683156142836175,0.0015471261904808757
46139,46129,1,10.909090909090908,0.3000000000000007,1.4461801595519,103.7772632603031,1.44378798401059,103.77675415681387,259.3914813072086,0.8646382710240267,28.91693320733267,29.309162092787474,0.0015145853608594822
43191,43149,1,6.315789473684211,0.5,1.346377,103.759219,1.34399483001027,103.7561003299722,353.5978824252775,0.7071957648505549,44.183169682869234,45.12843331408746,0.0014970747060473028
22039,22029,1,6.0,0.5,1.32284076507861,103.69861624674222,1.32244971744256,103.70268212142697,566.7726422277717,1.0,56.88060858228914,58.51406950966846,0.0014723310384089673
54247,54239,1,8.0,0.4,1.36873836498602,103.84719306132868,1.369186093503,103.84332015576305,477.58267222247963,1.0,27.85332734237334,28.207387221301257,0.0014420713584354817
96189,96199,2,8.31578947368421,0.1999999999999993,1.3452978033151,103.95793622236005,1.34304235304377,103.9579441304978,222.61904585478803,1.0,38.179585353597126,39.47386764094884,0.0014283071209285159
25561,25571,1,6.666666666666667,0.40000000000000036,1.31836,103.637711,1.315444,103.635242,325.86386674439217,0.8146596668609797,50.68265946436556,52.095014031916655,0.001426451191886013
18279,18269,2,11.814671814671815,0.20000000000000007,1.28840636755823,103.78976622482348,1.29010333301913,103.78918694399599,149.01690689882207,0.7450845344941102,43.80993967469258,45.0,0.0014263807394264592
59611,59661,2,8.137931034482758,0.29999999999999893,1.42362582861812,103.83666744952643,1.42631491614237,103.83762861110566,260.0331675833924,0.8667772252779778,30.504762178275644,31.057744083206934,0.0014249795425177896
71121,71131,4,29.214285714285715,0.2999999999999994,1.330081111,103.8994169,1.33127510693644,103.90140378909662,191.50847513239958,0.6383615837746666,33.103655225298425,33.28246061238385,0.0014223476165035288
58179,58169,1,8.0,0.3000000000000007,1.45855645310428,103.82350997035716,1.45978696349073,103.82092447388442,275.30064472702855,0.9176688157567597,50.689625329778,52.25333190684911,0.0014168811911796204
58189,58179,1,8.0,0.3000000000000007,1.45915444426655,103.82601182603965,1.45855645310428,103.82350997035716,342.56798380333254,1.0,57.77674190390489,59.79451319036247,0.001401744294205582
15099,15079,2,5.714285714285714,0.2999999999999998,1.28305620100972,103.78789349372825,1.28077893732919,103.78682778221345,243.14407129137936,0.8104802376379316,33.00583482711681,33.91898614988861,0.0013982742953968182
50321,50351,2,10.808823529411764,0.2999999999999998,1.3136845041501,103.85083079337346,1.31216015438698,103.84857773804022,299.163160990365,0.9972105366345505,34.95007171101012,35.48385003952606,0.0013956670071792465
78161,78031,1,6.315789473684211,0.10000000000000009,1.36900499745113,103.96052175997124,1.366365,103.958641,312.6407737393133,1.0,26.248928034492597,27.864757270436865,0.0013952636192579432
66559,66549,1,7.5,0.19999999999999973,1.381952,103.881758,1.38028167,103.8815267,168.86160474998124,0.8443080237499073,36.389916145235986,37.657503674799045,0.0013875116397024584
98109,97121,1,6.0,0.3999999999999999,1.366943,103.965843,1.364444,103.968095,485.88222853955483,1.0,31.606875747273655,32.191264420065906,0.0013784576457250423
53121,53291,2,16.8,0.40000000000000013,1.35016694219359,103.83947418569129,1.35231394964571,103.8371139764859,203.6538031918712,0.5091345079796779,31.535805511430837,31.7399563860476,0.0013705985363545552
11211,11221,7,36.399278382786626,0.5,1.30838779885113,103.80939522851014,1.310019,103.805506,356.1720308896364,0.7123440617792728,63.91626933382846,64.22537707842683,0.0013704228256031473
18171,18181,1,3.4285714285714284,0.19999999999999973,1.299111,103.79406,1.29714585347396,103.79369361976173,252.4470685321054,1.0,33.08414294404106,35.42349257499521,0.001368759244502193
22439,22309,1,7.5,0.3999999999999999,1.33311257526168,103.70680944659455,1.33326999997395,103.7033808329889,409.28642896697875,1.0,38.51161939006474,39.199480425954405,0.0013669413232919449
83063,83081,1,4.0,0.29999999999999716,1.32120137837522,103.91485250081533,1.32138694232025,103.91736615804473,351.9777581060341,1.0,51.52390537779988,54.65155341549968,0.001332870132042277
16019,16209,6,34.93793103448276,0.1999999999999993,1.28278078585184,103.78217614858187,1.28159092769912,103.78400650244838,227.17823130531752,1.0,43.73517572545412,44.09769396932711,0.0013134401603436925
64149,64139,1,9.23076923076923,0.3000000000000007,1.36508805596971,103.90890305599302,1.363239,103.906656,307.01922953031135,1.0,46.25668503057807,47.29352494788071,0.001312485960643085
23321,23331,1,6.315789473684211,0.2999999999999998,1.30404333032775,103.67618479236954,1.30689333299079,103.67584222201577,266.3203738689388,0.8877345795631298,40.029353752790826,41.167083533037975,0.001308155424267313
70321,70311,1,5.217391304347826,0.20000000000000018,1.32247982189668,103.87674093245458,1.32335569812186,103.87901421599854,278.12469148762585,1.0,37.049885840922244,38.83125312427264,0.001292018098958871
59289,59299,1,7.5,0.30000000000000004,1.42166630737691,103.84138894371273,1.41910065823939,103.84101934062127,335.0538870402323,1.0,35.74873637922645,36.49747275845289,0.0012911834913647733
17311,17321,1,7.0588235294117645,0.5,1.30101698629873,103.76229444678326,1.30483416696998,103.76035361097789,692.2799563264009,1.0,41.04022926733537,41.64594339772207,0.0012507990751077951
66521,66531,1,4.615384615384615,0.09999999999999964,1.37522304448462,103.87393140656636,1.37519277744949,103.87488352078606,129.69285112865708,1.0,28.414542189274357,30.772399122292374,0.0012445814630620477
64349,63379,3,16.883384932920535,0.2999999999999998,1.37291834719604,103.88673982857989,1.370839,103.885214,261.5731826014096,0.8719106086713658,38.29198903064815,38.65165523869087,0.0012308479034663492
23439,23429,1,8.0,0.2999999999999998,1.30774277950908,103.68468656882482,1.30456833652112,103.68472051252805,326.86593797570845,1.0,43.99865938423258,45.0,0.0012137831831318744
59191,59629,2,6.666666666666667,0.39999999999999947,1.43649083301477,103.84212083297022,1.43463,103.843898,334.59409041151224,0.8364852260287817,24.5761798829003,24.8507898332665,0.0011990310461513947
66009,66361,2,5.217391304347826,0.6,1.35046610176969,103.87168992264617,1.35258501828366,103.86824850324253,490.219237773076,0.8170320629551266,33.70875888169009,34.14855815561413,0.001196035401515817
24441,24451,1,8.0,0.40000000000000036,1.30713498253909,103.66096830094709,1.30599340060276,103.66378722029442,276.6165266206492,0.6915413165516224,47.89270125055423,48.75143732640707,0.0011769362222040735
59551,59541,3,13.0,0.3000000000000007,1.42539008150192,103.82822466548578,1.42363018656288,103.83018072233915,349.6543199589513,1.0,54.10229928625621,55.0,0.0011765699861148928
46731,46741,2,8.571428571428571,0.3999999999999999,1.44852127932275,103.8043021981092,1.44632701434368,103.80719269495765,474.0390902752301,1.0,41.46285489329629,42.057405271619835,0.001168961436651754
16219,15219,2,12.3,0.39999999999999947,1.28015833301245,103.78362361100768,1.27818114088895,103.78701031206879,312.3135578922899,0.7807838947307257,45.243198235107116,45.73195862060787,0.001162219082979313
21199,21189,1,4.444444444444445,0.3999999999999999,1.333309472028,103.72051292839538,1.33026046590704,103.72122294249655,335.1471555501812,0.8378678888754533,37.339319032375734,38.26365128508899,0.0011501454801219333
82119,82099,7,35.16961331101629,0.3999999999999986,1.31619210726015,103.8940879247112,1.31299461549467,103.89427184817765,377.819360304554,0.9445484007613884,36.1626670039595,36.26890045129488,0.0011394467071164423
25119,25109,1,7.0588235294117645,0.40000000000000036,1.33212638903277,103.64991694402983,1.33462333299665,103.64732250002415,438.29345602166103,1.0,36.76724220843077,37.318914224359254,0.0011352283149337642
51101,51019,1,3.6363636363636362,0.5999999999999996,1.32753637537789,103.83724817699014,1.32894248973791,103.84066508496021,992.7921070072533,1.0,64.43318566363008,66.65638714414514,0.001129395374873272
53041,53051,10,52.92597928387402,0.1999999999999993,1.353099,103.834337,1.354995,103.8316003,343.10247849409825,1.0,54.396244659065715,54.711952388765326,0.0011228790576436293
40501,40491,3,19.157894736842106,0.2999999999999998,1.354773,103.731884,1.3529839,103.733645,281.2924768221985,0.9376415894073289,35.244011157830926,35.48802231566184,0.001121273596094898
03549,03129,1,2.0,0.1999999999999993,1.277728,103.85045,1.27807003532092,103.84956718123823,153.20861709421592,0.7660430854710824,18.015663878341403,18.968672243317194,0.0011154998107848523
23159,23489,1,7.5,0.5999999999999996,1.32766374044406,103.68563350571777,1.32759688194654,103.68048864270644,547.8037673291991,0.913006278881999,49.46563323823425,50.06805735230287,0.0010945876588240998
65689,65711,1,6.315789473684211,0.5,1.418378,103.907847,1.417097,103.91168,252.10602990101927,0.5042120598020385,44.33688005360217,45.0,0.0010495716663935309
47561,47551,2,11.571428571428571,0.3999999999999999,1.4332085,103.7984235,1.43472623786722,103.80188755233279,268.73108592448233,0.6718277148112061,39.475782112972254,39.82526070432409,0.0010289118666101567
25151,25161,1,6.315789473684211,0.2999999999999998,1.32913728132074,103.65325524319752,1.32735422944929,103.65510623174903,261.8123693296617,0.8727078977655395,41.476347763067295,42.4308969907996,0.0010276956312807927
77329,77379,3,15.884057971014492,0.1999999999999993,1.37283117687855,103.94765867700548,1.374679,103.948026,221.80516268915625,1.0,26.449407264030576,26.67624943207382,0.0010213498631570337
65581,65591,1,4.0,0.3999999999999999,1.4046835,103.9162165,1.4027295,103.9187425,305.46473787835185,0.7636618446958798,43.96585795421039,45.17986640157488,0.0009778701663521014
70029,70019,5,21.788963724447598,0.40000000000000036,1.32662552821417,103.88054354805391,1.32322990499562,103.88145725676175,371.266133204032,0.9281653330100792,45.61026909908191,45.84325314367536,0.0009711463546900051
62091,62101,5,24.0,0.3000000000000007,1.34366730308769,103.8751907687792,1.34324887065522,103.87308054810315,358.79269960789384,1.0,55.82199129656296,56.24405405626047,0.0009678935350835162
25249,25259,2,7.0588235294117645,0.7000000000000002,1.33985499996776,103.64535166698558,1.34418817757747,103.6407070702331,461.387114973631,0.6591244499623298,65.34513048850123,66.18024714033209,0.0009541922698245423
49071,45441,1,5.714285714285714,0.2999999999999998,1.42920936914454,103.74707415989546,1.43189396450238,103.74745276475524,278.8076728475934,0.9293589094919784,50.0,51.40014171467468,0.0009339440940712582
98141,98151,1,8.0,0.20000000000000018,1.37600551742745,103.974121669607,1.37772871219159,103.97590756415319,230.38009847108245,1.0,37.98436006219939,38.83561990562404,0.0009233090099302463
24599,24489,1,7.5,0.1999999999999993,1.32562284433654,103.66926644008088,1.32574395668742,103.67111058135133,261.8587646710037,1.0,24.379859512467156,24.744126545333728,0.000905748869253799
83159,83169,4,19.564102564102562,0.30000000000000027,1.31480354064185,103.90947767042405,1.31428121358171,103.90687033808844,295.9341960068157,0.986447320022718,29.45698711064402,29.585243366442874,0.0008637663322471928
67129,67119,5,17.575757575757574,0.1999999999999993,1.38936844113699,103.90498892005203,1.39050824371994,103.90323582065614,242.5531912695593,1.0,41.370189874321184,41.7871363018449,0.0008478015037995573
67379,67761,1,6.666666666666667,0.2999999999999998,1.3929735,103.8871335,1.396006,103.887595,354.5052453379553,1.0,27.7456771183539,28.07270761945167,0.0008397279814717214
11441,11451,1,5.714285714285714,0.3000000000000007,1.29780416697573,103.79754055603178,1.30034972200468,103.79707277801477,222.69932129267278,0.7423310709755743,34.601851097816095,35.16533859029171,0.000793877238561304
23389,22091,1,8.0,0.29999999999999893,1.30755644701044,103.69377301234816,1.30880721630907,103.6965558745042,338.6999478519896,1.0,44.3487112609489,45.0,0.000783233569329092
63359,64521,2,8.285714285714285,0.2999999999999998,1.36936804895468,103.88779233654836,1.36983992146019,103.88956725593734,154.52512303361988,0.5150837434453999,43.5918713800999,44.19535507434279,0.0007786362298853202
26051,26041,1,6.666666666666667,0.3000000000000007,1.316385,103.641295,1.314711,103.643052,245.48278258497135,0.8182759419499026,47.324154610025545,48.18580354421185,0.0007557155883340054
58511,58521,4,16.666666666666668,0.20000000000000018,1.44964,103.8315,1.44819389,103.8326,136.0192528879755,0.680096264439877,24.86064886575399,25.000000000000004,0.0007473719343824531
67629,67771,1,5.454545454545454,1.0999999999999996,1.38027975053648,103.89060499842181,1.386549,103.8833,1114.754432368551,1.0,43.502752967319566,43.73972355154545,0.0007472276169310299
54309,54299,8,51.124272039711535,0.5999999999999996,1.36988835306854,103.86306604022437,1.36890152697813,103.85832656880861,553.0362499803078,0.9217270833005136,32.97766123378968,33.003285079280836,0.0007221803563826807
16229,16219,2,12.3,0.40000000000000124,1.2830090731877,103.78159959377587,1.28015833301245,103.78362361100768,647.513830607191,1.0,64.21571953025982,64.82244192398451,0.0007171143069765028
47579,47589,1,8.571428571428571,0.40000000000000036,1.4333134741952,103.79597019770507,1.43479106906247,103.79254444311259,491.69301354435675,1.0,43.47207297674423,43.86524854400015,0.0007069175752827679
96419,96309,2,7.252747252747253,0.5,1.338026,103.964172,1.33427655612286,103.96175810276951,520.0007082005067,1.0,38.009799347986785,38.291660846612764,0.0007022771267079083
46171,46241,3,25.0,0.2999999999999998,1.44412876526641,103.77800011395242,1.44211845227565,103.77894354468205,268.28837652416945,0.8942945884138986,38.50737005087754,38.644298114914996,0.0006901197384687105
65091,65101,1,5.0,0.4999999999999999,1.4039796271467,103.90655641325277,1.407889,103.908735,539.0391167888826,1.0,40.388633180120976,40.84331248043743,0.0006890727544039617
73031,74011,1,9.23076923076923,0.29999999999999893,1.37606329708152,103.920020388391,1.37329165833159,103.92045032835671,340.9398717336396,1.0,51.256079318364186,51.89804895971754,0.0006683088693510363
91081,91091,4,12.682611506140917,0.5,1.29930499999248,103.88533388902762,1.303159444,103.8843669,321.50740418118437,0.6430148083623688,49.90552597090449,50.16773390665432,0.0006641274083734778
46409,46691,1,7.0588235294117645,0.30000000000000004,1.440652,103.795673,1.43823132518893,103.79587886684328,332.5923197580635,1.0,33.08118384117105,33.42200705937163,0.0006527835216793387
25321,25331,1,8.0,0.40000000000000036,1.31765021571604,103.6564457850944,1.32019777799085,103.6538130560161,378.53124124235677,0.9463281031058911,40.96983080963044,41.31061415061025,0.0006443213358288797
42229,42219,2,8.423645320197044,0.3000000000000007,1.33943222197209,103.76827388898352,1.3395991670039,103.76535388898161,408.1342351438617,1.0,36.67361857925177,37.01803860793818,0.000641124772409755
45021,45031,8,38.8041899620847,0.39999999999999925,1.39385694401888,103.75383583300305,1.39623361717149,103.75421868895825,214.65393235428104,0.5366348308857036,44.61095391565341,44.69308234627822,0.0006393671513404068
18221,18301,1,6.666666666666667,0.29999999999999893,1.29630067771211,103.78346553393848,1.29738521493261,103.7809269856724,327.3196534643957,1.0,28.12140220502662,28.36167921720532,0.0006025225507425964
07331,07231,1,4.137931034482759,0.20000000000000018,1.30824994545395,103.8589096071918,1.309658889,103.8573711,143.41646544288403,0.7170823272144196,24.104201014272945,24.532436510912333,0.0005993251229119275
50251,50261,2,10.931174089068826,0.40000000000000036,1.31240499998142,103.85486499997727,1.31608827183208,103.85322332407407,394.83534796943417,0.9870883699235846,28.87847722022544,28.99251234069442,0.0005955322547094694
28289,28279,5,32.93397129186603,0.3000000000000007,1.342062,103.73576,1.33948295480474,103.73423653369264,308.56144030195435,1.0,44.01682218944786,44.13138366934519,0.0005826902388785776
40301,40351,1,10.909090909090908,0.30000000000000004,1.35332581027753,103.74287381027882,1.35499656917814,103.7410021897397,260.7384366912465,0.8691281223041547,38.17239627583781,38.420510701021854,0.0005536678081425833
96231,96221,2,6.0,0.3000000000000025,1.3300314164688,103.96086883190902,1.33090140156137,103.95796397863708,391.46508696406806,1.0,56.57977584561381,57.535358730785696,0.0005283781136475459
23229,24339,2,14.0,0.30000000000000027,1.30868757581216,103.67180644651505,1.30840666698801,103.66899333300486,196.7288276986692,0.6557627589955634,54.62882642183761,55.0,0.0005188499553644495
28441,28311,8,43.40622612681436,0.40000000000000013,1.33576638902918,103.73884916698127,1.33825277511898,103.74108351905207,392.258427325237,0.9806460683130922,29.421283849015676,29.446936280917527,0.0005140896100262971
30129,30119,2,6.315789473684211,0.3999999999999997,1.37203889001441,103.74381033081468,1.37288750001555,103.7404039307868,355.9076730617231,0.8897691826543083,53.63237669147522,54.21941257243445,0.0005100003012213912
68109,68089,3,16.126482213438734,0.40000000000000036,1.40400332581506,103.86349233396736,1.40570196065228,103.86666745163518,262.99351094402533,0.6574837773600628,53.975789628282314,54.204261823492025,0.0005037331694231017
65079,65069,4,13.355322338830586,0.5,1.398951,103.904753,1.39504382175966,103.90236824858533,550.3120035078514,1.0,39.0815022614849,39.18993155590398,0.0004727431625291215
24299,24289,1,9.23076923076923,0.2999999999999998,1.31215859373419,103.67165007095036,1.31240457504935,103.674858525035,368.5764835671374,1.0,34.79422828409261,35.0,0.0004679178088926826
46201,46189,1,4.444444444444445,0.20000000000000284,1.44071020952285,103.77680238652405,1.44008271628617,103.77854042726402,138.63291310108085,0.6931645655053944,30.87767692294334,31.371773268407324,0.0004533936494756089
46309,46279,2,17.5,0.5,1.44317008649619,103.78254975765708,1.44021958652464,103.78690125681027,591.7432301674519,1.0,44.93034788827129,45.03132591342962,0.0004366972026831513
65181,65791,3,6.0,0.3000000000000007,1.39681388886675,103.91754694442001,1.398805,103.919084,286.49355671401037,0.9549785223800323,44.571295641035135,45.02371634916428,0.0004058059232488555
83169,82179,2,5.333333333333333,0.30000000000000027,1.31428121358171,103.90687033808844,1.31383213839694,103.90453211897777,307.37072419844077,1.0,26.74473406522218,26.91267752556093,0.0003733257002784821
43371,43519,1,6.315789473684211,0.2999999999999998,1.34682313984594,103.74590277613717,1.34527424103226,103.74835776931137,370.698745295546,1.0,32.838177530289556,33.04808667698083,0.00036648389589437607
43421,43431,3,13.374613003095975,0.2999999999999998,1.35109278850869,103.75362047618977,1.35138376789986,103.75644264494997,267.2926887557568,0.8909756291858565,27.672229686126762,27.74153001814695,0.0003622123307741437
22029,22019,1,6.0,0.5,1.32244971744256,103.70268212142697,1.32202402246272,103.7071133033833,607.2121890295653,1.0,57.28157644904026,57.66321193293372,0.0003466220698770221
51139,51079,2,10.454545454545453,0.5,1.34436688449065,103.84032264966956,1.34178289872759,103.83615392311769,579.2090452697823,1.0,38.855359765493276,38.95395488128084,0.0003405085877926419
96089,96079,2,6.954545454545454,0.3000000000000007,1.33646502628787,103.95594670662865,1.33542124082545,103.95353854906277,364.0874670418066,1.0,42.34221253837606,42.61426703192975,0.0003145700255176552
45031,45159,1,5.714285714285714,0.5,1.39623361717149,103.75421868895825,1.40081444400002,103.75410111097352,296.6023170604536,0.5932046341209072,52.0558874452149,52.35183830781524,0.00031027713651727933
25701,25711,2,4.444444444444445,0.8000000000000007,1.295593,103.627651,1.288627,103.625073,842.0150302375307,1.0,48.70000778032206,48.90085742931773,0.0002998700149126809
49089,45449,1,8.0,0.1999999999999993,1.43387888896839,103.74860194398363,1.43188298917832,103.74760838738165,270.20458446575225,1.0,47.812917761746476,48.24172304486494,0.00029744868407598386
21121,21131,1,7.5,0.09999999999999964,1.31469130993085,103.71601687480324,1.31470833302608,103.71799361097378,279.07364191660605,1.0,48.33813232517686,49.26962917559948,0.00029334149049200874
77081,77091,1,4.0,0.2999999999999998,1.38026998386867,103.94265250854711,1.38042637835149,103.94547139015036,259.7646379497944,0.8658821264993152,39.55150052823866,39.920039572065505,0.0002800985257456019
61021,61031,7,34.04619699719518,0.1999999999999993,1.33627668492978,103.87018878876424,1.33836472248768,103.8704496726279,225.29226224312478,1.0,43.72074964394832,43.79901626480357,0.00027830642393369867
31041,31051,2,11.298701298701298,0.39999999999999947,1.36893226400594,103.6939293999916,1.37226002154624,103.69445182104045,437.9085614672308,1.0,59.376927131980715,59.591585087751405,0.0002741781566151243
57141,57019,2,4.8,0.19999999999999973,1.40248255094729,103.8169622653191,1.40056260892652,103.81734465881833,154.98368510788305,0.7749184255394163,54.17601732526815,55.00000000000001,0.00026547250536183414
77189,77069,1,6.0,0.19999999999999996,1.3755564005294,103.94124910119332,1.37414972830656,103.94081177255107,180.85236058080406,0.9042618029040206,28.115410388802857,28.281841361075372,0.00025116741006431513
68091,68081,3,14.671936758893281,0.2999999999999998,1.40885699822728,103.8711692911676,1.40559323576727,103.86681241814273,450.27820523798044,1.0,48.66616757002138,48.79781804316058,0.00024400772447622562
67081,67091,2,4.137931034482759,0.30000000000000027,1.38990180700693,103.86883700264016,1.392881,103.869086,371.1219131936,1.0,39.31615209245324,39.59690318845489,0.00022386888437084943
46999,46989,2,7.0588235294117645,0.30000000000000027,1.42742826147903,103.79600329149085,1.42802334589801,103.79221259917931,158.10278703944797,0.5270092901314928,49.150452211277354,49.39915466455556,0.00021691351579335914
06141,10221,3,12.696192696192696,0.3000000000000007,1.28963300933974,103.83381241921823,1.29032906602668,103.83111793441608,285.0672869711823,0.9502242899039388,40.04460894288149,40.13382682864446,0.00021144238947363506
43219,43319,2,12.181818181818182,0.3999999999999999,1.3413740257309,103.75446757134857,1.33972179277053,103.7574111060431,375.6288616744511,0.9390721541861281,39.035750665603615,39.09943271955834,0.00020330879912751413
40081,40091,3,15.102779573367808,0.3000000000000007,1.32012951912406,103.82605259642706,1.32101807290903,103.82350944419166,568.9718964015465,1.0,53.51626665938495,53.63010992853576,0.00017971776166054963
66291,66221,1,8.0,0.3000000000000007,1.3659363788285,103.86192411659012,1.36834972197817,103.86262638902237,306.5040908540259,1.0,31.433222774883014,31.491087837217787,0.0001402978750385867
33021,33031,3,9.346153846153847,0.3000000000000007,1.42179012512071,103.70324459408172,1.42397958326967,103.70422572285418,195.63055907155044,0.6521018635718333,49.34808174883462,49.46840383422759,0.00013819787264453872
47499,47539,1,7.0588235294117645,0.30000000000000027,1.430873,103.80047,1.429383,103.797966,346.3911370304974,1.0,35.16477779403861,35.23677532124721,0.00012304589378973242
66701,66031,1,5.217391304347826,0.40000000000000213,1.352218,103.862853,1.35465640659199,103.86572364607075,323.3300734904602,0.8083251837261461,44.1056775234115,44.218787370549514,0.00012103542247210746
34011,34021,2,7.5,0.1999999999999993,1.43318199595331,103.7078231906078,1.43518649812518,103.70804760933633,212.79774940683194,1.0,52.476222684400355,52.65811057102018,9.873410584582617e-05
81161,80259,6,26.03876123876124,0.39999999999999947,1.31054638768125,103.88318148792811,1.30989499998519,103.87988833298908,428.16837145918015,1.0,42.996102193110765,43.01278607454729,9.396167390891949e-05
43309,43289,1,4.8,0.1999999999999993,1.35871024095534,103.7619941010074,1.35736881542526,103.76144116190218,152.21647220569292,0.7610823610284673,29.872657424949423,29.93632871247471,6.835062146601986e-05
43051,42991,1,5.217391304347826,0.09999999999999964,1.35910148170791,103.76705036241354,1.36164,103.766952,738.3172626422437,1.0,60.03384834276605,60.4677639976624,6.236467103601774e-05
33031,33041,3,9.346153846153847,0.5,1.42397958326967,103.70422572285418,1.42761911626678,103.70594344849181,499.9565976967919,0.9999131953935838,51.653557410059115,51.68898836281363,6.201367821892279e-05
40251,40261,2,10.931174089068826,0.5999999999999996,1.34054275997605,103.82231128179984,1.34130384192273,103.82706642150467,568.0940337316182,0.9468233895526975,60.90026294852089,60.92300816038787,4.020754354335592e-05
93171,93161,1,0.0,0.3999999999999986,1.30510333301496,103.9241758329893,1.30651832392551,103.92790223080911,408.9357481977649,1.0,44.239451859799374,41.18324064317338,0.0
59391,59641,1,0.0,0.3000000000000007,1.43021107363512,103.84523111093658,1.43152,103.8457231,160.76564858221423,0.5358854952740462,25.0,25.0,0.0
26409,26419,2,7.0588235294117645,0.2999999999999998,1.28912909258559,103.63019873280872,1.2889495,103.6328735,280.5478867877906,0.9351596226259693,40.09517459891033,39.32682064587811,0.0
15091,15101,1,5.714285714285714,0.40000000000000036,1.28290732015735,103.78781105381566,1.28617611097876,103.78562083299963,362.7180796330292,0.9067951990825722,44.99999999999999,44.99999999999999,0.0
59031,59051,1,0.0,0.7999999999999972,1.41277747172151,103.83083958669692,1.41968270185637,103.83429674432547,808.4207030586698,1.0,37.09179790762383,46.42866285950958,0.0
54251,55201,2,7.0588235294117645,0.3000000000000007,1.37689002832989,103.84617199453344,1.37859113966821,103.8443777268119,197.01240926138593,0.6567080308712849,42.253293408938234,42.253293408938234,0.0
31129,31009,1,2.727272727272727,0.39999999999999947,1.36997393445421,103.68740996007186,1.37174374490161,103.6842656135271,393.78495542248197,0.9844623885562062,29.402448745843987,28.912406922738846,0.0
26431,26441,2,7.0588235294117645,0.3000000000000007,1.29448159014169,103.63619121489278,1.29568927488087,103.63296571362545,405.0184145743656,1.0,51.52727144534336,41.87421335069017,0.0
26441,26451,2,7.0588235294117645,0.3000000000000007,1.29568927488087,103.63296571362545,1.29689770170555,103.62977787735203,492.6119482741061,1.0,40.065811029373336,38.33404726658972,0.0
80231,81201,1,6.0,0.29999999999999993,1.31856503177728,103.88010860959606,1.31869302203322,103.88300679740438,418.1541307116144,1.0,29.735824274717363,29.13380890211327,0.0
70221,70171,1,5.0,0.1999999999999993,1.32620809233247,103.88512100988676,1.32833666697134,103.88547138902759,307.97566744374996,1.0,30.039170572541284,30.039170572541284,0.0
20169,20159,1,3.3333333333333335,0.40000000000000036,1.319148,103.742719,1.3184165,103.746512,372.49162440379604,0.9312290610094893,32.483005951805616,31.945172483678682,0.0
49021,49031,1,5.714285714285714,0.40000000000000036,1.41337474993907,103.75177016684295,1.41631604671773,103.75124374338,304.00574174201347,0.7600143543550331,52.71996556743021,48.388651452674495,0.0
49011,49021,1,5.714285714285714,0.2999999999999998,1.41051803168987,103.75228251770571,1.41337474993907,103.75177016684295,352.6260656618849,1.0,50.75252470792684,49.02389880681086,0.0
25819,25519,1,7.0588235294117645,0.40000000000000036,1.332495,103.64353,1.32981451584967,103.6409965426425,347.25536321149787,0.8681384080287439,41.2629988626114,38.194012382182606,0.0
25189,25179,1,7.0588235294117645,0.1999999999999993,1.32383972198116,103.65861666698133,1.32529138897633,103.65711333297114,172.60690389612495,0.8630345194806278,38.2961459512323,33.46394681141837,0.0
25179,25169,1,7.0588235294117645,0.40000000000000036,1.32529138897633,103.65711333297114,1.32774944401039,103.65450055600219,400.71925173560163,1.0,30.005934845683534,29.50760778214098,0.0
03341,03371,1,2.0,0.2999999999999998,1.27959780011944,103.8643376844082,1.28066479303461,103.86626955523418,237.4073478080527,0.7913578260268428,39.57071491102694,38.18490536186576,0.0
72131,72141,1,4.615384615384615,0.20000000000000107,1.33791126455323,103.90994099232343,1.33860729777301,103.91150189998882,140.22322354859827,0.7011161177429875,53.63506336117008,50.56174338327038,0.0
17361,17311,1,7.0588235294117645,0.29999999999999893,1.29859750001329,103.76346250000067,1.30101698629873,103.76229444678326,275.1283708720232,0.917094569573414,39.0219090459435,34.21497471588121,0.0
55181,55301,1,7.0588235294117645,0.40000000000000213,1.38143251435794,103.84389230276943,1.38425166698696,103.84445666701023,267.9880639182956,0.6699701597957354,38.08750587260604,38.08750587260604,0.0
17331,20281,1,7.0588235294117645,0.5999999999999996,1.30758833300768,103.75833111102287,1.31234219524906,103.75484214400765,1290.2732977050757,1.0,53.54393100009224,51.52780643001722,0.0
17301,17361,1,7.0588235294117645,0.40000000000000036,1.29495361097608,103.76516694401265,1.29859750001329,103.76346250000067,512.3212927067016,1.0,55.00076764708656,53.223411213595746,0.0
49181,49251,1,5.714285714285714,0.20000000000000107,1.43689816677634,103.75406639623813,1.437161,103.756171,264.13306552734826,1.0,25.000000000000004,23.724735515616665,0.0
45441,49081,1,5.714285714285714,0.20000000000000018,1.43189396450238,103.74745276475524,1.43392569720193,103.74846964367356,270.452456453207,1.0,48.48047226483382,46.80980843955118,0.0
45169,45179,1,5.714285714285714,0.2999999999999998,1.40316333179329,103.75459594317567,1.40606366967223,103.75520214111529,347.8764241728736,1.0,55.301792171025674,51.29886211317449,0.0
40289,40351,1,5.0,0.3000000000000007,1.355843,103.743394,1.35499656917814,103.7410021897397,175.7122925359872,0.5857076417866226,45.0,45.0,0.0
40351,40319,1,5.0,0.29999999999999716,1.35499656917814,103.7410021897397,1.3565835,103.7393325,279.17387682017784,0.9305795894006016,34.90956410365602,33.375312022277825,0.0
01639,01621,1,5.714285714285714,0.20000000000000284,1.29738750001468,103.85557583297624,1.29695888888745,103.85655611109846,152.58797620858468,0.7629398810429125,36.392303199256936,29.26153546617129,0.0
45159,45169,1,5.714285714285714,0.30000000000000027,1.40081444400002,103.75410111097352,1.40316333179329,103.75459594317567,313.8856730775926,1.0,58.581538907937485,58.41393967454841,0.0
77179,77031,1,7.0588235294117645,0.30000000000000426,1.37254332490473,103.95081255052568,1.372262,103.948468,194.03295435532587,0.6467765145177438,16.81541203911698,15.0,0.0
77189,78049,1,4.0,0.1999999999999993,1.3755564005294,103.94124910119332,1.3744627816256,103.94180578126523,171.8161849575447,0.8590809247877265,31.88054790314283,31.88054790314283,0.0
96071,96081,1,5.0,0.29999999999999716,1.33552793998608,103.9532750845244,1.33650217158472,103.95548614472102,238.88938896334747,0.7962979632111657,45.0,45.0,0.0
84681,84691,1,7.0588235294117645,0.20000000000000018,1.32021834435842,103.94705927934717,1.32111805602717,103.94595750002355,139.70052568170598,0.6985026284085293,45.0,45.0,0.0
93179,93189,1,0.0,0.5,1.30480179616528,103.92345623316808,1.30365171489985,103.91955288064976,386.96123566662527,0.7739224713332505,47.43774294513457,40.0,0.0
49249,49239,1,5.454545454545454,0.5,1.43705520733335,103.72546776099374,1.44057893181931,103.7279274650063,502.434005043056,1.0,46.27762088828721,42.9619105732062,0.0
90031,90051,2,6.968325791855204,0.5,1.29656022698907,103.87500520610656,1.29765944,103.8791731,302.0266649194897,0.6040533298389794,50.08523555269598,45.99335489861161,0.0
09038,08137,1,4.8,0.3000000000000007,1.30154262450563,103.83852481842337,1.30073968408393,103.84100500816844,270.6057891467034,0.9020192971556759,41.04062651712698,38.78247974113225,0.0
62271,62251,1,6.666666666666667,0.19999999999999996,1.37591304823679,103.8996359517733,1.377463,103.900695,230.15974483430242,1.0,33.1418001587801,33.1418001587801,0.0
63239,63221,1,6.666666666666667,0.39999999999999947,1.35891911967242,103.8878789953328,1.35799327947024,103.8855063915276,278.6277923875453,0.6965694809688642,30.33904927940525,29.707458421021627,0.0
67321,65801,2,6.0,0.20000000000000018,1.39056792623455,103.88425489183726,1.3904399999914,103.88569800003212,187.41195212569846,0.9370597606284915,24.999999999999996,24.999999999999996,0.0
15209,15169,1,0.0,0.7999999999999998,1.27706561928684,103.79023432729963,1.27481499269165,103.79673994290195,735.6997164450618,0.9196246455563275,43.549639847919096,54.64632088576802,0.0
99109,99099,1,5.714285714285714,0.1999999999999993,1.39120638899594,103.98181999999792,1.39085926684364,103.97992778639245,100.5883003654045,0.5029415018270244,45.0,45.0,0.0
07561,07571,1,4.444444444444445,0.2999999999999998,1.29945446471936,103.85267983857253,1.30063444632288,103.85114009314601,248.30556371419698,0.8276852123806571,32.53804975093341,31.998164947546925,0.0
83381,83329,1,5.454545454545454,0.2999999999999998,1.32466780744529,103.91452207182714,1.32198642679896,103.91379833222052,271.0141683427599,0.9033805611425335,11.20215268331754,11.20215268331754,0.0
83351,83361,1,5.454545454545454,0.30000000000000004,1.32765583299859,103.91213111102074,1.32850781433023,103.914495706562,216.33585587298458,0.7211195195766151,28.659469568617872,27.456336679797502,0.0
67991,67571,2,4.137931034482759,0.2999999999999985,1.395245,103.871524,1.3950407,103.874442,377.9853668509887,1.0,42.54714698195026,42.052527016065866,0.0
92199,92289,1,0.0,0.39999999999999947,1.302895,103.91685,1.30179664907354,103.91282770401249,389.86393965135494,0.9746598491283885,52.197624805732616,45.0,0.0
43251,43811,1,0.0,0.1999999999999993,1.35859534411792,103.76319656643706,1.358391,103.7649,110.92545399606112,0.5546272699803075,34.99999999999999,31.806424470609315,0.0
53189,53299,1,4.8,0.5,1.35496333303081,103.83681111097366,1.35174011670427,103.83794546128104,282.8512865947747,0.5657025731895494,11.230008442243488,5.0,0.0
18191,18211,1,3.4285714285714284,0.3999999999999999,1.29445611099682,103.79594388899301,1.29161816867907,103.79522263706237,294.64421843443904,0.7366105460860978,27.449663852643692,26.5541883781916,0.0
48089,48079,2,6.195348837209302,0.9000000000000004,1.40560991243809,103.80795339830527,1.41314885322808,103.805294456727,747.052465997262,0.830058295552513,65.0,60.06106990897662,0.0
54461,54059,1,4.8,0.1999999999999993,1.37747997146347,103.84339938777067,1.3762849891494,103.84498299185917,122.86164707684486,0.6143082353842265,35.0,35.0,0.0
11551,11561,1,4.615384615384615,0.20000000000000107,1.29126703051517,103.8040959835246,1.29107396045212,103.80247592924283,263.2151102927754,1.0,35.0,35.0,0.0
43781,44161,1,0.0,1.9000000000000021,1.3591085,103.738945,1.37071120082306,103.74995297031272,1057.8378112722178,0.5567567427748509,41.71535178474097,44.60746649125216,0.0
26389,26399,2,7.0588235294117645,0.40000000000000036,1.29055080908937,103.62453377233186,1.28949499042217,103.627460343254,361.43405051298646,0.9035851262824653,39.04633616139654,37.2458499706883,0.0
96271,96231,2,6.0,0.29999999999999805,1.32913596796858,103.96366258799002,1.3300314164688,103.96086883190902,308.24934928842066,1.0,59.09175646369516,58.047608458592464,0.0
50341,50361,1,4.137931034482759,0.2999999999999998,1.319418,103.859282,1.321161,103.857129,359.1279268100883,1.0,23.849727508394384,21.382298169739776,0.0
93129,93199,1,0.0,0.3999999999999999,1.31135799079971,103.92481225868325,1.30794833296674,103.92628500000932,315.74976211814663,0.7893744052953668,36.68054481853551,40.30900877275194,0.0
04142,04151,1,5.217391304347826,0.3000000000000007,1.2930982644668,103.84965994500728,1.29533777799211,103.85113972198121,296.3460157027086,0.9878200523423597,45.00000000000001,41.03565516748433,0.0
44469,44491,1,0.0,0.1999999999999993,1.38243888902379,103.74275222200647,1.38353368663411,103.74184597655336,107.34069511209559,0.5367034755604798,45.0,45.0,0.0
29069,29059,1,6.666666666666667,0.5,1.30296947780325,103.74607238005542,1.3043728024167,103.74252500205836,530.7816644544588,1.0,62.109552573683345,55.501343040090354,0.0
64259,64091,3,0.0,0.20000000000000284,1.37706,103.88323,1.37748777797023,103.88149277798507,139.3395012342234,0.6966975061711072,33.13356032288594,31.26712064577189,0.0
08058,08069,2,0.0,0.39999999999999947,1.2989583431631,103.84654115271174,1.29821382250893,103.84936128375956,249.84272148070926,0.6246068037017739,35.161475483933586,38.76724008918684,0.0
96239,96249,2,6.0,0.5,1.33007025409204,103.96193922509366,1.32823969887083,103.96653156328907,560.1866612725405,1.0,50.782137271601414,48.66398984350895,0.0
29071,29081,1,6.666666666666667,0.29999999999999716,1.30422665161292,103.75179382878862,1.30177859797596,103.75284433363814,304.75475210401856,1.0,40.28349670865198,35.544313180903444,0.0
99101,99111,1,5.714285714285714,0.29999999999999893,1.39138333298306,103.98170083301015,1.39175111102446,103.98415750002044,288.3531521303681,0.961177173767897,46.65397786022835,36.203248640691044,0.0
92191,93181,1,0.0,0.3000000000000007,1.30244833118536,103.91471180502236,1.30333972198999,103.91793277803113,397.66777128826686,1.0,50.62111061547253,45.0,0.0
22509,22499,2,5.217391304347826,0.20000000000000018,1.33799405073941,103.70323491142737,1.3377065,103.704634,164.4956075896413,0.8224780379482058,40.0,35.0,0.0
01631,07561,1,4.444444444444445,0.3999999999999999,1.29693614589482,103.85580555528077,1.29945446471936,103.85267983857253,555.3444813259064,1.0,31.792458533769086,29.588161085363424,0.0
44919,44929,1,4.8,0.2999999999999998,1.385493611,103.7727914,1.3827025,103.7730945,359.6150777854702,1.0,41.77725851001844,41.77725851001844,0.0
02051,02061,1,6.315789473684211,0.30000000000000004,1.289503056,103.8590339,1.2899155,103.8565215,297.33798392755136,0.9911266130918377,42.32133173294929,40.034896483325184,0.0
02101,02051,1,6.315789473684211,0.4,1.28938483786533,103.86183148116275,1.289503056,103.8590339,313.5854460364309,0.7839636150910771,32.587366219271914,31.799408222044363,0.0
43261,43151,1,4.285714285714286,0.2999999999999998,1.36056,103.764115,1.363206111,103.7647081,270.09892070991964,0.9003297356997326,31.971240690598457,31.971240690598457,0.0
25111,25121,1,6.315789473684211,0.2999999999999998,1.33239888543698,103.64981610844488,1.33060763294167,103.65169663523501,343.43962231216864,1.0,30.429528095931637,28.877335186516085,0.0
23281,23291,1,6.315789473684211,0.2999999999999998,1.30650617564734,103.6789673712784,1.30382409549165,103.67930477414359,325.4815308975075,1.0,48.39607009214744,42.55191155016925,0.0
23291,23301,1,6.315789473684211,0.20000000000000018,1.30382409549165,103.67930477414359,1.30212057066579,103.67953903241491,186.9701492072591,0.9348507460362948,45.0,45.0,0.0
64309,64239,2,4.615384615384615,0.3999999999999999,1.3670813438207,103.89926444088415,1.36439805444874,103.89682349089492,319.6585628017241,0.7991464070043105,30.246554933324216,30.246554933324216,0.0
23311,23321,1,6.315789473684211,0.2999999999999998,1.30178638897679,103.67745555601714,1.30404333032775,103.67618479236954,294.3672929482177,0.981224309827393,37.32452885103845,36.955913768376035,0.0
58091,58099,1,4.8,0.39999999999999947,1.46211498021096,103.8379191742591,1.460299,103.837391,280.5998239933411,0.7014995599833537,33.806462188343225,32.61292437668645,0.0
82151,82171,1,4.444444444444445,0.3000000000000007,1.31310616198244,103.9009112063053,1.31382614901728,103.90306992679919,233.26848808585254,0.77756162695284,30.402722877840656,30.402722877840656,0.0
49239,49209,1,5.454545454545454,0.5999999999999996,1.44057893181931,103.7279274650063,1.44513667520796,103.72983812848105,341.57933489568615,0.5692988914928105,41.63168534774134,39.29490120493134,0.0
49111,49121,1,5.454545454545454,0.2999999999999998,1.43245972200669,103.75543333298812,1.43528737784327,103.75494271333446,266.2219261764386,0.8874064205881292,43.5473052559352,42.083917983886835,0.0
77321,77381,1,4.8,0.30000000000000004,1.37313477197799,103.94802646457005,1.370821,103.94712,256.37673763984253,0.8545891254661416,27.376885335765447,27.376885335765447,0.0
16069,16039,1,0.0,0.7,1.290648611,103.7736967,1.28799020188116,103.77872029260048,401.15642177270354,0.5730806025324336,43.18395278360944,41.32047594969184,0.0
25161,25171,1,6.315789473684211,0.3000000000000007,1.32735422944929,103.65510623174903,1.32546645428693,103.65711196773577,288.6478529190337,0.9621595097301102,25.04088498332745,24.480754173321888,0.0
64301,64311,2,4.615384615384615,0.3000000000000007,1.36722334223088,103.89904601013104,1.370275,103.900361,487.7186792323088,1.0,22.75837856281571,22.75837856281571,0.0
63169,63159,1,5.454545454545454,0.3000000000000007,1.35703664863271,103.87567788589342,1.35516666700323,103.87701916697013,392.7208682532579,1.0,36.9289643611134,35.92312654727035,0.0
25171,25181,1,6.315789473684211,0.2999999999999998,1.32546645428693,103.65711196773577,1.32385296919519,103.65881324089645,258.79809766428554,0.862660325547619,36.56306018505503,36.29675329859482,0.0
47131,47141,1,6.315789473684211,0.19999999999999962,1.46664224303828,103.80222436305644,1.46756958848835,103.80367776966509,199.7886036363875,0.9989430181819394,40.96489020026705,25.539245506186095,0.0
27601,27461,1,0.0,0.09999999999999964,1.3543715,103.7047185,1.353225,103.705048,87.64022511826788,0.8764022511826819,10.923932962336785,15.444452777266909,0.0
78151,78161,1,6.315789473684211,0.2999999999999998,1.37239496316057,103.96078021168164,1.36900499745113,103.96052175997124,388.93800731193824,1.0,38.40568168870506,36.74869689927087,0.0
83229,83219,1,5.454545454545454,0.20000000000000018,1.31661259109687,103.92083645128875,1.31587375170111,103.9191305648774,214.44000241104203,1.0,28.314728890806965,24.853643272408902,0.0
43159,43268,1,4.285714285714286,0.40000000000000036,1.364803,103.7652,1.36036935442362,103.76427530511685,531.3625006672119,1.0,34.16324040962507,34.16324040962507,0.0
75381,75391,1,6.315789473684211,0.6000000000000001,1.373188889,103.9266,1.37507,103.9213,611.3577499211598,1.0,38.24960408514384,35.38575273185802,0.0
92251,92191,1,0.0,1.1000000000000014,1.30003666698438,103.90625361097798,1.30244833118536,103.91471180502236,573.8518979029517,0.5216835435481373,40.13336002799653,38.614374470226785,0.0
13189,13179,1,6.315789473684211,0.29999999999999716,1.30038166697497,103.82414749997376,1.29925749997453,103.82665250000115,334.3890200973746,1.0,52.8181939469351,52.601790416165926,0.0
67321,67301,1,6.315789473684211,0.40000000000000036,1.39056792623455,103.88425489183726,1.38888930138858,103.88694431255796,424.9936345607225,1.0,35.43150822734205,34.90729805992771,0.0
23191,23201,1,6.315789473684211,0.30000000000000027,1.31966145615591,103.68362765144359,1.31964589958011,103.68628552653574,256.30229574125883,0.8543409858041953,46.096391758751935,45.0,0.0
99119,99109,1,5.714285714285714,0.3000000000000007,1.39154974647967,103.98437037471184,1.39120638899594,103.98181999999792,299.5153875482555,0.9983846251608494,41.83004651181781,40.462433175234324,0.0
07231,50251,1,4.615384615384615,0.3999999999999999,1.309658889,103.8573711,1.31240499998142,103.85486499997727,502.97412223086224,1.0,27.45356896210871,24.921722451897914,0.0
83219,83181,1,5.454545454545454,0.1999999999999993,1.31587375170111,103.9191305648774,1.31662343088137,103.91755342481619,112.09782892106267,0.5604891446053153,35.0,35.0,0.0
59341,59701,2,5.454545454545454,0.3000000000000003,1.42367163179884,103.83864456915899,1.42548192920513,103.84020205228329,169.46977973565825,0.5648992657855268,45.0,45.0,0.0
92261,92251,1,0.0,0.6999999999999993,1.29798119441776,103.90051820688359,1.30003666698438,103.90625361097798,748.5654790708495,1.0,42.12971573132734,37.568285614384585,0.0
23209,23199,1,6.315789473684211,0.3000000000000007,1.31950327084795,103.68577614249959,1.31951264524841,103.68312351699183,256.1913122330281,0.8539710407767583,45.371417731624064,38.794508137218386,0.0
16039,16019,1,0.0,0.8,1.28799020188116,103.77872029260048,1.28278078585184,103.78217614858187,497.69600236874084,0.6221200029609261,36.9035042924752,44.37664861949682,0.0
93121,93111,1,0.0,0.3999999999999986,1.31088501240237,103.92498850824487,1.31451280258696,103.92278173877762,299.76945027495583,0.7494236256873923,39.62175785014939,42.31939131470804,0.0
43891,43961,1,5.217391304347826,0.39999999999999947,1.363698889,103.7692319,1.364838889,103.7729861,424.5815406455419,1.0,65.35349135528708,65.35349135528708,0.0
91111,91101,1,0.0,0.5,1.295343,103.892534,1.29607137626294,103.89668750894906,534.6515252625409,1.0,37.25318454432151,36.77661696539568,0.0
99099,99089,1,5.714285714285714,0.20000000000000107,1.39085926684364,103.97992778639245,1.38909485885165,103.97849220206042,324.669798146956,1.0,44.2351406548034,41.35213686160614,0.0
40411,40501,1,6.0,0.3999999999999999,1.3576545,103.7292115,1.354773,103.731884,236.55050286310723,0.5913762571577682,35.0,35.0,0.0
21059,21079,2,6.666666666666667,0.8000000000000007,1.311953889,103.7301381,1.31342751032359,103.72279763377816,693.0398701706515,0.8662998377133136,66.0726988495218,58.40748088880011,0.0
55371,55381,1,6.0,0.2999999999999998,1.388614367271,103.83440450730951,1.3899041699795,103.83624640000222,215.5561709866198,0.7185205699553997,25.0,25.0,0.0
83329,83209,1,5.714285714285714,0.39999999999999997,1.32198642679896,103.91379833222052,1.31870305598811,103.91459583301028,318.3134392647319,0.79578359816183,24.42454470497941,22.085987579693764,0.0
68169,68189,1,5.217391304347826,0.7000000000000011,1.4107138403801,103.86188409763393,1.403739,103.858254,797.5799583709598,1.0,45.7365266476414,44.74544578031781,0.0
45191,45201,1,4.615384615384615,0.2999999999999998,1.41064903489935,103.7634845917912,1.41047253271791,103.76582403754685,310.83990664222813,1.0,65.0,65.0,0.0
68101,68191,1,5.217391304347826,0.6000000000000005,1.40378584520974,103.86344710129676,1.402289,103.85963,324.59647881780654,0.5409941313630104,49.126270929052325,32.83163876126357,0.0
66141,63191,1,5.217391304347826,0.3000000000000007,1.36311828855893,103.87239656838271,1.36426277802723,103.87403972199432,174.37392725701338,0.5812464241900432,20.53319511945358,20.53319511945358,0.0
77109,77099,1,4.0,0.20000000000000018,1.3805263866174,103.94826215873827,1.38042138903141,103.94637916697367,234.9612536577671,1.0,37.529142447259396,35.0,0.0
64549,64041,1,0.0,0.5,1.3714805,103.8922875,1.37016500002901,103.89535999996711,269.0822322139956,0.5381644644279913,23.06704193575736,27.17478776951304,0.0
92181,92171,2,6.666666666666667,0.39999999999999947,1.30528972611328,103.90534997934479,1.30837865741776,103.90304313394574,438.07504853042593,1.0,27.84056293023512,27.181692331383573,0.0
01419,01529,1,6.666666666666667,0.3999999999999986,1.3020199999911,103.86326333301203,1.30041667676526,103.86044115259938,388.9381917473298,0.972345479368328,35.47187590690689,33.9012725616777,0.0
96301,96411,1,5.714285714285714,0.5,1.33450022538919,103.9617438259165,1.338128,103.964,416.5647308212236,0.8331294616424472,41.37388134629924,38.608076852663075,0.0
01429,01419,1,6.666666666666667,0.20000000000000107,1.3032136089394,103.86501584807763,1.3020199999911,103.86326333301203,194.0076356757225,0.9700381783786073,45.44643560230345,38.54801179375224,0.0
93169,93179,1,0.0,0.40000000000000036,1.30594307438981,103.92711976208209,1.30480179616528,103.92345623316808,395.0731976236814,0.9876829940592026,44.79176865845392,32.69591508244359,0.0
59609,59599,1,0.0,0.40000000000000213,1.4289961111075,103.8495613888577,1.4269635,103.8496915,204.11231222435939,0.5102807805608957,36.82192944164744,33.56764988879141,0.0
21479,21469,1,4.8,0.2999999999999998,1.3269180560083,103.71570166699784,1.32747500002724,103.71808527797025,344.1140952538181,1.0,35.0,35.0,0.0
21481,21491,1,4.8,0.20000000000000107,1.325953,103.711932,1.3268635454851,103.71082676692178,150.73354336357286,0.7536677168178603,35.0,35.0,0.0
65701,65109,1,5.714285714285714,0.5,1.411694,103.911075,1.407697,103.908819,494.82128504546813,0.9896425700909363,40.717831495090394,40.50339388843632,0.0
77129,77119,1,4.0,0.3999999999999999,1.38396304779096,103.94374627572016,1.38222775917912,103.94657905489993,371.1258079938713,0.9278145199846786,32.83648432267124,31.314209633189893,0.0
45221,45181,1,4.615384615384615,0.40000000000000036,1.41185472198007,103.75786055597196,1.41163371804971,103.76126994848113,398.99852905037187,0.9974963226259288,65.0,63.93965396293982,0.0
68099,68209,1,6.0,0.5999999999999996,1.40885009957996,103.87095311541565,1.4113435,103.873544,373.43222595731896,0.6223870432621986,52.24171806533775,48.369274401849594,0.0
03371,03369,1,2.0,0.2999999999999998,1.28066479303461,103.86626955523418,1.27960772061959,103.8698744774074,448.63317428217533,1.0,41.282196603679175,41.282196603679175,0.0
93181,93171,1,0.0,0.6999999999999993,1.30333972198999,103.91793277803113,1.30510333301496,103.9241758329893,748.3921121683768,1.0,41.38497243054686,37.667463041066824,0.0
21461,21471,1,4.8,0.29999999999999893,1.32731972199567,103.71799361099863,1.32673138898791,103.71542666702132,310.804432306441,1.0,37.299825982232605,34.40813722325201,0.0
18239,18339,2,6.666666666666667,0.30000000000000027,1.29678943404486,103.78318782626637,1.29506450651125,103.78455508578391,201.3019567161448,0.6710065223871486,29.44416997221976,29.44416997221976,0.0
68181,68161,1,5.217391304347826,0.6999999999999993,1.40407,103.858281,1.41076903489058,103.86179481507453,630.0962927597576,0.9001375610853689,46.075357969489616,45.770064306572344,0.0
65711,65721,1,5.714285714285714,0.20000000000000018,1.417097,103.91168,1.414944,103.911686,160.3733077995169,0.8018665389975839,17.963043121657098,17.963043121657098,0.0
21471,21481,1,4.8,0.40000000000000036,1.32673138898791,103.71542666702132,1.325953,103.711932,397.73259677536066,0.9943314919384008,41.46597895259228,38.04535277493682,0.0
45209,45199,1,4.615384615384615,0.40000000000000036,1.4099988110322,103.76653377102565,1.41035479540467,103.76322407621203,423.22082142902644,1.0,72.69433644949446,69.61132710101109,0.0
77111,77129,1,4.0,0.3999999999999999,1.38219835929252,103.94638094436415,1.38396304779096,103.94374627572016,309.8914899601577,0.7747287249003945,33.528614687033055,30.89513820477978,0.0
45201,45211,1,4.615384615384615,0.5,1.41047253271791,103.76582403754685,1.41031981199246,103.76978816795226,368.98501434418677,0.7379700286883736,64.75268304032792,63.61949469231101,0.0
54279,54239,1,0.0,1.0999999999999996,1.36968919033429,103.85404760550173,1.369186093503,103.84332015576305,560.1313239748065,0.5092102945225516,41.690994295763446,41.84193466980399,0.0
93159,93169,1,0.0,0.5,1.3077547570517,103.93132371442206,1.30594307438981,103.92711976208209,523.8291018377876,1.0,58.04207845685488,46.551321264012365,0.0
77099,77089,1,4.0,0.40000000000000036,1.38042138903141,103.94637916697367,1.38005668836989,103.9426864870342,354.4633962016026,0.8861584905040057,39.61014667098404,38.34661143962751,0.0
42201,42299,1,4.8,0.2999999999999998,1.33939353535638,103.76383096590918,1.3373703046187,103.76447557607713,235.36545815368035,0.784551527178935,35.15413954642268,35.0,0.0
67311,67708,1,0.0,0.9999999999999998,1.39695849054084,103.88980246889258,1.398254,103.8804,1130.1243280949946,1.0,41.560150746366965,42.16889770524878,0.0
25491,25471,1,6.666666666666667,0.4999999999999999,1.33901033639652,103.63816647849173,1.33552353410516,103.64184123007807,573.3752309365855,1.0,36.05854365928815,35.13878052247553,0.0
65599,65589,1,0.0,0.3999999999999986,1.4028335,103.918333,1.404972,103.9154735,502.18834678198573,1.0,42.93382455132152,46.14179426098461,0.0
24601,24611,1,6.0,0.39999999999999947,1.31333999996651,103.65486500001047,1.31085562935941,103.65254056553094,359.7720820397459,0.8994302050993659,46.07967318440001,41.73911037833973,0.0
25509,25479,1,6.666666666666667,0.29999999999999716,1.33355930464673,103.64364939022576,1.33552805597987,103.64162972197275,263.76427380502514,0.8792142460167588,31.390147215732924,30.199490633455472,0.0
25531,25541,1,6.666666666666667,0.3999999999999999,1.332349,103.645156,1.329782,103.647851,430.6855720181766,1.0,33.186165273940034,29.7384558919225,0.0
43899,43069,1,5.217391304347826,0.19999999999999973,1.363535,103.769,1.36296778241046,103.76768583722071,143.40541335417677,0.7170270667708848,33.16880686103106,33.16880686103106,0.0
67431,67421,1,0.0,0.5999999999999979,1.39521359607395,103.89739500115256,1.396636,103.892236,612.5875307588258,1.0,25.3071531017559,30.54206366329228,0.0
24611,24621,1,6.0,0.40000000000000036,1.31085562935941,103.65254056553094,1.30797138899535,103.64977944402521,489.29398061090905,1.0,46.93206450439452,42.989929560983825,0.0
25601,25611,1,6.666666666666667,0.5,1.301632,103.634717,1.297703,103.633033,580.3439794321321,1.0,50.660307383526344,50.233384238336114,0.0
25611,25621,1,6.666666666666667,0.40000000000000036,1.297703,103.633033,1.294382,103.631889,401.63586374343606,1.0,49.10225207942902,41.89000511833824,0.0
22021,22031,1,6.0,0.5,1.32168245080395,103.70369314086494,1.32216806047952,103.69855176773174,500.4142916735622,1.0,53.54971084345539,51.853858151398974,0.0
78179,78079,1,0.0,0.29999999999999716,1.36767,103.95648,1.36995048419615,103.95691414168428,262.7382033337726,0.8757940111125837,22.620496604850317,29.795283962189355,0.0
99091,99101,1,5.714285714285714,0.20000000000000107,1.39096634300286,103.97976929995467,1.39138333298306,103.98170083301015,136.11017747426112,0.680550887371302,50.0,35.0,0.0
60251,60249,1,4.137931034482759,0.20000000000000018,1.324573,103.861706,1.32346800000844,103.86194240512685,118.81429857883309,0.5940714928941649,25.0,25.0,0.0
21659,21679,1,4.8,0.20000000000000107,1.33896010542304,103.72410808486939,1.3377621978639,103.72358362464975,131.36542348402068,0.6568271174200998,25.0,25.0,0.0
46699,46401,1,0.0,0.3999999999999986,1.43769989889611,103.79566316043969,1.44091,103.7955225,326.6235887000379,0.8165589717500976,35.56661209090027,37.051373061521,0.0
77091,77101,1,4.0,0.3999999999999999,1.38042637835149,103.94547139015036,1.380642,103.948183,303.54438120696057,0.7588609530174016,41.16320454590123,36.94051797938871,0.0
18311,18321,1,6.666666666666667,0.40000000000000036,1.29743814797617,103.77792133383952,1.29879333297449,103.77561916702605,228.97452724411738,0.5724363181102929,35.0,34.0836357350097,0.0
21489,21479,1,4.8,0.2999999999999998,1.326155,103.712199,1.3269180560083,103.71570166699784,350.49699080469975,1.0,36.51490871647987,35.0,0.0
21491,21501,1,4.8,0.3999999999999986,1.3268635454851,103.71082676692178,1.3304277146486,103.71000208357827,394.8666685401565,0.9871666713503948,32.39390416703059,31.577318051988748,0.0
45189,45229,1,4.615384615384615,0.3000000000000007,1.41134149901997,103.76099444217142,1.41157694400245,103.75794694401966,312.68528505086095,1.0,61.23377243672603,60.616886218363014,0.0
21509,21499,1,4.8,0.5,1.33115639068272,103.70998723220183,1.3265554895957,103.71102434826084,456.43145103310076,0.9128629020662015,37.61177935483549,33.44682277234058,0.0
01559,01549,2,4.615384615384615,0.20000000000000062,1.30168731070562,103.85752923961614,1.30069868861162,103.85873120467069,196.98138835971855,0.9849069417985897,18.30268734622538,18.30268734622538,0.0
65349,65201,1,0.0,0.3000000000000007,1.40222088604884,103.90077963354756,1.40083471013366,103.903580214986,374.8719512388526,1.0,29.01511264488189,32.34708447212347,0.0
21559,21461,1,4.8,0.3000000000000007,1.326626598883,103.72063909698713,1.32731972199567,103.71799361099863,180.1728450169354,0.60057615005645,22.182182816567327,22.182182816567327,0.0
24619,24609,1,6.0,0.2999999999999998,1.31113971951498,103.65260471956782,1.3134310373537,103.65475166394909,370.39076547031635,1.0,41.47757388473518,40.434770473748685,0.0
18331,18221,1,6.666666666666667,0.20000000000000107,1.29485266612069,103.78437805999793,1.29630067771211,103.78346553393848,156.33632847632623,0.781681642381627,25.529460774811323,22.947225194478207,0.0
43969,43899,1,5.217391304347826,0.3999999999999999,1.36463,103.7725931,1.363535,103.769,469.7205988788402,1.0,55.41332751869385,55.41332751869385,0.0
98081,97101,1,5.714285714285714,0.40000000000000036,1.36189974501014,103.96453090144483,1.36321195503241,103.96739806471844,310.92696824800436,0.7773174206200102,42.026946687948985,41.83867005981175,0.0
21071,21051,1,6.666666666666667,0.9000000000000021,1.31394221438857,103.72226742161243,1.312256111,103.7304481,794.5713617512013,0.8828570686124437,65.00000000000001,56.99840990738483,0.0
24629,24619,1,6.0,0.39999999999999947,1.3085113890287,103.65015527797974,1.31113971951498,103.65260471956782,381.80326572320325,0.9545081643080093,39.41918350771704,37.793340770525674,0.0
24621,24629,1,6.0,0.20000000000000018,1.30797138899535,103.64977944402521,1.3085113890287,103.65015527797974,108.61657902549798,0.5430828951274894,33.81677658018092,33.21359174694357,0.0
26399,26409,2,7.0588235294117645,0.2999999999999998,1.28949499042217,103.627460343254,1.28912909258559,103.63019873280872,334.4221709670138,1.0,53.908767095582405,49.740376836147774,0.0
30039,30029,4,17.917582417582416,0.2999999999999998,1.37432162221947,103.71981883880738,1.37415602765485,103.71709630730658,303.19732568034,1.0,40.674757028549635,39.53867385521128,0.0
26369,26379,2,7.0588235294117645,0.3000000000000007,1.2984699944142,103.62308583345813,1.29387380677403,103.62192147229634,298.791153939184,0.9959705131306111,60.56847454411725,54.99999999999999,0.0
53239,53249,6,27.204301075268816,0.5,1.351,103.847641,1.35538305217047,103.84911895270494,615.8434110477953,1.0,41.96922659221448,40.91940166676178,0.0
28009,28301,6,26.587053841500303,0.4,1.33235,103.740664,1.3348645,103.740441,218.79403129602048,0.5469850782400512,29.352039761835545,29.352039761835545,0.0
55319,55309,4,26.64545980335454,0.3000000000000004,1.38408669861968,103.84678260704942,1.384084,103.844597,301.7429153290517,1.0,36.902679247983144,36.20554217952041,0.0
56091,57011,7,26.649894291754755,0.3000000000000007,1.3962,103.818459,1.40015725353057,103.81717214668784,426.6288127863151,1.0,57.80105653588875,57.42423613535156,0.0
65189,65239,5,26.666666666666668,0.3999999999999999,1.397182,103.918161,1.39410461413829,103.91603484855351,435.3745214490716,1.0,42.21273465788671,42.21273465788671,0.0
67141,67151,4,26.67193675889328,0.4,1.38602111109914,103.90353194446361,1.38353305558266,103.90215499999188,408.11484685774104,1.0,37.835967468238564,35.64814217138667,0.0
77279,77269,4,27.15406162464986,0.3000000000000007,1.38079641020594,103.9346621770568,1.38289337444624,103.9357870042478,229.94145401324528,0.7664715133774825,50.45421723216755,44.687482356462326,0.0
78061,77051,5,27.211027568922304,0.3999999999999999,1.36824361151738,103.95848117561664,1.36908504460753,103.95508527984948,241.070915188326,0.6026772879708152,45.0,45.0,0.0
25439,25429,6,26.562091503267972,0.1999999999999993,1.33912525432561,103.63642647473378,1.34055807307548,103.63696536000046,101.92549182674001,0.5096274591337019,40.51850693124433,33.96298613751133,0.0
77051,77041,5,27.211027568922304,0.39999999999999947,1.36908504460753,103.95508527984948,1.36944854648197,103.95130450100082,385.95722821768845,0.9648930705442224,19.162571853517242,18.901460407599348,0.0
58129,58119,5,27.23876123876124,0.1999999999999993,1.45284216119403,103.8198821920911,1.45099925490468,103.82102323159111,239.63038716890753,1.0,32.2886410027772,31.35733259700152,0.0
84661,84671,4,27.38329905388729,0.3000000000000005,1.31992811557233,103.94438908816849,1.31759333301805,103.94509555597209,232.4907030692995,0.7749690102309971,35.0,35.0,0.0
56099,56089,5,27.514285714285716,0.6000000000000005,1.39606817759915,103.8188299218487,1.39205091187219,103.81861107436661,503.01868875304456,0.8383644812550735,50.5759827538044,50.514481504043694,0.0
56079,56069,5,27.514285714285716,0.5,1.38756640996273,103.81959791299872,1.38530499508514,103.82320879865532,524.4663821321503,1.0,63.621895104841236,63.621895104841236,0.0
14021,14379,5,27.66883116883117,0.19999999999999996,1.27132972198996,103.82478361101728,1.27243833303297,103.82379361102515,166.96965692914551,0.8348482846457278,45.89560050487047,45.0,0.0
67489,67499,6,26.570064976137083,0.2999999999999998,1.39100245036434,103.87708498686095,1.39068028707514,103.87467870992985,268.25722369267885,0.8941907456422633,33.27541907059829,33.088239474438566,0.0
25449,25439,6,26.562091503267972,0.40000000000000124,1.33559254994067,103.63488564434365,1.33912525432561,103.63642647473378,221.3051856659309,0.5532629641648256,55.0,49.640312928539906,0.0
26311,26321,2,7.0588235294117645,0.29999999999999893,1.302461,103.6298305,1.3052555,103.6308775,334.35965849005663,1.0,59.88165838918078,59.88165838918078,0.0
19071,19081,6,25.75781342840166,0.30000000000000004,1.30515500002931,103.78108305597279,1.30256972202724,103.78282472199413,246.52767866509149,0.8217589288836381,29.76325245044645,29.482441053892444,0.0
46571,46561,2,25.0,0.19999999999999973,1.43475417848392,103.7758535357882,1.434716944,103.7772439,136.8603150305486,0.6843015751527439,30.0,25.0,0.0
44281,44291,7,25.270334928229666,0.30000000000000004,1.38104915821148,103.75422740795686,1.38151999999791,103.75140111097832,159.1342260809613,0.5304474202698709,35.00000000000001,35.00000000000001,0.0
30111,30121,5,25.454545454545453,0.19999999999999973,1.37245788679333,103.74282538457524,1.37211783027051,103.74443713836388,197.2625830118318,0.9863129150591602,55.0,55.0,0.0
44551,44581,5,25.48051948051948,0.20000000000000018,1.37602460873449,103.73843005883766,1.37532277779344,103.74031352986161,304.32331868437785,1.0,29.969705136709443,29.33759876781287,0.0
40099,40231,5,25.50733137829912,0.3000000000000007,1.32185235205471,103.82344007494515,1.32230868317131,103.82577145824762,159.82733617817405,0.532757787260579,65.0,65.0,0.0
02101,02061,8,25.735222631774356,0.7000000000000001,1.28938483786533,103.86183148116275,1.2899155,103.8565215,628.1217312320275,0.8973167589028963,36.59840729314245,36.03717421798319,0.0
40101,50011,5,25.96891996891997,0.20000000000000018,1.31036186651665,103.84779148902439,1.31181999999518,103.84719777801662,103.72597920698087,0.5186298960349038,40.505316567305414,40.505316567305414,0.0
44819,44869,4,26.52549019607843,0.10000000000000053,1.387188,103.759842,1.38658738981297,103.75886226371927,205.23541702542656,1.0,24.999999999999996,24.999999999999996,0.0
10149,06071,6,26.001104158998896,0.10000000000000075,1.286015,103.832988,1.28685859481289,103.83360028266564,109.90025862958423,1.0,45.0,45.0,0.0
65279,65289,8,26.12038717483364,0.5,1.39929726136961,103.91103404530959,1.40173746082241,103.90762981656073,519.13803092616,1.0,20.777888216600648,20.777888216600648,0.0
57051,57061,6,26.16883116883117,0.5,1.415206,103.8233905,1.419905,103.8245465,468.63066936174823,0.9372613387234965,63.2213771892456,62.457767028817635,0.0
68059,68049,6,26.304066658375824,0.2000000000000001,1.39978638898633,103.87243527803194,1.39851660309414,103.8729604565282,170.1078469405506,0.8505392347027526,38.5316486015197,36.765824300759846,0.0
68049,68039,6,26.304066658375824,0.19999999999999962,1.39851660309414,103.8729604565282,1.39652972197871,103.87311388899468,224.7903398886191,1.0,36.983773298978704,35.22359451422622,0.0
85069,85059,5,26.457148115042852,0.2999999999999998,1.3318,103.94738,1.32950222197902,103.94906611097686,402.4064712714779,1.0,34.15590885239272,34.06246375677559,0.0
54011,54241,5,27.72993534192656,0.5,1.36567044820875,103.84341042482097,1.36913518643274,103.84618005827467,365.5330547438771,0.7310661094877542,37.018541786069335,37.018541786069335,0.0
95019,95159,4,27.99827623357035,0.7999999999999972,1.3479795,103.984849,1.341239,103.981954,1324.1382384806002,1.0,56.84459754980731,56.554033610895395,0.0
12119,12059,6,28.016427545290025,0.19999999999999996,1.31964598192789,103.77279266281438,1.32072731097778,103.77515897833835,239.80070550732177,1.0,59.511630699689285,57.39836345535095,0.0
46461,46471,5,32.14285714285714,0.5,1.44659598354815,103.79359661898341,1.44796931841747,103.79758820990358,566.4484540601472,1.0,46.66187740773201,44.08318820101655,0.0
51019,50059,6,30.91413315898442,0.5,1.32894248973791,103.84066508496021,1.325264,103.842208,462.8038173183737,0.9256076346367474,35.3575612956947,35.3575612956947,0.0
50209,50199,6,31.143509127789045,0.20000000000000018,1.32392782849174,103.85158181192296,1.32496824756028,103.85050892832005,162.16910043950853,0.8108455021975419,46.46138992673198,45.0,0.0
52449,52179,4,31.422459893048128,0.20000000000000018,1.34044945876465,103.85000305578686,1.34069018059141,103.84803485038329,139.4425458543378,0.6972127292716884,33.47395306016557,33.47395306016557,0.0
51011,51021,7,31.66240655895828,0.40000000000000036,1.327841667,103.8406111,1.330411111,103.8391331,311.5783259339297,0.7789458148348236,28.27391431411511,28.27391431411511,0.0
04223,04143,6,31.80041011619959,0.40000000000000036,1.29084476137495,103.84857901022669,1.29411640848293,103.85020606905503,445.10233093205363,1.0,39.95746924213509,39.9428896234783,0.0
17071,20291,6,32.00854700854701,0.39999999999999925,1.30891781912545,103.76044433406533,1.31095062259154,103.75771430804498,248.59658624210897,0.6214914656052736,30.76863870509164,29.799624808573103,0.0
01112,01121,6,32.20619665104791,0.5999999999999996,1.30009212839081,103.85520027125814,1.30393809691048,103.85867999243207,557.8643653447359,0.929773942241227,31.408617134539423,30.90330303992339,0.0
03509,03519,17,28.367456073338424,0.2999999999999998,1.28314999997332,103.86004388891767,1.28124500000125,103.85884799997385,323.92209779340226,1.0,33.30317934335964,28.386964557819734,0.0
80151,80161,7,32.49140800719748,0.6999999999999993,1.296265,103.857666,1.30032715605093,103.8624541086332,655.0630482741019,0.9358043546772894,38.279231849997124,38.279231849997124,0.0
55281,59011,6,32.56142618990916,0.5,1.39813695687252,103.82881324249821,1.401439,103.827464,371.5000582525647,0.7430001165051294,59.862190409611735,49.862190409611735,0.0
55301,55311,5,32.58329905388729,0.3,1.38425166698696,103.84445666701023,1.38430357836038,103.84683966636786,331.2828193047118,1.0,39.084917114341835,38.20257442698287,0.0
65281,65271,9,33.06874864454565,0.5,1.40201165055481,103.90783309940194,1.400166,103.910274,335.2863743077494,0.6705727486154988,41.233753957314434,40.5191619451045,0.0
65271,65261,10,33.06874864454565,0.6000000000000001,1.400166,103.910274,1.3968515,103.914998,757.1158266460419,1.0,45.082776732921616,45.082776732921616,0.0
58019,57139,7,33.19480519480519,0.2999999999999998,1.44085,103.824719,1.43795662145081,103.8255962797174,529.7933574004992,1.0,41.56508126158482,41.46224346102306,0.0
44459,44469,7,30.647643405188163,0.29999999999999716,1.38028731431529,103.74454562435122,1.38243888902379,103.74275222200647,227.507729167861,0.7583590972262104,41.58444428610719,41.31122268882585,0.0
52171,52441,4,30.442271687122947,0.20000000000000018,1.3409498853794,103.8477798112237,1.34083165668042,103.84976000739448,237.03966725118613,1.0,36.0495374186632,34.9682027773996,0.0
55201,55181,8,30.334685598377284,0.3000000000000005,1.37859113966821,103.8443777268119,1.38143251435794,103.84389230276943,229.90080703140308,0.766336023438009,35.0,35.0,0.0
65269,65279,9,30.12038717483364,0.5,1.396356,103.915423,1.39929726136961,103.91103404530959,771.079220559918,1.0,66.54597166241085,66.54597166241085,0.0
47601,47611,4,29.788819875776397,0.3999999999999997,1.44211880036977,103.80304911976373,1.44388706173517,103.80622284389754,302.4312783944464,0.7560781959861165,50.79502419032473,50.79502419032473,0.0
28089,28079,5,29.64835164835165,0.3000000000000007,1.34016358625469,103.73634638831608,1.33839906637569,103.7386009027093,311.96023738882195,1.0,55.00000000000001,55.00000000000001,0.0
56261,54061,5,29.524475524475523,0.3000000000000007,1.367859,103.831724,1.36728801688172,103.83404076959498,316.53466438489124,1.0,54.99999999999999,54.99999999999999,0.0
80271,80141,7,29.428653080665462,0.40000000000000036,1.30511398524943,103.8831203007559,1.30711835522323,103.87989373246151,465.86240774230885,1.0,40.59985245528867,40.2037006943406,0.0
91091,80271,7,29.428653080665462,0.29999999999999893,1.303159444,103.8843669,1.30511398524943,103.8831203007559,249.50956138426477,0.8316985379475522,54.99999999999999,54.99999999999999,0.0
21591,21601,5,29.404761904761905,0.3,1.33476103645994,103.72242808341083,1.33727029608815,103.72109770581518,396.20416027705994,1.0,28.670192069892273,27.34038413978455,0.0
77049,77059,7,29.312629399585923,0.40000000000000036,1.36963556960047,103.95158314847573,1.36936138996292,103.95506338293471,219.0522430637264,0.5476306076593155,20.719851587047344,20.719851587047344,0.0
01621,01511,5,29.28205128205128,0.29999999999999893,1.29695888888745,103.85655611109846,1.29919826103807,103.85864518302436,394.57136282956276,1.0,26.519452701396446,26.48779486346941,0.0
52279,52269,4,28.874613003095973,0.400000000000001,1.33702420555118,103.84992957112877,1.33404239936331,103.85147452356613,466.9223340768049,1.0,32.37156229549956,31.851133886538484,0.0
21599,21589,7,28.654679802955666,0.3000000000000007,1.33468356164521,103.72268493639599,1.33246568746472,103.72345805167676,166.36950976457982,0.5545650325485981,25.0,25.0,0.0
80009,80101,6,28.64103662454487,0.3,1.3111642220841,103.87216341433337,1.31251933500742,103.87153830811837,153.4228150655171,0.5114093835517237,32.44587384342986,27.4987540002656,0.0
14389,14381,3,28.62915845764143,0.20000000000000018,1.27428160509375,103.82500895193466,1.27413014152159,103.82554290547176,135.13361058085624,0.6756680529042807,25.0,25.0,0.0
80279,91099,7,28.59372261725203,0.3000000000000007,1.30514903438296,103.88342000727887,1.30320972763591,103.88471920227425,268.9942372322892,0.896647457440962,55.0,53.45988572988556,0.0
01521,01411,4,24.996336996336996,0.29999999999999805,1.30088304437602,103.86066098182194,1.30211332865049,103.86295598167331,222.59533941868287,0.7419844647289476,34.39610115999511,29.27016086129936,0.0
12031,12041,5,24.843956043956045,0.3999999999999986,1.3208008510991,103.7796285552172,1.320555,103.776423,400.81534728600155,1.0,53.75678589264753,51.583448534843164,0.0
12041,12051,5,24.843956043956045,0.3000000000000007,1.320555,103.776423,1.3204289505949,103.7750613105408,234.13602471902445,0.7804534157300798,55.00000000000001,55.00000000000001,0.0
43701,43389,3,19.68181818181818,0.5,1.34847060052694,103.75201666213025,1.34760499094973,103.74834299093746,288.4914377404802,0.5769828754809604,22.195834072080764,22.195834072080764,0.0
27311,27061,3,19.48051948051948,0.2999999999999998,1.34902211051484,103.68539285058924,1.34984722128218,103.68387082088056,158.24984893435848,0.5274994964478619,35.0,35.0,0.0
27281,27291,3,19.48051948051948,0.30000000000000027,1.34565500002282,103.68780555602468,1.34772267411254,103.68649929145208,324.069351951773,1.0,29.314084135679693,28.805623939192408,0.0
27221,27231,3,19.48051948051948,0.5,1.34623151653928,103.67851763727317,1.34207972361937,103.67922271593845,555.9506281315813,1.0,23.24436213175033,22.716266853035187,0.0
27061,27211,3,19.48051948051948,0.40000000000000036,1.34984722128218,103.68387082088056,1.34793140650697,103.68050066497821,313.3809287162119,0.783452321790529,27.56082117147965,27.56082117147965,0.0
13071,13081,4,19.547061634018156,0.39999999999999947,1.296373,103.833056,1.295875,103.836253,317.1026250127961,0.7927565625319913,45.46466714036181,45.38580073960926,0.0
54099,54089,4,19.67193675889328,0.3000000000000004,1.36118777797342,103.85104805596895,1.36297001065247,103.8484911674186,283.1086343749822,0.9436954479166061,65.0,65.0,0.0
11221,11231,4,19.684992668500914,0.5,1.310019,103.805506,1.31115316310297,103.80119919777994,870.0339609265079,1.0,53.472189230069205,52.76391765451321,0.0
59241,59231,3,20.5,0.2999999999999998,1.43427221606754,103.83922930159359,1.43537970016985,103.83680745007868,263.9907300966656,0.8799691003222191,21.789990742976688,21.789990742976688,0.0
44369,44359,3,19.884057971014492,0.20000000000000284,1.36578306,103.7753769,1.36772582083696,103.77530877476855,229.4432492580753,1.0,55.0,55.0,0.0
44371,44381,4,19.884057971014492,0.2999999999999994,1.37402225721945,103.77263963002856,1.37242134216992,103.77441361028244,315.7299147924197,1.0,41.841616619690114,39.62253125178993,0.0
27399,27389,4,19.90270598966251,0.20000000000000018,1.3486765,103.696401,1.34845180903204,103.69810437813979,262.6398629723536,1.0,27.22356031423701,27.22356031423701,0.0
07249,07359,3,20.058823529411764,0.3000000000000007,1.315368056,103.8594669,1.31368253065979,103.86071451807119,248.17536724210876,0.8272512241403607,40.46536005479821,39.40159149064129,0.0
04311,08011,4,20.12967032967033,0.1999999999999993,1.29464575337351,103.8439214229312,1.29706985017362,103.84361028672502,209.34690638557097,1.0,55.0,55.0,0.0
23061,23071,3,20.27621483375959,0.5,1.329527778021,103.68652222202904,1.32977056006705,103.68257796013837,419.96198649360633,0.8399239729872127,63.08463317337241,60.16642106984286,0.0
73041,73019,4,19.286356821589205,0.19999999999999973,1.35049911274132,103.89882183551578,1.35196515809661,103.8994408560332,191.10929928590156,0.955546496429509,48.152987729372114,38.152987729372114,0.0
55249,55179,4,19.155067155067155,0.5,1.389538,103.84068,1.385991667,103.8431694,275.1995017532249,0.5503990035064499,56.68487840098673,56.68487840098673,0.0
54469,54459,4,19.03076923076923,0.19999999999999996,1.3772016702489,103.84349683756662,1.37693336122245,103.84120098441312,148.25078916897053,0.7412539458448528,52.748672576472224,52.748672576472224,0.0
92201,83121,3,19.03076923076923,0.20000000000000018,1.31117244269722,103.9112378097299,1.31260836391216,103.91063424326731,191.39574217440415,0.9569787108720199,32.20775675621952,30.938562545178048,0.0
05131,06171,4,19.01198216987691,0.400000000000001,1.284073056,103.8453381,1.286101944,103.8425356,335.6811869608139,0.8392029674020326,39.35991385096737,38.267916979641406,0.0
65449,65499,3,19.0,0.3999999999999999,1.40804081420589,103.89593121183572,1.40455142766372,103.89497063575236,242.4041953869198,0.6060104884672997,15.005212406648315,15.005212406648315,0.0
83129,92209,3,18.846153846153847,0.3000000000000007,1.31306365118709,103.91061094817724,1.31101000002422,103.91147888898843,190.58269302568638,0.6352756434189532,32.218788217674636,32.218788217674636,0.0
47571,47561,3,18.630252100840337,0.30000000000000004,1.43349024051919,103.79639715585557,1.4332085,103.7984235,237.9303133271337,0.7931010444237788,52.40975173004714,52.40975173004714,0.0
58171,58181,2,18.57142857142857,0.2999999999999998,1.45890580814381,103.82379883168399,1.45964275024639,103.82625715308492,371.9732976535604,1.0,56.6106541999595,56.43372861322218,0.0
58181,58191,2,18.57142857142857,0.2999999999999998,1.45964275024639,103.82625715308492,1.45875202875202,103.82875514072087,227.36667818597834,0.757888927286595,63.9659199838505,62.93183996770101,0.0
65621,65611,4,18.454545454545453,0.6000000000000001,1.416165,103.902557,1.41138059190012,103.9003025582472,567.3176078824815,0.9455293464708023,43.382817173823085,43.381246092647245,0.0
14271,14281,4,18.431174089068826,0.19999999999999973,1.27568194286532,103.81914854048932,1.27699671573899,103.81804377490617,252.65000208715065,1.0,38.95275024874676,38.95275024874676,0.0
53321,53331,3,18.371428571428574,0.3999999999999999,1.36143,103.840319,1.363006,103.836624,479.2827952045499,1.0,16.755824039990706,16.755824039990706,0.0
96039,96029,3,18.345864661654137,0.2999999999999998,1.33560833298198,103.95843416703279,1.33371794723789,103.95679798964366,254.47675037046804,0.8482558345682273,65.0,59.2797701828508,0.0
16141,16151,4,18.015873015873016,0.3000000000000004,1.29786833526113,103.76959523650599,1.30076138899694,103.76993555602371,334.50169091541886,1.0,55.00000000000001,55.00000000000001,0.0
30019,31199,4,17.917582417582416,0.5,1.37333306785344,103.71365844785454,1.37097558139998,103.70931539839594,357.27545891494174,0.7145509178298834,60.43623739181936,55.43623739181936,0.0
30059,30049,4,17.917582417582416,0.2999999999999998,1.37439935176831,103.72614304198139,1.37431332163268,103.723836557791,181.7332413686666,0.605777471228889,65.0,55.0,0.0
57031,57041,5,20.454545454545453,0.5,1.40705411971506,103.82012256385369,1.41069268256433,103.82192312004506,496.16140481018107,0.9923228096203621,63.44242654035459,58.76074824150818,0.0
94079,94069,4,20.618895063746322,0.6000000000000003,1.319473,103.955231,1.317869,103.950869,442.0788684044415,0.736798114007402,24.999999999999996,24.999999999999996,0.0
84149,84089,5,24.77310924369748,0.19999999999999973,1.32047933475714,103.93839375752798,1.3206814195738,103.9400309260245,186.17433493500317,0.9308716746750171,45.0,45.0,0.0
10189,10179,6,23.661332819227557,0.29999999999999893,1.28858805222806,103.82183192865197,1.28722333302937,103.82395833301354,216.0482629940378,0.7201608766467953,37.63140481908451,37.590942763554324,0.0
57049,57039,4,22.714285714285715,0.6000000000000001,1.41082027802703,103.82233527798766,1.40611750000192,103.8199872220186,612.0512475071002,1.0,65.93602848907048,63.658627161284514,0.0
49159,49149,3,22.805194805194805,0.3999999999999999,1.43707187354398,103.74581261172025,1.43841910254735,103.74316251360837,343.68867996110896,0.8592216999027726,46.192326625532324,45.0,0.0
59311,59081,3,23.13986013986014,0.2999999999999998,1.4260484365847,103.83218609995292,1.42371474872973,103.83164666791833,161.37650301432575,0.5379216767144195,35.0,35.0,0.0
44611,44701,4,23.238095238095237,0.30000000000000027,1.3871248273065,103.76757814102818,1.38927144639115,103.76879686807085,201.4758501052125,0.6715861670173743,20.49189526632262,20.49189526632262,0.0
25431,25441,7,23.533343161826135,0.4,1.33897644927954,103.63658739973077,1.334976,103.6351005,552.063550638554,1.0,54.13958418038749,49.78633974151357,0.0
25421,25431,7,23.533343161826135,0.30000000000000004,1.3412625,103.6374186,1.33897644927954,103.63658739973077,265.83983639786527,0.8861327879928841,38.71751157827021,29.295975094335166,0.0
67471,67301,1,24.0,0.9000000000000001,1.39218567915754,103.88018144124133,1.38888930138858,103.88694431255796,458.70516268693797,0.5096724029854866,34.66486744888433,34.179182955999835,0.0
65239,65529,4,20.666666666666668,0.3999999999999999,1.39410461413829,103.91603484855351,1.39161433333333,103.914103333333,412.81931662078443,1.0,38.07576703256169,37.42591256317614,0.0
65481,65351,4,24.217391304347828,0.29999999999999993,1.40886523796853,103.90603964310132,1.40589404110743,103.90472620505594,365.12935726611784,1.0,31.850157582343176,30.612938006611117,0.0
10341,10351,5,24.315789473684212,0.30000000000000004,1.28484639603431,103.82059301467888,1.28675501760897,103.82204990181914,234.70539534625877,0.7823513178208624,43.476067647191876,42.573055347295096,0.0
65559,65579,4,24.454545454545453,0.3999999999999999,1.404046,103.8925,1.403556111,103.8960314,395.4896817933139,0.988724204483285,36.83640588176736,35.014938620655485,0.0
27409,27419,4,24.67193675889328,0.19999999999999962,1.34719000000045,103.69416749997193,1.34575472199235,103.6928200000021,145.36325194165494,0.726816259708276,35.0,35.0,0.0
27381,27391,4,24.67193675889328,0.19999999999999962,1.348143,103.698209,1.3485045,103.6961505,262.45675678776763,1.0,53.68300835198621,53.68300835198621,0.0
66601,66571,5,24.699860153956635,0.1,1.38486,103.882346,1.384484444,103.8813056,108.81278660793429,1.0,25.0,25.0,0.0
57059,57049,4,22.714285714285715,0.5,1.41472777811863,103.82356549744377,1.41082027802703,103.82233527798766,445.36793957614265,0.8907358791522852,41.456987973500695,39.5569921540245,0.0
53159,53149,4,22.371452928997687,0.5,1.357180105,103.8415963,1.35548111090619,103.84161232917471,329.4693460891686,0.6589386921783372,39.84893049252692,39.84893049252692,0.0
67551,67541,6,22.217391304347828,0.6999999999999993,1.395806,103.8804,1.3947805,103.886529,776.7540542533606,1.0,48.19479262536895,45.7308465533237,0.0
64201,64211,3,21.897435897435898,0.29999999999999893,1.36172833297814,103.89420777799334,1.36219637653141,103.89765089844938,361.37450277483356,1.0,35.94256617929341,35.375316778772756,0.0
64211,64221,3,21.897435897435898,0.5,1.36219637653141,103.89765089844938,1.36263972024077,103.90086280526522,357.437175026638,0.7148743500532759,36.39172180207246,36.39172180207246,0.0
64229,64219,3,21.897435897435898,0.40000000000000036,1.36242315234874,103.90226237890849,1.36194642289744,103.89836719781479,364.803558523579,0.9120088963089468,49.584521039997554,49.584521039997554,0.0
54071,54081,5,21.86049002543848,0.3999999999999999,1.36433664907741,103.84490672378502,1.36358972199933,103.84786694396756,205.23099853286158,0.513077496332154,55.0,55.0,0.0
43771,43671,5,21.754280202556064,0.40000000000000036,1.36200917978122,103.74136328540868,1.36459985984635,103.743456828696,302.04422506222505,0.755110562655562,45.78417218357554,45.78417218357554,0.0
63399,63319,4,21.683384932920536,0.3000000000000007,1.37022333300436,103.8802849999831,1.369226,103.878124,279.5527795042055,0.9318425983473495,55.18489072210565,55.0,0.0
67271,67461,4,21.54680306905371,0.2999999999999994,1.388381,103.8921,1.38575273465234,103.89121528705635,267.2515193502826,0.8908383978342772,43.881603705084046,40.873155851997005,0.0
01219,01129,4,21.48462064251538,0.3000000000000007,1.30526598535719,103.86072019914616,1.30350269187301,103.85864530718491,334.96931106417526,1.0,39.31388258366228,38.71746856326513,0.0
58581,58571,3,21.217391304347828,0.5,1.443876,103.813122,1.441805,103.8168685,544.3563986012142,1.0,48.997007450374014,48.07745135323769,0.0
53339,53329,3,21.085714285714285,0.5,1.36312998205072,103.8367836110905,1.36153970079158,103.84049549859829,566.2252031751786,1.0,16.705223681859586,16.705223681859586,0.0
52279,52259,5,20.94906832298137,0.5,1.33702420555118,103.84992957112877,1.33278746546959,103.85165691373105,324.9363768024928,0.6498727536049856,40.946701154911395,37.19293901834819,0.0
22521,22451,2,20.909090909090907,0.30000000000000004,1.33741647896432,103.69776790191162,1.33817022625307,103.69561280580359,192.7537579424165,0.6425125264747216,35.0,35.0,0.0
64419,63379,3,20.741866828823348,0.2999999999999998,1.37339164793235,103.88521854859373,1.370839,103.885214,232.27601808147665,0.7742533936049226,39.378720497622396,39.378720497622396,0.0
84679,84669,3,20.741866828823348,0.19999999999999996,1.31804305599346,103.94476555602924,1.31994111212465,103.94418156021838,164.87921541776484,0.8243960770888245,45.0,45.0,0.0
01511,01521,6,33.282051282051285,0.3000000000000007,1.29919826103807,103.85864518302436,1.30088304437602,103.86066098182194,293.69025705473877,0.9789675235157936,34.70091771435428,34.70091771435428,0.0
65031,65041,5,33.37461300309597,0.29999999999999893,1.387135,103.901618,1.389877,103.901631,286.36818393338893,0.9545606131112999,55.0,53.72936567380705,0.0
99171,99161,5,33.41596638655462,0.1999999999999993,1.391161,103.990992,1.390303,103.992975,268.3560471914258,1.0,47.78624514030686,46.61067192029499,0.0
62241,71051,7,52.62170577960052,0.3999999999999999,1.345072,103.891184,1.34151105876514,103.89189250385124,279.770793187015,0.6994269829675377,43.065130039301145,43.065130039301145,0.0
62111,62121,10,49.87736582836401,0.19999999999999973,1.34509852230089,103.87077171254077,1.34682778451192,103.87156809881778,249.6744659288256,1.0,45.0,42.68513493361639,0.0
05013,05023,10,49.918406663257926,0.40000000000000013,1.28406979945936,103.84299874303983,1.28692928357498,103.84540375642477,382.031493265947,0.9550787331648672,29.515929280812358,27.8587281241512,0.0
70151,70161,8,51.153320907767366,0.3000000000000007,1.32768374279565,103.8809633442231,1.327297,103.882484,260.43810331065094,0.8681270110355012,40.20107596666759,40.20107596666759,0.0
09048,09038,13,51.37704064081773,0.6000000000000005,1.3038385,103.834171,1.30154262450563,103.83852481842337,592.4917095917637,0.9874861826529385,39.09292127186143,36.892657424181465,0.0
65221,65281,12,52.28613994889348,0.30000000000000004,1.40402842836975,103.90480763848863,1.40201165055481,103.90783309940194,602.1453564892149,1.0,38.06771549393336,38.06771549393336,0.0
92089,92079,10,52.33577179021825,0.2999999999999998,1.3071917122941,103.91764721757994,1.3066285,103.9148705,354.7333987617248,1.0,50.41015924712387,50.0,0.0
43061,43071,10,53.07857501975149,0.1999999999999993,1.36301133873589,103.76739148459211,1.365094,103.76705,229.91227194335966,1.0,34.95247070913046,34.95247070913046,0.0
76081,76091,10,57.08840574630048,0.40000000000000013,1.34950194446778,103.94932305553937,1.35071636446812,103.95275166965992,456.31095913543027,1.0,48.785697612169315,46.46040069895666,0.0
54291,54301,10,53.23123541157054,0.5,1.3693065,103.858548,1.37019500530585,103.86284675062745,485.00755707125484,0.9700151141425096,32.47580869273868,32.47580869273868,0.0
52021,52031,10,54.164112615438775,0.29999999999999993,1.34431313758435,103.84766088139544,1.34404852974216,103.85026155631283,304.5061077059826,1.0,50.51362169790391,50.51362169790391,0.0
28519,28509,10,54.39714929033814,0.19999999999999973,1.35058416759245,103.72452492776075,1.35003470887569,103.72654009750788,258.8883461348443,1.0,27.187892325309868,26.816233843728487,0.0
28511,28521,11,54.66830735187733,0.2999999999999998,1.35063596491215,103.7237236090261,1.35097548065061,103.72120042369096,222.41946972060808,0.7413982324020274,40.08793495632947,40.08793495632947,0.0
05049,05039,9,54.955144778943406,0.3999999999999986,1.28531114761754,103.84455070696784,1.28293819129834,103.84254276754574,342.708552128583,0.8567713803214605,34.396375493103406,30.675321245542747,0.0
07211,07221,9,55.1737144730122,0.3000000000000007,1.31313747728456,103.8563561439714,1.314966,103.857819,329.1992621660921,1.0,38.39489952106286,38.14978610782171,0.0
01229,01139,10,49.64278812974465,0.40000000000000036,1.30337552638813,103.85963089198265,1.30033057855542,103.85716080665901,432.78825026417525,1.0,36.89525102123137,36.41249412618314,0.0
84051,84061,9,49.56941819790117,0.30000000000000004,1.325207,103.938755,1.32584790501258,103.94223128727671,426.97541878807493,1.0,45.0,45.0,0.0
65251,65221,7,48.637777317022596,0.19999999999999996,1.40502618974463,103.90299618971393,1.40402842836975,103.90480763848863,176.03304296419526,0.8801652148209765,36.508437508811944,36.508437508811944,0.0
81049,81029,9,48.28606170764813,0.2999999999999998,1.314075556,103.8873525,1.313616389,103.8849306,263.32183316839377,0.8777394438946464,37.89725757709037,37.54981322931507,0.0
81069,81049,9,48.28606170764813,0.40000000000000036,1.314729,103.89069,1.314075556,103.8873525,426.4070716011603,1.0,41.225892258179556,39.20112188707856,0.0
62051,62149,8,47.83127728824323,0.1999999999999993,1.35170429575719,103.87775496869286,1.35169173270668,103.87595332312252,160.25189039906525,0.8012594519953291,45.00000000000001,45.00000000000001,0.0
84061,85091,10,47.74604157452455,0.5,1.32584790501258,103.94223128727671,1.32754912682416,103.94636119805759,519.788192121064,1.0,37.73322083850101,37.73322083850101,0.0
02161,02171,22,47.554269260151614,0.30000000000000004,1.2927795,103.860879,1.29070000003898,103.86092194446034,279.8344192114633,0.9327813973715441,31.58669876619356,31.246951720328333,0.0
12061,12071,8,47.21688837478311,0.30000000000000027,1.32178500189496,103.77087339859139,1.32402249998323,103.77219388896603,271.3939280757513,0.9046464269191702,46.627561126933955,46.02161306054939,0.0
12071,12081,8,47.21688837478311,0.5,1.32402249998323,103.77219388896603,1.325271111,103.774235,400.6335608663959,0.8012671217327918,40.170260402091266,40.170260402091266,0.0
12081,12091,8,47.21688837478311,0.40000000000000036,1.325271111,103.774235,1.32918315486756,103.7771471166854,220.9768662808329,0.5524421657020817,35.0,35.0,0.0
65259,65409,11,46.98835550414498,0.29999999999999993,1.4053405,103.9014515,1.40624496856359,103.89957451783918,223.63806624581588,0.7454602208193865,5.0,5.0,0.0
14109,14089,8,46.94872777721075,0.40000000000000036,1.26804601553507,103.82722490505579,1.27046005041763,103.829792773326,528.2910793565653,1.0,61.64004642680325,61.35951366059151,0.0
14119,14109,8,46.94872777721075,0.7000000000000002,1.26592360897281,103.8222827803663,1.26804601553507,103.82722490505579,365.4094964142552,0.5220135663060788,64.92794809859697,62.730931995553945,0.0
50041,50051,10,46.83885003885004,0.19999999999999973,1.32362333324914,103.84161545670325,1.325878056,103.8418119,249.51153257540528,1.0,31.615263686764873,31.615263686764873,0.0
50051,51011,10,46.83885003885004,0.30000000000000027,1.325878056,103.8418119,1.327841667,103.8406111,232.75600200346304,0.7758533400115427,20.069422012956117,20.069422012956117,0.0
09038,08138,12,46.57704064081773,0.39999999999999947,1.30154262450563,103.83852481842337,1.3004785730821,103.84184700607595,361.25089092020875,0.903127227300523,40.77951243014742,38.87790715960287,0.0
76089,76079,10,56.50831091105691,0.39999999999999947,1.34916805553714,103.94923388889873,1.34794388891649,103.94563500000055,419.01162383233714,1.0,49.22119385516383,46.6833944581341,0.0
76071,76081,10,57.08840574630048,0.5,1.34802638899143,103.94517805600674,1.34950194446778,103.94932305553937,417.7092063366485,0.835418412673297,49.90135347770166,48.35172122625043,0.0
54049,54039,10,46.129680158163126,0.29999999999999993,1.373029,103.845336,1.37091786093364,103.84563650364578,347.21838896994313,1.0,25.000000000000004,25.000000000000004,0.0
59039,59029,15,78.75134044699261,0.7,1.41342871609658,103.83156300557019,1.40885843406387,103.82924769115782,536.9523890249886,0.7670748414642695,48.18003626497425,46.99049634168421,0.0
54279,54269,10,71.30848256602732,0.2999999999999998,1.36968919033429,103.85404760550173,1.36921006543476,103.85111893571647,176.58414185356662,0.5886138061785557,54.13809956374796,54.13809956374796,0.0
54289,54279,11,71.30848256602732,0.3000000000000007,1.369149,103.855987,1.36968919033429,103.85404760550173,204.28431843140046,0.6809477281046666,54.63798987430434,54.63798987430434,0.0
92071,92081,14,72.92101915224812,0.29999999999999893,1.306815,103.914746,1.30751338586806,103.91754269765207,215.71421121444163,0.7190473707148081,56.99256797223146,55.0,0.0
80089,80069,14,73.20583375439786,0.4000000000000002,1.31275356421909,103.88079905478979,1.31214703288286,103.87715016317217,411.8133414800132,1.0,32.13140792047348,31.950701151131007,0.0
04249,05029,14,77.12474134053082,0.40000000000000036,1.29043039362749,103.85026216508201,1.28712283362119,103.84819780822524,603.5697218181475,1.0,40.56941834504158,37.482027198460884,0.0
54271,54281,13,78.13119539556413,0.30000000000000004,1.36996326781056,103.85356664655984,1.369694,103.855165,171.19887209615987,0.5706629069871995,49.274245921369044,49.274245921369044,0.0
92041,92051,14,79.73665965209915,0.39999999999999947,1.302345,103.904508,1.304585,103.907913,291.18092003901756,0.7279523000975449,43.19591148306335,43.19591148306335,0.0
07329,07319,10,57.47915529528129,0.29999999999999893,1.31284472583438,103.85989088288474,1.31038833299803,103.85870666696984,298.79203556456685,0.9959734518818931,39.9224830592043,35.318268586050294,0.0
14131,14151,14,84.65643644281415,0.5,1.26740130257465,103.81675441150337,1.26964765905364,103.8129359412343,771.5480037695241,1.0,58.50341805987579,57.2666054409013,0.0
52321,52501,12,85.50559415009543,0.30000000000000027,1.3312589884768,103.8527071071997,1.33090220918791,103.85011762889827,248.6992369787305,0.8289974565957676,43.73095775904052,41.91746210494511,0.0
09047,09037,15,86.75498361287835,0.5,1.30446065207443,103.83294467208566,1.3023400420296,103.83701253388183,449.240539847789,0.898481079695578,41.64858116595235,38.74559684658635,0.0
05039,05019,16,91.07419239799103,0.3000000000000007,1.28293819129834,103.84254276754574,1.28118388885484,103.84105000000471,314.219194761047,1.0,37.73856537161874,37.02454448930598,0.0
59049,59039,19,94.4232772058859,0.3999999999999999,1.41700998157675,103.83339984073773,1.41342871609658,103.83156300557019,488.35816289999525,1.0,51.564944507775145,51.564944507775145,0.0
08111,08121,28,122.33612216448167,0.3000000000000007,1.29986928715834,103.84093746088925,1.30027569326586,103.83877618459663,300.20425782358353,1.0,32.679885308457514,31.162578760880923,0.0
54261,54271,12,71.07237186615237,0.3000000000000004,1.36946941916508,103.85075454495572,1.36996326781056,103.85356664655984,423.4831686204919,1.0,55.82169890292282,55.82169890292282,0.0
76101,76031,15,70.59634225423699,0.19999999999999973,1.35303315550855,103.95480210652737,1.35507956918888,103.95529781026745,235.95681336555361,1.0,35.50355959149954,34.4674403401739,0.0
09059,09022,16,69.4679517384165,0.5,1.30044251755834,103.83623804216019,1.30252834773643,103.83239784275958,314.30776261068786,0.6286155252213758,25.373074304756067,24.1843442691379,0.0
50059,50049,13,69.00500797044747,0.20000000000000018,1.325264,103.842208,1.32354108650178,103.84189326889334,176.3915338525869,0.8819576692629337,24.45090169567861,24.45090169567861,0.0
03511,03501,13,68.92648221343873,0.3999999999999986,1.28194779470571,103.85897064872482,1.28500467671367,103.8606110538643,402.5721755718122,1.0,47.14641264112769,28.864138812147758,0.0
75069,74949,10,65.9935080668423,0.19999999999999996,1.341667,103.937323,1.340276,103.936345,146.65898330823208,0.7332949165411606,25.0,25.0,0.0
80049,80039,13,65.66148168996466,0.20000000000000018,1.31077707819718,103.87363663982293,1.30992336177794,103.87144344651483,323.02467641118756,1.0,44.109267281558665,43.2878556379348,0.0
09159,09169,12,63.75882878731176,0.3000000000000007,1.30602637557418,103.82568042620605,1.3070135326348,103.82835507326037,165.43130533823762,0.5514376844607908,45.0,45.0,0.0
92249,92041,12,62.505890421329916,0.6000000000000005,1.30166304472072,103.90118149629421,1.302345,103.904508,303.2168686483047,0.505361447747174,33.497131079940075,33.497131079940075,0.0
95151,95011,11,61.711501604690454,0.5,1.34209640049942,103.98181795541137,1.3461185,103.9836085,698.4976767596277,1.0,63.34418905619878,59.49160130943701,0.0
54231,54241,10,60.82008575556963,0.5,1.36966012463918,103.84193909880943,1.36913518643274,103.84618005827467,506.8610504010291,1.0,31.170544793014926,29.605090695642776,0.0
74941,75061,10,60.4868930444378,0.1999999999999993,1.3402645,103.9361875,1.342039,103.937243,145.16039059237292,0.7258019529618672,45.0,45.0,0.0
28211,28009,11,60.13492063492063,0.1999999999999993,1.33418677275445,103.74070680700304,1.33235,103.740664,123.45231185620364,0.6172615592810203,22.840689606674445,22.840689606674445,0.0
05023,04222,13,59.770623412026396,0.2999999999999998,1.28692928357498,103.84540375642477,1.28898962180798,103.84708976365569,250.41529548103887,0.8347176516034633,33.88983053419898,33.29637962033736,0.0
63191,63201,12,58.73843345699845,0.19999999999999973,1.36426277802723,103.87403972199432,1.36617789459924,103.87492029493984,251.5722929107463,1.0,46.723784802996235,44.41536976673648,0.0
01039,01029,12,58.309454796411316,0.1999999999999993,1.29820784139683,103.85549139837407,1.2966729849642,103.85441422464267,201.40296900090107,1.0,29.42604955785943,28.93464783440804,0.0
07319,07419,10,57.47915529528129,0.5,1.31038833299803,103.85870666696984,1.30653024120879,103.8561630249311,531.1808174734736,1.0,36.572153947812936,31.890019637029837,0.0
07111,07211,7,46.56142618990916,0.5999999999999996,1.30879366465919,103.8531751994068,1.31313747728456,103.8563561439714,555.7131704952321,0.9261886174920541,33.21826232663768,32.678083390093164,0.0
54059,54049,10,46.129680158163126,0.30000000000000004,1.3762849891494,103.84498299185917,1.373029,103.845336,370.2632824442026,1.0,39.24215014504003,39.24215014504003,0.0
63339,63329,5,33.47662863452337,0.3000000000000007,1.36811854812783,103.88451259380585,1.36862870083779,103.882008479663,316.98672148956416,1.0,60.665829128002905,59.455011192676515,0.0
45421,45439,4,38.53318077803203,0.20000000000000018,1.40274884902867,103.75050925171398,1.40127194398549,103.75115527801049,149.2763242438896,0.7463816212194474,15.0,15.0,0.0
07021,07031,6,37.24696356275304,0.2999999999999998,1.30372355,103.850036756528,1.30572083298412,103.85120583303191,218.82750718104978,0.7294250239368331,28.386994468844954,28.386994468844954,0.0
10119,10109,7,37.77396221881348,0.1999999999999993,1.28598009010704,103.81122515087834,1.28535315729277,103.81370529674271,266.30653729205835,1.0,55.0,55.0,0.0
54269,54248,7,37.78200035258859,0.5,1.36921006543476,103.85111893571647,1.36875490594243,103.84661006967286,544.031365594642,1.0,25.79327866767648,25.20106420314386,0.0
55259,55249,8,38.24823485693051,0.2999999999999998,1.39143,103.838608,1.389538,103.84068,235.6885287396479,0.7856284291321601,45.0,45.0,0.0
54041,54051,9,38.33040752351097,0.30000000000000004,1.373676,103.845043,1.376558,103.844964,385.4661279417885,1.0,35.0,35.0,0.0
54031,54041,9,38.33040752351097,0.40000000000000036,1.37008641040706,103.84534111753092,1.373676,103.845043,349.6309539555017,0.8740773848887535,29.861334093205052,29.861334093205052,0.0
53249,54539,8,38.670967741935485,0.4,1.35538305217047,103.84911895270494,1.35857111103202,103.85104805599867,375.4390253579029,0.9385975633947572,56.675248400708625,55.0,0.0
43199,43209,7,40.029743899979835,0.5,1.34663409083885,103.75920055445125,1.34697997431974,103.76384248905434,559.6314828396797,1.0,38.233959114238424,38.233959114238424,0.0
55241,55251,7,38.84729064039409,0.3000000000000007,1.389545,103.840319,1.39093600499761,103.83885575492444,194.21224937138203,0.647374164571272,55.0,55.0,0.0
16159,16149,6,39.30952380952381,0.3000000000000007,1.30060333385651,103.77017032679849,1.29781833402646,103.76994027003138,331.63818189751595,1.0,54.99999999999999,54.99999999999999,0.0
55209,54059,8,39.32968015816313,0.2999999999999998,1.37863166702811,103.84468444401317,1.3762849891494,103.84498299185917,186.8351043954347,0.622783681318116,49.16375321718552,49.16375321718552,0.0
80091,81081,7,39.51737958576025,0.20000000000000107,1.31489775184137,103.88095141640784,1.31621665907428,103.88168156879213,111.19997411663638,0.5559998705831789,45.0,45.0,0.0
51031,51051,9,39.53337430089377,0.5,1.33162906440184,103.83859992029566,1.33635352726982,103.83707802024655,484.9600299259951,0.9699200598519903,36.505232874588685,36.505232874588685,0.0
45121,45131,8,39.64335080124554,0.3000000000000007,1.42402638898738,103.75863222200965,1.42513583961154,103.76103770449444,244.7971879989201,0.8159906266630651,55.0,55.0,0.0
51029,51019,7,36.91413315898442,0.1999999999999993,1.3302549684081,103.8397133983878,1.32894248973791,103.84066508496021,219.61044515092306,1.0,34.44629166410185,34.44629166410185,0.0
50021,50031,7,36.900094057988795,0.5,1.3173533543911,103.84421700922245,1.321378056,103.8417481,341.3964025733335,0.682792805146667,24.2918271742671,24.2918271742671,0.0
13011,13021,7,36.399278382786626,0.5999999999999996,1.306504,103.81932,1.30633972996805,103.81430670816292,702.8010200326902,1.0,53.274580827068164,52.4470623334655,0.0
13021,11201,7,36.399278382786626,0.2999999999999998,1.30633972996805,103.81430670816292,1.30692642897557,103.81186453577433,322.83600998058637,1.0,55.0,55.0,0.0
43619,43629,6,36.16342123056119,0.20000000000000018,1.34406411828167,103.75861329619691,1.34240810773422,103.75915813592935,206.11836082288627,1.0,55.0,55.0,0.0
52079,51099,6,36.11578947368421,1.1999999999999997,1.32931477158443,103.84382885735747,1.325881667006,103.8345342161876,615.9025064851687,0.5132520887376407,47.840917899681145,47.840917899681145,0.0
05012,05022,7,36.08612440191388,0.5999999999999996,1.28154583300728,103.84087722199499,1.28571089865595,103.84437203405348,592.1745926204665,0.9869576543674446,38.523009904354446,38.29808861066863,0.0
46381,45139,6,35.87296037296037,0.6999999999999997,1.42907427878851,103.76676266569542,1.42525961270458,103.76178101875855,708.15950395133,1.0,52.71767956019231,50.027009994331806,0.0
27389,27379,7,35.662886985137625,0.2999999999999998,1.34845180903204,103.69810437813979,1.348016,103.7009747,328.19515968179564,1.0,27.752173883841504,27.752173883841504,0.0
72049,72039,6,35.377955377955374,0.30000000000000027,1.33490332816583,103.90747460787432,1.33546648279458,103.90985114690736,377.3653990314426,1.0,32.133863312696036,30.956422821649454,0.0
54019,53169,6,35.25556538404835,0.5,1.366576359,103.8443435,1.361908333,103.84244,604.0124135835786,1.0,34.724796419595094,34.724796419595094,0.0
62139,62129,7,34.79550157444894,0.2999999999999998,1.3490461240579,103.87341165935781,1.34698958928417,103.87205488524701,296.450519453182,0.9881683981772739,50.415940027092404,50.36106912339426,0.0
43481,43471,6,34.38721804511278,0.2999999999999998,1.36015,103.74612,1.35796999999619,103.74730694399486,253.24449547882466,0.8441483182627494,45.00000000000001,45.00000000000001,0.0
21581,21591,6,34.2047619047619,0.3000000000000004,1.33243350969467,103.72328639029729,1.33476103645994,103.72242808341083,271.2735953134197,0.9042453177113978,25.082889545499903,24.414231323565524,0.0
04168,04249,7,33.86349206349206,0.1999999999999993,1.29208221483052,103.85125994680256,1.29043039362749,103.85026216508201,215.15338349351595,1.0,41.06741591125969,41.06741591125969,0.0
42259,42089,6,33.83267784846732,0.40000000000000036,1.34106160633217,103.7770788000345,1.34007090936874,103.77941451542826,246.46102246089947,0.6161525561522482,59.53581906889348,59.53581906889348,0.0
59781,59771,6,33.58235966931619,0.09999999999999987,1.4230555,103.8511111,1.423939,103.852066,149.8384074446771,1.0,55.0,55.0,0.0
57111,57121,6,39.9938884644767,0.3000000000000007,1.43123622644607,103.82654938929034,1.43345083292583,103.82631132424072,164.21595016285391,0.5473865005428451,50.0,45.0,0.0
52329,52339,5,40.97902097902098,0.3999999999999999,1.33146817532374,103.85268688199498,1.332871667,103.8558608,203.86172949012325,0.5096543237253083,45.0,45.0,0.0
50038,50029,8,45.78761666609964,0.40000000000000036,1.32033749274601,103.842832976035,1.316795,103.844656,358.4334936323585,0.8960837340808955,34.76307681542659,34.76307681542659,0.0
04159,04149,7,44.73775347459558,0.3000000000000007,1.29489484954945,103.85108138663934,1.29276132399953,103.84983741344308,296.0869986283042,0.986956662094345,45.89640396148714,41.237617708172365,0.0
55269,55259,9,43.962520571216224,0.20000000000000018,1.39267,103.836298,1.39143,103.838608,328.5682800341303,1.0,65.0,65.0,0.0
51049,51039,9,44.55049679534805,0.2999999999999998,1.3338213150365,103.83795811295674,1.33165828742218,103.83888866147537,244.8386052310349,0.8161286841034502,21.48944243307669,21.48944243307669,0.0
51039,51029,9,44.55049679534805,0.20000000000000018,1.33165828742218,103.83888866147537,1.3302549684081,103.8397133983878,223.46159281155542,1.0,50.32992820769717,50.32992820769717,0.0
65401,65251,6,44.637777317022596,0.5,1.40653182138609,103.89871180015278,1.40502618974463,103.90299618971393,285.98284617326044,0.5719656923465208,35.0,35.0,0.0
80169,80159,10,44.65146947995245,0.6999999999999993,1.30070547633658,103.86336013257065,1.294924,103.857158,374.4683912104797,0.5349548445864001,38.08310265964673,38.08310265964673,0.0
04229,04239,7,44.73775347459558,0.1999999999999993,1.29044830830726,103.84875123545265,1.28882717929599,103.8474938118651,207.78001220743235,1.0,45.07620772730412,44.302851341146656,0.0
04149,04229,7,44.73775347459558,0.3000000000000007,1.29276132399953,103.84983741344308,1.29044830830726,103.84875123545265,280.5518000129704,0.9351726667098991,40.17953988834033,36.941679437135505,0.0
40421,40411,6,41.059829059829056,0.30000000000000004,1.35938,103.729694,1.3576545,103.7292115,152.72702855300275,0.5090900951766757,35.0,35.0,0.0
04222,04223,9,44.859233645611354,0.2999999999999998,1.28898962180798,103.84708976365569,1.29084476137495,103.84857901022669,340.5912545717129,1.0,39.10298977961597,37.03084443458374,0.0
52499,52451,8,44.97993534192656,0.3,1.32603759751245,103.85537211273478,1.3253199216809,103.85731928602708,167.5679002226277,0.5585596674087591,14.999999999999998,14.999999999999998,0.0
84021,84031,7,45.114473142956115,0.5999999999999996,1.32338320435233,103.92508721683168,1.32428292329305,103.93003627080394,603.9186800081877,1.0,42.02760658725159,40.92922051867495,0.0
12109,12099,7,45.761831048208755,0.40000000000000036,1.33081944,103.7780086,1.32783806,103.7767036,429.39846691108784,1.0,48.778102543180125,48.778102543180125,0.0
12099,12089,7,45.761831048208755,0.20000000000000018,1.32783806,103.7767036,1.32626394,103.775707882134,117.30620198509467,0.5865310099254729,45.0,45.0,0.0
12089,12079,7,45.761831048208755,0.5,1.32626394,103.775707882134,1.32383187575187,103.77263094375739,409.2525687838135,0.818505137567627,44.26315478989324,44.26315478989324,0.0
44241,44231,6,43.7888198757764,0.5,1.38117443945082,103.76586096715347,1.37916686797468,103.76933485417399,414.0630585771075,0.8281261171542149,48.93198353706125,48.07066549782297,0.0
16069,16059,7,43.50935960591133,0.30000000000000004,1.290648611,103.7736967,1.289675,103.7759325,265.37487246592536,0.884582908219751,48.27127449430612,46.1450287331738,0.0
16089,16079,7,43.50935960591133,0.3000000000000007,1.29201138346787,103.76908420716119,1.29141111,103.7712964,263.0935002923447,0.8769783343078136,49.39005754022544,47.15852047465807,0.0
04167,04249,7,43.26124927703875,0.2999999999999998,1.29250006522444,103.85145315468638,1.29043039362749,103.85026216508201,221.21303989169766,0.7373767996389926,41.038176343559016,40.90121207596547,0.0
12101,42141,7,43.21688837478311,0.40000000000000036,1.33243896358504,103.77768506316727,1.33608648972914,103.77817465012919,603.7422320352633,1.0,48.51958807932025,48.51958807932025,0.0
55189,55209,8,43.15894562953386,0.5,1.382955556,103.844225,1.37863166702811,103.84468444401317,613.9629924626623,1.0,39.61221821219385,39.61221821219385,0.0
05022,04222,8,43.14494793132564,0.5,1.28571089865595,103.84437203405348,1.28898962180798,103.84708976365569,392.38542145948287,0.7847708429189657,33.20755785162166,29.741166768686107,0.0
54301,66341,8,42.724322969174224,0.30000000000000004,1.37019500530585,103.86284675062745,1.37114196132937,103.86525341485559,314.1479274065555,1.0,42.44291815655388,42.44291815655388,0.0
08079,07011,7,42.70150901729849,0.1999999999999993,1.29921444445586,103.84910329217985,1.30099699058522,103.8498101874305,245.79096153914313,1.0,41.53405032334752,39.370263687637184,0.0
66349,54309,7,42.55284346828296,0.3000000000000007,1.37082760014108,103.86541771672718,1.36988835306854,103.86306604022437,385.0747579228441,1.0,27.466042408101092,27.466042408101092,0.0
16041,16051,8,41.71261487050961,0.3000000000000007,1.2893086506189,103.77660095143266,1.29014861601908,103.77426036615236,273.12890025771196,0.9104296675257044,51.98631344082698,49.74788609442483,0.0
16061,16071,8,41.71261487050961,0.1999999999999993,1.29046257201356,103.77356171611027,1.29129940835907,103.77117221155989,263.2707701367304,1.0,42.56911618917526,42.08929801736517,0.0
65289,65229,10,41.57493262937909,0.30000000000000027,1.40173746082241,103.90762981656073,1.403199,103.9054445,355.8809327020859,1.0,24.617326650766078,24.617326650766078,0.0
04142,01012,9,41.556895111341575,0.5,1.2930982644668,103.84965994500728,1.29684825487647,103.85253591654006,544.6304049160839,1.0,41.345690586583046,40.378173285922756,0.0
01113,01121,8,41.27913004282173,0.3999999999999999,1.30117297541547,103.8561140106393,1.30393809691048,103.85867999243207,418.31120383530725,1.0,30.38809373547658,30.07744614632973,0.0
92161,82071,10,41.14403249503068,0.40000000000000036,1.30380001918907,103.89656923070308,1.307258,103.895454,355.9493138004656,0.8898732845011632,43.051110902671425,42.8481764340282,0.0
82029,82109,8,41.10910073758371,0.2999999999999998,1.31569833821527,103.89559528546464,1.3151892235607,103.89331774481381,244.36240698320475,0.8145413566106829,35.62605166472832,35.073035808409735,0.0
31169,31159,4,17.917582417582416,0.3999999999999986,1.37245094201191,103.7012193702135,1.37336600723318,103.69619726943306,287.8122628836706,0.7195306572091791,65.76191999861499,59.74230585769416,0.0
31179,31169,4,17.917582417582416,0.40000000000000036,1.37234403223499,103.70355081890855,1.37245094201191,103.7012193702135,326.8832865975857,0.8172082164939636,68.17249476782452,58.43498231457613,0.0
06149,06159,4,17.891246684350133,0.2999999999999998,1.28984045728104,103.83411526676929,1.28909385421188,103.8368794036018,289.8517968055411,0.9661726560184708,44.04017866072944,41.608975900719585,0.0
01541,07551,2,9.23076923076923,0.40000000000000036,1.29886465442254,103.85734583628746,1.30171975809706,103.8546132267025,425.60790065886584,1.0,32.280912838005584,31.176221056809904,0.0
27469,27609,1,9.23076923076923,0.20000000000000018,1.352945333,103.7048917,1.354514333,103.7045217,276.0366383793969,1.0,27.152557157158896,23.819397561560514,0.0
24641,24651,1,9.23076923076923,0.2999999999999998,1.31424000000651,103.66551388890647,1.31490027800406,103.66882611097928,297.8509077443277,0.9928363591477595,40.287951891453886,36.36709487806752,0.0
24639,24259,1,9.23076923076923,0.20000000000000018,1.32041012800861,103.67791569301414,1.32022430366593,103.6756285744157,250.72791337450596,1.0,42.61003393813502,38.87229720314285,0.0
24259,24249,1,9.23076923076923,0.3999999999999999,1.32022430366593,103.6756285744157,1.3200141711372,103.67231073811735,379.90377188326147,0.949759429708154,45.095377864701746,44.70780832020017,0.0
24199,24189,1,9.23076923076923,0.40000000000000036,1.31308152323838,103.65993666344218,1.31116229073472,103.6619380811675,350.3365126175228,0.8758412815438064,37.830916504661445,37.14089537474794,0.0
20329,20319,1,9.23076923076923,0.2999999999999998,1.31503304622752,103.75102066090028,1.31259468493848,103.75284421307401,413.33289688022455,1.0,32.18196528255116,31.15338858860303,0.0
19051,19061,3,9.244444444444444,0.5,1.30896444398008,103.77392333299538,1.30752442673366,103.77782122462926,491.3161479567309,0.9826322959134618,55.63283286077876,54.49884519832001,0.0
21139,21129,2,9.568965517241379,0.40000000000000036,1.31433044660166,103.71846563037732,1.31427443753325,103.71493141053244,424.7007726988537,1.0,47.760751697922345,42.90488586680455,0.0
32071,32081,3,9.346153846153847,0.1999999999999993,1.4160246040166,103.70056776202736,1.41744631606558,103.70120361125713,212.44190866251938,1.0,39.42296740441936,39.42296740441936,0.0
31159,31149,3,9.346153846153847,0.3000000000000007,1.37336600723318,103.69619726943306,1.37394854683347,103.69400832710886,359.25256587248793,1.0,22.04156668334389,22.04156668334389,0.0
05012,05013,2,9.415384615384614,0.40000000000000036,1.28154583300728,103.84087722199499,1.28406979945936,103.84299874303983,352.11322533296357,0.8802830633324081,44.641008088983426,44.45998803580423,0.0
93101,83171,2,9.454545454545453,0.2999999999999998,1.31261779524488,103.91989561129017,1.3147363890036,103.91900527803291,366.86505316713163,1.0,45.0,45.0,0.0
54619,54629,2,9.454545454545453,0.30000000000000027,1.36467168386173,103.84050288513411,1.3655880696456,103.83801666007233,163.67112098811066,0.5455704032937017,63.64886802887184,63.64886802887184,0.0
54079,54619,2,9.454545454545453,0.5999999999999999,1.36389805596869,103.84585916699372,1.36467168386173,103.84050288513411,734.3838945878351,1.0,39.06161159186753,39.06161159186753,0.0
59281,59701,1,9.23076923076923,0.30000000000000027,1.4228063053424,103.84070404095088,1.42548192920513,103.84020205228329,210.30160207775975,0.7010053402591985,41.11683202232537,41.11683202232537,0.0
64139,64229,1,9.23076923076923,0.5,1.363239,103.906656,1.36242315234874,103.90226237890849,575.9305360071966,1.0,48.762059822993265,48.46010266018165,0.0
64169,64159,1,9.23076923076923,0.39999999999999947,1.37131499866835,103.91146527121292,1.36751138265993,103.9099923734176,419.31186989001327,1.0,57.52026261140701,56.98960982525821,0.0
64171,64181,1,9.23076923076923,0.29999999999999893,1.37400500001195,103.91234999996988,1.37652001172486,103.913361893323,293.7199193841817,0.9790663979472759,65.0,60.15606708898273,0.0
64189,64179,1,9.23076923076923,0.2999999999999998,1.37693109577247,103.91392221641736,1.37420776153231,103.91287632675001,458.7638226352343,1.0,66.66204192656967,65.0,0.0
64379,64579,1,9.23076923076923,0.3999999999999999,1.374683,103.892704,1.37820828048176,103.89268060309126,327.9130166203057,0.8197825415507645,37.796593359659106,37.50796410629845,0.0
74019,73039,1,9.23076923076923,0.1999999999999993,1.37358500000858,103.92015138898552,1.37605781654383,103.919840609252,228.32977148923433,1.0,61.95990128867828,60.21464604142578,0.0
74029,74019,1,9.23076923076923,0.5000000000000004,1.3700705233294,103.92288994719686,1.37358500000858,103.92015138898552,501.0692854197018,1.0,65.0,59.1668404926458,0.0
74039,74029,1,9.23076923076923,0.5,1.367076,103.925908,1.3700705233294,103.92288994719686,520.5626160413317,1.0,55.81615645991438,52.548144497553025,0.0
96311,96301,1,9.23076923076923,0.3000000000000007,1.3329118846906,103.9607070021467,1.33450022538919,103.9617438259165,280.3365714344343,0.9344552381147788,33.35605275661382,31.607418064035066,0.0
65351,65219,2,9.217391304347826,0.30000000000000004,1.40589404110743,103.90472620505594,1.403538,103.903422,320.6796480673274,1.0,27.83994347758129,27.83994347758129,0.0
67219,67269,4,8.994307400379506,0.3999999999999999,1.38368835333684,103.89751366061326,1.386147,103.8951088,379.15731148366064,0.9478932787091519,29.053333835977096,28.453228849798975,0.0
67189,67101,3,8.994307400379506,0.29999999999999993,1.39059955869523,103.89742612835978,1.39143144034973,103.89956953538392,171.97287342889157,0.5732429114296387,50.0,45.0,0.0
04251,04211,3,8.901098901098901,0.20000000000000018,1.28973833297563,103.84888472198024,1.29043611099357,103.84712444398055,158.61427125831787,0.7930713562915886,32.557265921281115,30.77022101024533,0.0
81231,81081,2,8.753315649867375,0.20000000000000018,1.31389305598354,103.88189611100506,1.31621665907428,103.88168156879213,294.5581331122996,1.0,37.0594973716518,36.29450227355459,0.0
64329,64319,4,8.615384615384615,0.30000000000000004,1.37240520198465,103.90067635112096,1.36984558380582,103.90037616571983,150.2793684822195,0.5009312282740649,45.0,45.0,0.0
27461,27451,3,8.615384615384615,0.3000000000000007,1.353225,103.705048,1.35128613677034,103.7041505569119,186.61504358109076,0.6220501452703011,35.0,35.0,0.0
13191,09212,2,9.454545454545453,0.6000000000000001,1.302461,103.8297819,1.30702238421536,103.83265522662566,416.69598439534235,0.6944933073255705,40.232489767696464,39.75500355869089,0.0
21129,21119,2,9.568965517241379,0.29999999999999893,1.31427443753325,103.71493141053244,1.31397291780129,103.71201936489673,321.9056902813874,1.0,43.30892377682615,40.6666815548965,0.0
12199,12189,1,8.571428571428571,0.3000000000000007,1.31547998901343,103.77820622498255,1.31642693680141,103.78022402243116,174.4226261208877,0.5814087537362911,27.719903335121675,26.01281544955431,0.0
78061,78079,3,10.714285714285715,0.3000000000000007,1.36824361151738,103.95848117561664,1.36995048419615,103.95691414168428,180.17543810004324,0.6005847936668094,45.0,45.0,0.0
48021,48031,3,10.514285714285714,0.40000000000000036,1.41091935719422,103.7794566466511,1.41109191008995,103.78316982719807,474.52654201557414,1.0,65.0,65.0,0.0
65211,65359,2,10.671936758893281,0.40000000000000036,1.402691,103.902709,1.40552300002668,103.90435300000112,450.9184280911664,1.0,22.255348503116842,22.255348503116842,0.0
23029,23019,2,10.671936758893281,0.7,1.32302194442237,103.68622888892132,1.32302099996901,103.69256700002227,746.3173002707874,1.0,62.662504170112356,57.251797866838906,0.0
23011,23021,2,10.671936758893281,0.8000000000000007,1.32240518497889,103.69250829071932,1.32243595181684,103.6851860612218,724.1910400410255,0.9052388000512811,59.845665592200575,53.954267475728216,0.0
97071,97081,2,10.714285714285715,0.39999999999999947,1.36855806171082,103.97786417344932,1.37137551310062,103.97986770359047,330.04987216180234,0.8251246804045069,65.00000000000001,65.00000000000001,0.0
62101,66089,2,10.714285714285715,0.40000000000000124,1.34324887065522,103.87308054810315,1.34238715725246,103.86947751046722,253.3344798891473,0.6333361997228663,54.77578101972486,54.77578101972486,0.0
75509,75519,3,10.760233918128655,0.30000000000000004,1.361373,103.934576,1.364004,103.934527,326.4675700271378,1.0,38.15419769002139,36.22991176420464,0.0
40451,40479,2,9.8,0.29999999999999993,1.361662,103.735908,1.3595915,103.736422,151.0624637848719,0.5035415459495731,35.0,35.0,0.0
25441,25681,3,10.760233918128655,0.3999999999999999,1.334976,103.6351005,1.33248806,103.6371694,208.64764721225532,0.5216191180306384,47.520939689289804,45.00000000000001,0.0
76231,76251,1,10.909090909090908,0.40000000000000036,1.35666908955685,103.95736200626966,1.35970826873107,103.95823716945422,242.7060260570795,0.6067650651426982,31.748727054228226,31.748727054228226,0.0
52299,52289,1,10.909090909090908,0.2999999999999998,1.337101667,103.8523,1.334886632,103.8538671,355.83955586876203,1.0,28.627564786027055,28.483780632683477,0.0
52169,51199,1,10.909090909090908,0.2999999999999998,1.34013183349101,103.84465978021645,1.338775,103.842559,202.2143888151342,0.6740479627171144,43.48170193282467,42.39636484744265,0.0
83201,83321,2,10.909090909090908,0.30000000000000027,1.31860774070821,103.91440987586641,1.32168778524368,103.9136543376456,239.20149908723653,0.7973383302907877,23.88272212798639,22.336445997263965,0.0
68129,68109,2,10.909090909090908,0.40000000000000036,1.40606522969086,103.86016462232045,1.40400332581506,103.86349233396736,550.152433470214,1.0,54.622173514514884,53.77600846657174,0.0
48041,48051,3,10.514285714285714,1.0,1.41268317529503,103.78892108182363,1.41529381857807,103.79737495337397,1093.0785706886975,1.0,72.56701973524304,71.79459170587444,0.0
61121,68009,2,10.454545454545453,0.5,1.3417695,103.875484,1.340141,103.871449,324.51580654792883,0.6490316130958577,44.99999999999999,44.99999999999999,0.0
94051,94061,3,10.444444444444445,0.5,1.31710244970995,103.94737959133388,1.318036,103.950595,358.815698932416,0.717631397864832,42.95435195525031,42.95435195525031,0.0
94061,94071,3,10.444444444444445,0.5,1.318036,103.950595,1.319835,103.955091,458.50331618855694,0.9170066323771139,44.34203377545728,44.34203377545728,0.0
20171,20121,2,10.416666666666668,0.30000000000000027,1.31967681449311,103.73984434693502,1.32023972200054,103.73707999997312,275.0264971977138,0.9167549906590452,34.73715430714485,28.051151742427543,0.0
07569,01639,2,10.329670329670328,0.39999999999999947,1.29949531348401,103.85301395376233,1.29738750001468,103.85557583297624,363.18241476774944,0.9079560369193748,28.818716335337303,26.93342076920431,0.0
44009,44541,2,10.329670329670328,0.3,1.38586897797184,103.74578895932125,1.38764444400097,103.74593527798108,160.01034201331436,0.5333678067110479,40.0,35.0,0.0
67261,67211,2,10.31578947368421,0.5,1.38657611,103.8946458,1.38393828115359,103.89765917692944,527.7346396043414,1.0,41.39355115492071,39.90243256077916,0.0
67331,67261,2,10.31578947368421,0.19999999999999973,1.3867745,103.8925445,1.38657611,103.8946458,284.5545420881036,1.0,34.14838798721073,32.40559651419151,0.0
67579,67999,2,10.285714285714285,0.3999999999999999,1.3947623,103.874852,1.39506,103.871495,493.05106369397834,1.0,43.57783599190341,37.35304022212307,0.0
31131,31141,2,10.227272727272727,0.39999999999999947,1.3721005602879,103.6901494100538,1.37409630689339,103.69342185827556,222.73420663040912,0.5568355165760235,45.0,45.0,0.0
09048,09037,4,10.0,0.40000000000000036,1.3038385,103.834171,1.3023400420296,103.83701253388183,349.20830998267587,0.873020774956689,40.68855275426205,37.27662133201716,0.0
46169,46159,2,10.0,0.19999999999999973,1.44535191044578,103.77526673254576,1.4456557748871,103.77343912801257,223.2656250424195,1.0,29.62100286132158,29.501351811890267,0.0
83199,83189,2,10.0,0.10000000000000003,1.31733638898862,103.91628277801507,1.31683972198045,103.91749277802164,170.28597877199292,1.0,45.00000000000001,45.00000000000001,0.0
54439,54419,1,10.0,0.3000000000000007,1.37328474238491,103.85715387505564,1.37206167776818,103.8548909469337,307.03843297409276,1.0,27.834519361177655,27.82311401746525,0.0
56241,54161,1,10.0,0.19999999999999973,1.37199166697877,103.83320833301671,1.37107664581619,103.83482933088284,110.11654582276373,0.5505827291138193,45.0,45.0,0.0
55111,55121,4,9.8,0.40000000000000013,1.37695556267127,103.83777368753996,1.37943138901774,103.83519777802985,233.49615752670135,0.5837403938167532,45.0,45.0,0.0
67519,67509,2,8.571428571428571,0.30000000000000027,1.38565333297959,103.9062883329725,1.38409640027402,103.9043380418217,348.18049569369964,1.0,65.0,60.02478914121422,0.0
12211,12151,1,8.571428571428571,0.1999999999999993,1.31721336095462,103.78070712088581,1.31865064467378,103.78127574919664,155.55736899008667,0.7777868449504362,25.0,25.0,0.0
50261,50301,2,10.931174089068826,0.1999999999999995,1.31608827183208,103.85322332407407,1.31587261047802,103.85178565977449,184.03575489754417,0.920178774487723,25.0,25.0,0.0
34051,34009,2,7.5,0.1999999999999993,1.4427555864767,103.70775406469974,1.44482656088302,103.70756734461297,192.64199484059094,0.9632099742029582,38.21632301963332,37.86529207853331,0.0
22271,22289,1,7.5,0.3000000000000007,1.32924582821916,103.7001114570651,1.32926333300758,103.70284000001512,295.2537898795084,0.9841792995983591,32.898620801113196,32.255921444445235,0.0
22229,23189,1,7.5,0.5999999999999996,1.32764334311,103.69887468380779,1.32764459746447,103.69397532297509,660.4090686428225,1.0,41.68810971639729,40.91899417384825,0.0
22219,22229,1,7.5,0.40000000000000036,1.32764556072381,103.70260743188996,1.32764334311,103.69887468380779,419.2302952880333,1.0,55.0,55.0,0.0
21111,21121,1,7.5,0.5,1.3144185,103.712437,1.31469130993085,103.71601687480324,416.18078072224273,0.8323615614444855,46.90474116184297,39.087496175937034,0.0
17319,17369,1,7.5,0.40000000000000036,1.30183915639239,103.76229972130764,1.29840583296856,103.76386861099263,532.7484757640593,1.0,36.962869529595366,35.36984243893511,0.0
06081,10221,1,7.5,0.40000000000000036,1.28837086415387,103.83349881780524,1.29032906602668,103.83111793441608,214.7689103944216,0.5369222759860536,19.383529136247574,15.722559758273455,0.0
34041,34051,2,7.5,0.3000000000000007,1.43886508618445,103.70790669860943,1.4427555864767,103.70775406469974,440.1023292789339,1.0,55.657833853380794,54.533933907505585,0.0
92051,92271,1,8.0,0.29999999999999716,1.304585,103.907913,1.30610999016148,103.90952850508972,152.42614027466934,0.5080871342489026,20.803145546872372,20.803145546872372,0.0
34031,34041,2,7.5,0.1999999999999993,1.4376660533385,103.70795650853267,1.43886508618445,103.70790669860943,164.25301841569802,0.8212650920784931,60.85577652803195,55.00000000000001,0.0
34021,34031,2,7.5,0.3000000000000007,1.43518649812518,103.70804760933633,1.4376660533385,103.70795650853267,325.44333986195545,1.0,60.16819627528173,52.54204906882043,0.0
33051,34011,2,7.5,0.3999999999999986,1.43024937289974,103.70683437257524,1.43318199595331,103.7078231906078,224.8156088853484,0.562039022213373,57.526872291909925,55.00000000000001,0.0
33041,33051,2,7.5,0.3000000000000007,1.42761911626678,103.70594344849181,1.43024937289974,103.70683437257524,360.12818330619064,1.0,57.6108031823664,54.99999999999999,0.0
98219,98229,1,8.0,0.2999999999999998,1.38022304984,103.97340977330899,1.37796803000431,103.97468689087003,235.3570133560204,0.7845233778534018,39.35485425278078,38.5776076022853,0.0
98209,98219,1,8.0,0.20000000000000018,1.38155828919575,103.97266651518974,1.38022304984,103.97340977330899,196.9575807452315,0.9847879037261567,43.54044664434332,37.739578768651306,0.0
23161,23171,1,7.5,0.3000000000000007,1.3278839556405,103.68869472049072,1.32789603640425,103.69118969248986,397.19474889793173,1.0,50.34323199537575,48.56962495797973,0.0
23181,22221,1,7.5,0.3999999999999986,1.32790305599387,103.69448861100467,1.32790916071437,103.69785686002558,407.3484483103639,1.0,42.43305699876032,41.835390873097325,0.0
23189,23179,1,7.5,0.3000000000000007,1.32764459746447,103.69397532297509,1.32767284372911,103.69102029335356,309.94429257529066,1.0,49.77913896302894,44.764748080479244,0.0
24149,24139,1,7.5,0.2999999999999998,1.32754011144327,103.67466321781171,1.32733592150747,103.67193012673827,302.01781427591106,1.0,54.03218559896127,46.527394658512335,0.0
24489,24499,1,7.5,0.40000000000000036,1.32574395668742,103.67111058135133,1.32598700998791,103.67439565139507,363.823717300472,0.9095592932511792,32.38253884106938,32.20470621504885,0.0
31141,31151,1,7.5,0.3000000000000007,1.37409630689339,103.69342185827556,1.37363227377286,103.69596747862987,311.5864982438415,1.0,34.49673616588639,34.49673616588639,0.0
33059,33049,1,7.5,0.29999999999999716,1.42935991121752,103.70662973279376,1.42621743469097,103.70543799603165,352.4293768151831,1.0,54.924547607253885,53.296569091144825,0.0
46651,46961,1,7.5,0.2999999999999998,1.43298096854241,103.79455264522785,1.43048944407628,103.79285722250489,304.61704808686716,1.0,35.87499304034972,35.41921156460955,0.0
65469,65679,1,7.5,0.19999999999999996,1.40982305558831,103.90097793657458,1.410983,103.898983,153.62197710312972,0.7681098855156488,28.017894754800807,24.556867830662064,0.0
78039,78169,1,7.5,0.09999999999999964,1.367181,103.959,1.36906973013181,103.96024801184656,210.2612779324725,1.0,15.000000000000002,15.000000000000002,0.0
57081,57111,2,7.454545454545454,0.40000000000000036,1.42753611101756,103.82655472202663,1.43123622644607,103.82654938929034,484.2989952594824,1.0,42.35976736299065,37.97223458871207,0.0
26259,26269,3,7.0588235294117645,0.5,1.31751639387096,103.63011079068617,1.3143583329901,103.62895500001656,308.8310900573747,0.6176621801147494,55.0,55.0,0.0
25219,25229,2,7.0588235294117645,0.7999999999999998,1.32877104016653,103.65692226679495,1.33371272924751,103.65176249706444,893.7755224980326,1.0,60.654538042683185,55.122277760323165,0.0
25229,25239,2,7.0588235294117645,0.6000000000000005,1.33371272924751,103.65176249706444,1.33740500002037,103.64795499996725,526.1982066621251,0.876997011103541,62.84176332475526,59.34018731236543,0.0
25411,25421,2,7.0588235294117645,0.2999999999999998,1.34387062081224,103.63830559259954,1.3412625,103.6374186,303.4658864332199,1.0,45.21313164127993,42.02891265150636,0.0
25429,25419,2,7.0588235294117645,0.5,1.34055807307548,103.63696536000046,1.3443890810874,103.63837611639327,545.99275077517,1.0,46.566254504009706,38.555563188142585,0.0
26261,26251,2,7.0588235294117645,0.3999999999999986,1.314416,103.6286355,1.317384,103.6297295,308.39023499426753,0.7709755874856715,59.98404153859743,59.98404153859743,0.0
98149,98139,1,8.0,0.2999999999999998,1.37583493620324,103.974255326806,1.37394091672222,103.97236010514752,402.3998629927871,1.0,32.869422324026615,31.629661286735484,0.0
78259,78091,1,8.0,0.5,1.37802115263457,103.95936584739643,1.37681617858505,103.95624713617742,291.0663510368779,0.5821327020737558,29.640593209579844,28.398702798838325,0.0
16101,16111,1,8.571428571428571,0.40000000000000036,1.28923831874246,103.77969239279669,1.28700981956328,103.7828311158184,489.63618742443526,1.0,35.74660670670093,33.47187517022827,0.0
28079,28069,1,8.571428571428571,0.5,1.33839906637569,103.7386009027093,1.33644240098532,103.74255737341373,534.8418564822691,1.0,46.496122910417476,42.4210644213166,0.0
22199,22609,2,8.144796380090497,0.10000000000000142,1.33102248150132,103.69847431049809,1.33048210252836,103.69830144019609,68.55672120350351,0.6855672120350254,35.0,29.07257424342024,0.0
10461,10471,2,8.285714285714285,0.2999999999999996,1.29680597432594,103.81169140516062,1.29679993078344,103.81468220659576,374.96172911407456,1.0,35.81327193204211,35.81327193204211,0.0
97189,97179,1,8.571428571428571,0.1999999999999993,1.34674882374419,103.97146767080093,1.34529387211141,103.9698135852748,277.8333495372417,1.0,37.31852548517759,31.680095083941353,0.0
97171,97181,1,8.571428571428571,0.40000000000000036,1.34566460198537,103.96993803786681,1.34784936649026,103.97214908694973,400.6886420643382,1.0,39.38018190128348,30.442737155254704,0.0
67501,67511,1,8.571428571428571,0.40000000000000213,1.38354973187936,103.903650012666,1.38603041619808,103.90624523161839,357.34791266350027,0.8933697816587458,60.01629709598887,60.01629709598887,0.0
47599,47549,1,8.571428571428571,0.1999999999999993,1.4399264222862,103.80263149734922,1.4379048516895,103.80352352573782,248.93733186340836,1.0,30.109978628893813,25.847937151459636,0.0
27209,27199,1,8.571428571428571,0.2999999999999998,1.35150701703353,103.68569234331088,1.35434216792763,103.68685754938303,397.6657515045227,1.0,30.987997625424118,29.17120168063673,0.0
78099,78251,1,8.0,0.30000000000000004,1.37740660071471,103.95708795238238,1.37824090541171,103.9595522242097,321.85727335813095,1.0,30.731496831598804,29.894590255111055,0.0
27071,27021,1,8.571428571428571,0.2999999999999998,1.35507533539502,103.68452767084537,1.35324138896679,103.68192916699402,403.6725844577889,1.0,32.89446622065769,29.872095554097584,0.0
27031,27041,1,8.571428571428571,0.1999999999999993,1.35186815681876,103.68051749839925,1.35071936245692,103.67864247139183,161.6495220730448,0.8082476103652269,35.0,31.26269041122472,0.0
27021,27031,1,8.571428571428571,0.20000000000000018,1.35324138896679,103.68192916699402,1.35186815681876,103.68051749839925,221.9410823034134,1.0,38.33079306672272,31.179987549453966,0.0
27011,27071,1,8.571428571428571,0.3000000000000007,1.35586334559449,103.68610938870162,1.35507533539502,103.68452767084537,210.11372800654556,0.7003790933551503,34.670080264685225,32.70337385004011,0.0
16119,16109,1,8.571428571428571,0.3999999999999986,1.28697650703193,103.78260551222012,1.28911169277414,103.77950843257454,333.32824577054333,0.8333206144263613,32.043173597071565,32.043173597071565,0.0
16111,16121,1,8.571428571428571,0.09999999999999964,1.28700981956328,103.7828311158184,1.28651130049582,103.78345136824991,56.835278790662855,0.5683527879066306,32.19810801529454,29.038376257826627,0.0
22159,22149,1,8.0,0.3999999999999999,1.32095243330175,103.69663318172152,1.3173196040118,103.69631182452453,443.4685931500035,1.0,45.46190018017531,45.34586026805722,0.0
22351,22361,1,8.0,0.40000000000000013,1.34277421893699,103.69803382884736,1.34077805602959,103.69587277801652,339.72859263398766,0.8493214815849689,43.125848801602146,42.65672390409006,0.0
22569,22559,1,8.0,0.40000000000000013,1.33464939590143,103.70458203446965,1.33465462202129,103.70101403397047,481.7333799722484,1.0,65.0,61.90749674003824,0.0
23369,23359,1,8.0,0.5,1.31907826658404,103.67911023430729,1.31500500807478,103.6788828370567,450.57265266176023,0.9011453053235204,56.95882644409648,54.84816403472194,0.0
23399,23389,1,8.0,0.3000000000000007,1.30533638898993,103.69237083299343,1.30755644701044,103.69377301234816,229.89273635341715,0.7663091211780554,45.55460896859321,45.00000000000001,0.0
23409,23399,1,8.0,0.39999999999999947,1.30352138897737,103.68933638897875,1.30533638898993,103.69237083299343,207.17340921914496,0.5179335230478631,42.09999557347007,41.61113051698819,0.0
23419,23409,1,8.0,0.2999999999999998,1.30380777799126,103.6861461109867,1.30352138897737,103.68933638897875,314.47891921874896,1.0,43.02070872983876,38.41949341411091,0.0
24359,24349,1,8.0,0.3000000000000007,1.29822556407932,103.66853349337183,1.29557792043984,103.67091644467769,425.9808718709202,1.0,43.243914243959324,39.34691751176617,0.0
28061,28071,1,8.0,0.5,1.33596390763107,103.74254813709638,1.33765035288669,103.73904242961275,488.4994844174628,0.9769989688349255,37.0267859181859,36.894292804247605,0.0
43681,43481,1,8.0,0.2999999999999998,1.36178500002853,103.74358000000312,1.36015,103.74612,329.2634663312573,1.0,44.252453099451486,40.49673190285694,0.0
45449,49079,1,8.0,0.3000000000000007,1.43188298917832,103.74760838738165,1.42936840267626,103.74721764191128,277.95744349212964,0.92652481164043,51.3909352859651,50.00000000000001,0.0
58061,58209,1,8.0,0.3000000000000007,1.45296423052616,103.83110625286093,1.45524083298775,103.83062638903208,199.84692238588826,0.6661564079529594,55.0,55.0,0.0
66161,66171,1,8.0,0.20000000000000018,1.36123776322522,103.86464333342467,1.35976302696107,103.86361193890139,164.7261347430341,0.8236306737151697,35.0,35.0,0.0
66181,66191,1,8.0,0.2999999999999998,1.35878665442309,103.86185764149462,1.36065611099902,103.85983944399274,296.49289099890416,0.9883096366630144,23.500411760451733,22.616601932303762,0.0
66211,66291,1,8.0,0.1999999999999993,1.36412138937997,103.86103467229529,1.3659363788285,103.86192411659012,164.28871878556544,0.8214435939278301,32.770361466411885,30.540722932823765,0.0
66251,66261,1,8.0,0.20000000000000018,1.36724305880207,103.86653816215,1.36555110748973,103.86640982940798,174.58606254277686,0.8729303127138835,35.556749946835026,29.72891840815344,0.0
66261,66271,1,8.0,0.20000000000000018,1.36555110748973,103.86640982940798,1.36398333300081,103.86578916701893,193.87459081195848,0.9693729540597916,16.89163963731578,16.6788884343935,0.0
64011,64041,2,10.909090909090908,0.40000000000000036,1.36756333302324,103.8927594439902,1.37016500002901,103.89535999996711,508.7190119675137,1.0,43.327225253566255,39.69431400111618,0.0
41141,41151,2,10.931174089068826,0.3000000000000007,1.33489306619804,103.81796101152241,1.33799972901638,103.81931795640678,338.73583688501174,1.0,47.80197599976057,44.54230351475888,0.0
64611,64469,3,17.83277591973244,0.20000000000000018,1.37837333826782,103.88445923003084,1.3795683329839,103.88576472203239,156.336598537954,0.7816829926897693,54.99999999999999,54.99999999999999,0.0
55119,54209,2,15.058823529411764,0.2999999999999998,1.37728530731209,103.8378470631113,1.37638119735545,103.83952322759048,197.8413948691891,0.6594713162306307,50.0,45.00000000000001,0.0
45319,45259,1,15.0,0.2999999999999998,1.39292754317447,103.74210769996479,1.39170172991756,103.74054217961515,184.04379857970628,0.6134793285990213,55.0,55.0,0.0
45241,45251,1,15.0,0.30000000000000004,1.38849236327693,103.74049628403257,1.39132771354143,103.74006551818796,371.3071092862412,1.0,62.54227301497085,60.084546029941706,0.0
59549,59559,2,15.0,0.3000000000000007,1.42313912325939,103.83052605711299,1.42511776424343,103.82821308909149,289.694559095563,0.9656485303185413,46.298474176344904,46.298474176344904,0.0
65491,65441,3,15.0,0.3999999999999999,1.40456320178872,103.89496045471951,1.40817769231202,103.89579264867245,343.14300920925433,0.8578575230231361,39.22147875670682,39.22147875670682,0.0
02149,02159,3,15.0,0.29999999999999716,1.2956235,103.8595065,1.29360811227161,103.85840672828635,193.7057163102196,0.6456857210340714,29.27626824660793,25.0,0.0
09037,08137,5,15.0,0.5,1.3023400420296,103.83701253388183,1.30073968408393,103.84100500816844,513.8891887557911,1.0,38.952038065289514,37.07401096760093,0.0
23379,23519,2,15.058823529411764,0.20000000000000018,1.3265431228454,103.67939439835483,1.32479352408668,103.6793660000188,250.27121818619133,1.0,52.42529343299249,51.67796610458361,0.0
14339,14399,2,15.5,0.3000000000000004,1.276660654539,103.81124504785828,1.27763662023223,103.80858552939208,277.4243606047098,0.9247478686823648,42.26235157363246,41.09914214484158,0.0
26209,25469,3,15.058823529411764,0.3000000000000007,1.32692000001177,103.63175333302223,1.32929472200012,103.63264583299014,314.8822542088326,1.0,55.0,50.94150175445336,0.0
25469,25459,3,15.058823529411764,0.40000000000000036,1.32929472200012,103.63264583299014,1.33279999997118,103.63412166700834,438.19476057689747,1.0,50.93309094825496,48.351623261389946,0.0
46041,46051,2,15.428571428571429,0.400000000000001,1.43664137008987,103.76405579624996,1.43897086088179,103.76640888181257,426.1588616226525,1.0,61.93701603426362,58.87403206852725,0.0
46031,46041,2,15.428571428571429,0.39999999999999925,1.4335562926407,103.7619231548512,1.43664137008987,103.76405579624996,290.36569310470713,0.7259142327617691,56.93763329402129,52.162522218650984,0.0
46021,46031,2,15.428571428571429,0.5,1.42919861102901,103.76175138901188,1.4335562926407,103.7619231548512,332.2194438834538,0.6644388877669075,53.46850649464552,47.35477280896331,0.0
44479,44119,2,15.454545454545453,0.09999999999999976,1.3804793043347,103.74828169894731,1.38048445565999,103.74930565785152,177.7446053104319,1.0,15.0,15.0,0.0
65629,65639,4,14.945054945054945,0.3000000000000007,1.41645968650579,103.90252132088521,1.41755237944481,103.90530849057907,269.1211178384933,0.8970703927949757,50.538638984674414,50.538638984674414,0.0
83181,83191,3,14.909090909090908,0.1999999999999993,1.31662343088137,103.91755342481619,1.31729916899357,103.91597628595028,237.37344261447606,1.0,46.55579117070333,44.99999999999999,0.0
83191,83201,3,14.909090909090908,0.1999999999999993,1.31729916899357,103.91597628595028,1.31860774070821,103.91440987586641,243.02061732237215,1.0,42.002161167475215,41.906351166984514,0.0
44081,44091,3,14.887218045112782,0.40000000000000036,1.3767974760485,103.74072974268672,1.37647222708666,103.74421611501322,264.97361623562233,0.6624340405890553,30.849595969143053,30.849595969143053,0.0
20179,20169,3,14.8,0.39999999999999947,1.32000211967899,103.73910069465363,1.319148,103.742719,433.19786075958814,1.0,36.82805375758683,35.67708554457144,0.0
44541,45291,2,14.8,0.3999999999999999,1.38764444400097,103.74593527798108,1.3909225,103.745081,325.5451023224947,0.813862755806237,38.161071837496436,34.06580634533765,0.0
46621,46359,3,14.5078031212485,0.3000000000000007,1.42955535916481,103.78064562823636,1.430947,103.783354,200.7597842441922,0.6691992808139724,31.52878942395902,28.535667450550978,0.0
43379,43369,2,14.31578947368421,0.2000000000000005,1.34716553724092,103.74518662694207,1.34687447962614,103.7435830555251,125.84568999147847,0.6292284499573907,35.0,35.0,0.0
96259,96169,4,14.025974025974024,0.2999999999999998,1.34043019344412,103.95124680626643,1.34226222202581,103.95346611100372,230.5410469272287,0.7684701564240961,37.788080964954915,37.365372884496715,0.0
65569,65799,3,14.0,0.20000000000000018,1.400196,103.920347,1.398633889,103.9191989,182.44188473310055,0.912209423665502,44.51031689356162,44.02063378712325,0.0
84281,84061,3,13.885714285714286,0.30000000000000027,1.32657714220068,103.9403951168328,1.32584790501258,103.94223128727671,189.83547349133264,0.6327849116377748,45.0,45.0,0.0
77029,77381,2,13.846153846153845,0.30000000000000004,1.373014,103.945543,1.370821,103.94712,164.93107787192588,0.5497702595730861,65.0,65.0,0.0
04339,04219,3,13.832775919732441,0.29999999999999893,1.29221099996741,103.84500500002959,1.29096802754795,103.84686777836987,192.93146381141312,0.6431048793713794,55.00000000000001,55.00000000000001,0.0
26211,26221,3,13.725490196078432,0.20000000000000107,1.2909661076742,103.6368386816709,1.29324977797865,103.63700231055886,315.73489075908685,1.0,57.126223542569505,54.99999999999999,0.0
26419,26429,3,13.725490196078432,0.3000000000000007,1.2889495,103.6328735,1.2887415,103.635736,407.7117643734971,1.0,57.99064354148488,44.754831625956214,0.0
75021,75251,2,13.714285714285715,0.2999999999999998,1.35168445182114,103.92851745350569,1.3494983330038,103.92783361101397,172.88642524766178,0.5762880841588729,45.0,35.0,0.0
75041,75021,2,13.714285714285715,0.20000000000000018,1.352932,103.929146,1.35168445182114,103.92851745350569,192.86044430180073,0.9643022215090028,36.68934881751932,36.62130236496135,0.0
66551,66561,3,15.482468849608809,0.20000000000000018,1.38172111,103.8814381,1.3834275,103.882464,242.68483669747235,1.0,37.711095237710225,35.96920307499085,0.0
74011,74021,2,15.54655870445344,0.5,1.37329165833159,103.92045032835671,1.37042803443167,103.92278161130189,475.1955782542114,0.9503911565084228,65.0,65.0,0.0
70191,70201,2,13.553315649867374,0.3000000000000007,1.327333,103.887875,1.32461138902969,103.88885416699938,296.7601309672454,0.9892004365574825,30.360135015915414,30.360135015915414,0.0
22059,22049,2,17.454545454545453,0.39999999999999947,1.3136061110111,103.70126249997799,1.3144663889863,103.69788888900642,476.7711209321922,1.0,53.300960117576494,51.229818223637295,0.0
49179,49159,3,17.09090909090909,0.2999999999999998,1.43467967585537,103.75053324827904,1.43707187354398,103.74581261172025,715.6767146730784,1.0,45.388942135076675,44.98038273423987,0.0
02111,80151,3,17.11578947368421,0.7000000000000002,1.29095592348389,103.85453419435228,1.296265,103.857666,695.4793253225747,0.9935418933179635,38.69592457293544,38.387639172529646,0.0
21419,21729,3,17.122153209109733,0.1999999999999993,1.34388060681347,103.71057645840757,1.34238,103.711321,229.5688824017238,1.0,40.258678374314066,40.03593661557727,0.0
28361,28371,2,17.23076923076923,0.39999999999999947,1.34418881822068,103.72748780602458,1.34487972199034,103.72409194399874,393.8780815766994,0.9846952039417498,55.00000000000001,55.00000000000001,0.0
22399,22409,2,17.454545454545453,0.39999999999999947,1.31345707127095,103.69601603244551,1.31014256556667,103.69741989860339,395.89051793162156,0.9897262948290552,40.86714282028115,37.73652338957866,0.0
22069,22059,2,17.454545454545453,0.3000000000000007,1.31365447950552,103.70379462205501,1.3136061110111,103.70126249997799,242.22660680426674,0.8074220226808873,47.890515186228356,47.890515186228356,0.0
21309,21299,2,17.454545454545453,0.3999999999999999,1.31919,103.710547,1.316014,103.709922,419.823059125421,1.0,49.14949826106692,45.537262616144105,0.0
59829,59809,3,15.897435897435898,0.3000000000000007,1.432833,103.846904,1.431761,103.847993,178.2163073080862,0.5940543576936193,34.99999999999999,34.664919819702526,0.0
84559,84569,3,17.4974358974359,0.30000000000000004,1.32833305090006,103.92287121813423,1.3279697494091,103.92011115886494,264.6871022674278,0.8822903408914259,40.84264395031887,37.724041250822815,0.0
78169,78159,2,17.5,0.3999999999999999,1.36906973013181,103.96024801184656,1.37246473904375,103.96053778303401,266.95167852411873,0.6673791963102971,34.95194664001147,32.301405230632426,0.0
47021,47031,3,17.746697746697745,0.7000000000000002,1.4511345744486,103.78327492635378,1.45176361051626,103.78814404102567,443.17834410192665,0.6331119201456094,62.18466180032465,59.32610956886043,0.0
46121,46131,3,17.746697746697745,0.2999999999999998,1.44387999997343,103.7764388889843,1.44627465890953,103.77703712251773,282.0774266889677,0.9402580889632263,37.067894275732655,36.929282650548664,0.0
01019,04159,4,17.770334928229666,0.3000000000000007,1.29698951191332,103.85302201172507,1.29489484954945,103.85108138663934,263.0427157225588,0.8768090524085274,28.999617499811574,28.57303688812074,0.0
54451,54461,5,17.8,0.40000000000000036,1.37723501808517,103.84059645206445,1.37747997146347,103.84339938777067,298.40698150269645,0.7460174537567404,49.13561947202801,46.59493859890301,0.0
67541,67381,4,17.0,0.2000000000000004,1.3947805,103.886529,1.39459040201234,103.88844266691056,171.62423894246226,0.8581211947123095,43.107250769199126,43.107250769199126,0.0
99009,99131,4,16.97193675889328,0.2,1.38969812175274,103.98762553601895,1.38894186746545,103.98734296938127,107.52857889826859,0.537642894491343,25.0,25.0,0.0
05189,05259,3,16.830075187969925,0.3999999999999986,1.2820913960391,103.84528061446953,1.279736,103.8427,330.29394798011936,0.8257348699503013,35.17795814700205,34.847102302302176,0.0
05259,05239,3,16.830075187969925,0.20000000000000107,1.279736,103.8427,1.27854113014976,103.8415105424013,177.7686815400823,0.8888434077004067,45.0,37.719752642619554,0.0
76269,76259,2,16.623376623376622,0.3000000000000005,1.36187820405808,103.95739818627865,1.35967015846114,103.95842446373796,293.9604830375734,0.9798682767919097,35.0,32.06479500000564,0.0
67599,65439,4,16.570334928229663,0.5,1.3972004371065,103.89490664468322,1.40172529138051,103.89631809709375,540.8810064488363,1.0,40.02931375502922,39.0015548851521,0.0
53151,53161,3,16.45372050816697,0.29999999999999893,1.357995,103.841113,1.362208,103.842055,276.98396277394664,0.9232798759131589,38.59018266647986,38.59018266647986,0.0
44099,44599,4,16.363636363636363,0.3000000000000007,1.37631844004137,103.74462947882313,1.37551323792473,103.7421877620434,166.31544900881036,0.5543848300293666,25.0,25.0,0.0
01013,01113,3,16.196754563894523,0.40000000000000036,1.29770970610083,103.8532247463225,1.30117297541547,103.8561140106393,492.4889112263744,1.0,33.998339774194235,33.828702869366374,0.0
68089,68099,3,16.126482213438734,0.3000000000000007,1.40570196065228,103.86666745163518,1.40885009957996,103.87095311541565,432.5780403404727,1.0,49.713439618006895,49.1393428406711,0.0
68139,68169,3,16.126482213438734,0.7999999999999989,1.4144389729383,103.86207999648197,1.4107138403801,103.86188409763393,455.48758329089384,0.5693594791136181,62.97097350442002,60.958362717501586,0.0
61131,61111,3,16.11111111111111,0.39999999999999947,1.338895,103.8726965,1.3354995,103.872035,335.5459338882831,0.8388648347207088,29.700457561955247,28.861329339871652,0.0
14319,14489,2,16.07142857142857,0.2000000000000005,1.273483,103.820637,1.272377,103.82159,129.98113602324244,0.6499056801162105,33.26773577077073,32.46232638153593,0.0
31161,31171,2,16.07142857142857,0.19999999999999973,1.37253332216297,103.70208763060677,1.37240788349149,103.70418696765007,170.03789067390247,0.8501894533695135,65.0,65.0,0.0
46059,46049,5,16.025974025974026,0.2999999999999998,1.4387537800127,103.76656472079625,1.43709,103.76476,328.5885848820122,1.0,59.95987171890246,59.95987171890246,0.0
75479,75269,3,15.91578947368421,0.40000000000000036,1.361776111,103.9381889,1.35917286418935,103.93814214622792,280.7773269252343,0.7019433173130852,30.46024268937739,30.23029863471899,0.0
40429,40439,5,15.909090909090908,0.2999999999999998,1.3594,103.7293,1.3611,103.731,233.92581929590037,0.779752730986335,35.0,35.0,0.0
75559,75549,2,13.714285714285715,0.3000000000000007,1.36642,103.943193,1.368246,103.941407,263.32563114100026,0.8777521038033322,26.144522898556495,25.185688262447123,0.0
46661,46671,2,13.358070500927642,0.30000000000000004,1.43759221925392,103.79228928579461,1.43689166982219,103.7946223426922,242.0905638910932,0.8069685463036439,28.652327097202118,28.36777667874154,0.0
70319,70329,2,10.93167701863354,0.19999999999999962,1.32319846234081,103.87904763225207,1.32229748021835,103.87682676312598,283.01099936682334,1.0,38.064354100944115,35.88663919715381,0.0
22041,22051,1,12.0,0.40000000000000036,1.31463499997457,103.69873083298778,1.31386916701697,103.7020447220124,392.6551521729424,0.9816378804323551,55.0,55.0,0.0
45021,45491,1,12.0,0.20000000000000018,1.39385694401888,103.75383583300305,1.39414432388749,103.75296269916254,117.65615185301886,0.5882807592650938,35.71253864944322,35.71253864944322,0.0
40369,40359,1,12.0,0.2999999999999998,1.3576342194572,103.74139552039492,1.355593,103.7408,153.9939713053264,0.5133132376844216,25.0,25.0,0.0
40359,40309,1,12.0,0.2999999999999998,1.355593,103.7408,1.35367643079374,103.74299081028306,327.2065222170711,1.0,46.500177457795644,40.42440299811235,0.0
23469,23451,1,12.0,0.10000000000000142,1.3050852014562,103.69683459275382,1.30402666700212,103.6972844439932,166.3011556928771,1.0,33.21349634671856,30.49937643211962,0.0
23451,23461,1,12.0,0.1999999999999993,1.30402666700212,103.6972844439932,1.30546916761511,103.69643466903611,196.87376660653842,0.9843688330326956,34.87375873294343,31.591985436604887,0.0
22061,22071,1,12.0,0.29999999999999893,1.314258,103.704504,1.31433636827053,103.70695129035255,349.6705718015443,1.0,55.00000000000001,55.00000000000001,0.0
21659,21649,2,12.0,0.30000000000000027,1.33896010542304,103.72410808486939,1.33670886560508,103.72517977728532,253.2810425510457,0.8442701418368181,39.19358037819713,36.37330790069586,0.0
16211,16221,2,12.27621483375959,0.5,1.27941861098854,103.78357583299086,1.28297585453544,103.78118424868649,588.8050427362045,1.0,61.61160206166206,61.136138078414376,0.0
67389,67549,3,12.0,0.30000000000000004,1.39424377787036,103.88869095686496,1.39454660425441,103.88618230819876,230.523481219809,0.7684116040660299,35.17645675755327,32.83350925008659,0.0
65231,65181,5,12.0,0.3000000000000007,1.3942824799683,103.91576531457447,1.39681388886675,103.91754694442001,304.3082203372287,1.0,32.53544198489324,32.53544198489324,0.0
24029,24019,2,12.030075187969924,0.5999999999999996,1.3224709639188,103.67132658072524,1.32288721900936,103.67728206793541,612.7013617826138,1.0,57.98147265290817,56.40811577972346,0.0
61009,61079,3,12.058823529411764,0.19999999999999973,1.33521166697553,103.86663249997784,1.33598640879377,103.86525430193133,193.430731311371,0.9671536565568563,24.999999999999996,24.999999999999996,0.0
17351,17301,2,12.27621483375959,0.39999999999999947,1.29358000003179,103.76576444402885,1.29495361097608,103.76516694401265,277.3507073697191,0.6933767684242986,64.85363494272076,59.92681747136038,0.0
17291,17351,2,12.27621483375959,0.30000000000000027,1.29035140506061,103.7696982607242,1.29358000003179,103.76576444402885,355.3379643101695,1.0,62.89585906114814,60.26390604076542,0.0
66301,66311,1,12.0,0.40000000000000036,1.36937136450503,103.87207688842045,1.36766470740207,103.87429104816339,223.95061781278184,0.5598765445319541,21.40583394952533,21.40583394952533,0.0
48059,48049,3,11.909634551495017,1.0,1.41502109155627,103.79763214717948,1.41239185628293,103.78930383598242,1060.514789012712,1.0,71.14527585907268,70.27389919639403,0.0
18241,18251,3,11.814671814671815,0.20000000000000018,1.29092304543197,103.78707861052065,1.29068138903164,103.78845361097359,236.18223535324685,1.0,38.617787716360255,38.00891333673864,0.0
18251,18261,3,11.814671814671815,0.10000000000000009,1.29068138903164,103.78845361097359,1.29015996757499,103.78933806183707,88.39000509896289,0.8839000509896281,36.67170832044653,34.99999999999999,0.0
65721,65701,2,11.714285714285715,0.40000000000000024,1.414944,103.911686,1.411694,103.911075,231.95480561892964,0.5798870140473238,44.403354257141125,44.403354257141125,0.0
47609,46779,2,11.67420814479638,0.3000000000000007,1.44184941782685,103.80309468577371,1.44071357576488,103.80070754495145,265.37459383048906,0.8845819794349615,33.20192237549541,31.66637622406366,0.0
66579,66609,4,11.637931034482758,0.1999999999999995,1.38402973472559,103.88070409002009,1.385071,103.882087,133.18475516242447,0.6659237758121239,25.000000000000004,25.000000000000004,0.0
66569,66559,2,11.637931034482758,0.19999999999999996,1.383197,103.882529,1.381952,103.881758,238.93918516681205,1.0,55.0,55.0,0.0
59749,59739,3,11.570332480818415,0.3000000000000007,1.41499035691552,103.8443330000306,1.41416011900146,103.84214688104234,153.11788496148404,0.5103929498716123,43.980358052409706,41.66174026980468,0.0
22609,22191,3,11.529411764705882,0.1,1.33048210252836,103.69830144019609,1.33130584013018,103.69832754842358,68.55672173760966,0.6855672173760966,44.16935614945172,29.16935614945173,0.0
05421,05271,2,11.50326797385621,0.19999999999999973,1.27777470568529,103.84346347289251,1.27975329525167,103.84382212419122,264.39712209648485,1.0,34.99999999999999,26.43585409562957,0.0
17259,17049,2,11.466666666666667,0.9000000000000001,1.31092798217655,103.76746074010758,1.304845,103.764494,460.62159999901,0.5118017777766777,54.21499569305027,54.21499569305027,0.0
50349,60199,2,11.31578947368421,0.20000000000000018,1.31930481783402,103.85957694494822,1.3179530560114,103.8612788890282,227.7514724459865,1.0,21.1351302842085,20.07116910751851,0.0
31019,27129,2,11.298701298701298,0.5,1.36,103.69395,1.35733217246828,103.69516041986128,395.25149360734645,0.7905029872146929,66.08944573626512,66.08944573626512,0.0
31049,31039,2,11.298701298701298,0.2999999999999998,1.36939554385137,103.6942436921991,1.36563783980926,103.69330818055283,186.16570398389518,0.6205523466129843,57.804415319746,55.00000000000001,0.0
31059,31049,2,11.298701298701298,0.2999999999999998,1.37207574401713,103.69466807265977,1.36939554385137,103.6942436921991,313.6154379757743,1.0,67.91487432280627,62.12285930458818,0.0
98281,98311,3,11.168831168831169,0.20000000000000018,1.3595735,103.966599,1.359254,103.9685985,245.12160284728367,1.0,37.67524611294557,34.884489195216894,0.0
16241,17291,2,12.27621483375959,0.6000000000000005,1.28910305603308,103.77352611096799,1.29035140506061,103.7696982607242,543.7575560218622,0.9062625933697696,67.43710016175665,65.00000000000001,0.0
15211,16211,2,12.27621483375959,0.30000000000000027,1.27792442096507,103.78642808592167,1.27941861098854,103.78357583299086,1066.025094620402,1.0,60.92396070261643,56.69518713983524,0.0
46879,46869,2,13.358070500927642,0.3000000000000007,1.43706616822564,103.80215927133399,1.43507671767646,103.80054550817393,209.38900981839356,0.6979633660613103,27.473067381077072,25.57488743127498,0.0
73019,73049,3,13.286356821589205,0.40000000000000036,1.35196515809661,103.8994408560332,1.35075966304764,103.89911545547028,226.1436898913554,0.565359224728388,45.00000000000001,45.00000000000001,0.0
18101,18071,4,13.05174825174825,0.40000000000000036,1.2928415,103.7862945,1.295425,103.784491,254.57949054209524,0.6364487263552375,45.0,45.0,0.0
66409,66399,2,13.058823529411764,0.3999999999999993,1.34926598081238,103.86593883283692,1.351539,103.863131,202.26035860098884,0.505650896502473,32.94239683181457,32.94239683181457,0.0
04223,04151,3,13.058823529411764,0.6000000000000001,1.29084476137495,103.84857901022669,1.29533777799211,103.85113972198121,558.2213595742375,0.9303689326237289,41.74269407393824,40.967672003652275,0.0
57071,57081,3,13.168831168831169,0.3000000000000007,1.424958,103.8255225,1.42753611101756,103.82655472202663,246.40493943695841,0.8213497981231929,40.5924067952012,34.603263052032425,0.0
63239,63229,4,13.23076923076923,0.30000000000000004,1.35891911967242,103.8878789953328,1.35757166659958,103.88511923530164,347.52672103832765,1.0,31.263106313591273,29.50438752277706,0.0
61119,61139,3,13.285714285714285,0.40000000000000036,1.335623,103.871938,1.3389265,103.8724955,257.56242977166715,0.6439060744291674,26.41060148715878,24.197200717354917,0.0
71049,71189,3,13.286356821589205,0.09999999999999964,1.3461065,103.898851,1.344908,103.8991505,75.48260938637536,0.7548260938637563,46.87041101620012,45.0,0.0
15201,15211,2,12.27621483375959,0.4000000000000008,1.27680819120105,103.78970861437152,1.27792442096507,103.78642808592167,335.2866597603239,0.8382166494008081,54.99999999999999,54.99999999999999,0.0
58469,46969,1,13.333333333333334,0.2999999999999998,1.429821,103.790446,1.43059181782407,103.79269972105995,285.1372662566405,0.9504575541888022,30.1956748059444,29.483025430415008,0.0
58431,58441,1,13.333333333333334,0.19999999999999973,1.428437,103.788426,1.42731,103.788937,210.70969169019781,1.0,24.999999999999996,23.42371828201408,0.0
46881,46891,1,13.333333333333334,0.30000000000000027,1.44983018145906,103.80523207218322,1.44823908984273,103.80703539255815,292.7726138153913,0.9759087127179701,44.60141844211746,40.167536899892255,0.0
46791,46801,1,13.333333333333334,0.20000000000000018,1.44569499940057,103.79963351229267,1.44651205748064,103.79756626316295,243.83784059227037,1.0,31.158287377029,31.158287377029,0.0
46689,46651,1,13.333333333333334,0.3999999999999999,1.43587054546915,103.79601265965388,1.43298096854241,103.79455264522785,294.65389885903943,0.7366347471475988,36.42137492840615,35.637549842587774,0.0
46659,46681,1,13.333333333333334,0.40000000000000036,1.43269272771322,103.79414300304941,1.4357329097814,103.79577696652271,321.0321442012764,0.8025803605031904,40.79488110645828,40.573956099153776,0.0
04211,04331,4,12.901098901098901,0.2999999999999998,1.29043611099357,103.84712444398055,1.29183939431601,103.84504089382705,276.395648113174,0.9213188270439139,50.547705868530116,41.18152772538699,0.0
05269,05429,2,12.8,0.39999999999999947,1.280894,103.844567,1.27769413050075,103.84370654372525,293.0592732325783,0.7326481830814466,31.436411903325762,26.02179834825182,0.0
25441,25451,4,12.77310924369748,0.30000000000000004,1.334976,103.6351005,1.332333,103.6340135,291.41275922467133,0.9713758640822376,41.95595901371816,41.22919490687411,0.0
25451,25461,4,12.77310924369748,0.3999999999999999,1.332333,103.6340135,1.32944826490136,103.63291879027565,305.2622482091169,0.7631556205227924,55.04377822346264,50.4106923484341,0.0
25461,26201,4,12.77310924369748,0.29999999999999993,1.32944826490136,103.63291879027565,1.32695291537121,103.63192950215767,355.6568974771732,1.0,66.7913659949395,54.99999999999999,0.0
28311,28621,2,12.77310924369748,0.5,1.33825277511898,103.74108351905207,1.342172,103.744076,603.068315281634,1.0,27.743330015596566,27.187765550759735,0.0
97079,97069,3,12.668831168831169,0.3999999999999999,1.36810642046998,103.97758382793815,1.3651566598248,103.9752874368773,207.33004070036822,0.5183251017509207,42.70898464924613,42.70898464924613,0.0
97089,97079,3,12.668831168831169,0.3999999999999999,1.3708213292446,103.98008108137569,1.36810642046998,103.97758382793815,315.264645559253,0.7881616138981327,44.556770607164125,44.556770607164125,0.0
77319,77309,2,12.666666666666668,0.3000000000000007,1.37554666701554,103.93754166696733,1.37437639672106,103.93874482147835,162.25079986167628,0.5408359995389197,45.0,45.0,0.0
41111,41029,3,12.537462537462536,0.6999999999999997,1.32081170217365,103.81185140010722,1.32333331915013,103.81630566925632,536.3528644399659,0.76621837777138,53.57842719856698,53.12791983573994,0.0
46981,46991,2,12.5,0.2999999999999998,1.42742,103.793617,1.42764093083406,103.79587149975599,243.86269991324673,0.8128756663774895,35.66132471094626,32.939550450238755,0.0
75481,75491,4,12.31578947368421,0.3000000000000004,1.363804,103.93794,1.365746,103.936676,175.87071894344464,0.5862357298114814,31.697425237760925,31.589295092451728,0.0
17309,17359,2,12.3,0.19999999999999973,1.29537083302023,103.7652455560114,1.29333722200355,103.76621750002619,395.8690347105188,1.0,65.00000000000001,62.797881580833376,0.0
17359,17299,2,12.3,0.40000000000000013,1.29333722200355,103.76621750002619,1.29060555603074,103.77005055601747,231.59986002668415,0.5789996500667102,57.25752335364211,55.00000000000001,0.0
17369,17309,2,12.3,0.40000000000000013,1.29840583296856,103.76386861099263,1.29537083302023,103.7652455560114,282.7534161236596,0.7068835403091488,61.41451817171751,55.0,0.0
14331,14341,2,12.285714285714285,0.30000000000000027,1.27694611110347,103.8110680555484,1.2759338888633,103.81347388887318,190.73516754446106,0.6357838918148696,38.981867035176215,36.990933517588104,0.0
14391,14331,2,12.285714285714285,0.2999999999999996,1.27790999999895,103.80858611110148,1.27694611110347,103.8110680555484,278.5768491234159,0.9285894970780543,44.74269102971347,41.76287272498812,0.0
93189,92199,1,0.0,0.2999999999999998,1.30365171489985,103.91955288064976,1.302895,103.91685,384.38441376523934,1.0,48.199540933987535,39.43573648049431,0.0
