stop,weekday_tap_in_per_day,am_peak_share,pm_peak_share,peak_hour,boarding_pattern,Description,RoadName,Latitude,Longitude
01012,1110.8,0.045912855599567884,0.3112621534029528,18,PM-peak boarding,Hotel Grand Pacific,Victoria St,1.29684825487647,103.85253591654006
01013,929.1999999999999,0.02109341368919501,0.340884631941455,18,PM-peak boarding,St. Joseph's Ch,Victoria St,1.29770970610083,103.8532247463225
01019,534.5500000000001,0.06659807314563651,0.258815826396034,18,PM-peak boarding,Bras Basah Cplx,Victoria St,1.29698951191332,103.85302201172507
01029,1457.9,0.042664105905754854,0.29943754715686943,18,PM-peak boarding,Opp Natl Lib,Nth Bridge Rd,1.2966729849642,103.85441422464267
01039,1816.75,0.0422457685427274,0.25966698775285535,18,PM-peak boarding,Bugis Cube,Nth Bridge Rd,1.29820784139683,103.85549139837407
01059,393.75,0.09726984126984126,0.2226031746031746,18,PM-peak boarding,Bugis Stn Exit B,Victoria St,1.30075679526626,103.85611040457583
01109,69.6,0.029454022988505746,0.2313218390804598,5,PM-peak boarding,Queen St Ter,Queen St,1.30358577565355,103.85650372998224
01112,5545.85,0.04415914602811111,0.2676776328245445,18,PM-peak boarding,Opp Bugis Stn Exit C,Victoria St,1.30009212839081,103.85520027125814
01113,3462.1,0.0626209526010225,0.2911816527541088,18,PM-peak boarding,Bugis Stn Exit A,Victoria St,1.30117297541547,103.8561140106393
01119,1407.9499999999998,0.06605348201285557,0.22230903086047094,13,PM-peak boarding,Aft Bugis Stn Exit C,Victoria St,1.2996041093804,103.85512934079571
01121,1544.9,0.07754547219884782,0.19946274839795453,16,PM-peak boarding,Aft Victoria Ln,Victoria St,1.30393809691048,103.85867999243207
01129,353.05000000000007,0.04489449086531652,0.2386347542840957,15,PM-peak boarding,Bef Jln Pisang,Victoria St,1.30350269187301,103.85864530718491
01139,1162.25,0.04302000430200043,0.31998279199827917,18,PM-peak boarding,Bugis Stn/Parkview Sq,Nth Bridge Rd,1.30033057855542,103.85716080665901
01211,1893.9000000000003,0.09543798511009027,0.25170283541897664,18,PM-peak boarding,Opp Blk 461,Victoria St,1.30551803523268,103.8605449516032
01219,853.5,0.14112478031634446,0.23667252489748097,18,PM-peak boarding,Blk 461,Victoria St,1.30526598535719,103.86072019914616
01229,1249.6499999999999,0.06801904533269316,0.22414275997279243,18,PM-peak boarding,Bef Sultan Mque,Nth Bridge Rd,1.30337552638813,103.85963089198265
01231,258.4,0.031927244582043345,0.3142414860681115,17,PM-peak boarding,Opp Textile Ctr,Jln Sultan,1.3032499999752,103.8610830559663
01239,509.09999999999997,0.09615006874877235,0.23148693773325477,13,PM-peak boarding,Sultan Plaza,Jln Sultan,1.30291236608351,103.86161817611134
01311,4137.75,0.12818560812035526,0.26359736571808345,18,PM-peak boarding,Lavender Stn Exit B,Kallang Rd,1.3070916463394,103.86219695240973
01319,1097.8,0.1711149571871015,0.18732920386226998,8,balanced,Lavender Stn Exit A/ICA,Kallang Rd,1.30757426746418,103.86325596123476
01329,1862.9999999999998,0.14720880300590447,0.14903381642512079,9,balanced,Blk 8,Nth Bridge Rd,1.30495670239172,103.86363028484124
01339,316.50000000000006,0.15134281200631908,0.24391785150078985,18,PM-peak boarding,Bef Crawford Bridge,Crawford St,1.30774601733202,103.8642627465441
01341,161.95,0.11207162704538438,0.234949058351343,17,PM-peak boarding,Southbank,Crawford St,1.30647555600578,103.86452527798744
01349,31.949999999999996,0.22222222222222224,0.12206572769953054,8,AM-peak boarding,Opp Blk 4,Crawford St,1.30568635716829,103.86543994417883
01411,457.25000000000006,0.04811372334609076,0.2965554948059048,18,PM-peak boarding,Opp St. John HQ,Beach Rd,1.30211332865049,103.86295598167331
01419,203.64999999999995,0.05278664375153451,0.21090105573287507,13,PM-peak boarding,St. John HQ,Beach Rd,1.3020199999911,103.86326333301203
01421,745.75,0.12718739523969158,0.20362051625879987,12,PM-peak boarding,Opp Golden Mile Cplx,Beach Rd,1.30338444400173,103.86483888898641
01429,77.30000000000001,0.2250970245795601,0.13065976714100902,8,AM-peak boarding,Golden Mile Cplx,Beach Rd,1.3032136089394,103.86501584807763
01511,571.05,0.12774713247526484,0.2939322301024429,18,PM-peak boarding,DUO,Beach Rd,1.29919826103807,103.85864518302436
01519,437.85,0.07000114194358797,0.3514902363823227,18,PM-peak boarding,The Gateway,Beach Rd,1.29907492488417,103.8589102973441
01521,366.65000000000003,0.048411291422337376,0.3173326060275467,18,PM-peak boarding,Opp Plaza Parkroyal,Beach Rd,1.30088304437602,103.86066098182194
01529,593.9000000000001,0.08688331368917325,0.27883482067688165,17,PM-peak boarding,Plaza Parkroyal,Beach Rd,1.30041667676526,103.86044115259938
01541,242.95,0.07511833710640049,0.36344926939699534,18,PM-peak boarding,Bugis Stn Exit D,Rochor Rd,1.29886465442254,103.85734583628746
01549,243.39999999999995,0.011092851273623668,0.4956861133935909,18,PM-peak boarding,Opp Duo Residences,Ophir Rd,1.30069868861162,103.85873120467069
01559,366.0,0.02336065573770492,0.34644808743169403,18,PM-peak boarding,Village Hotel Bugis,Ophir Rd,1.30168731070562,103.85752923961614
01611,402.65,0.054141313796100834,0.2770396125667453,18,PM-peak boarding,Aft Raffles Hotel,Beach Rd,1.29527259171342,103.85533686181174
01619,203.15000000000003,0.06596111247846417,0.30691607186807773,18,PM-peak boarding,Esplanade Stn Exit F,Beach Rd,1.29428694178246,103.85503809424233
01621,502.94999999999993,0.02882990356894324,0.32110547768167813,18,PM-peak boarding,Opp Shaw Twrs,Beach Rd,1.29695888888745,103.85655611109846
01629,365.49999999999994,0.09712722298221615,0.37004103967168267,18,PM-peak boarding,Shaw Twrs,Beach Rd,1.297085,103.856894
01631,240.40000000000003,0.04138935108153077,0.35378535773710484,18,PM-peak boarding,Aft Beach Rd,Middle Rd,1.29693614589482,103.85580555528077
01639,34.400000000000006,0.02906976744186046,0.2572674418604651,22,PM-peak boarding,Bef Beach Rd,Middle Rd,1.29738750001468,103.85557583297624
02029,177.99999999999997,0.0601123595505618,0.18960674157303373,22,PM-peak boarding,Aft Esplanade Stn Exit D,Esplanade Dr,1.290106,103.85464
02049,1597.25,0.06796055720770074,0.30627641258412897,18,PM-peak boarding,Raffles Hotel,Bras Basah Rd,1.29452091230981,103.85402155505173
02051,16.55,0.015105740181268881,0.3021148036253776,21,PM-peak boarding,The Float @ Marina Bay,Raffles Ave,1.289503056,103.8590339
02061,1699.85,0.015266052887019443,0.2570815071918111,22,PM-peak boarding,The Esplanade,Raffles Ave,1.2899155,103.8565215
02089,158.24999999999997,0.01737756714060032,0.25718799368088474,18,PM-peak boarding,Promenade Stn/Pan Pacific,Raffles Blvd,1.29152694444975,103.8592061110504
02101,150.45,0.011964107676969093,0.3449651046859422,18,PM-peak boarding,Aft S'pore Flyer,Raffles Ave,1.28938483786533,103.86183148116275
02111,540.9499999999999,0.020057306590257885,0.3731398465662261,18,PM-peak boarding,Esplanade Bridge,Esplanade Dr,1.29095592348389,103.85453419435228
02119,385.84999999999997,0.06582868990540365,0.2901386549177141,18,PM-peak boarding,Opp War Memorial Pk,Nicoll Highway,1.29192,103.855306
02141,42.45,0.0,0.001177856301531213,21,PM-peak boarding,Suntec Twr Two,Temasek Blvd,1.29576571603037,103.85933814632858
02149,117.8,0.011460101867572157,0.5360780984719864,18,PM-peak boarding,Suntec Twr Three,Temasek Blvd,1.2956235,103.8595065
02151,1598.7500000000002,0.012071931196247065,0.3498045347928068,18,PM-peak boarding,Suntec Convention Ctr,Temasek Blvd,1.29317776320814,103.85784623004031
02159,96.0,0.022395833333333334,0.35520833333333335,18,PM-peak boarding,Opp Suntec Convention Ctr,Temasek Blvd,1.29360811227161,103.85840672828635
02161,769.95,0.019416845249691537,0.40041561140333787,18,PM-peak boarding,Aft Promenade Stn Exit C,Temasek Ave,1.2927795,103.860879
02169,11.55,0.021645021645021644,0.06926406926406926,21,PM-peak boarding,Promenade Stn Exit B,Temasek Ave,1.29333836780589,103.86070849052753
02171,344.1,0.03124091833769253,0.2935193257773903,21,PM-peak boarding,Opp The Ritz-Carlton,Temasek Ave,1.29070000003898,103.86092194446034
02181,224.0,0.028348214285714286,0.2747767857142857,18,PM-peak boarding,Supreme Ct,Parliament Pl,1.28947444402148,103.85098166700017
03011,2880.3500000000004,0.021768187893832346,0.39880570069609594,18,PM-peak boarding,Fullerton Sq,Fullerton Rd,1.28561840945474,103.85342223246427
03019,834.65,0.05295632900017972,0.3938776732762236,18,PM-peak boarding,OUE Bayfront,Collyer Quay,1.284245000013,103.85310805599599
03021,589.8000000000001,0.016531027466937943,0.371057985757884,18,PM-peak boarding,Prudential Twr,Cecil St,1.28255524603003,103.84998903789258
03031,1899.55,0.02316338080071596,0.5480245321260299,18,PM-peak boarding,Raffles Pl Stn Exit F,Robinson Rd,1.28207492207952,103.85086074925066
03041,676.8,0.02585697399527187,0.48367316784869985,18,PM-peak boarding,Telok Ayer Stn Exit A,Cross St,1.28179509394707,103.84893207391676
03059,1285.95,0.05785605972238423,0.4625374236945449,18,PM-peak boarding,One Raffles Quay,Raffles Quay,1.281111,103.851461
03071,842.5999999999999,0.029076667457868504,0.4593520056966533,18,PM-peak boarding,80 Robinson Rd,Robinson Rd,1.27990609626764,103.84940030424481
03111,2043.0999999999997,0.06455875874895993,0.5074641476188146,18,PM-peak boarding,Aft Capital Twr,Robinson Rd,1.2778259536079,103.8481011719729
03129,2508.2499999999995,0.07762384132363202,0.5241503039968106,18,PM-peak boarding,UIC Bldg,Shenton Way,1.27807003532092,103.84956718123823
03151,1057.25,0.040529676046346656,0.4095057933317569,18,PM-peak boarding,Aft Telok Ayer St,Cecil St,1.27892124625262,103.84776234627124
03217,623.7500000000001,0.06092184368737474,0.547014028056112,18,PM-peak boarding,Aft Straits Blvd,Shenton Way,1.27552218897645,103.8479443674916
03218,430.45000000000005,0.059008014868161214,0.6243466140085956,18,PM-peak boarding,Prince Edward Rd Stn Exit 2,Shenton Way,1.2740788888387,103.84687388890413
03222,1204.5000000000002,0.13727687837276878,0.32868410128684095,18,PM-peak boarding,Hub Synergy Pt,Anson Rd,1.27397836925637,103.84489562922414
03223,888.2499999999999,0.06608499859273853,0.37810301153954406,18,PM-peak boarding,Tanjong Pagar Stn Exit C,Anson Rd,1.2757033952327,103.84632468221952
03239,207.04999999999998,0.05650808983337358,0.3373581260565081,18,PM-peak boarding,Shenton Way Ter,Shenton Way,1.27464226961973,103.84756721372408
03241,72.0,0.07569444444444445,0.9229166666666667,18,PM-peak boarding,Aft Enggor St,Anson Rd,1.27456,103.84537
03331,0.6,0.0,0.9166666666666667,17,PM-peak boarding,Bef Marina Gdns Dr,Marina Blvd,1.27663307202767,103.86076808024792
03339,1.5,0.0,0.16666666666666666,21,PM-peak boarding,Aft Marina Gdns Dr,Central Blvd,1.27498516412784,103.85950016250487
03341,7.2,0.0,0.5347222222222222,18,PM-peak boarding,Bef Gdns by the Bay,Marina Gdns Dr,1.27959780011944,103.8643376844082
03349,5.65,0.008849557522123894,0.6283185840707964,18,PM-peak boarding,Aft Gdns by the Bay,Marina Gdns Dr,1.27965600609923,103.8647780795552
03361,9.800000000000002,0.260204081632653,0.16836734693877545,8,AM-peak boarding,Gardens by the Bay Stn Exit 2,Marina Gdns Dr,1.279917,103.868895
03369,5.050000000000001,0.0693069306930693,0.4158415841584158,17,PM-peak boarding,Gardens by the Bay Stn Exit 1,Marina Gdns Dr,1.27960772061959,103.8698744774074
03371,7.3500000000000005,0.006802721088435374,0.31972789115646255,21,PM-peak boarding,Gdns by the Bay,Marina Gdns Dr,1.28066479303461,103.86626955523418
03381,622.6,0.03405075489881143,0.4333440411178927,18,PM-peak boarding,The Sail,Marina Blvd,1.28162601329006,103.85306513725685
03391,200.0,0.11,0.3665,18,PM-peak boarding,Marina Bay Financial Ctr,Marina Blvd,1.28037660340352,103.85498006767988
03411,3.649999999999999,0.15068493150684936,0.2602739726027398,8,PM-peak boarding,Opp Marina Sth Pier Stn,Marina Coastal Dr,1.27159299884076,103.86300900488229
03419,116.75,0.22698072805139186,0.139186295503212,8,AM-peak boarding,Marina Sth Pier Stn,Marina Coastal Dr,1.271331,103.862913
03421,193.35000000000002,0.12154124644427203,0.19006982156710625,15,PM-peak boarding,Marina Bay Cruise Ctr,Marina Coastal Dr,1.266558,103.859934
03501,924.2999999999998,0.009466623390674025,0.2083739045764363,21,PM-peak boarding,Marina Bay Sands Theatre,Bayfront Ave,1.28500467671367,103.8606110538643
03509,501.59999999999997,0.037181020733652315,0.2118221690590112,20,PM-peak boarding,Bayfront Stn Exit B/MBS,Bayfront Ave,1.28314999997332,103.86004388891767
03511,727.2,0.019664466446644664,0.23301705170517048,21,PM-peak boarding,Aft Bayfront Stn Exit E,Bayfront Ave,1.28194779470571,103.85897064872482
03519,287.25,0.03585726718885988,0.2983463881636205,18,PM-peak boarding,Bayfront Stn Exit A,Bayfront Ave,1.28124500000125,103.85884799997385
03529,1022.6000000000001,0.06405241541169567,0.6920594562878936,18,PM-peak boarding,Downtown Stn Exit E,Central Blvd,1.27939957419063,103.85278769921703
03539,149.6,0.02339572192513369,0.8125000000000001,18,PM-peak boarding,Marina Bay Stn,Central Blvd,1.2775330547661,103.85561610012866
03549,0.9000000000000001,0.0,0.3888888888888888,17,PM-peak boarding,Shenton Way Stn Exit 3,Park Street,1.277728,103.85045
03579,4.1499999999999995,0.0,0.27710843373493976,22,PM-peak boarding,Opp Downtown Stn,Straits view,1.278832,103.852918
04019,623.7,0.10084976751643418,0.2828282828282828,18,PM-peak boarding,Opp Bencoolen Stn Exit B,Bencoolen St,1.29807216909408,103.84975607305783
04029,564.45,0.07113118965364514,0.28691646735760473,18,PM-peak boarding,Bef Bencoolen Stn Exit A,Bencoolen St,1.29948166696821,103.85092666701239
04111,1256.2,0.03132462983601337,0.34636204426046807,18,PM-peak boarding,Capitol Bldg,Stamford Rd,1.29395444170081,103.85139096636622
04121,2062.95,0.03461063040791101,0.33493298431857293,18,PM-peak boarding,SMU,Stamford Rd,1.29618544092334,103.84958029974611
04142,1097.8000000000002,0.016669703042448532,0.3314811441063945,18,PM-peak boarding,Armenian Ch,Hill St,1.2930982644668,103.84965994500728
04143,790.8999999999999,0.020799089644708564,0.3657858136300418,18,PM-peak boarding,Bef Stamford Rd,Hill St,1.29411640848293,103.85020606905503
04149,487.6,0.025328137817883508,0.3535684987694831,18,PM-peak boarding,Grand Pk City Hall,Hill St,1.29276132399953,103.84983741344308
04151,474.2,0.015394348376212568,0.33287642345002116,18,PM-peak boarding,Cath of The Good Shepherd,Victoria St,1.29533777799211,103.85113972198121
04159,297.45,0.03866195999327618,0.26962514708354346,18,PM-peak boarding,Aft CHIJMES,Victoria St,1.29489484954945,103.85108138663934
04167,2078.9999999999995,0.17272727272727278,0.20093795093795097,8,balanced,City Hall Stn Exit B,Nth Bridge Rd,1.29250006522444,103.85145315468638
04168,1303.1,0.07624127081574707,0.28309416007980975,18,PM-peak boarding,Aft City Hall Stn Exit B,Nth Bridge Rd,1.29208221483052,103.85125994680256
04179,1059.8000000000002,0.08897905265144365,0.27415550103793157,18,PM-peak boarding,Aft Bras Basah Stn Exit A,Bras Basah Rd,1.29647916306741,103.85147164487202
04211,218.65,0.0766064486622456,0.302995655156643,18,PM-peak boarding,Clarke Quay,River Valley Rd,1.29043611099357,103.84712444398055
04219,39.900000000000006,0.018796992481203006,0.2406015037593985,22,PM-peak boarding,Opp Clarke Quay,River Valley Rd,1.29096802754795,103.84686777836987
04222,5049.85,0.0953295642444825,0.23725457191797772,18,PM-peak boarding,Clarke Quay Stn Exit E,Eu Tong Sen St,1.28898962180798,103.84708976365569
04223,1341.3500000000001,0.01319566108771014,0.37872292839303684,18,PM-peak boarding,Old Hill St Police Stn,Hill St,1.29084476137495,103.84857901022669
04229,346.19999999999993,0.015020219526285388,0.3362218370883883,18,PM-peak boarding,High St Ctr,Hill St,1.29044830830726,103.84875123545265
04239,577.05,0.04115761199202842,0.24209340611732086,18,PM-peak boarding,Opp Clarke Quay Stn,New Bridge Rd,1.28882717929599,103.8474938118651
04249,1361.4499999999998,0.032906092768739216,0.3134892945021852,18,PM-peak boarding,Opp The Treasury,Nth Bridge Rd,1.29043039362749,103.85026216508201
04251,252.5,0.02712871287128713,0.44277227722772283,18,PM-peak boarding,Opp High St Ctr,Nth Boat Quay,1.28973833297563,103.84888472198024
04311,263.59999999999997,0.05785280728376328,0.2498103186646434,20,PM-peak boarding,Aft River Valley Rd,Clemenceau Ave,1.29464575337351,103.8439214229312
04321,759.1500000000001,0.043272080616478956,0.3378778897451096,18,PM-peak boarding,UE Sq,Clemenceau Ave,1.2921400077773,103.84303646191061
04329,366.1500000000001,0.12576812781646862,0.2586371705585142,18,PM-peak boarding,Opp UE Sq,Clemenceau Ave,1.29197057108024,103.84328384973516
04331,519.55,0.1891059570782408,0.25454720431142336,18,balanced,Bef Fort Canning Stn,River Valley Rd,1.29183939431601,103.84504089382705
04339,130.14999999999998,0.14329619669611987,0.2616212063004226,18,PM-peak boarding,Fort Canning Stn Exit B,River Valley Rd,1.29221099996741,103.84500500002959
05012,638.2499999999999,0.07591069330199766,0.26854680767724254,18,PM-peak boarding,Bef Pearl's Hill Terr,Eu Tong Sen St,1.28154583300728,103.84087722199499
05013,4073.25,0.034382863806542686,0.24052046891303014,13,PM-peak boarding,Chinatown Stn Exit C,Eu Tong Sen St,1.28406979945936,103.84299874303983
05019,548.55,0.2220399234345092,0.1957888980038283,8,balanced,Aft Duxton Plain Pk,New Bridge Rd,1.28118388885484,103.84105000000471
05022,3437.9999999999995,0.025683536940081447,0.2737783595113438,18,PM-peak boarding,Aft Chinatown Stn Exit D,Eu Tong Sen St,1.28571089865595,103.84437203405348
05023,1091.6999999999998,0.03361729412842357,0.3499587798845837,18,PM-peak boarding,Opp Hong Lim Pk,Eu Tong Sen St,1.28692928357498,103.84540375642477
05029,1140.9,0.05140678411780173,0.3093172057147866,18,PM-peak boarding,Boat Quay,Sth Bridge Rd,1.28712283362119,103.84819780822524
05039,4936.85,0.06784690642818801,0.22356360837376055,18,PM-peak boarding,New Bridge Ctr,New Bridge Rd,1.28293819129834,103.84254276754574
05049,3368.0,0.12100653206650831,0.24386876484560568,18,PM-peak boarding,Chinatown Stn Exit E,New Bridge Rd,1.28531114761754,103.84455070696784
05059,178.90000000000003,0.05533817775293459,0.31917272219116816,18,PM-peak boarding,Hong Lim Pk,New Bridge Rd,1.28676420118491,103.84575036447065
05069,2407.0,0.2724137931034483,0.20245118404653095,8,balanced,Outram Pk Stn Exit 4,New Bridge Rd,1.28027629959632,103.84029791443083
05129,135.64999999999998,0.20678215997051236,0.16918540361223738,8,balanced,Opp One Upp Pickering,Upp Pickering St,1.28601166699569,103.84634666701143
05131,1298.1999999999998,0.06740101679248191,0.2973347712216916,18,PM-peak boarding,Opp Chinatown Stn,Upp Cross St,1.284073056,103.8453381
05189,490.75,0.05501782985226694,0.24299541518084564,18,PM-peak boarding,Opp Sri Mariamman Tp,Sth Bridge Rd,1.2820913960391,103.84528061446953
05199,944.6000000000003,0.08368621638788903,0.3254287529112851,18,PM-peak boarding,Opp Hong Lim Cplx,Sth Bridge Rd,1.28451455846092,103.84666049314171
05239,294.59999999999997,0.13102511880515955,0.24422946367956555,18,PM-peak boarding,Bef The Pinnacle @Duxton,Neil Rd,1.27854113014976,103.8415105424013
05241,301.59999999999997,0.040450928381962875,0.2738726790450928,18,PM-peak boarding,Opp Blk 333,Kreta Ayer Rd,1.28071988238536,103.84227488654868
05259,218.64999999999998,0.08529613537617196,0.24239652412531446,18,PM-peak boarding,Opp Maxwell Stn Exit 3,Neil Rd,1.279736,103.8427
05269,596.0500000000001,0.15359449710594747,0.16735173223722843,8,balanced,Maxwell Stn Exit 2,Sth Bridge Rd,1.280894,103.844567
05271,402.6,0.010059612518628911,0.2414307004470939,18,PM-peak boarding,Opp Fairfield Meth Ch,Tg Pagar Rd,1.27975329525167,103.84382212419122
05319,69.6,0.03089080459770115,0.3347701149425288,18,PM-peak boarding,OCBC Ctr,Church St,1.284437,103.849114
05411,1081.3500000000001,0.07287187312156101,0.2794654829611134,18,PM-peak boarding,Tg Pagar Plaza,Tg Pagar Rd,1.2753515,103.843144
05419,607.3000000000001,0.11139469784291124,0.2599209616334595,18,PM-peak boarding,The Amara,Tg Pagar Rd,1.27470669455555,103.84318683838887
05421,359.59999999999997,0.06340378197997776,0.2555617352614016,18,PM-peak boarding,Aft Craig Rd,Tg Pagar Rd,1.27777470568529,103.84346347289251
05429,137.64999999999998,0.09226298583363604,0.2419179077370142,18,PM-peak boarding,Bef Craig Rd,Tg Pagar Rd,1.27769413050075,103.84370654372525
05431,92.4,0.08008658008658008,0.38419913419913415,18,PM-peak boarding,Aft Tanjong Pagar Rd,Hoe Chiang Rd,1.27408,103.8420461
05519,383.35,0.3061171253423764,0.11738620059997391,8,AM-peak boarding,Blk 1G,Cantonment Rd,1.27553472200739,103.84112694400494
05521,650.3,0.20882669537136708,0.19306473935106877,7,balanced,Maritime Hse,Cantonment Rd,1.27676861098316,103.84059222200347
05539,197.29999999999998,0.3051191079574253,0.14343639128231123,8,AM-peak boarding,Opp Police Cantonment Cplx,Cantonment Rd,1.278515,103.8403219
05629,137.4,0.06331877729257641,0.4093886462882096,18,PM-peak boarding,Opp Southpoint,Cantonment Rd,1.273211389,103.84187
05631,845.6499999999999,0.16561225093123635,0.27842488026961515,18,PM-peak boarding,Blk 16,Cantonment Link,1.27346055934188,103.84034718190608
05641,763.9,0.15492865558319152,0.35312213640528867,18,PM-peak boarding,Bef Cantonment Rd,Keppel Rd,1.27272393115133,103.84140618785226
05649,583.6999999999999,0.16395408600308378,0.3410998800753812,18,PM-peak boarding,Aft Cantonment Rd,Keppel Rd,1.2723842122117,103.84093912218094
05651,342.3500000000001,0.027019132466773763,0.5487074631225353,18,PM-peak boarding,Aft Keppel Rd,Tg Pagar Rd,1.273218611,103.8430731
06011,1940.35,0.10815059138815163,0.24255933207926406,17,PM-peak boarding,Outram Pk Stn Exit 7,Outram Rd,1.28165999996967,103.83801388886192
06029,1347.2499999999998,0.18656522545926893,0.20927815921321213,8,balanced,Outram Pk Stn Exit 1,Outram Rd,1.28177041153491,103.8383828488293
06031,356.1,0.19994383600112323,0.2711317045773659,6,balanced,The Landmark Condo,Chin Swee Rd,1.28607055552165,103.83879166662209
06039,334.65,0.1346182578813686,0.2042432392051397,18,PM-peak boarding,Blk 8,Chin Swee Rd,1.28705997883119,103.83962555611693
06049,515.9499999999999,0.14710727783699973,0.27638337048163586,18,PM-peak boarding,Bef Outram Flyover,Outram Rd,1.28474856880259,103.83517705055233
06051,1081.6999999999998,0.09517426273458447,0.24724969954700937,18,PM-peak boarding,Blk 55,Tiong Bahru Rd,1.28475980959972,103.83405671725487
06069,398.7000000000001,0.16190117883120136,0.25721093554050656,18,PM-peak boarding,Aft Furama RiverFront,Outram Rd,1.28623157720487,103.83496162445665
06071,555.1999999999999,0.13787824207492796,0.29070605187319887,18,PM-peak boarding,Havelock Stn Exit 2,Zion Rd,1.28685859481289,103.83360028266564
06081,347.15,0.14676652743770707,0.23318450237649432,18,PM-peak boarding,Havelock Stn Exit 3,Zion Rd,1.28837086415387,103.83349881780524
06129,386.95,0.19317741310246803,0.24189171727613387,8,balanced,Grand Copthorne Hotel,Kim Seng Rd,1.29078162052352,103.83440916705554
06131,328.99999999999994,0.15547112462006082,0.2575987841945289,8,PM-peak boarding,Aft Blk 87,Zion Rd,1.29152472200833,103.83222750001508
06141,291.4,0.11719286204529857,0.28963623884694584,18,PM-peak boarding,Havelock Stn Exit 5,Havelock Rd,1.28963300933974,103.83381241921823
06149,488.59999999999997,0.1725337699549734,0.2609496520671306,8,PM-peak boarding,Havelock Stn Exit 4,Havelock Rd,1.28984045728104,103.83411526676929
06151,332.59999999999997,0.06569452796151534,0.21993385447985572,22,PM-peak boarding,Hotel Miramar,Havelock Rd,1.28870976841461,103.83737276969174
06159,654.55,0.1317699182644565,0.2688106332594912,18,PM-peak boarding,Opp Hotel Miramar,Havelock Rd,1.28909385421188,103.8368794036018
06161,617.65,0.167489678620578,0.2244798834291265,7,balanced,Blk 2,Havelock Rd,1.28901705678419,103.83994286096711
06169,841.1,0.1791106883842587,0.21834502437284511,8,balanced,River Pl Condo,Havelock Rd,1.28937078931125,103.83998944937589
06171,1732.4000000000003,0.07610828907873471,0.26027476333410293,18,PM-peak boarding,Opp State Ct,Upp Cross St,1.286101944,103.8425356
06189,175.79999999999998,0.10494880546075086,0.2281001137656428,11,PM-peak boarding,Aft Solomon St,Havelock Rd,1.28779136477868,103.84329428089559
07011,1305.5,0.03730371505170433,0.2991957104557641,17,PM-peak boarding,Bef Sophia Rd,Selegie Rd,1.30099699058522,103.8498101874305
07021,781.55,0.08796622097114709,0.28737764698355833,18,PM-peak boarding,Selegie Ctr,Selegie Rd,1.30372355,103.850036756528
07031,4555.849999999999,0.05959370918708914,0.25601150169562215,19,PM-peak boarding,Tekka Ctr,S'goon Rd,1.30572083298412,103.85120583303191
07111,4131.9,0.132832353154723,0.20682978774897745,20,PM-peak boarding,Aft Blk 672B,S'goon Rd,1.30879366465919,103.8531751994068
07211,5196.400000000001,0.12786736971749674,0.23459510430297895,18,PM-peak boarding,Aft Farrer Pk Stn Exit G,S'goon Rd,1.31313747728456,103.8563561439714
07221,849.95,0.15142067180422375,0.21301253014883229,7,balanced,Sri Vadapathira K Tp,S'goon Rd,1.314966,103.857819
07231,570.1,0.08314330819154535,0.22390808630064898,21,PM-peak boarding,Bef Tai Hoe Hotel,Kitchener Rd,1.309658889,103.8573711
07241,118.9,0.14802354920100927,0.22708158116063917,18,PM-peak boarding,Bef S'goon Rd,Lavender St,1.31557142083242,103.85900616698896
07249,401.80000000000007,0.20457939273270281,0.17197610751617715,8,balanced,Aft Kempas Rd,Lavender St,1.315368056,103.8594669
07319,1575.15,0.15446147985906103,0.2048058915023966,8,balanced,Aft Allenby Rd,Jln Besar,1.31038833299803,103.85870666696984
07329,1977.5499999999995,0.1549139086243079,0.2198680185077495,8,balanced,Hoa Nam Bldg,Jln Besar,1.31284472583438,103.85989088288474
07331,148.9,0.09402283411685695,0.2602417730020148,17,PM-peak boarding,Aft King George's Ave,Kitchener Rd,1.30824994545395,103.8589096071918
07351,873.4,0.07402106709411496,0.2905312571559423,18,PM-peak boarding,Arc 380,Lavender St,1.31351833300073,103.86054527803076
07359,790.1,0.1594734843690672,0.2595241108720415,18,PM-peak boarding,Opp Arc 380,Lavender St,1.31368253065979,103.86071451807119
07361,894.3499999999999,0.09766869793704926,0.35701906412478335,18,PM-peak boarding,Bef Kallang Bahru,Lavender St,1.31167636068313,103.86189483728585
07369,922.15,0.10600227728677547,0.31421135390120913,18,PM-peak boarding,Aft Kallang Bahru,Lavender St,1.31140805601851,103.86237888899062
07371,2326.9500000000003,0.0730140312426137,0.3687444938653602,18,PM-peak boarding,Aft Kallang Rd,Lavender St,1.30950750000455,103.86350138902452
07379,1249.7500000000002,0.09341868373674733,0.32810562112422476,18,PM-peak boarding,Aperia/Bef Kallang Rd,Lavender St,1.31017336740849,103.86338225534827
07419,2426.5,0.15837626210591385,0.17774572429425095,8,balanced,Opp Veerasamy Rd,Jln Besar,1.30653024120879,103.8561630249311
07517,1035.1,0.07052458699642547,0.25871896435127045,18,PM-peak boarding,ibis S'pore on Bencoolen,Bencoolen St,1.30145216158073,103.85247781934106
07518,1858.45,0.09292690145013317,0.21649761898356157,12,PM-peak boarding,Opp NAFA Campus 3,Bencoolen St,1.30095828368506,103.85211175034802
07529,2000.9500000000003,0.1773157750068717,0.1863614782978085,8,balanced,Jln Besar Stn Exit A,Jln Besar,1.30431906266143,103.85501564257024
07531,1919.85,0.13165091022736153,0.26418730629997134,18,PM-peak boarding,Rochor Stn,Rochor Canal Rd,1.30365644370093,103.8525732326128
07539,1221.15,0.11165704458911681,0.210334520738648,18,PM-peak boarding,Bef Rochor Stn Exit B,Sungei Rd,1.30461300741211,103.8520009720951
07551,603.0,0.10381426202321724,0.2607794361525705,17,PM-peak boarding,Fu Lu Shou Cplx,Rochor Rd,1.30171975809706,103.8546132267025
07561,217.5,0.040229885057471264,0.307816091954023,17,PM-peak boarding,Bef Waterloo St,Middle Rd,1.29945446471936,103.85267983857253
07569,109.25,0.07185354691075514,0.21693363844393593,12,PM-peak boarding,Aft Waterloo St,Middle Rd,1.29949531348401,103.85301395376233
07571,179.95,0.04445679355376494,0.35093081411503196,17,PM-peak boarding,Sunshine Plaza,Middle Rd,1.30063444632288,103.85114009314601
07589,641.5000000000001,0.13920498830865158,0.15674201091192513,9,balanced,Ch of Our Lady of Lourdes,Ophir Rd,1.30320609782822,103.85549999983388
08011,153.99999999999997,0.11948051948051949,0.2295454545454546,17,PM-peak boarding,Opp Haw Par Glass Twr,Clemenceau Ave,1.29706985017362,103.84361028672502
08019,356.95000000000005,0.06009244992295839,0.3157304944670121,18,PM-peak boarding,Aft Haw Par Glass Twr,Clemenceau Ave,1.296188,103.8440945
08031,3990.999999999999,0.13507892758707093,0.2647206213981459,18,PM-peak boarding,Dhoby Ghaut Stn Exit B,Penang Rd,1.29831153783592,103.8452569595532
08041,3147.7,0.11981764462941195,0.2769005940845697,18,PM-peak boarding,YMCA,Orchard Rd,1.29811014243867,103.84780636909545
08057,4207.749999999999,0.14620640484819683,0.23984314657477276,8,PM-peak boarding,Dhoby Ghaut Stn,Orchard Rd,1.29930997279734,103.84529021429745
08058,740.55,0.14333940989804875,0.24657349267436365,8,PM-peak boarding,Aft Dhoby Ghaut Stn,Orchard Rd,1.2989583431631,103.84654115271174
08069,2556.3500000000004,0.11794159641676608,0.2556965986660668,18,PM-peak boarding,Bencoolen Stn Exit B,Bras Basah Rd,1.29821382250893,103.84936128375956
08079,1016.9,0.053397580883076015,0.3023896154980824,18,PM-peak boarding,Sch of The Arts,Prinsep St,1.29921444445586,103.84910329217985
08111,1239.5,0.090843081887858,0.2853569987898346,18,PM-peak boarding,Winsland Hse,Penang Rd,1.29986928715834,103.84093746088925
08121,4913.85,0.03868656959410645,0.28657773436307576,21,PM-peak boarding,Somerset Stn,Somerset Rd,1.30027569326586,103.83877618459663
08137,501.9,0.058178920103606306,0.2435744172145846,18,PM-peak boarding,Orchard Plaza,Orchard Rd,1.30073968408393,103.84100500816844
08138,2218.55,0.07259245903856122,0.27991255549796035,18,PM-peak boarding,Concorde Hotel S'pore,Orchard Rd,1.3004785730821,103.84184700607595
09011,1183.8500000000001,0.00975630358575833,0.3453140178232039,21,PM-peak boarding,Opp Ngee Ann City,Orchard Turn,1.30211335092372,103.83431672376756
09022,4091.6000000000004,0.1774733600547463,0.23688777006550002,8,balanced,Orchard Stn Exit 13,Orchard Blvd,1.30252834773643,103.83239784275958
09023,2046.15,0.08555091268968551,0.3311340810790998,18,PM-peak boarding,Opp Orchard Stn/ION,Orchard Turn,1.30323727330942,103.83254180023424
09037,3085.5499999999997,0.036930206932313525,0.3287744486396267,18,PM-peak boarding,Bef Cairnhill Rd,Orchard Rd,1.3023400420296,103.83701253388183
09038,2976.599999999999,0.031176510112208573,0.2957737015386684,18,PM-peak boarding,Opp Somerset Stn,Orchard Rd,1.30154262450563,103.83852481842337
09047,2040.6000000000001,0.07556600999705967,0.2560276389297266,17,PM-peak boarding,Orchard Stn/Tang Plaza,Orchard Rd,1.30446065207443,103.83294467208566
09048,3616.2999999999993,0.03771810967010481,0.30439952437574325,17,PM-peak boarding,Orchard Stn/Lucky Plaza,Orchard Rd,1.3038385,103.834171
09059,1259.35,0.06066621669909081,0.29356414023107164,18,PM-peak boarding,Somerset Youth Pk,Grange Rd,1.30044251755834,103.83623804216019
09111,1420.6,0.05001407855835562,0.335421652822751,18,PM-peak boarding,Opp Four Seasons Hotel,Orchard Blvd,1.30453752623147,103.82914529614989
09121,172.10000000000002,0.1565950029052876,0.2269029633933759,17,balanced,Bef Tomlinson Rd,Orchard Blvd,1.30397379238249,103.82699645124522
09131,832.9000000000001,0.14545563693120422,0.2721215031816544,18,PM-peak boarding,Opp Orchard Blvd Stn,Grange Rd,1.30391999998489,103.82333805603095
09139,204.79999999999998,0.150390625,0.23193359375000003,16,PM-peak boarding,Orchard Blvd Stn Exit 1,Grange Rd,1.303528,103.823585
09141,357.0,0.10098039215686273,0.26624649859943983,17,PM-peak boarding,British Council,Napier Rd,1.30543500002797,103.82177666702269
09149,233.10000000000002,0.07700557700557699,0.23830973830973828,13,PM-peak boarding,Opp British Council,Napier Rd,1.30608981381948,103.8212215023314
09159,1064.3500000000001,0.0630901489171795,0.21430920279983087,16,PM-peak boarding,Aft Tomlinson Rd,Tanglin Rd,1.30602637557418,103.82568042620605
09169,2557.4500000000003,0.0715947525855833,0.31290934329116893,18,PM-peak boarding,Delfi Orchard,Orchard Rd,1.3070135326348,103.82835507326037
09179,1836.2500000000002,0.04631722260040844,0.3076106194690265,18,PM-peak boarding,Royal Thai Embassy,Orchard Rd,1.30587966240898,103.83049004618626
09191,296.04999999999995,0.07346731970950854,0.27664245904408047,18,PM-peak boarding,Aft Cuscaden Rd,Tomlinson Rd,1.30488653118311,103.82549755834486
09212,2774.9500000000003,0.060721814807474,0.2940593524207643,18,PM-peak boarding,Royal Plaza On Scotts,Scotts Rd,1.30702238421536,103.83265522662566
09213,1850.1,0.04283552240419437,0.32546889357332043,18,PM-peak boarding,15 Scotts,Scotts Rd,1.3078105,103.8330555
09219,3304.4000000000005,0.10526873259895896,0.2636787313884517,18,PM-peak boarding,Far East Plaza,Scotts Rd,1.30731999685228,103.83316088291699
10009,6783.549999999998,0.0902329901010533,0.28036942308968027,18,PM-peak boarding,Bt Merah Int,Bt Merah Ctrl,1.28210155945393,103.81722480263163
10011,475.55,0.09757123330880034,0.2648512248974871,17,PM-peak boarding,Bef Neil Rd,New Bridge Rd,1.2777380589964,103.83749709165197
10017,1197.3999999999999,0.05900283948555204,0.32257391013863373,17,PM-peak boarding,Aft Hosp Dr,Eu Tong Sen St,1.27832046633393,103.83762574759974
10018,1455.4999999999998,0.03840604603229132,0.1985915492957747,12,PM-peak boarding,Outram Pk Stn Exit 6/SGH,Eu Tong Sen St,1.27900819665099,103.83860360621959
10021,341.29999999999995,0.16114854966305306,0.20509815411661297,8,balanced,Blk 3,Neil Rd,1.27744837946643,103.83838894560753
10041,1933.0499999999997,0.1504875714544373,0.26453014665942426,18,PM-peak boarding,Bef Kampong Bahru Ter,Kg Bahru Rd,1.27605834770353,103.83519065305671
10049,1698.35,0.14101922454146673,0.2283098301292431,18,PM-peak boarding,Opp Kampong Bahru Ter,Kg Bahru Rd,1.27623302424393,103.83483786772155
10051,700.7499999999999,0.13985016054227614,0.23924366749910814,17,PM-peak boarding,Blk 149,Jln Bt Merah,1.2774116353284,103.83214410914843
10059,499.70000000000005,0.19321592955773462,0.19681809085451268,8,balanced,Opp Blk 149,Jln Bt Merah,1.27739664167497,103.83275178077875
10061,568.7000000000002,0.2507473184455776,0.1659046949182345,7,AM-peak boarding,Blk 140,Jln Bt Merah,1.27860472196885,103.82948638898173
10069,645.1,0.23833514183847465,0.2300418539761277,8,balanced,Opp Blk 140,Jln Bt Merah,1.27855472196877,103.83008250001669
10071,2020.1499999999999,0.2563176001782046,0.14776130485359998,7,AM-peak boarding,Blk 111,Jln Bt Merah,1.28045309423663,103.82638920754815
10079,3478.9,0.2657305470119865,0.14175457759636667,8,AM-peak boarding,Blk 201,Jln Bt Merah,1.2803950142786,103.82708906887606
10081,1056.25,0.19744378698224854,0.2729940828402367,18,balanced,Opp Blk 120,Jln Bt Merah,1.2822783541702,103.82241744338572
10089,2370.05,0.14484926478344337,0.34541465369928903,18,PM-peak boarding,Blk 119,Jln Bt Merah,1.28292332245689,103.82165660905856
10091,1834.85,0.08036079243534894,0.31978090852113256,18,PM-peak boarding,Bt Merah Town Ctr,Jln Bt Merah,1.28394108576437,103.81783962251122
10099,1490.9499999999996,0.07327542841812269,0.31268654213756336,18,PM-peak boarding,Opp Bt Merah Town Ctr,Jln Bt Merah,1.28420923932422,103.81765723225827
10101,1055.05,0.0535993554807829,0.5000710866783565,18,PM-peak boarding,Opp Bt Merah Sec Sch,Jln Bt Merah,1.28506195168861,103.8137833011436
10109,726.75,0.0586171310629515,0.4491228070175439,17,PM-peak boarding,Bt Merah Sec Sch,Jln Bt Merah,1.28535315729277,103.81370529674271
10111,1628.65,0.10665274920946795,0.4970067233598378,18,PM-peak boarding,Opp Blk 28,Jln Bt Merah,1.28592835098556,103.80935410958449
10119,1355.4499999999998,0.15190527131211037,0.40001475524733493,18,PM-peak boarding,Opp Pacific Tech Ctr,Jln Bt Merah,1.28598009010704,103.81122515087834
10121,424.2999999999999,0.3363186424699506,0.1192552439311808,7,AM-peak boarding,Blk 126 CP,Kim Tian Rd,1.28259924598805,103.82890541983913
10129,1303.0500000000002,0.2973024826368903,0.1517593338705345,8,AM-peak boarding,Blk 121,Kim Tian Rd,1.28231999999009,103.8285719444802
10131,1599.7,0.128586609989373,0.2950865787335125,18,PM-peak boarding,Opp Blk 2,Jln Bt Merah,1.28619141382394,103.80686549059318
10139,1877.7999999999997,0.1672169560123549,0.24637874107998728,18,balanced,Blk 1,Jln Bt Merah,1.28635135443034,103.8081000223439
10141,2310.7000000000003,0.17096550828753188,0.16207209936382913,8,balanced,Blk 18,Tiong Bahru Rd,1.28583847140468,103.83238179897589
10149,1643.6500000000005,0.16773644023971035,0.16597207434672828,8,balanced,Blk 1,Tiong Bahru Rd,1.286015,103.832988
10151,813.25,0.25557946510913004,0.17553027974177682,8,balanced,Ctrl Green Condo,Tiong Bahru Rd,1.28572048365401,103.8285292287095
10161,9198.05,0.16331178891178025,0.238322253086252,8,balanced,Opp Tiong Bahru Stn/Plaza,Tiong Bahru Rd,1.28593135445772,103.82668969231534
10169,7210.800000000001,0.12402923392688743,0.24822488489487987,18,PM-peak boarding,Tiong Bahru Stn/Plaza,Tiong Bahru Rd,1.285965,103.82756
10171,262.85,0.15579227696404793,0.22636484687083883,17,balanced,Opp Tiong Bahru Pk,Tiong Bahru Rd,1.28736808047078,103.82346004890803
10179,353.65,0.11268203025590272,0.1985013431358688,14,PM-peak boarding,Tiong Bahru Pk,Tiong Bahru Rd,1.28722333302937,103.82395833301354
10181,779.4,0.2908006158583526,0.15518347446753913,7,AM-peak boarding,Bef Ar-Rabitah Mque,Tiong Bahru Rd,1.28850399420484,103.82109741719866
10189,1266.55,0.2494966641664364,0.1654099719711026,8,AM-peak boarding,Blk 104A CP,Tiong Bahru Rd,1.28858805222806,103.82183192865197
10191,1466.2999999999995,0.15757348428016102,0.16640523767305468,10,balanced,Blk 78,Tiong Bahru Rd,1.28860026020096,103.81903121724014
10199,1517.05,0.13882205596387726,0.16278303285982662,10,balanced,Delta Swim Cplx,Tiong Bahru Rd,1.28875723330649,103.81936618662205
10201,3603.0000000000005,0.2369414376908132,0.2117679711351651,8,balanced,Opp Redhill Stn,Tiong Bahru Rd,1.28928144532567,103.81662854691157
10209,3873.35,0.27166406340764454,0.2022925891024565,8,balanced,Redhill Stn,Tiong Bahru Rd,1.28954631749853,103.81672885450702
10211,53.350000000000016,0.1686972820993439,0.39268978444236163,17,PM-peak boarding,BMW Eurokars Auto,Leng Kee Rd,1.29075499997303,103.81144166700754
10219,21.800000000000004,0.07568807339449539,0.44266055045871555,17,PM-peak boarding,Skoda S'pore/Volkswagen Grp,Leng Kee Rd,1.290835,103.81181
10221,213.95000000000002,0.21944379527927085,0.2329983641037625,8,balanced,Ganges Ctr,Ganges Ave,1.29032906602668,103.83111793441608
10229,167.79999999999998,0.24165673420738976,0.1948748510131109,8,balanced,Opp Harvest Mansions,Ganges Ave,1.29052137840164,103.83178189529583
10231,746.9999999999999,0.24973226238286483,0.17336010709504687,7,balanced,Blk 51 CP,Ganges Ave,1.29041850946952,103.82788100149519
10239,1215.95,0.29532464328302976,0.1431802294502241,8,AM-peak boarding,Blk 79,Ganges Ave,1.29060688839488,103.82865297447873
10241,895.0999999999999,0.1113283432018769,0.2237180203329237,13,PM-peak boarding,Gan Eng Seng Sec Sch,Alexandra Rd,1.2906166672167,103.82362326803131
10249,1030.6499999999996,0.22641051763450257,0.20094115364090628,8,balanced,Opp Gan Eng Seng Sec Sch,Alexandra Rd,1.29088138899671,103.82407777797806
10261,255.39999999999998,0.20027407987470636,0.23962411902897418,8,balanced,Delta Sports Hall,Alexandra Rd,1.29090335842692,103.82047232884216
10269,171.65,0.18409554325662686,0.24264491698223126,8,balanced,Opp Delta Sports Hall,Alexandra Rd,1.29125331927458,103.82057583280772
10271,308.15,0.21385688787927962,0.19162745416193414,7,balanced,Opp Tanglin View,Alexandra Rd,1.29115999997607,103.81757666701353
10279,613.1499999999999,0.32169942102258836,0.16643561934273834,7,AM-peak boarding,Tanglin View,Alexandra Rd,1.29151373164978,103.81757660887743
10281,771.4999999999999,0.15281918340894365,0.2887880751782243,18,PM-peak boarding,SIS Bldg,Alexandra Rd,1.29153833298318,103.81445166697797
10287,459.5,0.05016322089227421,0.2570184983677911,14,PM-peak boarding,Opp Cycle & Carriage,Alexandra Rd,1.291914,103.813405
10289,416.95,0.1684854299076628,0.2862453531598513,18,PM-peak boarding,Opp SIS Bldg,Alexandra Rd,1.2918699745378,103.81440639448375
10291,1865.75,0.15350395283398097,0.24997990084416452,18,PM-peak boarding,Opp Dawson Pl,Alexandra Rd,1.29215855273858,103.81065866068086
10299,3044.0500000000006,0.2215141012795453,0.198863356383765,8,balanced,Aft Dawson Pl,Alexandra Rd,1.29233498466278,103.81146486767658
10321,680.1499999999999,0.11835624494596783,0.27596853635227525,17,PM-peak boarding,Opp Grace Ably of God Ch,Tanglin Rd,1.29428332949691,103.81587839882768
10329,688.4499999999999,0.04800639116856707,0.2916696927881473,14,PM-peak boarding,Crescent Girls' Sch,Tanglin Rd,1.29364671283262,103.81597460107542
10331,371.29999999999995,0.08443307298680314,0.47481820630218163,18,PM-peak boarding,Bef Bt Merah Ctrl,Henderson Rd,1.28136306628839,103.81834423228645
10339,781.4000000000001,0.07358587151266956,0.4728052213974917,18,PM-peak boarding,Aft Bt Merah Ctrl,Henderson Rd,1.28115835063292,103.81857250844851
10341,1512.3999999999999,0.1004363924887596,0.3321872520497223,18,PM-peak boarding,Opp Blk 116,Henderson Rd,1.28484639603431,103.82059301467888
10349,769.3499999999999,0.14304282836160395,0.17215831546110352,10,balanced,Blk 116,Henderson Rd,1.284977,103.821011
10351,1140.7,0.24436749364425353,0.171605154729552,8,balanced,Blk 95B,Henderson Rd,1.28675501760897,103.82204990181914
10359,99.8,0.11272545090180361,0.23296593186372747,17,PM-peak boarding,Opp Blk 95C,Henderson Rd,1.28723833324362,103.82259298997768
10361,1568.2499999999998,0.07071576598118924,0.5327913279132792,18,PM-peak boarding,Cendex Ctr,Lower Delta Rd,1.28038092060065,103.82353025808791
10369,638.9,0.16019721396149633,0.2947253091250587,18,PM-peak boarding,Opp Cendex Ctr,Lower Delta Rd,1.28037471151153,103.82387343933006
10371,1627.7999999999995,0.29226563459884514,0.14412089937338743,8,AM-peak boarding,Blk 129,Lower Delta Rd,1.28365072319387,103.824502653383
10379,784.2500000000001,0.22282435447880136,0.16168313675486132,7,balanced,Blk 25B,Lower Delta Rd,1.28373603376667,103.82489520929732
10381,451.5500000000001,0.18414350570257995,0.19820617871774993,8,balanced,Opp Blk 48,Lower Delta Rd,1.28906972186602,103.82559411728036
10389,1050.6000000000001,0.17623262897391964,0.1840852845992766,8,balanced,Blk 48,Lower Delta Rd,1.28875832991208,103.82573455047122
10391,1096.1999999999998,0.24689837620872104,0.1596424010217114,8,AM-peak boarding,Opp Melati Blk 2,Kg Bahru Rd,1.27627105343758,103.8312563936613
10399,515.1499999999999,0.2137241580122295,0.18819761234591875,8,balanced,Melati Blk 2,Kg Bahru Rd,1.27588166292683,103.83019454205221
10401,316.25,0.1958893280632411,0.20711462450592885,8,balanced,Shriro Hse,Hoy Fatt Rd,1.28816729863,103.81167850401884
10409,2.6000000000000005,0.2115384615384615,0.19230769230769226,9,balanced,Blk 50,Hoy Fatt Rd,1.28788221830638,103.81099317775703
10411,105.6,0.13825757575757577,0.35653409090909094,18,PM-peak boarding,Opp Blk 53,Hoy Fatt Rd,1.28912979528004,103.81280840030111
10419,4.1,0.0,0.3902439024390244,17,PM-peak boarding,Blk 52,Hoy Fatt Rd,1.28842024220748,103.81257549749508
10421,419.5,0.22395709177592374,0.14886769964243146,8,AM-peak boarding,Blk 63B,Lengkok Bahru,1.288964,103.814975
10429,165.25,0.2015128593040847,0.23267776096822998,7,balanced,Blk 54,Lengkok Bahru,1.2892779060127,103.81404805422201
10431,137.6,0.12136627906976746,0.16896802325581395,15,balanced,Enabling Village,Lengkok Bahru,1.287195,103.813984
10439,138.14999999999998,0.19616359030039815,0.17625769091567142,7,balanced,Opp Enabling Village,Lengkok Bahru,1.28747956947939,103.81418936580334
10441,38.199999999999996,0.15445026178010474,0.18717277486910996,8,balanced,Opp Blk 44,Lengkok Bahru,1.28656898930199,103.8116061687213
10449,123.55000000000001,0.20396600566572234,0.24362606232294617,7,balanced,Blk 44,Lengkok Bahru,1.28666552495266,103.81195378046979
10451,163.14999999999998,0.11921544590867303,0.19521912350597612,13,PM-peak boarding,Opp Blk 71,Redhill Rd,1.28762380319765,103.8172559639682
10459,57.94999999999999,0.06212251941328732,0.18291630716134602,13,PM-peak boarding,Blk 72,Redhill Rd,1.28754723360397,103.81639920301684
10461,495.49999999999994,0.3031281533804238,0.1406659939455096,8,AM-peak boarding,Opp Blk 95,Kay Siang Rd,1.29680597432594,103.81169140516062
10469,405.05,0.26293050240711024,0.16318972966300455,7,AM-peak boarding,Bef Margaret Dr,Kay Siang Rd,1.29668400003303,103.81216918970023
10471,30.900000000000002,0.08252427184466019,0.27184466019417475,16,PM-peak boarding,Bef Tanglin Rd,Kay Siang Rd,1.29679993078344,103.81468220659576
10479,48.99999999999999,0.02346938775510204,0.2867346938775511,16,PM-peak boarding,Aft Tanglin Rd,Kay Siang Rd,1.29668100002552,103.81547381025995
10481,439.09999999999997,0.1542928717831929,0.17467547255750399,8,balanced,Opp Blk 73,Redhill Cl,1.28784195484767,103.81797160113335
10489,235.29999999999998,0.12218444538886529,0.11814704632384193,11,balanced,Blk 73,Redhill Cl,1.28811638897142,103.81778388900163
10499,228.39999999999998,0.07224168126094571,0.26072679509632224,18,PM-peak boarding,Kampong Bahru Ter,Spooner Rd,1.27585400417691,103.83401000002084
10501,230.09999999999994,0.21751412429378536,0.13602781399391572,7,AM-peak boarding,Blk 104,Jln Bt Merah,1.28105845355429,103.82528065411316
10519,568.1499999999999,0.2588224940596674,0.18199419167473385,7,balanced,Blk 4,Delta Rd,1.291728,103.826122
10599,909.7500000000001,0.30865622423742783,0.1067875790052212,8,AM-peak boarding,Opp Blk 36,Jln Rumah Tinggi,1.28883435010664,103.80924997344987
10651,150.55,0.23082032547326467,0.17004317502490868,8,balanced,Blk 161,Bt Merah Ctrl,1.28329993019059,103.81547665017668
10659,332.15,0.12148125846755983,0.4150233328315521,18,PM-peak boarding,Blk 1003,Bt Merah Ctrl,1.28362333298689,103.81472833301791
11001,156.84999999999997,0.16193815747529489,0.17341408989480397,9,balanced,Opp Ghim Moh Ter,Ghim Moh Rd,1.311072,103.789159
11009,1903.4499999999996,0.23554598229530596,0.14760040978223754,8,AM-peak boarding,Ghim Moh Ter,Ghim Moh Rd,1.3110673548964,103.78932237623975
11019,1144.55,0.0968939757983487,0.25127779476650214,18,PM-peak boarding,Alexandra Ctrl,Jln Bt Merah,1.28679632523156,103.80565677295323
11021,1677.5,0.12769001490312964,0.293919523099851,18,PM-peak boarding,Aft Queenstown NPC HQ,Queensway,1.28941805603102,103.80228694398484
11029,1596.65,0.2627689224313406,0.15341496257789747,8,AM-peak boarding,Blk 166/Aft Mei Chin Rd,Queensway,1.29013472201419,103.80202111098815
11031,759.5500000000001,0.22579158712395495,0.2605490092818116,6,balanced,Opp Queen's Cl,Queensway,1.29119666696879,103.80045500000118
11039,368.9000000000001,0.28571428571428564,0.14854974247763617,8,AM-peak boarding,Blk 19,Queensway,1.29245762862665,103.79998683928974
11041,645.4,0.16299969011465756,0.20010845986984818,9,balanced,Aft C'wealth Dr,Queensway,1.29624499998226,103.79952333299494
11049,298.0,0.14597315436241612,0.21644295302013422,9,balanced,Opp Blessed Sacrament Ch,Queensway,1.2954609366563,103.79952549937242
11051,1048.05,0.10490911693144411,0.21320547683793714,13,PM-peak boarding,Opp Queenstown Polyclinic,Queensway,1.29872166703909,103.8002979755481
11059,780.55,0.17968099417077701,0.13189417718275576,8,balanced,Queenstown Polyclinic,Queensway,1.29882892782979,103.80097389222824
11061,597.6,0.19829317269076305,0.2183734939759036,7,balanced,Opp Queensway Sec Sch,Queensway,1.30265777802206,103.80118694402536
11069,177.95,0.07754987355998877,0.23180668727170556,15,PM-peak boarding,Queensway Sec Sch,Queensway,1.30236853162324,103.80161762237655
11071,858.1499999999999,0.2582299131853406,0.15451844083202243,8,AM-peak boarding,Blk 97,Queensway,1.30621305601609,103.80170944396954
11079,332.7999999999999,0.2582632211538462,0.1646634615384616,8,AM-peak boarding,Opp Blk 95,Queensway,1.305441389003,103.80185250000659
11081,184.2,0.28854505971769817,0.1780673181324647,7,AM-peak boarding,Viz Holland,Queensway,1.30851972202313,103.80258027799627
11089,217.15,0.3366336633663366,0.1485148514851485,8,AM-peak boarding,Opp Holland Hill Lodge,Queensway,1.30946135492693,103.80334087354639
11091,550.1,0.2961279767315033,0.18178512997636795,7,AM-peak boarding,Leedon Green,Farrer Rd,1.31219444050072,103.80367378215983
11099,399.00000000000006,0.2942355889724311,0.18132832080200498,8,AM-peak boarding,Opp Leedon Green,Farrer Rd,1.31305333300118,103.80437666697586
11101,1017.4500000000002,0.2701852670892918,0.1616787065703474,7,AM-peak boarding,Empress Rd Mkt/FC,Farrer Rd,1.31614971080385,103.80596012189226
11109,761.45,0.27933547836364825,0.14787576334624727,8,AM-peak boarding,Spanish Village,Farrer Rd,1.31552472199926,103.80574305602846
11111,1400.1999999999998,0.2371804027996001,0.2841736894729325,7,balanced,Farrer Rd Stn Exit B,Farrer Rd,1.31780157259006,103.80771866952543
11119,1876.3500000000001,0.21912223199296504,0.25256481999626934,8,balanced,Farrer Rd Stn Exit A,Farrer Rd,1.31747833490912,103.80785606728587
11131,255.15,0.16029786400156773,0.26650989613952575,18,PM-peak boarding,Queens Condo,C'wealth Ave,1.2928849988829,103.80706694417339
11139,666.3499999999998,0.28310947700157585,0.17025587153898109,8,AM-peak boarding,Blk 53A CP,C'wealth Ave,1.2931986108138,103.80744694841283
11141,1722.6000000000001,0.18094740508533613,0.2424822942064321,18,balanced,Queenstown Stn Exit A/D,C'wealth Ave,1.29463705145492,103.80582510668431
11149,2697.35,0.26088568409735485,0.2002706359945873,8,balanced,Queenstown Stn Exit B/C,C'wealth Ave,1.29506407111991,103.80596280094791
11151,801.3,0.14176962436041432,0.1714713590415575,8,balanced,Blk 42,C'wealth Ave,1.29863585845076,103.80247592925552
11159,1731.1,0.21419906417884585,0.16567500433250532,8,balanced,Aft Ch of Our Saviour,C'wealth Ave,1.29800440816386,103.80362656855579
11161,3970.55,0.11879966251526868,0.2595862034226996,18,PM-peak boarding,C'wealth Stn Exit A/D,C'wealth Ave,1.30213305598263,103.79839083302141
11169,7484.4,0.272460050237828,0.1945045695045695,8,balanced,C'wealth Stn Exit B/C,C'wealth Ave,1.30270500001823,103.79838166697326
11171,468.15,0.15005874185624266,0.25942539784257185,18,PM-peak boarding,Opp Blk 7B,C'wealth Ave,1.30535666699303,103.79479722196947
11179,2032.4000000000005,0.2860165321787049,0.18431411139539458,8,AM-peak boarding,Blk 8,C'wealth Ave,1.30627521395682,103.79427940117534
11181,1441.55,0.15497207866532553,0.25996323401893795,18,PM-peak boarding,Opp Blk 43,C'wealth Ave,1.30722333300814,103.79227638896938
11189,2548.6,0.15944047712469592,0.22280860080043946,18,balanced,Blk 43,C'wealth Ave,1.30740138898924,103.79254222202354
11191,867.4000000000001,0.10214433940511873,0.27570901544846665,18,PM-peak boarding,The Star Vista,C'wealth Ave West,1.30801640815091,103.7883731546267
11199,684.7,0.1733605958814079,0.18497152037388634,8,balanced,Blk 15,C'wealth Ave West,1.30837970735444,103.78843145303215
11201,226.24999999999997,0.0194475138121547,0.24419889502762435,22,PM-peak boarding,CSC Dempsey Clubhse,Holland Rd,1.30692642897557,103.81186453577433
11209,650.05,0.06376432582109069,0.2539804630413045,22,PM-peak boarding,Opp Peirce Rd,Holland Rd,1.30817280849852,103.81038349817638
11211,174.4,0.12586009174311927,0.28841743119266056,17,PM-peak boarding,Aft Peirce Rd,Holland Rd,1.30838779885113,103.80939522851014
11219,245.45000000000002,0.3082094112853942,0.14931757995518433,8,AM-peak boarding,Great Eastern Mansions,Holland Rd,1.30988506093033,103.80716407830104
11221,358.95,0.24195570413706644,0.16213957375679064,7,balanced,Lien Twrs,Holland Rd,1.310019,103.805506
11229,488.4,0.2868550368550369,0.1593980343980344,8,AM-peak boarding,Sommerville Pk,Holland Rd,1.31060065879064,103.80522542227166
11231,612.1,0.22373795131514457,0.19620976964548278,8,balanced,Aft Hyll on Holland,Holland Rd,1.31115316310297,103.80119919777994
11239,784.3000000000003,0.2557057248501848,0.17901313272982272,8,balanced,Fairlodge,Holland Rd,1.31152857401616,103.80165517330278
11259,87.75,0.21481481481481482,0.0923076923076923,9,AM-peak boarding,Opp Blk 21,Holland Dr,1.31119887945564,103.79274002213417
11261,2360.0499999999997,0.10116311095103918,0.2713078112751849,18,PM-peak boarding,Holland Village,Holland Rd,1.31223168432152,103.79444621838488
11269,939.2499999999998,0.10998136811285603,0.25940910300771897,18,PM-peak boarding,Opp Holland Village,Holland Rd,1.31256112590195,103.79453796697418
11271,130.9,0.1852559205500382,0.2547746371275783,7,balanced,Aft East Sussex Lane,Holland Rd,1.31473444398294,103.79008416699845
11279,240.55,0.1523591768863022,0.2920390771149449,18,PM-peak boarding,Aft Coronation Rd West,Holland Rd,1.31466878886978,103.79069259768109
11281,21.299999999999994,0.25117370892018787,0.20187793427230052,7,balanced,Aft Tan Boon Chong Ave,Holland Rd,1.31622694399746,103.78852194399074
11289,85.05000000000001,0.22986478542034094,0.22986478542034094,8,balanced,Opp Tan Boon Chong Ave,Holland Rd,1.31618891387774,103.78904342517946
11291,381.7,0.050825255436206446,0.23120251506418654,13,PM-peak boarding,Cold Storage Jelita,Holland Rd,1.31792777802094,103.78592333300938
11299,440.70000000000005,0.13172226004084409,0.2119355570683004,13,PM-peak boarding,Opp Cold Storage Jelita,Holland Rd,1.31826975603165,103.78558843680226
11301,79.7,0.12923462986198245,0.3086574654956085,17,PM-peak boarding,Hse No. 578,Sixth Ave,1.31803972093441,103.78790067716272
11309,74.75,0.2080267558528428,0.22943143812709033,7,balanced,Hse No. 589,Sixth Ave,1.31862443850443,103.78842993526158
11311,28.9,0.19377162629757785,0.25605536332179935,18,balanced,Hse No. 532,Sixth Ave,1.31989638898836,103.78918694402276
11319,51.949999999999996,0.2117420596727623,0.2175168431183831,8,balanced,Opp Hse No. 516,Sixth Ave,1.3203063798654,103.78959970624805
11321,65.45,0.1573720397249809,0.3919022154316272,18,PM-peak boarding,Opp Regent Villa,Sixth Ave,1.32123138902898,103.79010361098513
11329,166.95,0.24408505540581013,0.1434561245882001,8,AM-peak boarding,Regent Villa,Sixth Ave,1.32236139685053,103.7909809400838
11331,119.80000000000001,0.24666110183639395,0.2303839732888147,7,balanced,Opp Dynasty Gdn II,Sixth Ave,1.32320918827361,103.79144668575621
11339,111.14999999999998,0.29374718848403064,0.13090418353576252,8,AM-peak boarding,Dynasty Lodge,Sixth Ave,1.32398638897489,103.79204722198944
11341,343.74999999999994,0.19709090909090912,0.2776727272727273,18,balanced,Garlick Ville,Sixth Ave,1.32551506183496,103.79282790894261
11349,268.4,0.22559612518628913,0.1602086438152012,8,balanced,Opp Garlick Ville,Sixth Ave,1.325628,103.79304
11351,60.55,0.18827415359207264,0.22460776218001655,7,balanced,Blk 13,Ghim Moh Rd,1.30934571218561,103.78945112775229
11359,174.3,0.26247848537005164,0.1554790590935169,8,AM-peak boarding,Opp Blk 13,Ghim Moh Rd,1.30931022636473,103.78968608347117
11361,2970.3,0.1038110628556038,0.34720398612934716,18,PM-peak boarding,Buona Vista Stn Exit C,Nth Buona Vista Rd,1.30649698638726,103.79058123542397
11369,5147.3,0.26767431468925457,0.2169972606997843,7,balanced,Buona Vista Stn Exit D,Nth Buona Vista Rd,1.3063259638605,103.79084827741467
11379,120.95,0.11699049193881768,0.22736668044646546,17,PM-peak boarding,Buona Vista Ter,Nth Buona Vista Rd,1.30917002463976,103.79236323128613
11381,1356.8999999999999,0.19688260004421845,0.14020930061168843,8,balanced,Blk 10A,Holland Dr,1.30841137865065,103.79328294102335
11389,0.3,0.0,1.0,17,PM-peak boarding,Buona Vista CC,Holland Dr,1.30906501014268,103.7929321687807
11401,1387.7000000000003,0.14563666498522732,0.19633206024356845,15,balanced,Holland V Stn/Blk 12,Holland Ave,1.30906722197973,103.79507444402137
11409,467.00000000000006,0.21231263383297644,0.15053533190578158,8,balanced,Blk 9,Holland Ave,1.3076441670056,103.79432583301961
11419,1430.4499999999998,0.06449019539305814,0.25918417281275125,18,PM-peak boarding,Holland V Stn Exit A,Holland Ave,1.31102981378085,103.79604399202725
11429,183.55000000000004,0.2274584581857804,0.1552710433124489,7,balanced,Opp Blk 115B,C'wealth Dr,1.30454000002017,103.7983633329984
11439,856.3499999999999,0.2291703158755182,0.123430840193846,6,AM-peak boarding,Blk 92,C'wealth Dr,1.30606472198412,103.80029777801455
11441,72.19999999999999,0.18767313019390586,0.21675900277008311,8,balanced,Blk 58,C'wealth Dr,1.29780416697573,103.79754055603178
11449,103.25000000000003,0.3447941888619853,0.17336561743341397,7,AM-peak boarding,Blk 37B,C'wealth Dr,1.29840527801842,103.79760333302292
11451,84.85000000000001,0.1891573364761343,0.304655274012964,18,PM-peak boarding,Blk 72,C'wealth Dr,1.30034972200468,103.79707277801477
11459,96.09999999999998,0.208636836628512,0.16233090530697195,8,balanced,Blk 50,C'wealth Dr,1.30097055597804,103.7968519439962
11469,68.30000000000001,0.013909224011713028,0.24231332357247434,15,PM-peak boarding,Queensway Sec Sch,Margaret Dr,1.30113503392421,103.80188584326886
11471,181.4,0.07138919514884233,0.2613009922822492,15,PM-peak boarding,Opp The Fisherman Ch,Margaret Dr,1.29951892595663,103.80315156606572
11481,132.75,0.11487758945386065,0.21167608286252354,12,PM-peak boarding,Queenstown Lib,Margaret Dr,1.29811518922625,103.8060054035445
11489,255.79999999999998,0.1632134480062549,0.2202892885066458,8,balanced,Blk 30,Margaret Dr,1.298817,103.804395
11491,269.8,0.1484432913269088,0.2047813194959229,13,balanced,Opp Queenstown Pr Sch,Margaret Dr,1.29710202847016,103.8076364994003
11499,372.55,0.1397127902294994,0.15877063481411893,13,balanced,Queenstown Pr Sch,Margaret Dr,1.29685053610951,103.80788663334461
11511,2035.0500000000004,0.07395395690523573,0.3487629296577479,17,PM-peak boarding,Alexandra Hosp,Alexandra Rd,1.2859468736223,103.80251884462385
11519,2651.2999999999997,0.12080865990268927,0.24016520197638896,13,PM-peak boarding,Opp Queensway Shop Ctr,Alexandra Rd,1.28665742231261,103.80334129425303
11521,2091.2,0.09802983932670238,0.25781847742922726,18,PM-peak boarding,Anchorpoint,Alexandra Rd,1.2885710102662,103.80543003047167
11529,494.05,0.19016293897378808,0.19744965084505617,7,balanced,Bef IKEA Ind Bldg,Alexandra Rd,1.28903120647732,103.8060909305284
11531,348.3,0.10694803330462245,0.4020958943439564,17,PM-peak boarding,Opp Lea Hin Hardware Fty,Alexandra Rd,1.29108833302538,103.80753083302794
11539,254.6,0.32521602513747055,0.1370777690494894,8,AM-peak boarding,Lea Hin Hardware Fty,Alexandra Rd,1.29117049549107,103.80786180498694
11541,29.75,0.1949579831932773,0.16638655462184876,8,balanced,Opp Queens,Stirling Rd,1.29235984013148,103.80578500139798
11551,64.95,0.19938414164742108,0.18244803695150116,7,balanced,Tiong Ghee Tp,Stirling Rd,1.29126703051517,103.8040959835246
11561,38.5,0.16233766233766234,0.14025974025974028,8,balanced,Blk 166,Stirling Rd,1.29107396045212,103.80247592924283
11579,167.59999999999997,0.14200477326968977,0.11963007159904537,11,balanced,Blk 158,Mei Ling St,1.29256489056942,103.80303321252237
11589,149.85000000000002,0.2178845512178845,0.14414414414414414,8,AM-peak boarding,Blk 157,Mei Ling St,1.292991881006,103.80400524995773
11599,159.7,0.17626800250469632,0.18284283030682533,7,balanced,Blk 153,Mei Ling St,1.29420805600708,103.80314888900556
11609,81.35000000000001,0.2993239090350338,0.1333743085433313,8,AM-peak boarding,Blk 163,Mei Chin Rd,1.29188972202709,103.80212194401808
12021,356.8499999999999,0.13268880481995238,0.1663163794311336,13,balanced,Bef Moonbeam Wk,Holland Rd,1.31907638897016,103.78243055601493
12029,462.8,0.21326707000864303,0.27538893690579086,18,balanced,Opp Moonbeam Wk,Holland Rd,1.31958369390988,103.7824392109149
12031,958.3500000000001,0.17723170031825533,0.21192674910001558,8,balanced,Pandan Valley Condo,Ulu Pandan Rd,1.3208008510991,103.7796285552172
12039,566.3,0.23432809464947907,0.180734592971923,7,balanced,Opp Pandan Valley Condo,Ulu Pandan Rd,1.32104526183447,103.78018998386835
12041,383.05,0.16068398381412347,0.2472262106774572,17,PM-peak boarding,Aft Pandan Valley,Ulu Pandan Rd,1.320555,103.776423
12049,368.45,0.19921291898493693,0.2653005835255801,8,balanced,Opp Pandan Valley,Ulu Pandan Rd,1.32091131971837,103.77655888991401
12051,396.5999999999999,0.18734241048915792,0.17347453353504794,11,balanced,Pine Gr Condo,Ulu Pandan Rd,1.3204289505949,103.7750613105408
12059,252.80000000000004,0.2909414556962025,0.14299841772151897,8,AM-peak boarding,Opp Pine Gr Condo,Ulu Pandan Rd,1.32072731097778,103.77515897833835
12061,907.5999999999999,0.1626817981489643,0.26851035698545617,18,PM-peak boarding,Blk 109,Clementi Rd,1.32178500189496,103.77087339859139
12069,643.6500000000001,0.2299386312436883,0.17921230482405032,8,balanced,Opp Blk 109A,Clementi Rd,1.32143306,103.7710419
12071,338.90000000000003,0.2357627618766598,0.17910888167601058,8,balanced,Blk 116,Clementi Rd,1.32402249998323,103.77219388896603
12079,561.3,0.2519151968644219,0.13263851772670587,8,AM-peak boarding,Opp Blk 116,Clementi Rd,1.32383187575187,103.77263094375739
12081,133.25000000000003,0.08630393996247653,0.37636022514071293,17,PM-peak boarding,Clementi N'hood Pk,Clementi Rd,1.325271111,103.774235
12089,257.09999999999997,0.09451575262543757,0.4319330999611047,17,PM-peak boarding,Opp Maju Camp,Clementi Rd,1.32626394,103.775707882134
12091,5902.799999999999,0.008394321339025547,0.3392118994375551,18,PM-peak boarding,SIM Campus,Clementi Rd,1.32918315486756,103.7771471166854
12099,2784.2000000000007,0.03347460670928812,0.3227318439767257,18,PM-peak boarding,Opp SIM Campus,Clementi Rd,1.32783806,103.7767036
12101,2978.55,0.020731564016048077,0.32279129106444404,17,PM-peak boarding,Ngee Ann Poly,Clementi Rd,1.33243896358504,103.77768506316727
12109,1765.55,0.043131035654611884,0.3226756534790859,17,PM-peak boarding,Opp Ngee Ann Poly,Clementi Rd,1.33081944,103.7780086
12111,117.2,0.046501706484641636,0.19581911262798637,16,PM-peak boarding,Bef Clementi Rd,Ulu Pandan Rd,1.3191179107649,103.77222980786665
12119,236.55,0.15028535193405199,0.21411963644049878,16,balanced,Police KINS Trg Camp,Ulu Pandan Rd,1.31964598192789,103.77279266281438
12121,460.85,0.17109688618856458,0.1319301291092546,10,balanced,Blk 7,Ghim Moh Rd,1.31164833301814,103.7871516670319
12129,326.24999999999994,0.3019157088122606,0.13042145593869733,8,AM-peak boarding,Blk 3,Ghim Moh Rd,1.31182111096862,103.78732611099163
12131,16.2,0.1728395061728395,0.1851851851851852,16,balanced,Aft Grove Ave,Mt Sinai Rd,1.3141594439742,103.785061666981
12139,153.1,0.3099281515349445,0.16263879817113,7,AM-peak boarding,Aft Mt Sinai Lane,Mt Sinai Rd,1.31453185933289,103.78504157068625
12141,95.15,0.060430898581187595,0.15712033631108777,13,PM-peak boarding,Opp Henry Pk,Mt Sinai Rd,1.31574389841394,103.78239154819083
12149,319.15,0.17938273539088204,0.1493028356572145,13,balanced,Henry Pk,Mt Sinai Rd,1.31576900455367,103.78266099158458
12151,23.75,0.2547368421052632,0.11368421052631579,9,AM-peak boarding,Bef Moonbeam Terr,Moonbeam Walk,1.31865064467378,103.78127574919664
12169,121.64999999999998,0.321002877106453,0.1311138512124949,8,AM-peak boarding,Pandan Valley,Pandan Valley,1.31916549240365,103.77724170687915
12179,377.3999999999999,0.2775569687334394,0.12599364069952307,8,AM-peak boarding,Montview,Mt Sinai Rise,1.31679504687757,103.7769949436126
12189,140.95,0.35792834338417884,0.1621142249024477,7,AM-peak boarding,Bef Mt Sinai Dr,Mt Sinai Rise,1.31642693680141,103.78022402243116
12199,193.45000000000002,0.32592401137244764,0.12018609459808735,8,AM-peak boarding,Opp Village Twr,Mt Sinai Rise,1.31547998901343,103.77820622498255
12201,291.95,0.0772392532967974,0.5483815721870184,17,PM-peak boarding,Bet Clementi Loop,Clementi Ave 6,1.32670826856501,103.76399509585458
12209,635.5,0.1125098347757671,0.45153422501966956,17,PM-peak boarding,Opp Clementi Loop,Clementi Ave 6,1.32653202760922,103.76429968220569
12211,56.35000000000001,0.19254658385093168,0.18278615794143743,16,balanced,Bef Mt Sinai Wk,Mt Sinai Dr,1.31721336095462,103.78070712088581
13011,1955.6000000000001,0.16480875434649211,0.30765493966046226,18,PM-peak boarding,Napier Stn Exit 2,Napier Rd,1.306504,103.81932
13019,1364.8500000000001,0.12503205480455726,0.20841118071582954,12,PM-peak boarding,Napier Stn Exit 1,Napier Rd,1.3067380217198,103.82013079894885
13021,145.4,0.0453920220082531,0.3005502063273728,15,PM-peak boarding,Aft Min of Foreign Affairs,Holland Rd,1.30633972996805,103.81430670816292
13029,241.50000000000003,0.05527950310559005,0.33975155279503105,17,PM-peak boarding,Bef Tyersall Ave,Holland Rd,1.30671783282361,103.8145185880206
13031,263.6,0.12291350531107738,0.2551213960546282,17,PM-peak boarding,Opp Chatsworth Rd,Tanglin Rd,1.29912972200223,103.81707388901162
13039,189.24999999999997,0.18573315719947164,0.20634081902245707,15,balanced,Bef Chatsworth Rd,Tanglin Rd,1.29981572699945,103.81744265557978
13041,81.75,0.10275229357798166,0.2978593272171254,18,PM-peak boarding,Aft Camp Rd,Tanglin Rd,1.30242834318416,103.81967634723284
13049,45.6,0.106359649122807,0.20614035087719298,12,PM-peak boarding,Bef Rochalie Dr,Tanglin Rd,1.30261671321463,103.82045069624506
13051,1922.5,0.18169050715214563,0.24642392717815345,8,balanced,Opp Valley Pt,River Valley Rd,1.29334305906356,103.8263656209055
13059,700.1000000000001,0.1626910441365519,0.22103985144979285,8,balanced,Valley Pt,River Valley Rd,1.29328273601932,103.82663492676832
13062,656.9499999999998,0.27102519217596477,0.18121622650125585,8,balanced,Stellar RV,River Valley Rd,1.29476674399435,103.82853268161283
13063,345.90000000000003,0.1647875108412836,0.21538016767851978,8,balanced,RV Suites,River Valley Rd,1.29534692836828,103.82964309110659
13069,506.75,0.21667488899851997,0.20473606314750864,8,balanced,RV Residences,River Valley Rd,1.29488000002792,103.82880805602646
13071,975.7500000000001,0.20548296182423775,0.2184985908275685,8,balanced,Great World Stn Exit 5,River Valley Rd,1.296373,103.833056
13079,447.8999999999999,0.18251841929002013,0.20953337798615765,8,balanced,Great World Stn Exit 4,River Valley Rd,1.29612213279141,103.83229211134126
13081,715.1500000000001,0.2588268195483465,0.15682024750052434,8,AM-peak boarding,St. Thomas Wk,River Valley Rd,1.295875,103.836253
13089,533.05,0.19247725354094364,0.16086671043992123,13,balanced,Opp St. Thomas Wk,River Valley Rd,1.29575111096804,103.83604111103381
13091,1332.3999999999999,0.13877214049834885,0.19843890723506455,8,balanced,Aft Kim Yam Rd,River Valley Rd,1.295871,103.839349
13099,1204.55,0.11381843842098711,0.2189614378813665,17,PM-peak boarding,Bef Kim Yam Rd,River Valley Rd,1.29578024244395,103.83961272081199
13101,543.3,0.1492729615313823,0.2335726118166759,8,PM-peak boarding,Opp Mohd Sultan Rd,River Valley Rd,1.29414162678811,103.84231209757696
13109,1167.25,0.11402869993574641,0.31989719426001284,18,PM-peak boarding,UE Sq/Bef Mohd Sultan Rd,River Valley Rd,1.29350944398488,103.84272416702719
13119,1125.8,0.1315064842778469,0.22681648605436133,19,PM-peak boarding,Great World Stn Exit 3,Kim Seng Rd,1.29425,103.832501
13121,1367.3999999999999,0.11708351616205939,0.23456925552142754,18,PM-peak boarding,Opp Great World City,Zion Rd,1.29409221679274,103.8308377640795
13141,733.2500000000001,0.155472212751449,0.3257415615410842,17,PM-peak boarding,Aft Zion Full Gospel Ch,Hoot Kiam Rd,1.29763682834545,103.82997986347917
13159,275.20000000000005,0.17569040697674412,0.20367005813953484,8,balanced,Bef Zion Full Gospel Ch,Irwell Bank Rd,1.29796011528522,103.83053183555204
13169,32.65,0.2664624808575804,0.13476263399693722,8,AM-peak boarding,Grange 80 Condo,Grange Rd,1.29910305180416,103.82839289158527
13171,173.45000000000005,0.19400403574517147,0.24848659556068026,8,balanced,Gramercy Pk,Grange Rd,1.29906809120339,103.82650703485064
13179,76.25000000000001,0.11475409836065571,0.18229508196721306,16,PM-peak boarding,Cliveden At Grange,Grange Rd,1.29925749997453,103.82665250000115
13181,47.65,0.06610703043022036,0.2549842602308499,15,PM-peak boarding,Aft One Tree Hill,Grange Rd,1.30023223661153,103.82403473005562
13189,25.34999999999999,0.16765285996055232,0.11637080867850101,9,balanced,Bef One Tree Hill,Grange Rd,1.30038166697497,103.82414749997376
13191,404.6499999999999,0.15383664895588783,0.25639441492647974,8,PM-peak boarding,Opp Orchard Stn Exit 12,Paterson Rd,1.302461,103.8297819
13199,945.8,0.16039331782617888,0.2533305138507084,18,PM-peak boarding,Aft Orchard Stn Exit 12,Paterson Rd,1.302127,103.829875
13201,154.15000000000006,0.04573467401881283,0.17158611741809918,11,PM-peak boarding,British High Commission,Tanglin Rd,1.30453622259471,103.82209559895128
13209,144.10000000000002,0.08119361554476057,0.23525329632199857,9,PM-peak boarding,Opp British High Comsn,Tanglin Rd,1.3040310710651,103.82205605505206
14009,2454.3,0.055779652039278003,0.3333129609257222,18,PM-peak boarding,HarbourFront Int,Seah Im Rd,1.26703502614245,103.81901469907409
14011,96.19999999999997,0.1122661122661123,0.29937629937629945,18,PM-peak boarding,Bef Mt Faber Lodge,Kg Bahru Rd,1.26795444,103.8255261
14019,218.6,0.13860933211344922,0.1322049405306496,10,balanced,Opp Mt Faber Lodge,Kg Bahru Rd,1.2684889249437,103.82571717446542
14021,148.65,0.22334342415068956,0.15708039017827108,7,balanced,The Pearl @ Mt Faber,Lower Delta Rd,1.27132972198996,103.82478361101728
14029,1300.55,0.27765176271577413,0.14413132905309292,8,AM-peak boarding,Blk 105,Lower Delta Rd,1.27247333301883,103.82418777803016
14031,2065.5499999999997,0.22713078840986664,0.16111931446830144,7,balanced,St. Theresa's Convent,Lower Delta Rd,1.27624277802151,103.82306027800865
14039,999.6499999999997,0.1684089431300956,0.19946981443505235,13,balanced,Opp St. Theresa's Convent,Lower Delta Rd,1.27663637861466,103.82345826768822
14041,697.8500000000001,0.2572185999856702,0.1334814071791932,7,AM-peak boarding,Blk 54,Henderson Rd,1.2732727805917,103.81247079301698
14049,783.9500000000002,0.3280821480961795,0.1181197780470693,8,AM-peak boarding,Opp Blk 55,Henderson Rd,1.27324166755337,103.81304231999674
14051,409.2,0.2546432062561095,0.2005131964809384,7,balanced,Aft Telok Blangah Hts,Henderson Rd,1.275847,103.815157
14059,461.65,0.18130618433878481,0.21260695331961446,8,balanced,Bef Telok Blangah Hts,Henderson Rd,1.276025,103.815613
14061,113.15000000000002,0.06937693327441448,0.3954927087936367,18,PM-peak boarding,Opp Cantonment Stn Exit 4,Keppel Rd,1.27231269789239,103.83862035734883
14069,180.95,0.11467256148107213,0.30450400663166627,18,PM-peak boarding,Cantonment Stn Exit 4,Keppel Rd,1.272538056,103.8364069
14071,23.300000000000004,0.04935622317596565,0.3862660944206008,18,PM-peak boarding,Keppel Workshop,Keppel Rd,1.27220342411953,103.8339025862589
14081,49.65,0.2104733131923464,0.21450151057401814,8,balanced,Keppel Stn Exit 3,Keppel Rd,1.270896111,103.8308919
14089,27.199999999999996,0.14338235294117652,0.3602941176470588,18,PM-peak boarding,Keppel Stn Exit 2,Keppel Rd,1.27046005041763,103.829792773326
14101,64.8,0.11265432098765434,0.22839506172839508,18,PM-peak boarding,Opp Keppel DP Blk 517,Keppel Rd,1.26837500002503,103.82825805600972
14109,176.14999999999998,0.23673005960828844,0.25801873403349423,8,balanced,Keppel DP Blk 517,Keppel Rd,1.26804601553507,103.82722490505579
14119,3534.3,0.07814843108960758,0.29707438530967945,18,PM-peak boarding,Opp VivoCity,Telok Blangah Rd,1.26592360897281,103.8222827803663
14121,1683.6999999999998,0.1755063253548732,0.25663716814159293,8,balanced,Opp HarbourFront Int,Telok Blangah Rd,1.26591350024271,103.81925660621779
14129,2907.0499999999997,0.10321459899210542,0.2948177705921811,18,PM-peak boarding,HarbourFront Stn Exit A,Telok Blangah Rd,1.26607869101924,103.81977877391114
14131,1121.15,0.19319448780270257,0.2531329438522945,7,balanced,Caribbean at Keppel Bay,Telok Blangah Rd,1.26740130257465,103.81675441150337
14139,566.4,0.2688029661016949,0.16137005649717515,8,AM-peak boarding,Bef Seah Im Rd,Telok Blangah Rd,1.2686352773503,103.81546952380809
14141,8162.450000000001,0.14683704034940487,0.22846081752415023,8,PM-peak boarding,HarbourFront Stn/Vivocity,Telok Blangah Rd,1.26552421466644,103.82211326846237
14151,678.2,0.22375405485107636,0.20296372751400762,7,balanced,Opp Hotel Faber Pk,Telok Blangah Rd,1.26964765905364,103.8129359412343
14159,914.3,0.23094170403587447,0.19512195121951223,8,balanced,Hotel Faber Pk,Telok Blangah Rd,1.26994046445496,103.81315419081787
14161,2449.9500000000003,0.30908794057021566,0.13916610543072308,8,AM-peak boarding,Telok Blangah Stn,Telok Blangah Rd,1.27075866533548,103.81009913005327
14169,2192.9000000000005,0.21309681244014766,0.21758858133065798,8,balanced,Opp Telok Blangah Stn,Telok Blangah Rd,1.27118550385957,103.80941810434497
14171,221.70000000000002,0.21538114569237707,0.18899413622011726,8,balanced,Opp Yeo's Bldg,Telok Blangah Rd,1.27145959833005,103.80654857059398
14179,225.2,0.3219360568383659,0.15097690941385436,8,AM-peak boarding,Yeo's Bldg,Telok Blangah Rd,1.27188454577735,103.80630000533797
14189,343.65000000000003,0.05587079877782627,0.44056452786265093,18,PM-peak boarding,Aft Alexandra Rd,Telok Blangah Rd,1.27269303340787,103.80398363214624
14191,591.95,0.2126868823380353,0.26412703775656726,17,balanced,Blk 105 CP,Depot Rd,1.28121833300943,103.81211444400743
14199,574.75,0.20469769464984777,0.19625924314919532,8,balanced,Blk 118,Depot Rd,1.28131676735406,103.81275056370772
14201,1093.1999999999998,0.18413830954994514,0.20892791803878527,15,balanced,Blk 110,Depot Rd,1.28167307267242,103.80914683892263
14209,702.9000000000001,0.20038412291933416,0.19611609048228762,15,balanced,Aft Hewlett Packard,Depot Rd,1.28176397706369,103.80958869712056
14211,570.5500000000001,0.026202786784681444,0.43659626676014374,17,PM-peak boarding,ISS Intl Sch,Depot Rd,1.28161168409316,103.80521877469815
14219,365.95000000000005,0.10206312337751058,0.34936466730427645,17,PM-peak boarding,Opp Blk 114,Depot Rd,1.28218647936578,103.80684961252827
14221,383.7000000000001,0.17461558509252015,0.11310919989575187,13,AM-peak boarding,Opp Ch of St. Teresa,Kg Bahru Rd,1.27359332247784,103.82893371728431
14229,851.65,0.26207949274936887,0.10274173662889685,13,AM-peak boarding,Ch of St. Teresa,Kg Bahru Rd,1.27370670186653,103.82857888915174
14231,512.05,0.15789473684210525,0.3384435113758423,17,PM-peak boarding,Keppel DP Blk 519,Kg Bahru Rd,1.27100999999332,103.82667222202473
14239,958.2000000000002,0.22114381131287825,0.2785952828219578,8,balanced,Opp Keppel DP Blk 519,Kg Bahru Rd,1.27178138152481,103.8271423936315
14241,1558.3500000000001,0.11297205377482593,0.4350113902525107,18,PM-peak boarding,Opp Blk 1,Henderson Rd,1.27914353103301,103.8168725087535
14249,1731.1,0.10450002888336897,0.47423603489110977,18,PM-peak boarding,Blk 1,Henderson Rd,1.279469339,103.8173996
14259,469.6000000000001,0.16716354344122655,0.15215076660988072,8,balanced,Blk 11,Telok Blangah Cres,1.27784501068205,103.81865821941
14269,747.6999999999999,0.16972047612678884,0.15079577370603184,8,balanced,Blk 10,Telok Blangah Cres,1.27758480623244,103.81999451121168
14271,372.85,0.2179160520316481,0.17701488534263107,8,balanced,Al-Amin Mque,Telok Blangah Way,1.27568194286532,103.81914854048932
14279,2181.6,0.18426842684268427,0.1877979464613128,8,balanced,Blk 25,Telok Blangah Way,1.27591552267791,103.81920892602811
14281,1100.2499999999995,0.17373324244489896,0.20222676664394465,8,balanced,SAFRA Mt Faber,Telok Blangah Way,1.27699671573899,103.81804377490617
14291,989.5999999999998,0.21544058205335492,0.1669866612772838,8,balanced,Blk 27,Telok Blangah Way,1.27468440821038,103.82132649422054
14299,680.2000000000002,0.2524257571302557,0.15840929138488677,7,AM-peak boarding,Opp Blk 27,Telok Blangah Way,1.27488820445716,103.82127132943862
14309,336.54999999999995,0.20546724112316153,0.13831525776259102,7,balanced,Blk 41,Telok Blangah Rise,1.27128899958763,103.82302593897191
14319,234.54999999999998,0.18823278618631423,0.18418247708377744,7,balanced,Blk 28,Telok Blangah Rise,1.273483,103.820637
14329,592.6,0.19355383057711778,0.14090448869389133,8,balanced,Blk 67,Telok Blangah St 32,1.274547,103.809425
14331,637.5499999999998,0.27770370951297946,0.1295584660026665,8,AM-peak boarding,Opp Blk 70B,Telok Blangah Hts,1.27694611110347,103.8110680555484
14339,391.45,0.22646570443223912,0.1766509132711713,8,balanced,Blk 70A,Telok Blangah Hts,1.276660654539,103.81124504785828
14341,294.65000000000003,0.247242491091125,0.11844561343967418,8,AM-peak boarding,Opp Blk 59,Telok Blangah Hts,1.2759338888633,103.81347388887318
14349,137.7,0.1506899055918664,0.17211328976034862,8,balanced,Blk 59,Telok Blangah Hts,1.27579029839825,103.81339813671549
14351,249.10000000000002,0.16840626254516258,0.28081091930951424,18,PM-peak boarding,Aft Blk 48,Telok Blangah Dr,1.27275000000424,103.81036111111034
14359,316.6000000000001,0.189671509791535,0.14197725837018316,8,balanced,Blk 50,Telok Blangah Dr,1.27289055599998,103.81035027797056
14369,340.25,0.2734753857457752,0.1945628214548126,7,balanced,The Interlace,Depot Rd,1.28153635758335,103.80365927155157
14379,1113.3,0.22586005569029016,0.16096290308093056,7,balanced,Blk 40,Lower Delta Rd,1.27243833303297,103.82379361102515
14381,1780.0000000000002,0.20943820224719095,0.14691011235955054,8,balanced,Blk 109,Bt Purmei Ave,1.27413014152159,103.82554290547176
14389,648.1,0.19696034562567505,0.1184230828575837,13,AM-peak boarding,Aft Radin Mas Pr Sch,Bt Purmei Ave,1.27428160509375,103.82500895193466
14391,563.6500000000001,0.2593808214317395,0.13137585380998848,7,AM-peak boarding,Opp Blk 85,Telok Blangah Hts,1.27790999999895,103.80858611110148
14399,640.5999999999999,0.261629722135498,0.12823915079612866,8,AM-peak boarding,Blk 85,Telok Blangah Hts,1.27763662023223,103.80858552939208
14471,572.6499999999999,0.18833493407840743,0.3160743909892605,18,PM-peak boarding,Blk 114,Depot Rd,1.28201169102423,103.80664978771298
14489,225.39999999999998,0.1821206743566992,0.16459627329192544,8,balanced,Blk 36 Mkt/FC,Telok Blangah Rise,1.272377,103.82159
14491,315.45,0.16833095577746077,0.1562846726898082,12,balanced,Opp Telok Blangah Mkt/FC,Telok Blangah Dr,1.27278805556375,103.8079488888896
14499,131.85,0.1789912779673872,0.13196814562002274,9,balanced,Telok Blangah Mkt/FC,Telok Blangah Dr,1.27291305557456,103.8078211111249
14501,463.04999999999995,0.29176114890400606,0.1375661375661376,7,AM-peak boarding,Opp Blk 91A,Telok Blangah St 31,1.27687216148362,103.80648081848618
14509,486.20000000000005,0.294220485396956,0.1678321678321678,8,AM-peak boarding,Blk 92B,Telok Blangah St 31,1.275651111,103.8068061
14519,59.65,0.008382229673093043,0.3210393964794635,20,PM-peak boarding,Resorts World Sentosa,Sentosa Gateway,1.256714167,103.8208411
14521,1.4500000000000002,0.0,0.27586206896551724,14,PM-peak boarding,Village Hotel,Artillery Ave,1.253596111,103.820425
14529,132.5,0.10264150943396226,0.31094339622641504,22,PM-peak boarding,Opp Village Hotel,Artillery Ave,1.25322611,103.8212169
14539,303.45000000000005,0.006590871642774756,0.35771955841159986,20,PM-peak boarding,Beach Stn Ter,Beach View,1.25142694,103.818545
15041,3456.4,0.05705358176137021,0.44669309107742156,18,PM-peak boarding,Alexandra Retail Ctr,Alexandra Rd,1.274632,103.801892
15049,803.7500000000001,0.0559253499222395,0.3907931570762052,18,PM-peak boarding,Opp Alexandra Retail Ctr,Alexandra Rd,1.274590541032,103.80216344738955
15051,1825.8,0.025577828896921898,0.5722423047431263,18,PM-peak boarding,Alexandra Pt,Alexandra Rd,1.276978,103.8023815
15059,1108.75,0.01907553551296505,0.5856595264937993,18,PM-peak boarding,Opp Alexandra Pt,Alexandra Rd,1.27686194443878,103.80270111113056
15071,179.79999999999998,0.246384872080089,0.12430478309232483,7,AM-peak boarding,Opp Lor Sarhad,Sth Buona Vista Rd,1.28142472197061,103.78701416697068
15079,112.55000000000001,0.23456241670368722,0.1528209684584629,8,AM-peak boarding,Aft Lor Sarhad,Sth Buona Vista Rd,1.28077893732919,103.78682778221345
15091,69.7,0.10545193687230989,0.32568149210903874,17,PM-peak boarding,Opp Natl Leadership Inst,Sth Buona Vista Rd,1.28290732015735,103.78781105381566
15099,40.6,0.11822660098522168,0.41379310344827586,17,PM-peak boarding,Natl Leadership Inst,Sth Buona Vista Rd,1.28305620100972,103.78789349372825
15101,1.95,0.10256410256410257,0.4615384615384615,17,PM-peak boarding,Opp LP 31,Sth Buona Vista Rd,1.28617611097876,103.78562083299963
15109,0.65,0.0,0.5384615384615385,19,PM-peak boarding,LP 30,Sth Buona Vista Rd,1.28591970870508,103.78581066082835
15111,132.5,0.03132075471698113,0.6188679245283017,17,PM-peak boarding,Sci Pk 2/The Galen,Sth Buona Vista Rd,1.28676277798099,103.78484166701072
15119,9.8,0.06122448979591836,0.5765306122448979,17,PM-peak boarding,Opp Sci Pk 2/The Galen,Sth Buona Vista Rd,1.28703802671813,103.78501111787651
15121,235.24999999999997,0.02741764080765144,0.622529224229543,17,PM-peak boarding,Sci Pk 2/The Gemini,Sth Buona Vista Rd,1.2889414210404,103.78373044277906
15129,9.25,0.02702702702702703,0.5513513513513514,17,PM-peak boarding,Opp Sci Pk 2/The Gemini,Sth Buona Vista Rd,1.28916467783169,103.78401870729115
15131,215.6,0.06910946196660482,0.41720779220779225,18,PM-peak boarding,Kent Ridge Stn,Sth Buona Vista Rd,1.29254343742409,103.78448903561744
15139,1363.8500000000001,0.24643472522638118,0.22319169996700514,8,balanced,Kent Ridge Stn Exit B,Sth Buona Vista Rd,1.29241000003008,103.7845849999835
15141,575.6999999999999,0.054802848705923224,0.3969949626541602,18,PM-peak boarding,Labrador Pk Stn,Pasir Panjang Rd,1.27275860463579,103.80095947823813
15149,545.0,0.03972477064220183,0.4577981651376147,18,PM-peak boarding,Opp Labrador Pk Stn,Pasir Panjang Rd,1.27341871854745,103.80055546758587
15151,608.55,0.03450825733300469,0.6029085531180676,18,PM-peak boarding,Opp Mapletree Biz City,Pasir Panjang Rd,1.27389192906939,103.79822208982421
15159,948.2500000000001,0.02146058528868969,0.6035328236224624,18,PM-peak boarding,Mapletree Business City,Pasir Panjang Rd,1.27426303773784,103.79839350407595
15161,762.0,0.05098425196850394,0.5673228346456693,18,PM-peak boarding,Opp HarbourSide Bldg 2,Pasir Panjang Rd,1.27443806198132,103.79666055940478
15169,920.2000000000002,0.042925450988915446,0.5278200391219299,18,PM-peak boarding,HarbourSide Bldg 2,Pasir Panjang Rd,1.27481499269165,103.79673994290195
15181,22.250000000000007,0.08089887640449436,0.30337078651685384,18,PM-peak boarding,1A Sci Pk Dr (Geneo),Science Pk Dr,1.29108496444522,103.78541356072027
15189,67.75000000000001,0.005166051660516604,0.625830258302583,17,PM-peak boarding,Ascent,Science Pk Dr,1.29079779477822,103.78550255759306
15191,1321.75,0.18032910913561567,0.33554000378286364,18,PM-peak boarding,Pasir Panjang Stn/FC,Pasir Panjang Rd,1.27581227029734,103.79263571257981
15199,849.8,0.2402329959990586,0.21269710520122384,8,balanced,Opp Currency Hse,Pasir Panjang Rd,1.27604240853686,103.79318399639808
15201,112.25000000000001,0.18663697104677057,0.25835189309576834,17,balanced,Aft Pasir Panjang Stn,Pasir Panjang Rd,1.27680819120105,103.78970861437152
15209,274.55,0.2256419595702058,0.21161901293024948,8,balanced,Bef Pasir Panjang Stn,Pasir Panjang Rd,1.27706561928684,103.79023432729963
15211,22.55,0.20842572062084258,0.13303769401330376,6,AM-peak boarding,Opp Pasir View Pk,Pasir Panjang Rd,1.27792442096507,103.78642808592167
15219,281.80000000000007,0.23953158268275368,0.17618878637331434,8,balanced,Pasir View Pk,Pasir Panjang Rd,1.27818114088895,103.78701031206879
15221,983.55,0.223374510701032,0.16150678664023183,8,balanced,Aft Sth Buona Vista Rd,Pasir Panjang Rd,1.27949923466491,103.78548955401584
15229,660.6500000000002,0.20540376901536359,0.20502535381820927,8,balanced,Bef Sth Buona Vista Rd,Pasir Panjang Rd,1.27937638961898,103.78572727156029
16009,1632.05,0.07251616065684262,0.2959161790386324,18,PM-peak boarding,Kent Ridge Ter,Clementi Rd,1.29425341056334,103.76988323197696
16011,3095.25,0.21712301106534204,0.2493498101930377,8,balanced,Opp Haw Par Villa Stn,Pasir Panjang Rd,1.28277766355314,103.78186930413443
16019,1198.8500000000001,0.2502398131542728,0.22000250239813152,8,balanced,Haw Par Villa Stn,Pasir Panjang Rd,1.28278078585184,103.78217614858187
16021,79.44999999999999,0.04027690371302707,0.4128382630585275,18,PM-peak boarding,Opp Gloria Mansion,Pasir Panjang Rd,1.28625793147796,103.77981027693801
16029,113.19999999999999,0.08745583038869259,0.35291519434628976,18,PM-peak boarding,Gloria Mansion,Pasir Panjang Rd,1.28608472200879,103.78022138902949
16031,564.75,0.02089420097388225,0.3126162018592297,17,PM-peak boarding,Opp S'pore Science Pk II,Pasir Panjang Rd,1.28800629048399,103.77846479413628
16039,1303.4499999999996,0.02658329817024052,0.39859603360313034,17,PM-peak boarding,S'pore Science Pk II,Pasir Panjang Rd,1.28799020188116,103.77872029260048
16041,549.8,0.07084394325209169,0.3142961076755184,17,PM-peak boarding,Opp Luxe Ville,Pasir Panjang Rd,1.2893086506189,103.77660095143266
16049,744.3999999999999,0.13843363782912416,0.4422353573347664,17,PM-peak boarding,Whitehaven,Pasir Panjang Rd,1.28910696351866,103.77738952047318
16051,161.3,0.11097334159950402,0.27309361438313695,17,PM-peak boarding,The Crystal Tabernacle Ch,Pasir Panjang Rd,1.29014861601908,103.77426036615236
16059,224.00000000000003,0.22700892857142854,0.1995535714285714,8,balanced,Jamiyah Halfway Hse,Pasir Panjang Rd,1.289675,103.7759325
16061,1198.45,0.03158246067837624,0.32166548458425465,17,PM-peak boarding,Opp Heng Mui Keng Terr,Pasir Panjang Rd,1.29046257201356,103.77356171611027
16069,1370.4499999999998,0.06005326717501551,0.37750373964756107,17,PM-peak boarding,Heng Mui Keng Terr,Pasir Panjang Rd,1.290648611,103.7736967
16071,201.60000000000002,0.1155753968253968,0.25049603174603174,17,PM-peak boarding,Opp Pasir Panjang PO,Pasir Panjang Rd,1.29129940835907,103.77117221155989
16079,260.40000000000003,0.24481566820276496,0.1900921658986175,8,balanced,Bef Pasir Panjang PO,Pasir Panjang Rd,1.29141111,103.7712964
16081,568.75,0.07709890109890111,0.2278681318681319,17,PM-peak boarding,Aft Palm Green Condo,Pasir Panjang Rd,1.29195777797363,103.76866138900287
16089,692.7999999999998,0.14455831408775985,0.18490184757505776,8,balanced,Aft Clementi Rd,Pasir Panjang Rd,1.29201138346787,103.76908420716119
16091,1525.2999999999997,0.013735002950239298,0.3864485674949191,18,PM-peak boarding,NUS Sports Ctr,AYE,1.299478,103.779229
16099,392.0,0.02321428571428572,0.21823979591836737,15,PM-peak boarding,Opp NUS Sports Ctr,AYE,1.30061249997689,103.77815138886747
16101,63.550000000000004,0.03697875688434304,0.48229740361919743,17,PM-peak boarding,Inst of Micro-electronics,Science Pk Rd,1.28923831874246,103.77969239279669
16109,401.15000000000003,0.02667331422161286,0.3822759566247039,17,PM-peak boarding,The Alpha,Science Pk Rd,1.28911169277414,103.77950843257454
16111,115.15,0.004776378636561007,0.5918367346938775,17,PM-peak boarding,Aries,Science Pk Rd,1.28700981956328,103.7828311158184
16119,192.75,0.026459143968871595,0.5130998702983138,18,PM-peak boarding,Teletech Pk,Science Pk Rd,1.28697650703193,103.78260551222012
16121,231.24999999999997,0.0678918918918919,0.5230270270270271,17,PM-peak boarding,Galen,Science Pk Rd,1.28651130049582,103.78345136824991
16131,613.65,0.11553817322578018,0.30082294467530357,17,PM-peak boarding,Opp Kent Ridge Ter,Clementi Rd,1.29487639088562,103.76935201010454
16139,71.45,0.07907627711686495,0.3617914625612316,17,PM-peak boarding,Bef Kent Ridge Ter,Clementi Rd,1.29537944399618,103.76974861100446
16141,558.45,0.016384636046199302,0.3667293401378816,20,PM-peak boarding,Tentera Diraja Mque,Clementi Rd,1.29786833526113,103.76959523650599
16149,337.9,0.021604024859425867,0.38324948209529447,18,PM-peak boarding,SDE3,Clementi Rd,1.29781833402646,103.76994027003138
16151,1403.15,0.04219078501942059,0.33396286925845414,18,PM-peak boarding,The Japanese Pr Sch,Clementi Rd,1.30076138899694,103.76993555602371
16159,413.45000000000005,0.06736001934937719,0.2825009070020558,20,PM-peak boarding,Coll of Design & Engrg,Clementi Rd,1.30060333385651,103.77017032679849
16161,52.35,0.030563514804202486,0.23209169054441262,17,PM-peak boarding,NUS Museums,Kent Ridge Cres,1.30107500001488,103.77369416698464
16169,987.0999999999999,0.022236855435112963,0.39474217404518286,18,PM-peak boarding,NUS Raffles Hall,Kent Ridge Cres,1.30098333297992,103.77270416701658
16171,61.85,0.033953112368633784,0.22150363783346805,17,PM-peak boarding,Yusof Ishak Hse,Kent Ridge Cres,1.29890150201437,103.77438231319462
16179,901.1,0.007435356786150261,0.39379647097991344,18,PM-peak boarding,Opp Yusof Ishak Hse,Kent Ridge Cres,1.29898164227099,103.7741773272528
16181,40.0,0.00625,0.39499999999999996,17,PM-peak boarding,Ctrl Lib,Kent Ridge Cres,1.29656572408064,103.77254247664239
16189,1715.1999999999998,0.006704757462686568,0.4262476679104478,17,PM-peak boarding,Information Technology,Kent Ridge Cres,1.297228,103.772756
16191,0.9500000000000002,0.0,0.26315789473684204,16,PM-peak boarding,Aft Kent Ridge Dr,Kent Ridge Cres,1.29614307417349,103.7703702141818
16199,445.05,0.014492753623188406,0.41837995730816757,17,PM-peak boarding,Aft Architecture Dr,Kent Ridge Cres,1.29639303583424,103.77072917887465
16201,208.10000000000002,0.2270543008169149,0.1655454108601634,8,balanced,Barossa Gdns,Pasir Panjang Rd,1.28130063164133,103.78410758834183
16209,139.7,0.25375805297065146,0.15891195418754478,9,AM-peak boarding,Horizon Residences,Pasir Panjang Rd,1.28159092769912,103.78400650244838
16211,2.15,0.023255813953488375,0.2790697674418605,18,PM-peak boarding,Wharves Bldg,West Coast Highway,1.27941861098854,103.78357583299086
16219,0.45,0.0,0.33333333333333337,9,PM-peak boarding,Opp Wharves Bldg,West Coast Highway,1.28015833301245,103.78362361100768
16221,444.25,0.307709622960045,0.2381541924592009,8,balanced,Opp Haw Par Villa Stn,West Coast Highway,1.28297585453544,103.78118424868649
16229,128.1,0.23692427790788448,0.3095238095238096,8,balanced,Haw Par Villa Stn,West Coast Highway,1.2830090731877,103.78159959377587
16231,409.40000000000003,0.06155349291646311,0.34465070835368833,17,PM-peak boarding,Wholesale Ctr,West Coast Highway,1.28635947284714,103.77852933168337
16239,128.55,0.04823026059898871,0.27693504472967717,16,PM-peak boarding,Opp Wholesale Ctr,West Coast Highway,1.28643527800393,103.77893444397212
16241,86.3,0.14716106604866744,0.33603707995365006,7,PM-peak boarding,Bef West Coast Pk,West Coast Highway,1.28910305603308,103.77352611096799
16249,38.400000000000006,0.062499999999999986,0.34375,17,PM-peak boarding,Bef Wholesale Ctr,West Coast Highway,1.28928277099215,103.77400682988979
16891,884.35,0.2336744501611353,0.16526262226494035,7,balanced,Opp Blk 420A,Clementi Ave 1,1.30982186660782,103.76816139829276
16991,901.05,0.07230453359968925,0.31751845069640977,14,PM-peak boarding,Opp Nan Hua High Sch,Clementi Ave 1,1.30777929773028,103.76988582423061
17009,17274.749999999996,0.16075196457256982,0.23723353449398693,18,balanced,Clementi Int,Clementi Ave 3,1.31491572870629,103.76412225438476
17011,249.15000000000003,0.12763395544852496,0.2646999799317679,17,PM-peak boarding,Opp Varsity Pk,West Coast Rd,1.29386900823232,103.76688187253777
17019,297.54999999999995,0.33305326835825916,0.14148882540749458,8,AM-peak boarding,Varsity Pk,West Coast Rd,1.2937974792702,103.76705176995323
17021,490.35,0.18282859182216785,0.185581727337616,7,balanced,Waseda S Snr High Sch,West Coast Rd,1.29673702633957,103.76691201794645
17029,670.9499999999999,0.28847157016171104,0.1284745510097623,8,AM-peak boarding,Opp Waseda S Snr High Sch,West Coast Rd,1.29694570097768,103.76710295331488
17031,917.65,0.08837792186563505,0.23429412085217677,14,PM-peak boarding,Kent Ridge Sec Sch,West Coast Rd,1.30172305827699,103.76567633935802
17039,646.9000000000001,0.12737671974029988,0.23635801514917296,14,PM-peak boarding,Opp Kent Ridge Sec Sch,West Coast Rd,1.3015316464856,103.76606427132043
17041,5006.799999999999,0.14603139729967246,0.19912918430933932,7,balanced,Blk 726 Clementi West Mkt,West Coast Rd,1.3042101570614,103.76455953939507
17049,1918.7499999999995,0.18824755700325738,0.15262540716612383,8,balanced,Blk 601,West Coast Rd,1.304845,103.764494
17051,932.4000000000002,0.27836765336765334,0.1409266409266409,8,AM-peak boarding,Opp Regent Pk,Clementi Ave 6,1.31726409983754,103.76240145648879
17059,1360.8999999999999,0.30472481446101846,0.14670438680285106,8,AM-peak boarding,Regent Pk,Clementi Ave 6,1.31694333299923,103.76170111103328
17061,589.0,0.2638370118845501,0.166723259762309,7,AM-peak boarding,Blk 701,West Coast Rd,1.30775834752765,103.76180505768346
17069,2184.0,0.2629349816849817,0.1686813186813187,7,AM-peak boarding,Opp Blk 701,West Coast Rd,1.3077663717505,103.76214066046377
17071,128.1,0.3110850897736143,0.19359875097580015,7,AM-peak boarding,Blk 513,West Coast Rd,1.30891781912545,103.76044433406533
17079,896.65,0.2892432944850276,0.15619249428428036,8,AM-peak boarding,Blk 512,West Coast Rd,1.30968304242083,103.75999360222924
17081,313.1499999999999,0.1837777422960243,0.20150087817339937,7,balanced,Aft West Coast Highway,West Coast Link,1.299503055534,103.76457888891022
17089,29.05,0.29087779690189325,0.13941480206540446,8,AM-peak boarding,Bef West Coast Cres,West Coast Link,1.299684,103.765425
17091,1249.75,0.10070014002800559,0.2771354270854171,18,PM-peak boarding,Aft Clementi Ave 1,Clementi Rd,1.30904805161426,103.77157783850733
17099,669.4999999999999,0.14391336818521286,0.1714712471994026,9,balanced,UTown - Cendana,Clementi Rd,1.3078304704809,103.77165274445558
17101,525.0999999999999,0.1913921157874691,0.19186821557798517,7,balanced,Blk 352,Clementi Rd,1.31487473157856,103.77179195235537
17109,749.0999999999999,0.2744626885596049,0.13963422773995463,8,AM-peak boarding,Opp Blk 352,Clementi Rd,1.31552714122807,103.77218311911328
17111,436.69999999999993,0.264598122280742,0.17643691321273186,8,balanced,Blk 343,Clementi Rd,1.31779809827118,103.77124639148465
17119,651.6999999999999,0.25748043578333596,0.11554396194568053,8,AM-peak boarding,Opp Blk 343,Clementi Rd,1.31728446989719,103.77193266319905
17121,2184.5499999999997,0.11034309125449179,0.2765558124098785,18,PM-peak boarding,Blk 610,AYE,1.30476410258543,103.76944539352431
17129,1328.05,0.2618877301306427,0.18297503859041453,8,balanced,Aft NUS High Sch,AYE,1.30514136653386,103.76985839745124
17131,391.55,0.09360234963606182,0.2588430596347848,15,PM-peak boarding,Clementi Flyover,AYE,1.3080413890204,103.76591111102081
17139,1002.9000000000001,0.3217668760594276,0.13480905374414195,8,AM-peak boarding,Aft Clementi Ave 2,AYE,1.307653,103.76674
17141,686.2999999999998,0.1626111030161737,0.29243770945650593,18,PM-peak boarding,Clementi Stadium,AYE,1.3109950000148,103.76349999999258
17149,1002.3499999999999,0.31620691375268123,0.1441113383548661,8,AM-peak boarding,Blk 426,AYE,1.31171515103681,103.76346179699715
17151,2322.9999999999995,0.22374085234610422,0.16704692208351274,7,balanced,Blk 410,C'wealth Ave West,1.31169519353522,103.76960993525367
17159,3823.5,0.2959853537334903,0.13842029554073493,8,AM-peak boarding,Blk 365,C'wealth Ave West,1.31197556,103.7698144
17161,1614.6999999999998,0.20564191490679387,0.26639623459466155,7,balanced,Blk 455,C'wealth Ave West,1.31240993603605,103.76685476875124
17169,1231.5000000000002,0.13625659764514816,0.2484368656110434,18,PM-peak boarding,Blk 329,C'wealth Ave West,1.31284527799656,103.76679666702314
17171,15814.400000000001,0.17330407729664102,0.26119549271549974,18,PM-peak boarding,Clementi Stn Exit A/Mall,C'wealth Ave West,1.315334,103.764861
17179,12679.950000000003,0.2136404323360896,0.209847041983604,8,balanced,Clementi Stn Exit B,C'wealth Ave West,1.31528191560846,103.76536000516927
17181,662.5999999999998,0.23007847872019324,0.1788409296709931,6,balanced,Opp Blk 317,C'wealth Ave West,1.31749570803723,103.7638854582427
17189,1235.85,0.31488449245458594,0.1314479912610754,8,AM-peak boarding,Blk 317,C'wealth Ave West,1.31790502165515,103.76406408827933
17191,1436.8000000000002,0.08181375278396436,0.3265590200445434,18,PM-peak boarding,NUS High Sch,Clementi Rd,1.30566944,103.7698914
17201,1784.45,0.27173638936366945,0.15169940317744962,8,AM-peak boarding,Blk 308,Clementi Ave 4,1.32055715133061,103.76734890374861
17211,111.84999999999997,0.24944121591417082,0.14126061689763078,7,AM-peak boarding,Bet Blks 315/318,Clementi Ave 4,1.31828806129678,103.7658972301256
17219,406.2,0.24076809453471196,0.15324963072378137,8,AM-peak boarding,Blk 376,Clementi Ave 4,1.31820000002277,103.76615861100824
17221,856.35,0.26221755123489227,0.14912127050855375,7,AM-peak boarding,Blk 377,Clementi Ave 5,1.31735631283972,103.76790022594946
17229,1216.1499999999999,0.2597952555194672,0.13809974098589814,7,AM-peak boarding,Blk 335,Clementi Ave 5,1.31728402491862,103.76824211745355
17239,4315.499999999999,0.16648128837909865,0.21890858533194305,8,balanced,NTUC Fairprice,Clementi Ave 3,1.31244056,103.7658489
17241,412.95,0.19082213343019735,0.18501029180288173,6,balanced,Blk 334,Clementi Ave 2,1.31519114798349,103.76905503649127
17249,410.15000000000003,0.21967572839205166,0.16957210776545165,7,balanced,Blk 355,Clementi Ave 2,1.31517111,103.7693364
17251,180.6,0.3073089700996678,0.18493909191583613,7,AM-peak boarding,Blk 460,Clementi Ave 2,1.31148,103.76744
17259,1289.05,0.2838912377332144,0.181722974283387,7,AM-peak boarding,Opp Blk 460,Clementi Ave 2,1.31092798217655,103.76746074010758
17269,260.95000000000005,0.21210959954014172,0.15117838666411185,6,balanced,Blk 730,Clementi West St 2,1.30513563161538,103.76274177899958
17279,456.05000000000007,0.1613858129591053,0.2030479114132222,6,balanced,Blk 723,Clementi West St 2,1.30292494255611,103.76319287727786
17289,143.89999999999998,0.10979847116052817,0.23662265462126483,14,PM-peak boarding,West Coast CC,Clementi West St 2,1.30232494247638,103.7647147428673
17291,16.9,0.13017751479289943,0.21597633136094677,23,PM-peak boarding,West Coast Pk,West Coast Highway,1.29035140506061,103.7696982607242
17299,21.55,0.2088167053364269,0.20649651972157768,7,balanced,Opp West Coast Pk,West Coast Highway,1.29060555603074,103.77005055601747
17301,133.5,0.12097378277153557,0.22284644194756553,16,PM-peak boarding,Opp West Coast View,West Coast Highway,1.29495361097608,103.76516694401265
17309,73.8,0.29065040650406504,0.21747967479674798,8,balanced,West Coast View,West Coast Highway,1.29537083302023,103.7652455560114
17311,127.60000000000001,0.12695924764890282,0.4322100313479623,17,PM-peak boarding,Opp Blk 801C,West Coast Highway,1.30101698629873,103.76229444678326
17319,398.79999999999995,0.25413741223671016,0.3049147442326981,17,balanced,Blk 716,West Coast Highway,1.30183915639239,103.76229972130764
17321,364.25,0.09951956074124914,0.47920384351407,18,PM-peak boarding,Tien Wah Press Bldg,West Coast Highway,1.30483416696998,103.76035361097789
17329,442.6,0.2521464075915047,0.298689561680976,7,balanced,Blk 705,West Coast Highway,1.30505055600585,103.76058388902574
17331,210.44999999999996,0.07080066524114993,0.5816108339272987,17,PM-peak boarding,Opp Blk 518,West Coast Highway,1.30758833300768,103.75833111102287
17339,109.45,0.06258565555047967,0.6898126998629511,17,PM-peak boarding,Blk 518,West Coast Highway,1.30785722199073,103.75850472198644
17351,47.699999999999996,0.05660377358490567,0.2316561844863732,16,PM-peak boarding,Aft Clementi Rd,West Coast Highway,1.29358000003179,103.76576444402885
17359,32.85,0.0502283105022831,0.34094368340943687,18,PM-peak boarding,Bef Clementi Rd,West Coast Highway,1.29333722200355,103.76621750002619
17361,142.10000000000002,0.14989444053483458,0.18367346938775508,11,balanced,Opp West Coast Lk,West Coast Highway,1.29859750001329,103.76346250000067
17369,526.4499999999999,0.33478962864469564,0.12679266786969323,8,AM-peak boarding,Aft West Coast Lk,West Coast Highway,1.29840583296856,103.76386861099263
17371,317.7,0.22615675165250235,0.18035882908404155,6,balanced,Blk 201,Clementi Ave 6,1.32058194734278,103.76356592222618
17379,559.75,0.3347923179991067,0.14577936578829834,7,AM-peak boarding,Blk 304,Clementi Ave 6,1.32049089180327,103.76389432891798
17381,222.89999999999998,0.16778824585015706,0.2552714221624047,7,PM-peak boarding,West Bay Resort Condo,West Coast Rd,1.29907638900012,103.76686444402534
17389,295.6499999999999,0.24522239134111287,0.1503466937256892,8,AM-peak boarding,Opp West Bay Resort Condo,West Coast Rd,1.29908138901268,103.76700194402241
18011,710.6500000000002,0.19531414901850414,0.2908604798423977,17,balanced,Aft HortPark,Alexandra Rd,1.28087089714667,103.8021033300325
18019,617.7499999999999,0.24767300687980578,0.23002832861189804,8,balanced,Bef Telok Blangah Hill Pk,Alexandra Rd,1.28091055556275,103.80252305556165
18021,28.45,0.033391915641476276,0.718804920913884,17,PM-peak boarding,Opp Tempco Mfg,Ayer Rajah Cres,1.29645297711413,103.7889243029247
18029,115.25000000000001,0.10151843817787416,0.5839479392624728,17,PM-peak boarding,Tempco Mfg,Ayer Rajah Cres,1.29609811481527,103.78918045190079
18041,577.9499999999999,0.1939614153473484,0.22830694696773077,17,balanced,Normanton Pk,AYE,1.28836025261771,103.7931740283919
18049,890.8499999999999,0.13329965763035304,0.4111242072178257,18,PM-peak boarding,Opp Science Pk,AYE,1.29018147748939,103.79208093037771
18051,214.2,0.5105042016806722,0.06629318394024276,8,AM-peak boarding,one-north Stn,Ayer Rajah Ave,1.29863776004531,103.7873441662514
18059,41.099999999999994,0.026763990267639908,0.5060827250608273,18,PM-peak boarding,Opp one-north Stn,Ayer Rajah Ave,1.29849138898115,103.78720666698497
18061,63.05,0.07771609833465505,0.5614591593973037,18,PM-peak boarding,Blk 71,Ayer Rajah Cres,1.29671588928647,103.78738045694247
18069,25.2,0.05952380952380953,0.5992063492063492,17,PM-peak boarding,Opp Blk 71,Ayer Rajah Cres,1.29649064143644,103.7875521182857
18071,2411.45,0.06581102656078293,0.3725973999046217,17,PM-peak boarding,NUH,Buona Vista Flyover,1.295425,103.784491
18079,483.75,0.14873385012919899,0.26490956072351424,18,PM-peak boarding,Opp NUH,Buona Vista Flyover,1.2964817739742,103.78455389999202
18081,54.24999999999999,0.01751152073732719,0.6755760368663595,18,PM-peak boarding,Blk 55,Ayer Rajah Cres,1.29478519265463,103.78733754155819
18089,64.25,0.01634241245136187,0.601556420233463,17,PM-peak boarding,S'pore Post,Ayer Rajah Cres,1.29480675923682,103.78757357729762
18099,12.55,0.06772908366533865,0.5617529880478087,17,PM-peak boarding,Bef Ayer Rajah Cres,Ayer Rajah Cres,1.29393169432811,103.78953616896972
18101,698.35,0.03357915085558817,0.6109400730292833,18,PM-peak boarding,5 Sci Pk Dr,Buona Vista Flyover,1.2928415,103.7862945
18109,463.5,0.09083063646170442,0.5344120819848975,18,PM-peak boarding,Blk 55/Opp 5 Sci Pk Dr,Buona Vista Flyover,1.29403436577434,103.78672599789039
18111,730.8,0.07416529830322935,0.183223864258347,13,PM-peak boarding,Fairfield Meth Pr Sch,Dover Rd,1.30059305599352,103.78448416698873
18119,759.4499999999999,0.10968464020014485,0.2809269866350649,13,PM-peak boarding,Opp Fairfield Meth Pr Sch,Dover Rd,1.30004638896912,103.78466749999943
18121,221.74999999999997,0.13596392333709134,0.3519729425028185,18,PM-peak boarding,Opp Ayer Rajah Ind Est,Buona Vista Flyover,1.29751168042934,103.7854209482613
18129,821.9499999999999,0.10438591155179756,0.43554960764036743,18,PM-peak boarding,Ayer Rajah Ind Est,Buona Vista Flyover,1.29776225378985,103.78570767644749
18131,531.85,0.06185954686471749,0.5499670959857103,17,PM-peak boarding,Science Pk,AYE,1.28950073498414,103.7918327963467
18141,1136.1,0.07054836722119533,0.28201742804330604,16,PM-peak boarding,Aft Anglo-Chinese JC,Nth Buona Vista Rd,1.30418279677397,103.78788091438994
18149,665.85,0.14763084778854096,0.32252008710670566,18,PM-peak boarding,Essec Business Sch,Nth Buona Vista Rd,1.302549,103.787196
18151,217.8,0.4260789715335169,0.08149678604224059,7,AM-peak boarding,Opp one-north Stn/Galaxis,Portsdown Rd,1.300444,103.788582
18159,53.550000000000004,0.021475256769374413,0.39309056956115773,12,PM-peak boarding,one-north Stn/Galaxis,Portsdown Rd,1.3003468994065,103.78858368998314
18171,0.5,0.1,0.3,18,PM-peak boarding,Bef Weyhill Cl,Portsdown Rd,1.299111,103.79406
18179,11.200000000000003,0.0982142857142857,0.27678571428571425,16,PM-peak boarding,Opp Weyhill Cl,Portsdown Rd,1.29988107543841,103.79304547568137
18181,34.949999999999996,0.04148783977110158,0.1716738197424893,15,PM-peak boarding,Opp Tanglin Trust Sch,Portsdown Rd,1.29714585347396,103.79369361976173
18189,156.3,0.08221369161868203,0.24280230326295585,15,PM-peak boarding,Tanglin Trust Sch,Portsdown Rd,1.298363,103.793893
18191,22.4,0.10044642857142858,0.421875,18,PM-peak boarding,Bef Whitchurch Rd,Portsdown Rd,1.29445611099682,103.79594388899301
18199,96.35,0.052932018681888945,0.6092371562013493,18,PM-peak boarding,Aft Whitchurch Rd,Portsdown Rd,1.295618,103.794176
18201,118.75000000000001,0.030736842105263156,0.39368421052631575,17,PM-peak boarding,Mediacorp Campus,Media Circle,1.29498098725808,103.7932287526945
18211,58.65,0.0988917306052856,0.44075021312872975,17,PM-peak boarding,Infinite Studios,Portsdown Rd,1.29161816867907,103.79522263706237
18221,11.55,0.1948051948051948,0.21645021645021645,8,balanced,NUH,Lower Kent Ridge Rd,1.29630067771211,103.78346553393848
18239,13.800000000000002,0.03985507246376811,0.35144927536231874,18,PM-peak boarding,Opp NUH,Lower Kent Ridge Rd,1.29678943404486,103.78318782626637
18241,12.95,0.042471042471042476,0.4092664092664093,19,PM-peak boarding,7 Sci Pk Dr (Geneo),Science Pk Dr,1.29092304543197,103.78707861052065
18249,151.34999999999997,0.03666997026759168,0.5312190287413282,17,PM-peak boarding,DNV Technology Ctr,Science Pk Dr,1.29072399998624,103.78712700002762
18251,4.05,0.0617283950617284,0.271604938271605,15,PM-peak boarding,71 Sci Pk Dr,Science Pk Dr,1.29068138903164,103.78845361097359
18261,13.15,0.019011406844106463,0.35361216730038025,17,PM-peak boarding,Opp DSO Natl Laboratories,Science Pk Dr,1.29015996757499,103.78933806183707
18269,213.79999999999998,0.025491113189897097,0.6155285313376988,17,PM-peak boarding,DSO Natl Laboratories,Science Pk Dr,1.29010333301913,103.78918694399599
18271,24.8,0.034274193548387094,0.39314516129032256,17,PM-peak boarding,Blk 85,Science Pk Dr,1.28840699998743,103.78992778459765
18279,166.84999999999997,0.014384177404854665,0.5579862151633205,17,PM-peak boarding,Opp Blk 85,Science Pk Dr,1.28840636755823,103.78976622482348
18281,16.700000000000003,0.24251497005988018,0.17964071856287422,7,balanced,Opp Normanton Pk/R'ford,Science Pk Dr,1.28752556916883,103.7912122154174
18289,882.9500000000003,0.2924287898522,0.13800328444419274,8,AM-peak boarding,Opp R'ford/Normanton Pk,Science Pk Dr,1.28738105702672,103.7912059790003
18301,109.40000000000002,0.018281535648994512,0.2175502742230347,16,PM-peak boarding,Lim Seng Tjoe Bldg (LT 27),Lower Kent Ridge Rd,1.29738521493261,103.7809269856724
18309,454.45000000000005,0.0034107162504125863,0.3298492683463527,17,PM-peak boarding,Blk S17,Lower Kent Ridge Rd,1.29752011664987,103.78134198615086
18311,47.9,0.013569937369519834,0.2515657620041754,11,PM-peak boarding,Blk S12,Lower Kent Ridge Rd,1.29743814797617,103.77792133383952
18319,239.04999999999998,0.00711148295335704,0.4691487136582305,17,PM-peak boarding,Opp University Hall,Lower Kent Ridge Rd,1.29752638901257,103.77813111102236
18321,31.350000000000005,0.033492822966507164,0.13716108452950557,15,PM-peak boarding,Opp University Health Ctr,Lower Kent Ridge Rd,1.29879333297449,103.77561916702605
18329,289.0,0.04325259515570934,0.3366782006920416,17,PM-peak boarding,University Health Ctr,Lower Kent Ridge Rd,1.2989244439988,103.77611416701255
18331,640.85,0.3068580791136771,0.08449715221970819,8,AM-peak boarding,Kent Ridge Stn Exit A/NUH,Lower Kent Ridge Rd,1.29485266612069,103.78437805999793
18339,207.70000000000002,0.02792489167067886,0.3437650457390467,18,PM-peak boarding,Opp Kent Ridge Stn Exit A,Lower Kent Ridge Rd,1.29506450651125,103.78455508578391
19011,2012.85,0.26402861614129225,0.14705517052934894,7,AM-peak boarding,Blk 19A CP,C'wealth Ave West,1.30781638901709,103.78423666696615
19019,2122.8000000000006,0.29854437535330686,0.1290748068588656,8,AM-peak boarding,Blk 27,C'wealth Ave West,1.30807305598128,103.78475916699466
19021,395.4,0.07511380880121397,0.30424886191198786,16,PM-peak boarding,SP SMA,C'wealth Ave West,1.30965490194051,103.7812018067838
19029,162.0,0.2037037037037037,0.21358024691358027,6,balanced,Opp SP SMA,C'wealth Ave West,1.3095609201372,103.78201879388226
19031,3269.55,0.1589209524246456,0.3132999954122127,18,PM-peak boarding,Dover Stn Exit A,C'wealth Ave West,1.31123416666912,103.77838361113201
19039,3532.7,0.19827610609448865,0.2714495994565064,7,balanced,Dover Stn Exit B,C'wealth Ave West,1.31167951129602,103.77868390552867
19041,244.15000000000003,0.07925455662502559,0.27155437231210316,17,PM-peak boarding,Opp Sch of Science & Tech,C'wealth Ave West,1.31235972197855,103.77552750001337
19049,777.65,0.04256413553655244,0.32070983090079086,17,PM-peak boarding,Sch of Science & Tech,C'wealth Ave West,1.31266302174215,103.77479215922537
19051,1458.3500000000004,0.05849076010559879,0.3088078993382932,18,PM-peak boarding,New Town Sec Sch,Dover Rd,1.30896444398008,103.77392333299538
19059,445.49999999999994,0.03636363636363637,0.2491582491582492,15,PM-peak boarding,UTown - RC4,Dover Rd,1.30894500001531,103.7727225000061
19061,240.5,0.02972972972972973,0.1,15,PM-peak boarding,Ayer Rajah Telecoms,Dover Rd,1.30752442673366,103.77782122462926
19069,75.24999999999999,0.05913621262458473,0.18338870431893692,16,PM-peak boarding,Opp Ayer Rajah Telecoms,Dover Rd,1.30778758326419,103.77671170466877
19071,1813.6000000000001,0.2091696074106749,0.11209748566387295,15,AM-peak boarding,Opp ACS Independent,Dover Rd,1.30515500002931,103.78108305597279
19079,309.95,0.1456686562348766,0.104049040167769,15,balanced,Dover Ct Intl Sch,Dover Rd,1.30607,103.780131
19081,1716.8000000000002,0.13070829450139793,0.14527027027027026,15,balanced,Opp ACS Boarding Sch,Dover Rd,1.30256972202724,103.78282472199413
19089,1834.45,0.12417890920984491,0.1758837798795279,15,balanced,ACS Independent,Dover Rd,1.30370305599194,103.78184388900041
19091,462.45,0.1399070169748081,0.23451183911774248,15,PM-peak boarding,S'pore Poly,Dover Ave,1.30739277801307,103.78208222199827
19099,245.35,0.25433054819645406,0.13144487466884044,15,AM-peak boarding,Opp S'pore Poly,Dover Ave,1.30697118032996,103.78191236221397
20011,226.09999999999997,0.14484741264927026,0.2722246793454224,18,PM-peak boarding,Blk 506,AYE,1.31308624553797,103.76128731220228
20019,1213.9499999999998,0.36459491741834515,0.12100992627373452,8,AM-peak boarding,Blk 431,AYE,1.31357611099308,103.7615108330155
20021,821.4,0.11480399318237158,0.316045775505235,17,PM-peak boarding,NEWest,AYE,1.31675923723731,103.75788959223745
20029,1514.25,0.24979362720818887,0.17672114908370481,8,balanced,Opp NEWest,AYE,1.31772833949651,103.75767989744158
20031,597.85,0.19059964874132307,0.2289872041481977,7,balanced,The Infiniti,AYE,1.32055987103977,103.75464677812963
20039,2244.1000000000004,0.2931910342676351,0.13764983735127664,8,AM-peak boarding,Opp The Infiniti,AYE,1.32102499760642,103.75471510655738
20051,262.44999999999993,0.15393408268241576,0.3434939988569252,18,PM-peak boarding,Cycle & Carriage,AYE,1.32258708167298,103.74754428861822
20059,672.0000000000001,0.3681547619047619,0.17023809523809522,7,AM-peak boarding,Opp Cycle & Carriage,AYE,1.32332108750232,103.74769351004639
20061,24.6,0.14227642276422764,0.29674796747967475,19,PM-peak boarding,Aft Jurong Town Hall Rd,Jln Ahmad Ibrahim,1.32380614051658,103.74298566424717
20069,76.1,0.164257555847569,0.4835742444152431,17,PM-peak boarding,Bef Jurong Town Hall Rd,Jln Ahmad Ibrahim,1.32405636523113,103.74418793943124
20081,139.7,0.1871868289191124,0.32247673586256265,19,PM-peak boarding,Carrier S'pore,Jln Ahmad Ibrahim,1.32660472912447,103.73879228035435
20089,126.85000000000001,0.19511233740638548,0.3058730784391013,6,PM-peak boarding,Opp Carrier S'pore,Jln Ahmad Ibrahim,1.32702967705527,103.7392229529496
20101,1478.5499999999997,0.17111359101822735,0.2606607825234183,18,PM-peak boarding,Nan Hua Pr Sch,C'wealth Ave West,1.31993714188512,103.76221926730373
20109,3543.4500000000007,0.2967870295898065,0.131637246186626,7,AM-peak boarding,Aft Clementi Fire Stn,C'wealth Ave West,1.32085220079341,103.76206999856427
20121,373.70000000000005,0.2730800107037731,0.19159753813219155,7,balanced,Opp Blk 51,West Coast Rd,1.32023972200054,103.73707999997312
20129,499.8,0.2732092837134854,0.14715886354541816,7,AM-peak boarding,Bet Blks 50/51,West Coast Rd,1.32034555007728,103.73754105423453
20131,419.54999999999995,0.04910022643308307,0.5785961148849958,17,PM-peak boarding,S'pore Food Ind Bldg,West Coast Rd,1.3155936163792,103.7518511517015
20139,393.35,0.2706241260963518,0.24151519003432054,8,balanced,Bef West Coast Rise,West Coast Rd,1.31584166892255,103.75204376675156
20141,103.64999999999999,0.22190062711046793,0.1437530149541727,7,AM-peak boarding,Opp Blk 408,West Coast Rd,1.31771999750607,103.7487710528033
20149,322.45,0.29322375562102654,0.11738253992867109,8,AM-peak boarding,Blk 408,West Coast Rd,1.31795969674094,103.74897266925451
20151,305.44999999999993,0.07251596005892946,0.2571615649042397,15,PM-peak boarding,Opp Blk 411,West Coast Rd,1.31829668687275,103.74631047251557
20159,527.5,0.17895734597156399,0.22464454976303316,17,balanced,Blk 411,West Coast Rd,1.3184165,103.746512
20161,120.25,0.3588357588357588,0.07650727650727651,7,AM-peak boarding,Opp Blks 34/35,West Coast Rd,1.31915476642967,103.74213695526599
20169,302.20000000000005,0.23858371939113165,0.12690271343481135,7,AM-peak boarding,Blk 35,West Coast Rd,1.319148,103.742719
20171,93.39999999999999,0.23929336188436834,0.09903640256959316,6,AM-peak boarding,Opp Blk 47,West Coast Rd,1.31967681449311,103.73984434693502
20179,395.6499999999999,0.2594464804751675,0.12574244913433594,6,AM-peak boarding,Blk 31,West Coast Rd,1.32000211967899,103.73910069465363
20181,157.5,0.2422222222222222,0.15365079365079365,7,AM-peak boarding,Ayer Rajah CC,Pandan Gdns,1.32048478912567,103.74745845796298
20189,745.1500000000001,0.19090116084009928,0.18546601355431788,7,balanced,Opp Ayer Rajah CC,Pandan Gdns,1.32030501410074,103.74727299945995
20191,301.74999999999994,0.2632974316487159,0.0990886495443248,7,AM-peak boarding,Blk 407,Pandan Gdns,1.31924166701026,103.74845638901051
20199,706.3000000000001,0.24677898909811694,0.12586719524281467,7,AM-peak boarding,Blk 410,Pandan Gdns,1.31908111097886,103.74819972197395
20201,227.39999999999998,0.27286719437115214,0.11807387862796834,6,AM-peak boarding,Bef Blk 39,Teban Gdns Rd,1.321334,103.74386
20209,374.80000000000007,0.15008004268943434,0.30256136606189965,19,PM-peak boarding,Bef Jurong Town Hall Rd,Teban Gdns Rd,1.321453,103.744211
20211,422.90000000000003,0.22712225112319698,0.13088200520217544,7,AM-peak boarding,Blk 41,Teban Gdns Rd,1.32177193921987,103.74184000241928
20219,510.7,0.2896025063638144,0.15703935774427258,7,AM-peak boarding,Opp Blk 41,Teban Gdns Rd,1.32205689998871,103.74143326706027
20231,1076.8000000000002,0.28960809806835064,0.1165026002971768,6,AM-peak boarding,Bef Hasanah Mque,Teban Gdns Rd,1.322339,103.739647
20239,2816.8500000000004,0.29518788717894096,0.12063120151942772,7,AM-peak boarding,Aft Hasanah Mque,Teban Gdns Rd,1.32246879634748,103.73947011845992
20241,106.3,0.16180620884289748,0.21919096895578552,6,balanced,Opp Blk 54,Penjuru Rd,1.32116277513743,103.73638362986378
20249,79.45,0.1894273127753304,0.10887350534927627,6,AM-peak boarding,Blk 54,Penjuru Rd,1.32162000001571,103.73670359829424
20251,91.24999999999999,0.1304109589041096,0.309041095890411,18,PM-peak boarding,Bef Teban Gdns Rd,Jurong Town Hall Rd,1.31975500989852,103.74447102076279
20259,276.65000000000003,0.13988794505693114,0.2338695102114585,15,PM-peak boarding,C'wealth Sec Sch,Jurong Town Hall Rd,1.320135,103.745076
20261,589.8499999999999,0.22768500466220232,0.2307366279562601,7,balanced,Aft Pandan Gdns,Jurong Town Hall Rd,1.3215997308483,103.74546423225033
20269,236.6,0.25274725274725274,0.22865595942519018,7,balanced,Bef Pandan Gdns,Jurong Town Hall Rd,1.32151780618055,103.74580944947768
20271,863.3,0.11971504691300823,0.4876636163558439,18,PM-peak boarding,Opp German Ctr,Jurong Town Hall Rd,1.325103,103.745617
20281,580.55,0.07010593402807683,0.593488932908449,17,PM-peak boarding,Opp The Japanese Sec Sch,West Coast Highway,1.31234219524906,103.75484214400765
20289,150.89999999999998,0.1510934393638171,0.39728296885354547,18,PM-peak boarding,The Japanese Sec Sch,West Coast Highway,1.31248801817062,103.75503415636196
20291,591.65,0.11882024845770303,0.17561058057973464,13,balanced,Opp Blk 501,West Coast Rd,1.31095062259154,103.75771430804498
20299,1399.1000000000001,0.13201343720963474,0.20470302337216778,13,PM-peak boarding,Blk 501,West Coast Rd,1.3109280417106,103.75857544044081
20309,288.5,0.0707105719237435,0.43015597920277293,18,PM-peak boarding,Blk L Pandan Light Ind Pk,Pandan Loop,1.31062303116794,103.75403766163392
20319,584.55,0.016422889402104183,0.5813873920109486,17,PM-peak boarding,Blk T Pandan Light Ind Pk,Pandan Loop,1.31259468493848,103.75284421307401
20329,216.34999999999994,0.024728449272012946,0.4199214236191358,17,PM-peak boarding,S'pore Food Ind,Pandan Loop,1.31503304622752,103.75102066090028
20331,289.5,0.011053540587219343,0.5074265975820379,17,PM-peak boarding,Vejoil Pte Ltd,Pandan Loop,1.31329138901596,103.74926333296754
20341,295.25000000000006,0.01202370872142252,0.6790855207451311,17,PM-peak boarding,Pan Tech Ind Cplx,Pandan Loop,1.31186472196722,103.75047333297755
21011,265.05,0.22656102622146762,0.21222410865874364,7,balanced,Aft Jurong Lake,Jln Ahmad Ibrahim,1.32534328766029,103.72866849877529
21019,942.15,0.24783739319641246,0.21074138937536488,6,balanced,Aft Yuan Ching Rd,Jln Ahmad Ibrahim,1.32554867828642,103.72703317988619
21021,29.15,0.06689536878216125,0.45283018867924535,17,PM-peak boarding,Bef Jurong Port Rd,Jln Ahmad Ibrahim,1.32419322170223,103.72379008890384
21029,356.95,0.07339963580333381,0.5125367698557222,17,PM-peak boarding,Aft Corp Pl,Jln Ahmad Ibrahim,1.32429728567538,103.72180766916203
21041,191.65,0.08322462822854161,0.4727367597182363,17,PM-peak boarding,Aft Jln Terusan,Jurong Port Rd,1.3209197220107,103.72012027797446
21049,25.349999999999998,0.14003944773175542,0.3136094674556213,17,PM-peak boarding,Bef Jln Terusan,Jurong Port Rd,1.32107250538852,103.72024520956326
21051,98.39999999999999,0.015752032520325202,0.6326219512195123,17,PM-peak boarding,Bef Penjuru Rd,Jln Buroh,1.312256111,103.7304481
21059,105.25,0.025653206650831355,0.6669833729216152,17,PM-peak boarding,Aft Penjuru Rd,Jln Buroh,1.311953889,103.7301381
21069,351.44999999999993,0.07625551287523119,0.5340731256224215,18,PM-peak boarding,Bef Jln Tepong,Jurong Port Rd,1.31237305598007,103.7191852779968
21071,451.74999999999994,0.06452684006640842,0.4444936358605424,17,PM-peak boarding,Jurong Abattoir,Jln Buroh,1.31394221438857,103.72226742161243
21079,275.9,0.0844508880028996,0.5061616527727438,17,PM-peak boarding,Opp Jurong Abattoir,Jln Buroh,1.31342751032359,103.72279763377816
21089,252.9,0.10399367338869119,0.4060893633847371,17,PM-peak boarding,Bef Jln Buroh,Fishery Port Rd,1.31206487520147,103.72296452520035
21099,77.49999999999999,0.08967741935483872,0.4141935483870969,18,PM-peak boarding,Jurong Island Checkpt,Jurong Pier Way,1.3100915,103.71138
21109,332.1499999999999,0.03085955140749662,0.5164835164835166,18,PM-peak boarding,Ctrl Fish Proc Fty,Jln Tepong,1.31100299869144,103.72109770773132
21111,13.6,0.08088235294117647,0.5036764705882353,19,PM-peak boarding,Aft Jurong Pier Rd,Jln Buroh,1.3144185,103.712437
21119,1.8,0.11111111111111112,0.11111111111111112,15,balanced,Bef Jurong Pier Rd,Jln Buroh,1.31397291780129,103.71201936489673
21121,79.60000000000001,0.10175879396984923,0.47173366834170843,17,PM-peak boarding,SPC Svc Stn,Jln Buroh,1.31469130993085,103.71601687480324
21129,11.4,0.07456140350877194,0.4736842105263158,17,PM-peak boarding,Opp SPC Svc Stn,Jln Buroh,1.31427443753325,103.71493141053244
21131,29.250000000000004,0.17606837606837605,0.4803418803418803,17,PM-peak boarding,Bef Jurong Port Rd,Jln Buroh,1.31470833302608,103.71799361097378
21139,4.1499999999999995,0.3614457831325302,0.09638554216867472,7,AM-peak boarding,Aft Jurong Port Rd,Jln Buroh,1.31433044660166,103.71846563037732
21141,457.0,0.043654266958424504,0.562253829321663,17,PM-peak boarding,Aft Jln Buroh,Jurong Port Rd,1.31517431113868,103.71957368500223
21149,354.59999999999997,0.12309644670050762,0.47518330513254375,17,PM-peak boarding,Jurong Port Workshops,Jurong Port Rd,1.315633,103.719896
21151,219.85,0.060723220377530134,0.45849442801910395,16,PM-peak boarding,CWT Distripk,Jurong Port Rd,1.3169920318205,103.71988944330612
21159,64.9,0.10015408320493066,0.48536209553158693,17,PM-peak boarding,Sin Soon Huat,Jurong Port Rd,1.31868562417111,103.72042922086165
21161,546.75,0.22844078646547783,0.2563328760859625,7,balanced,Blk 216B,Corporation Rd,1.35043949411648,103.7127413228723
21169,83.85000000000001,0.10375670840787118,0.2915921288014311,18,PM-peak boarding,Opp Blk 216B,Corporation Rd,1.35074356093462,103.71275812568066
21171,296.2,0.13875759621877112,0.4593180283592167,17,PM-peak boarding,Opp Corp Pl,Corporation Rd,1.3258163890121,103.71906611098208
21179,908.8499999999999,0.24277933652417893,0.2966386092314464,7,balanced,Corp Pl,Corporation Rd,1.32586166697514,103.71929527796603
21181,76.1,0.359395532194481,0.1695137976346912,7,AM-peak boarding,Opp Blk 161,Corporation Rd,1.329915,103.720953
21189,177.50000000000003,0.29887323943661964,0.14591549295774645,7,AM-peak boarding,Blk 161,Corporation Rd,1.33026046590704,103.72122294249655
21191,93.74999999999999,0.22986666666666672,0.22773333333333337,7,balanced,Opp Blk 178,Corporation Rd,1.33290982216515,103.72044541450344
21199,135.15000000000003,0.21457639659637434,0.18386977432482424,6,balanced,Blk 178,Corporation Rd,1.333309472028,103.72051292839538
21201,33.349999999999994,0.05097451274362819,0.5292353823088456,17,PM-peak boarding,Opp Taman Jurong Greens,Corporation Rd,1.33683396424463,103.71778639139953
21209,33.099999999999994,0.1570996978851964,0.2885196374622357,18,PM-peak boarding,Taman Jurong Greens,Corporation Rd,1.33687648564633,103.71805599895127
21211,594.0999999999999,0.07221006564551423,0.5674970543679516,17,PM-peak boarding,Opp Lakepoint Condo,Corporation Rd,1.34004972199531,103.71606833298439
21219,141.95000000000005,0.17153927439239164,0.27967594223318065,17,PM-peak boarding,Lakepoint Condo,Corporation Rd,1.34010356133429,103.71625930906035
21229,150.45000000000002,0.27185111332668654,0.21934197407776668,7,balanced,Opp S'pore A'space Mfg,Corporation Rd,1.34206,103.716007
21231,43.3,0.13856812933025406,0.23903002309468827,19,PM-peak boarding,Blk 203,Corporation Rd,1.34359535075913,103.71599040338819
21239,142.45,0.2902772902772903,0.17655317655317657,8,AM-peak boarding,Opp Blk 203,Corporation Rd,1.34450482589547,103.71633035405124
21241,837.6500000000001,0.2808452217513281,0.14863009610219063,7,AM-peak boarding,Blk 216 CP,Boon Lay Ave,1.34973665190679,103.71235425312759
21249,457.05000000000007,0.3369434416365824,0.14002844327754074,7,AM-peak boarding,Blk 213,Boon Lay Ave,1.34958421982025,103.71249318123603
21251,52.55,0.06660323501427212,0.5689819219790676,17,PM-peak boarding,Bef Quality Rd,Chin Bee Dr,1.33624121368399,103.71034741400833
21259,235.70000000000002,0.010182435299109036,0.614764531183708,17,PM-peak boarding,Aft Quality Rd,Chin Bee Dr,1.33604134949327,103.71043700168366
21261,226.30000000000004,0.024304021210782144,0.5950066283694211,17,PM-peak boarding,Aft Chin Bee Ave,Quality Rd,1.33393514008105,103.71025085451481
21269,48.650000000000006,0.09558067831449125,0.48304213771839666,17,PM-peak boarding,Bef Chin Bee Ave,Quality Rd,1.33418183646412,103.71049761773749
21271,119.94999999999999,0.054606085869112135,0.23884952063359735,17,PM-peak boarding,Opp Assyakirin Mque,Corporation Rd,1.33465896770641,103.71947315443572
21279,84.6,0.10933806146572105,0.21808510638297873,13,PM-peak boarding,Assyakirin Mque,Corporation Rd,1.33491282590378,103.71952517818409
21291,195.64999999999998,0.07053411704574497,0.5233835931510351,17,PM-peak boarding,Aft Jln Buroh,Jurong Pier Rd,1.31585422996408,103.70943351671639
21299,3.2,0.265625,0.18749999999999997,6,balanced,Bef Jln Buroh,Jurong Pier Rd,1.316014,103.709922
21301,124.7,0.043704891740176416,0.591018444266239,19,PM-peak boarding,Opp Jln Pesawat,Jurong Pier Rd,1.320072,103.710136
21309,3.9,0.16666666666666669,0.16666666666666669,16,balanced,Aft Jln Pesawat,Jurong Pier Rd,1.31919,103.710547
21311,72.95,0.1535298149417409,0.27895819054146676,20,PM-peak boarding,Bef Tractor Rd,Jln Boon Lay,1.323117,103.709537
21319,18.75,0.7093333333333334,0.08533333333333334,7,AM-peak boarding,Opp Tractor Rd,Jln Boon Lay,1.32377340235344,103.70980422080449
21321,117.70000000000002,0.0824129141886151,0.45072217502124035,18,PM-peak boarding,UTOC Engrg,Jln Boon Lay,1.32624055798556,103.70885429370763
21329,7.800000000000001,0.3397435897435897,0.02564102564102564,6,AM-peak boarding,Opp UTOC Engrg,Jln Boon Lay,1.32691548284142,103.70901792785014
21331,293.99999999999994,0.026190476190476195,0.6076530612244899,18,PM-peak boarding,Opp Premier Milk Pte Ltd,Jln Boon Lay,1.33029049207675,103.70796785261548
21339,3.9999999999999996,0.45000000000000007,0.025000000000000005,7,AM-peak boarding,Premier Milk Pte Ltd,Jln Boon Lay,1.329905,103.708306
21341,6.699999999999999,0.0373134328358209,0.3134328358208956,12,PM-peak boarding,Opp GSK,Jln Boon Lay,1.33517345758852,103.70895825573741
21349,16.250000000000004,0.5999999999999999,0.0769230769230769,7,AM-peak boarding,GSK,Jln Boon Lay,1.335535,103.709304
21351,23.349999999999998,0.025695931477516067,0.417558886509636,17,PM-peak boarding,Bef Boon Lay Way,Jln Boon Lay,1.33882138642125,103.70956429008974
21359,156.5,0.45399361022364226,0.17731629392971246,7,AM-peak boarding,Aft ST Kinetics,Jln Boon Lay,1.33867010260834,103.7099597309989
21361,859.4000000000001,0.16063532697230626,0.29462415638817774,18,PM-peak boarding,Blk 695,Jln Boon Lay,1.34302323304896,103.70767181671128
21369,629.9000000000001,0.03635497698047308,0.3777583743451341,18,PM-peak boarding,Opp Blk 695,Jln Boon Lay,1.34309123717886,103.70800310705765
21371,2058.15,0.29028496465272213,0.14153487355149041,7,AM-peak boarding,Blk 680C,Jln Boon Lay,1.34522722613512,103.70617873626036
21379,1735.9000000000003,0.28325364364306693,0.1594561898726885,7,AM-peak boarding,Blk 263,Jln Boon Lay,1.34534855216089,103.70648912988919
21381,103.64999999999998,0.09937288953207914,0.26193921852387847,17,PM-peak boarding,St. Joseph's Hme,Jurong West Ave 2,1.350462,103.709815
21389,444.40000000000003,0.20387038703870383,0.2591134113411341,7,balanced,Opp St. Joseph's Hme,Jurong West Ave 2,1.350059,103.709927
21391,519.1,0.1448661144288191,0.2783664033904835,18,PM-peak boarding,River Valley High Sch,Boon Lay Ave,1.34485064221938,103.70847936082643
21399,1125.3000000000002,0.2117213187594419,0.24202434906247217,7,balanced,Opp River Valley High Sch,Boon Lay Ave,1.3448140795943,103.70805985100185
21409,165.25,0.32556732223903173,0.13888048411497733,7,AM-peak boarding,Blk 191,Boon Lay Dr,1.34338969264048,103.71207059648545
21411,81.7,0.18971848225214197,0.20318237454100369,7,balanced,Opp Blk 188,Boon Lay Dr,1.34393270141852,103.71033048575686
21419,506.70000000000005,0.2823169528320505,0.1259127688967831,7,AM-peak boarding,Blk 188,Boon Lay Dr,1.34388060681347,103.71057645840757
21421,2510.2000000000007,0.2844594056250497,0.13028842323320847,7,AM-peak boarding,Blk 176,Boon Lay Ave,1.34720307776277,103.71032595632526
21429,1884.3500000000001,0.255393106376204,0.15933876403003688,7,AM-peak boarding,Blk 185,Boon Lay Ave,1.34740203306581,103.71059149459593
21431,1331.6000000000001,0.3312180835085611,0.11362270952237909,7,AM-peak boarding,Blk 210,Boon Lay Pl,1.34765638897246,103.71241055602675
21439,634.6999999999999,0.1767764298093588,0.18370883882149047,6,balanced,Boon Lay CC,Boon Lay Pl,1.34842277796612,103.71165888901649
21441,2018.7500000000002,0.14590712074303405,0.1833312693498452,7,balanced,Blk 207,Boon Lay Pl,1.34638242521451,103.71326229185901
21449,2151.8000000000006,0.0943396226415094,0.20582767915233752,18,PM-peak boarding,Boon Lay Shop Ctr,Boon Lay Pl,1.34639805597018,103.71306138901696
21451,313.95000000000005,0.14381270903010032,0.12294951425386207,6,balanced,Blk 206,Boon Lay Dr,1.34524833302487,103.71473000001441
21459,902.3,0.28837415493738233,0.10789094536185304,7,AM-peak boarding,Blk 209,Boon Lay Dr,1.3455804550235,103.71491332975407
21461,78.2,0.1278772378516624,0.29731457800511507,20,PM-peak boarding,Bef Tukang Innovation Dr,Jln Tukang,1.32731972199567,103.71799361099863
21469,111.30000000000001,0.07367475292003592,0.4941599281221922,17,PM-peak boarding,Bef Chia Ping Rd,Jln Tukang,1.32747500002724,103.71808527797025
21471,262.65,0.3700742432895488,0.18656006091757094,7,AM-peak boarding,Bef Tukang Innovation Lane,Jln Tukang,1.32673138898791,103.71542666702132
21479,190.1,0.14886901630720673,0.18148342977380327,6,balanced,Aft Tukang Innovation Lane,Jln Tukang,1.3269180560083,103.71570166699784
21481,171.79999999999995,0.032596041909196745,0.6193247962747382,17,PM-peak boarding,Grundfos,Jln Tukang,1.325953,103.711932
21489,60.05,0.0607826810990841,0.44712739383846795,17,PM-peak boarding,Opp Grundfos,Jln Tukang,1.326155,103.712199
21491,384.15,0.03735519979174802,0.5206299622543278,17,PM-peak boarding,Bef Intl Rd,Quality Rd,1.3268635454851,103.71082676692178
21499,161.05,0.02328469419434958,0.5429990686122321,17,PM-peak boarding,Bef Jln Tukang,Quality Rd,1.3265554895957,103.71102434826084
21501,509.00000000000006,0.021316306483300587,0.5928290766208251,17,PM-peak boarding,Bef Meiji Seika,Quality Rd,1.3304277146486,103.71000208357827
21509,102.55,0.04729400292540224,0.5870307167235496,19,PM-peak boarding,Opp Meiji Seika,Quality Rd,1.33115639068272,103.70998723220183
21511,66.64999999999999,0.1552888222055514,0.43510877719429863,18,PM-peak boarding,Bef Chin Bee Rd,Chin Bee Ave,1.3331199693958,103.71107697488075
21519,268.55,0.007261217650344443,0.6266989387451126,17,PM-peak boarding,Aft Chin Bee Rd,Chin Bee Ave,1.33295908040191,103.71129155158583
21521,40.55,0.050554870530209614,0.5511713933415537,17,PM-peak boarding,PB Packaging Systems,Chin Bee Ave,1.33413893275864,103.71458530428906
21529,271.59999999999997,0.05338733431516937,0.6185567010309279,17,PM-peak boarding,Aft Third Chin Bee Rd,Chin Bee Ave,1.3340830392462,103.71509707566638
21531,15.85,0.06624605678233439,0.5867507886435331,17,PM-peak boarding,Clariant S'pore,Third Chin Bee Rd,1.33187576098508,103.71634483335832
21539,113.20000000000002,0.05521201413427561,0.5962897526501766,17,PM-peak boarding,Opp Kaily Packaging,Third Chin Bee Rd,1.331311,103.716354
21541,27.2,0.15073529411764705,0.37683823529411764,19,PM-peak boarding,Aft Fourth Chin Bee Rd,Intl Rd,1.33138075779669,103.71986360869532
21549,58.649999999999984,0.04262574595055415,0.5464620630861041,17,PM-peak boarding,Automotive Technology,Intl Rd,1.33088280586201,103.71899585412747
21551,824.15,0.24825577868106535,0.24400897894800708,7,balanced,Blk 151,Yung Ho Rd,1.3266610431866,103.7209862100987
21559,556.05,0.2837874291880227,0.18496538081107813,7,AM-peak boarding,CISCO Recall,Yung Ho Rd,1.326626598883,103.72063909698713
21561,2046.6500000000003,0.21606039137126523,0.17003395793125348,15,balanced,Blk 158,Corporation Dr,1.328801,103.722753
21569,520.8,0.2916666666666667,0.12096774193548389,7,AM-peak boarding,Opp Blk 158,Corporation Dr,1.32857203912272,103.72289813113439
21571,1233.0500000000002,0.22926888609545437,0.147033778030088,7,AM-peak boarding,Opp Jurong Sec Sch,Corporation Dr,1.33056719470166,103.72307005592994
21579,301.25,0.2698755186721992,0.15717842323651451,7,AM-peak boarding,Jurong Sec Sch,Corporation Dr,1.33013472279057,103.72318086110512
21581,1586.0999999999997,0.29112288002017533,0.13350356219658285,7,AM-peak boarding,Blk 65,Corporation Dr,1.33243350969467,103.72328639029729
21589,288.04999999999995,0.26731470230862703,0.11751432043048082,6,AM-peak boarding,Opp Blk 65,Corporation Dr,1.33246568746472,103.72345805167676
21591,3326.8999999999996,0.22629174306411376,0.15664732934563708,7,balanced,Opp Blk 117,Corporation Dr,1.33476103645994,103.72242808341083
21599,1046.25,0.21787335722819592,0.16148148148148148,6,balanced,Blk 117,Corporation Dr,1.33468356164521,103.72268493639599
21601,1951.1,0.2895802367895034,0.13097739736558867,7,AM-peak boarding,Blk 357,Corporation Dr,1.33727029608815,103.72109770581518
21609,698.6499999999999,0.31489300794389186,0.14699778143562586,7,AM-peak boarding,Opp Blk 364,Corporation Dr,1.33775166774993,103.72102625466782
21611,778.8000000000001,0.22303543913713406,0.15164355418592704,7,balanced,Blk 367,Corporation Dr,1.3383643422738,103.71931958855112
21619,518.2500000000001,0.13082489146164974,0.12493970091654603,13,balanced,Aft Corp Rd,Corporation Dr,1.33793509893342,103.71816213921478
21621,428.8500000000001,0.27632039174536543,0.11530838288445841,8,AM-peak boarding,Blk 354,Kang Ching Rd,1.3392149977089,103.72205929003123
21629,24.800000000000004,0.22580645161290316,0.26612903225806445,8,balanced,Blk 334,Kang Ching Rd,1.339672,103.722816
21631,488.1000000000001,0.2950215119852489,0.1906371645154681,7,AM-peak boarding,Blk 115,Yuan Ching Rd,1.33363626085559,103.72493610114242
21639,195.2,0.21849385245901642,0.15215163934426232,6,balanced,Opp Blk 115,Yuan Ching Rd,1.33378861099344,103.72511638897618
21641,629.85,0.3299198221798841,0.14789235532269587,7,AM-peak boarding,Bef Blk 322,Yuan Ching Rd,1.3363012622323,103.7250086693193
21649,142.55,0.2886706418800421,0.14240617327253594,7,AM-peak boarding,Opp Blk 322,Yuan Ching Rd,1.33670886560508,103.72517977728532
21651,719.9,0.36171690512571186,0.13599110987637172,7,AM-peak boarding,Opp Chinese Gdn,Yuan Ching Rd,1.33873014874255,103.72402172321266
21659,115.05000000000001,0.23989569752281614,0.13863537592351152,7,AM-peak boarding,Chinese Gdn,Yuan Ching Rd,1.33896010542304,103.72410808486939
21661,418.74999999999994,0.20907462686567166,0.18400000000000005,8,balanced,Yuan Ching Sec Sch,Yuan Ching Rd,1.34176560473259,103.72141430185464
21669,219.85000000000005,0.14418921992267453,0.2701842165112576,14,PM-peak boarding,Opp Blk 134D,Yuan Ching Rd,1.34134214489014,103.7220951930324
21671,230.6,0.3434518647007806,0.13920208152645275,8,AM-peak boarding,Blk 331,Tah Ching Rd,1.33806500003375,103.72376166703002
21679,183.54999999999998,0.28003268864069736,0.16643966221737946,7,AM-peak boarding,Blk 329,Tah Ching Rd,1.3377621978639,103.72358362464975
21681,390.95000000000005,0.27727330860723876,0.17291213710193115,7,AM-peak boarding,Opp Blk 200,Boon Lay Way,1.34228732259066,103.71466298692037
21689,1479.1,0.3463254681901156,0.12135758231356907,7,AM-peak boarding,Blk 200,Boon Lay Way,1.34241984576482,103.71442338427325
21691,122.7,0.2567237163814181,0.1715566422167889,7,balanced,Opp Summerdale,Boon Lay Way,1.341376,103.712218
21699,1014.5999999999998,0.34038044549576196,0.16888428937512326,7,AM-peak boarding,Summerdale,Boon Lay Way,1.341617,103.712315
21711,156.14999999999998,0.22062119756644258,0.17739353186039067,6,balanced,Bet Blks 523/525,Corporation Rd,1.34699884210956,103.7157628162222
21719,103.55000000000003,0.27088363109608876,0.11830033800096569,7,AM-peak boarding,Opp Blk 529,Corporation Rd,1.34779474567713,103.71507297402223
21721,98.29999999999998,0.20803662258392683,0.17751780264496442,7,balanced,Blk 239A,Boon Lay Dr,1.342563,103.711075
21729,256.85,0.1641035623905003,0.17578353124391666,17,balanced,Opp Blk 239A,Boon Lay Dr,1.34238,103.711321
21751,387.44999999999993,0.025164537359659317,0.2817137695186476,14,PM-peak boarding,Jurong Sec Sch,Yuan Ching Rd,1.33089333300685,103.72480472198433
21759,118.65,0.10450906026127263,0.24652338811630845,14,PM-peak boarding,Opp Jurong Sec Sch,Yuan Ching Rd,1.33032387572414,103.7249113116863
21761,481.4,0.32976734524304113,0.1492521811383465,7,AM-peak boarding,Blk 138B,Yuan Ching Rd,1.32831333299986,103.72476805601295
21769,88.9,0.2992125984251969,0.09111361079865016,6,AM-peak boarding,Opp Blk 138B,Yuan Ching Rd,1.32847554099899,103.7249037836336
21771,688.9,0.22013354623312525,0.2932936565539266,7,balanced,Aft Corp Dr,Yung Ho Rd,1.3266,103.723626
21779,883.4,0.10142630744849444,0.29131763640479963,17,PM-peak boarding,Aft Yuan Ching Rd,Yung Ho Rd,1.32643572160288,103.72425774502393
22009,66078.8,0.15973580028693016,0.2838618437380824,18,PM-peak boarding,Boon Lay Int,Jurong West Ctrl 3,1.33932334709184,103.70545701843297
22011,24.650000000000002,0.07099391480730223,0.32454361054766734,16,PM-peak boarding,Bef Jurong Hill,Jln Ahmad Ibrahim,1.32129797964322,103.7077550377112
22019,150.4,0.13663563829787234,0.34441489361702127,17,PM-peak boarding,Aft Tractor Rd,Jln Ahmad Ibrahim,1.32202402246272,103.7071133033833
22021,373.20000000000005,0.04421221864951768,0.5088424437299035,17,PM-peak boarding,Givaudan,Jln Ahmad Ibrahim,1.32168245080395,103.70369314086494
22029,35.3,0.038243626062322955,0.5141643059490086,17,PM-peak boarding,Opp Givaudan,Jln Ahmad Ibrahim,1.32244971744256,103.70268212142697
22031,18.9,0.018518518518518517,0.5502645502645502,19,PM-peak boarding,Bef Pioneer Circus,Jln Ahmad Ibrahim,1.32216806047952,103.69855176773174
22039,4.0,0.0,0.39999999999999997,19,PM-peak boarding,Markono Holdings,Jln Ahmad Ibrahim,1.32284076507861,103.69861624674222
22041,106.3,0.04468485418626529,0.5785512699905927,18,PM-peak boarding,Aft Tg Kling Rd,Jln Buroh,1.31463499997457,103.69873083298778
22049,1.0,0.05,0.5,17,PM-peak boarding,Bef Tg Kling Rd,Jln Buroh,1.3144663889863,103.69788888900642
22051,428.45,0.05589917143190572,0.6229431672307153,18,PM-peak boarding,Opp Buroh St,Jln Buroh,1.31386916701697,103.7020447220124
22059,6.449999999999998,0.08527131782945739,0.48837209302325585,18,PM-peak boarding,Aft Buroh St,Jln Buroh,1.3136061110111,103.70126249997799
22061,242.04999999999998,0.028299938029332783,0.527163809130345,19,PM-peak boarding,CEVA Logistics,Jln Buroh,1.314258,103.704504
22069,8.600000000000001,0.03488372093023255,0.4593023255813953,17,PM-peak boarding,Opp CEVA Logistics,Jln Buroh,1.31365447950552,103.70379462205501
22071,47.699999999999996,0.10377358490566037,0.5031446540880504,17,PM-peak boarding,Bef Jurong Pier Rd,Jln Buroh,1.31433636827053,103.70695129035255
22079,7.35,0.4897959183673469,0.14285714285714285,7,AM-peak boarding,Aft Jurong Pier Rd,Jln Buroh,1.31394399203055,103.70804979014268
22081,98.49999999999999,0.050253807106598984,0.5101522842639594,18,PM-peak boarding,Opp Natsteel,Tg Kling Rd,1.30599555710248,103.70037593299399
22089,2.4499999999999993,0.08163265306122452,0.16326530612244902,14,PM-peak boarding,Natsteel,Tg Kling Rd,1.30589277802592,103.70087805599307
22091,59.39999999999999,0.0361952861952862,0.6658249158249159,17,PM-peak boarding,Aft Jln Samulun,Shipyard Rd,1.30880721630907,103.6965558745042
22099,15.65,0.14696485623003194,0.5878594249201278,17,PM-peak boarding,Bef Jln Samulun,Shipyard Rd,1.30879764761052,103.69688960154522
22141,576.15,0.040527640371431056,0.5756313460036449,17,PM-peak boarding,Aft Jln Buroh,Pioneer Rd,1.3173330063793,103.6959517251446
22149,9.6,0.22395833333333334,0.28125000000000006,7,balanced,Bef Jln Buroh,Pioneer Rd,1.3173196040118,103.69631182452453
22151,296.85,0.047498736735725106,0.5309078659255516,17,PM-peak boarding,Hitachi,Pioneer Rd,1.32095233702714,103.69627164313702
22159,4.9,0.2040816326530612,0.32653061224489793,8,PM-peak boarding,Opp Hitachi,Pioneer Rd,1.32095243330175,103.69663318172152
22161,254.0,0.026968503937007872,0.568503937007874,17,PM-peak boarding,Aft Lok Yang Way,Pioneer Rd Nth,1.32551656861142,103.69643109025226
22169,19.150000000000002,0.4386422976501305,0.18015665796344646,8,AM-peak boarding,Aft Intl Rd,Pioneer Rd Nth,1.32624542877841,103.6966157738775
22171,169.0,0.01686390532544379,0.6346153846153846,17,PM-peak boarding,Opp Secura S'pore,Pioneer Rd Nth,1.32954166703099,103.69637694399475
22179,30.25,0.5338842975206611,0.13884297520661157,7,AM-peak boarding,Secura S'pore,Pioneer Rd Nth,1.33000472340216,103.6966590690515
22181,647.1,0.04180188533456961,0.46252511203832486,17,PM-peak boarding,S'pore Post,Pioneer Rd Nth,1.33301611112037,103.69637694442996
22189,366.29999999999995,0.5251160251160252,0.09336609336609339,7,AM-peak boarding,Pioneer Junction,Pioneer Rd Nth,1.33369710730493,103.69666289847902
22191,453.4,0.21096162329069257,0.2867225408028231,7,balanced,Soon Lee Depot,Soon Lee Rd,1.33130584013018,103.69832754842358
22199,0.05,0.0,0.0,9,balanced,Opp Soon Lee Depot,Soon Lee Rd,1.33102248150132,103.69847431049809
22219,68.25000000000001,0.1106227106227106,0.4043956043956043,6,PM-peak boarding,Aft Neythal Rd,Intl Rd,1.32764556072381,103.70260743188996
22221,36.849999999999994,0.05291723202170964,0.39213025780189964,17,PM-peak boarding,Aft Pioneer Rd Nth,Intl Rd,1.32790916071437,103.69785686002558
22229,75.95,0.20473996050032917,0.37656352863726134,18,PM-peak boarding,Bef Pioneer Rd Nth,Intl Rd,1.32764334311,103.69887468380779
22231,442.74999999999994,0.09249011857707512,0.2630152456239413,19,PM-peak boarding,Blk 639,Jurong West St 61,1.34079486676221,103.69717899290252
22239,1264.5500000000002,0.21576845518168516,0.15669605788620455,7,balanced,Blk 624,Jurong West St 61,1.34081972201603,103.69742194398371
22241,246.8,0.32880875202593196,0.15944084278768234,7,AM-peak boarding,Opp Blk 622,Jurong West St 62,1.34012270744787,103.69938392223636
22249,845.0,0.2705325443786982,0.13366863905325443,7,AM-peak boarding,Blk 622,Jurong West St 62,1.34016007378301,103.69865436006683
22251,330.5,0.32586989409984873,0.14568835098335856,7,AM-peak boarding,Blk 665A,Jurong West St 62,1.34073333303053,103.70265666700926
22259,1134.9,0.32694510529562076,0.11340206185567009,7,AM-peak boarding,Blk 668D,Jurong West St 62,1.34089136412278,103.7025463831608
22271,78.75,0.07238095238095238,0.5123809523809524,18,PM-peak boarding,Bef Kwong Min Rd,Soon Lee Rd,1.32924582821916,103.7001114570651
22281,43.89999999999999,0.2129840546697039,0.15148063781321186,6,balanced,Aft Soon Lee Rd,Fan Yoong Rd,1.32849264291843,103.70375258407391
22289,200.25,0.07340823970037452,0.5430711610486891,17,PM-peak boarding,Bef Fan Yoong Rd,Soon Lee Rd,1.32926333300758,103.70284000001512
22299,31.399999999999995,0.0445859872611465,0.6289808917197454,18,PM-peak boarding,Bef Soon Lee Rd,Kwong Min Rd,1.33068833434452,103.70177410483808
22309,49.35,0.11144883485309016,0.5491388044579534,17,PM-peak boarding,Aft Fan Yoong Rd,Enterprise Rd,1.33326999997395,103.7033808329889
22319,199.35,0.01254075746175069,0.5603210433910207,17,PM-peak boarding,Bef Enterprise Rd,Wan Lee Rd,1.33198138900019,103.70545250001828
22329,67.75000000000001,0.06568265682656825,0.48560885608856086,17,PM-peak boarding,Opp Sam McCoy Engrg,Wan Lee Rd,1.33024346855102,103.70501590196446
22331,37.90000000000001,0.04617414248021107,0.5738786279683376,19,PM-peak boarding,Tg Kling Rd (End),Tg Kling Rd,1.30485847664917,103.70317916961058
22341,645.4999999999999,0.39597211463981413,0.11084430673896206,7,AM-peak boarding,Blk 673C,Jurong West Ave 4,1.34491616105023,103.70103326346653
22349,2263.85,0.2514300859155863,0.1428539876758619,7,AM-peak boarding,Blk 734A CP,Jurong West Ave 4,1.34520537289138,103.7007962851633
22351,236.75,0.5672650475184795,0.08468848996832101,7,AM-peak boarding,Opp Blk 717,Jurong West Ave 4,1.34277421893699,103.69803382884736
22359,708.2999999999998,0.221728081321474,0.1666666666666667,7,balanced,Blk 717,Jurong West Ave 4,1.3425266670299,103.69727527800597
22361,107.05000000000001,0.2718355908453993,0.2297991592713685,7,balanced,Blk 641,Jurong West Ave 4,1.34077805602959,103.69587277801652
22369,204.84999999999997,0.13595313644129853,0.2448132780082988,6,PM-peak boarding,Blk 704,Jurong West Ave 4,1.34033186393306,103.69511038795854
22391,842.8,0.08709065021357382,0.5074750830564785,17,PM-peak boarding,Bef Jln Buroh,Tg Kling Rd,1.31342749923518,103.6957230721563
22399,31.150000000000002,0.26484751203852325,0.1203852327447833,12,AM-peak boarding,Aft Jln Buroh,Tg Kling Rd,1.31345707127095,103.69601603244551
22401,316.49999999999994,0.05181674565560822,0.5023696682464456,17,PM-peak boarding,Aft Shipyard Rd,Tg Kling Rd,1.31007875279152,103.69714966993958
22409,1.9500000000000002,0.07692307692307691,0.3589743589743589,12,PM-peak boarding,Bef Shipyard Rd,Tg Kling Rd,1.31014256556667,103.69741989860339
22411,160.05,0.32083723836301153,0.12308653545766947,7,AM-peak boarding,Blk 676B,Jurong West Ave 4,1.34626796042608,103.70380100924208
22419,65.14999999999999,0.06139677666922488,0.3844973138910207,18,PM-peak boarding,Jurong West Sub-Stn,Jurong West Ave 4,1.346532,103.703637
22421,18.400000000000002,0.0733695652173913,0.5326086956521738,17,PM-peak boarding,Natl Oxygen Pte Ltd,Tg Kling Rd,1.30775500000365,103.69872388898081
22429,2.1,0.07142857142857142,0.7142857142857143,18,PM-peak boarding,Opp Natl Oxygen Pte Ltd,Tg Kling Rd,1.30725749703402,103.69908070609895
22431,200.1,0.030234882558720644,0.5332333833083459,18,PM-peak boarding,Opp Fei Siong Group,Enterprise Rd,1.33308242562379,103.70742208599415
22439,6.849999999999998,0.07299270072992703,0.2189781021897811,12,PM-peak boarding,Aft Fei Siong Group,Enterprise Rd,1.33311257526168,103.70680944659455
22441,379.6500000000001,0.3387330435927827,0.1896483603318846,7,AM-peak boarding,Blk 669 CP,Jurong West St 64,1.342816,103.70358
22449,813.3499999999999,0.2736214421835619,0.11169853076781215,8,AM-peak boarding,Blk 685B,Jurong West St 64,1.343058,103.703812
22451,599.2,0.1848297730307076,0.2908878504672897,18,PM-peak boarding,Opp Blk 643,Pioneer Rd Nth,1.33817022625307,103.69561280580359
22459,219.75,0.45051194539249145,0.12218430034129693,7,AM-peak boarding,Blk 643,Pioneer Rd Nth,1.33856290426228,103.69572041924057
22461,660.8499999999999,0.2126806385715367,0.2561852160096845,7,balanced,Opp Blk 653B,Pioneer Rd Nth,1.33596194443399,103.6962049999685
22469,1074.1499999999999,0.5099846390168971,0.11772098868873064,8,AM-peak boarding,Blk 653B,Pioneer Rd Nth,1.33649062479414,103.69631873743737
22471,695.4999999999999,0.2968368080517614,0.23522645578720347,7,balanced,Blk 991B,Upp Jurong Rd,1.33509047686273,103.6931453983202
22479,108.10000000000001,0.3316373728029602,0.1655874190564292,7,AM-peak boarding,Opp Blk 991B,Upp Jurong Rd,1.33474242487786,103.693102645977
22481,63.4,0.19006309148264985,0.1222397476340694,9,AM-peak boarding,Blk 691A CP,Jurong West Ctrl 1,1.3424622384747,103.70554089546958
22489,361.54999999999995,0.2883418614299544,0.1808878440049786,7,AM-peak boarding,Blk 683A,Jurong West Ctrl 1,1.34258460261,103.70536833792208
22491,260.0,0.3148076923076923,0.16653846153846152,7,AM-peak boarding,Blk 662D,Jurong West St 64,1.33674,103.705202
22499,1299.75,0.2569340257741874,0.20892479322946722,7,balanced,Opp Blk 662C,Jurong West St 64,1.3377065,103.704634
22501,918.7500000000002,0.30802721088435364,0.14661224489795915,7,AM-peak boarding,Blk 662A,Jurong West St 63,1.33769199118033,103.70297133237953
22509,394.05,0.19312270016495367,0.1626697119654866,7,balanced,Blk 664C,Jurong West St 63,1.33799405073941,103.70323491142737
22511,1149.1,0.3365677486728744,0.12531546427639023,7,AM-peak boarding,Blk 658C,Jurong West St 63,1.33746181720219,103.70029665103546
22519,1240.15,0.16034350683385076,0.16598798532435594,13,balanced,Blk 608,Jurong West St 63,1.33773359608761,103.6999522210238
22521,7701.599999999999,0.232484159135764,0.21339721616287527,8,balanced,Pioneer Stn Exit A,Jurong West St 63,1.33741647896432,103.69776790191162
22529,2295.5000000000005,0.08967545197124809,0.38017861032454797,18,PM-peak boarding,Pioneer Stn Exit B,Jurong West St 63,1.33777262767008,103.69728617102128
22531,259.3999999999999,0.09059367771781036,0.14321511179645338,13,PM-peak boarding,Opp Jurong West Pr Sch,Jurong West St 61,1.33922673310366,103.6981437537688
22539,133.0,0.3958646616541353,0.0736842105263158,7,AM-peak boarding,Jurong West Pr Sch,Jurong West St 61,1.33919523713654,103.69838678279567
22541,153.0,0.05326797385620914,0.46895424836601307,18,PM-peak boarding,Blk 655,Boon Lay Way,1.33496804809618,103.69761016575693
22549,51.400000000000006,0.593385214007782,0.0593385214007782,7,AM-peak boarding,Opp Blk 655 CP,Boon Lay Way,1.33463563122766,103.69795361380136
22551,113.15,0.1365444100751215,0.26911179849756955,18,PM-peak boarding,Blk 657,Boon Lay Way,1.33498204269222,103.70065616150622
22559,16.050000000000008,0.41433021806853565,0.12149532710280368,6,AM-peak boarding,Opp Blk 657 CP,Boon Lay Way,1.33465462202129,103.70101403397047
22561,2.0,0.25,0.15,15,AM-peak boarding,Blk 660 CP,Boon Lay Way,1.33497038465954,103.704144267721
22569,24.39999999999999,0.43237704918032804,0.19262295081967218,8,AM-peak boarding,Opp Blk 660 CP,Boon Lay Way,1.33464939590143,103.70458203446965
22591,228.95,0.406857392443765,0.13889495523039966,7,AM-peak boarding,Blk 670A,Jurong West St 64,1.3447589,103.70289
22599,1940.1,0.35791969486108965,0.10445337869182002,7,AM-peak boarding,Blk 678D,Jurong West St 64,1.3443608,103.7034508
22609,0.0,,,0,balanced,Soon Lee Bus Pk,Soon Lee Rd,1.33048210252836,103.69830144019609
23011,152.95000000000002,0.09905197777051322,0.45145472376593654,17,PM-peak boarding,Carrier Transicold P/L,Jln Ahmad Ibrahim,1.32240518497889,103.69250829071932
23019,80.65,0.07997520148791071,0.4376937383756974,19,PM-peak boarding,Nippon Paint,Jln Ahmad Ibrahim,1.32302099996901,103.69256700002227
23021,92.40000000000002,0.004329004329004328,0.4788961038961038,18,PM-peak boarding,Aft Benoi Sector,Jln Ahmad Ibrahim,1.32243595181684,103.6851860612218
23029,23.150000000000006,0.06263498920086392,0.5939524838012957,18,PM-peak boarding,Stamford Tyre,Jln Ahmad Ibrahim,1.32302194442237,103.68622888892132
23031,243.44999999999996,0.031217909221606086,0.5814335592524132,17,PM-peak boarding,Bef Benoi Flyover,Jln Ahmad Ibrahim,1.32239543114794,103.68099108399514
23039,21.4,0.042056074766355145,0.6308411214953271,17,PM-peak boarding,Aft Benoi Flyover,Jln Ahmad Ibrahim,1.32303111111252,103.68151388887642
23041,56.59999999999999,0.19257950530035337,0.3365724381625443,18,PM-peak boarding,Opp Jurong Camp,Upp Jurong Rd,1.33334088691759,103.69055967203332
23049,559.0499999999998,0.03210804042572222,0.51954208031482,17,PM-peak boarding,Jurong Camp,Upp Jurong Rd,1.33410764081742,103.69061140570352
23051,72.14999999999999,0.09702009702009703,0.4074844074844075,6,PM-peak boarding,Bef Kian Teck Rd,Upp Jurong Rd,1.33168972198862,103.68928138898715
23059,234.54999999999998,0.04412705180132168,0.5766361117032616,18,PM-peak boarding,Aft Kian Teck Rd,Upp Jurong Rd,1.33071284667323,103.68813759846915
23061,31.05,0.19162640901771336,0.4235104669887278,17,PM-peak boarding,Aft Kian Teck Rd,Upp Jurong Rd,1.329527778021,103.68652222202904
23069,210.39999999999998,0.035646387832699626,0.3315114068441065,17,PM-peak boarding,Bef Kian Teck Rd,Upp Jurong Rd,1.32989950511553,103.68582019131013
23071,108.85,0.06706476802939826,0.2512632062471291,20,PM-peak boarding,Opp SAFTI Military Inst,Upp Jurong Rd,1.32977056006705,103.68257796013837
23079,177.55,0.019712756969867642,0.24866234863418754,21,PM-peak boarding,SAFTI Military Inst,Upp Jurong Rd,1.33017908917854,103.68181544225693
23081,15.200000000000001,0.20065789473684212,0.18749999999999997,6,balanced,Opp S'pore Discovery Ctr,Upp Jurong Rd,1.33011660553179,103.67826798978071
23089,21.499999999999996,0.006976744186046512,0.444186046511628,16,PM-peak boarding,S'pore Discovery Ctr,Upp Jurong Rd,1.3303875,103.678594
23091,8.299999999999999,0.05421686746987952,0.3614457831325302,11,PM-peak boarding,Nippon,Lok Yang Way,1.32451861639004,103.69276227893867
23099,41.55,0.015643802647412757,0.555956678700361,17,PM-peak boarding,Bef First Lok Yang Rd,Lok Yang Way,1.32467117178875,103.69286142759196
23101,26.249999999999996,0.09333333333333335,0.35047619047619055,17,PM-peak boarding,Auto World Care,Lok Yang Way,1.32453472201272,103.69091333299923
23109,110.35,0.043044857272315364,0.4834617127322157,17,PM-peak boarding,Aft Third Lok Yang Rd,Lok Yang Way,1.32468138902865,103.69068388898825
23111,39.9,0.05388471177944862,0.5964912280701754,19,PM-peak boarding,Bef Fourth Lok Yang Rd,Lok Yang Way,1.32454666699618,103.68836472199122
23119,30.700000000000003,0.014657980456026056,0.5667752442996742,18,PM-peak boarding,Aft Fourth Lok Yang Rd,Lok Yang Way,1.32467561470377,103.68847743952205
23121,71.49999999999999,0.009090909090909092,0.5370629370629372,18,PM-peak boarding,Opp Leroy-Somer,Lok Yang Way,1.32454951872062,103.68564634652004
23129,62.39999999999999,0.004807692307692308,0.5096153846153847,20,PM-peak boarding,Leroy-Somer,Lok Yang Way,1.32468096678984,103.68558762196439
23131,89.25000000000001,0.08011204481792716,0.5019607843137255,17,PM-peak boarding,MES Logistic Hub,Sixth Lok Yang Rd,1.32537111100949,103.684046944028
23139,61.050000000000004,0.12285012285012284,0.5004095004095004,17,PM-peak boarding,Bef Lok Yang Way,Sixth Lok Yang Rd,1.32517166702255,103.68414777801725
23141,8.8,0.022727272727272728,0.5511363636363635,18,PM-peak boarding,Opp Varco,Sixth Lok Yang Rd,1.32666880692569,103.68401506144217
23149,19.949999999999996,0.05012531328320803,0.5037593984962406,17,PM-peak boarding,Varco,Sixth Lok Yang Rd,1.32683034567488,103.68416474851742
23151,9.4,0.02127659574468085,0.7659574468085106,19,PM-peak boarding,Containers Printers,Intl Rd,1.32788229015066,103.68483459543562
23159,144.45,0.040498442367601244,0.7414330218068537,17,PM-peak boarding,Aft Fifth Lok Yang Rd,Intl Rd,1.32766374044406,103.68563350571777
23161,16.5,0.03333333333333333,0.5696969696969697,17,PM-peak boarding,Aft Kian Teck Rd,Intl Rd,1.3278839556405,103.68869472049072
23169,144.1,0.024635669673837613,0.6665510062456628,17,PM-peak boarding,Bef Kian Teck Rd,Intl Rd,1.32768833297607,103.68867638901021
23171,21.700000000000003,0.17511520737327188,0.2557603686635944,20,balanced,SKK (S) Pte Ltd,Intl Rd,1.32789603640425,103.69118969248986
23179,75.45,0.08482438701126574,0.5069582504970179,17,PM-peak boarding,Aft Second Lok Yang Rd,Intl Rd,1.32767284372911,103.69102029335356
23181,81.05,0.15731030228254164,0.37199259716224553,18,PM-peak boarding,Aft Kian Teck Rd,Intl Rd,1.32790305599387,103.69448861100467
23189,388.6,0.21551724137931033,0.2904014410705095,6,balanced,Bef First Lok Yang Rd,Intl Rd,1.32764459746447,103.69397532297509
23191,1.2,0.04166666666666667,0.3333333333333333,19,PM-peak boarding,SK Tes,Benoi Sector,1.31966145615591,103.68362765144359
23199,123.9,0.036723163841807904,0.3660209846650524,20,PM-peak boarding,Opp SK Tes,Benoi Sector,1.31951264524841,103.68312351699183
23201,0.6,0.25000000000000006,0.25000000000000006,20,balanced,Pall Corporation,Benoi Sector,1.31964589958011,103.68628552653574
23209,145.05,0.072733540158566,0.5087900723888313,17,PM-peak boarding,NS BlueScope Lysaght,Benoi Sector,1.31950327084795,103.68577614249959
23211,7.500000000000001,0.09333333333333331,0.1333333333333333,20,balanced,Mapletree Logistics Hub,Benoi Sector,1.31792061914698,103.6892047185557
23219,300.9,0.06281156530408774,0.5586573612495846,18,PM-peak boarding,Opp Mapletree Log Hub,Benoi Sector,1.31832727349422,103.68852528629336
23221,188.45000000000002,0.04032899973467763,0.4404351286813478,17,PM-peak boarding,Aft Gul Way,Pioneer Rd,1.30896659624814,103.67178095052478
23229,3.3,0.18181818181818182,0.25757575757575757,20,balanced,Opp Gul Way,Pioneer Rd,1.30868757581216,103.67180644651505
23231,308.80000000000007,0.04339378238341968,0.5615284974093263,17,PM-peak boarding,Keppel Logistics,Pioneer Rd,1.3093,103.6750325
23239,32.15,0.15241057542768274,0.18195956454121306,22,balanced,Opp Keppel Logistics,Pioneer Rd,1.3091795,103.6749895
23241,13.500000000000002,0.029629629629629627,0.5814814814814814,18,PM-peak boarding,Aft Benoi Rd,Pioneer Rd,1.3102543597714,103.67981162071217
23249,3.7500000000000004,0.15999999999999998,0.18666666666666668,11,balanced,Bef Benoi Rd,Pioneer Rd,1.30990348653039,103.67948846644917
23251,35.550000000000004,0.06469760900140646,0.47116736990154706,17,PM-peak boarding,Aft Shipyard Rd,Pioneer Rd,1.3117223561773,103.68378143028161
23259,12.450000000000001,0.04417670682730924,0.321285140562249,16,PM-peak boarding,Bef Shipyard Rd,Pioneer Rd,1.31139556205987,103.6836649596919
23261,69.75,0.07096774193548387,0.4724014336917563,17,PM-peak boarding,Opp Exxon Mobil,Pioneer Rd,1.31264863196713,103.68577338809426
23269,47.24999999999999,0.20423280423280427,0.3365079365079366,17,PM-peak boarding,Exxon Mobil,Pioneer Rd,1.312406285462,103.6857799047387
23279,4.9,0.030612244897959186,0.3571428571428571,17,PM-peak boarding,Bef Benoi Sector,Pioneer Rd,1.3149287594586,103.69162853660083
23281,57.199999999999996,0.07255244755244757,0.4903846153846154,17,PM-peak boarding,Aft Pioneer Rd,Benoi Rd,1.30650617564734,103.6789673712784
23291,21.25,0.0611764705882353,0.3270588235294118,20,PM-peak boarding,ST Marine,Benoi Rd,1.30382409549165,103.67930477414359
23301,74.55,0.07109322602280349,0.3601609657947686,17,PM-peak boarding,Bef Benoi Basin,Benoi Rd,1.30212057066579,103.67953903241491
23311,19.85,0.13350125944584385,0.45591939546599486,17,PM-peak boarding,Seatrium Benoi Yard,Benoi Rd,1.30178638897679,103.67745555601714
23321,40.0,0.042499999999999996,0.5725,17,PM-peak boarding,Bef Benoi Lane,Benoi Rd,1.30404333032775,103.67618479236954
23331,62.849999999999994,0.12171837708830549,0.29276054097056486,20,PM-peak boarding,Opp JP Nelson,Benoi Rd,1.30689333299079,103.67584222201577
23341,45.400000000000006,0.058370044052863425,0.4966960352422907,19,PM-peak boarding,Aft Pioneer Rd,Benoi Rd,1.31118496429579,103.67850804808974
23349,0.3,0.16666666666666669,0.5000000000000001,8,PM-peak boarding,Bef Pioneer Rd,Benoi Rd,1.31076855055702,103.67871579430353
23351,23.000000000000004,0.019565217391304342,0.5934782608695651,17,PM-peak boarding,Aft Gul Ave,Benoi Rd,1.31615485867639,103.67874941599844
23359,3.4000000000000004,0.2205882352941176,0.11764705882352941,15,AM-peak boarding,Opp Gul Ave,Benoi Rd,1.31500500807478,103.6788828370567
23361,65.60000000000001,0.024390243902439022,0.47103658536585363,17,PM-peak boarding,Bef Benoi Sector,Benoi Rd,1.31910770453777,103.6788383227952
23369,3.75,0.36000000000000004,0.16,7,AM-peak boarding,Aft Benoi Sector,Benoi Rd,1.31907826658404,103.67911023430729
23371,270.35,0.47309043832069536,0.2618827445903459,7,AM-peak boarding,Bef Joo Koon Int,Benoi Rd,1.32595445317751,103.6790814673288
23379,43.050000000000004,0.3321718931475029,0.07781649245063878,6,AM-peak boarding,Opp Joo Koon Int,Benoi Rd,1.3265431228454,103.67939439835483
23389,2.3000000000000003,0.021739130434782608,0.4782608695652173,17,PM-peak boarding,PEC Ltd,Shipyard Rd,1.30755644701044,103.69377301234816
23399,11.100000000000001,0.18468468468468466,0.3333333333333333,16,PM-peak boarding,Keppel Offshore & Marine,Shipyard Rd,1.30533638898993,103.69237083299343
23409,50.2,0.11354581673306773,0.3655378486055777,16,PM-peak boarding,Mobil Marine Ter,Shipyard Rd,1.30352138897737,103.68933638897875
23419,24.549999999999997,0.04480651731160897,0.42973523421588605,17,PM-peak boarding,Bef Shipyard Cres,Shipyard Rd,1.30380777799126,103.6861461109867
23429,68.4,0.07529239766081872,0.5679824561403508,17,PM-peak boarding,Opp Mooreast,Shipyard Rd,1.30456833652112,103.68472051252805
23439,0.8999999999999999,0.0,0.6111111111111113,18,PM-peak boarding,Opp LP 71,Shipyard Rd,1.30774277950908,103.68468656882482
23441,168.0,0.010714285714285714,0.6386904761904761,17,PM-peak boarding,Bef Benoi Pl,Benoi Rd,1.31304186906391,103.67862695881058
23449,2.15,0.23255813953488372,0.20930232558139533,7,balanced,Aft Benoi Pl,Benoi Rd,1.31284166701008,103.67877583300174
23451,72.1,0.04230235783633842,0.6636615811373092,17,PM-peak boarding,Opp Chemical Industries,Jln Samulun,1.30402666700212,103.6972844439932
23461,16.95,0.18289085545722716,0.3864306784660767,19,PM-peak boarding,Tanoto Shipyard,Jln Samulun,1.30546916761511,103.69643466903611
23469,43.85,0.029646522234891677,0.5553021664766249,17,PM-peak boarding,Opp Tanoto Shipyard,Jln Samulun,1.3050852014562,103.69683459275382
23471,0.25,0.2,0.0,6,AM-peak boarding,Aft Benoi Rd,Benoi Sector,1.31966340928848,103.68097194774356
23479,78.65,0.13604577240940877,0.5766052129688493,17,PM-peak boarding,Bef Benoi Rd,Benoi Sector,1.31950924526288,103.68065985334341
23481,51.9,0.5057803468208093,0.1599229287090559,7,AM-peak boarding,Molex,Intl Rd,1.32791691676156,103.68174669439477
23489,9.350000000000001,0.3262032085561497,0.2887700534759358,8,balanced,Opp Molex,Intl Rd,1.32759688194654,103.68048864270644
23491,843.6999999999999,0.42177314211212524,0.1979969183359014,7,AM-peak boarding,Joo Koon Stn Exit B,Joo Koon Circle,1.327885,103.677849
23499,1229.1999999999996,0.6048649528148391,0.05837129840546699,7,AM-peak boarding,Joo Koon Stn Exit A,Joo Koon Circle,1.32755092355685,103.67805103515069
23501,8.75,0.11428571428571428,0.44,17,PM-peak boarding,Aft Pioneer Rd Nth,Lok Yang Way,1.32453160328451,103.6958354332658
23509,39.05,0.06402048655569782,0.4058898847631242,16,PM-peak boarding,Hoe Keng Motor,Lok Yang Way,1.32468013030892,103.69561678727867
23519,64.39999999999999,0.4487577639751553,0.1366459627329193,7,AM-peak boarding,Opp FairPrice Hub,Benoi Rd,1.32479352408668,103.6793660000188
24009,10734.7,0.4069606043950926,0.17015380029250932,7,AM-peak boarding,Joo Koon Int,Joo Koon Circle,1.32697254709069,103.67839791240787
24011,4.85,0.0309278350515464,0.5051546391752578,17,PM-peak boarding,M.C. Packaging Pte Ltd,Jln Ahmad Ibrahim,1.32230923979842,103.6776263194759
24019,4.85,0.17525773195876293,0.1752577319587629,10,balanced,Liang Huat Ind Cplx,Jln Ahmad Ibrahim,1.32288721900936,103.67728206793541
24021,99.94999999999999,0.08154077038519261,0.6098049024512256,18,PM-peak boarding,Meritor Heavy Veh Systems,Jln Ahmad Ibrahim,1.32185257239826,103.67087977752024
24029,241.74999999999997,0.05274043433298863,0.7211995863495346,18,PM-peak boarding,Mazak S'pore,Jln Ahmad Ibrahim,1.3224709639188,103.67132658072524
24041,3.6,0.08333333333333333,0.37499999999999994,17,PM-peak boarding,Opp Pasir Laba Camp,Upp Jurong Rd,1.33035313055333,103.67499316670492
24049,573.1,0.01509335194555924,0.3847496073983598,17,PM-peak boarding,Pasir Laba Camp,Upp Jurong Rd,1.3309125,103.6737755
24089,110.0,0.03409090909090909,0.5559090909090909,17,PM-peak boarding,Aft Gul Ave,Gul Way,1.31445576142607,103.67069001700851
24129,90.14999999999999,0.07210205213533001,0.4364947310038825,17,PM-peak boarding,Opp Yeow San Pte Ltd,Joo Koon Way,1.32614180600676,103.66987144292962
24139,8.899999999999999,0.011235955056179778,0.5955056179775282,17,PM-peak boarding,Opp Toyo Ink,Joo Koon Circle,1.32733592150747,103.67193012673827
24149,6.8999999999999995,0.2391304347826087,0.13768115942028986,6,AM-peak boarding,Aft Joo Koon Cres,Joo Koon Circle,1.32754011144327,103.67466321781171
24159,16.999999999999996,0.10294117647058826,0.3411764705882354,20,PM-peak boarding,Aft Joo Koon Rd,Joo Koon Circle,1.3268422233348,103.67664244711858
24169,58.45,0.009409751924721986,0.40804106073567153,18,PM-peak boarding,Bef Gul Circle,Gul Cres,1.31038624703757,103.66671593002816
24179,68.55,0.06856309263311451,0.6418672501823487,17,PM-peak boarding,Bef Gul Lane,Gul Cres,1.30940312319597,103.66477126222463
24189,50.849999999999994,0.056047197640118,0.4739429695181908,17,PM-peak boarding,Tai Sin Electric Cables,Gul Cres,1.31116229073472,103.6619380811675
24199,24.349999999999998,0.010266940451745381,0.6591375770020534,17,PM-peak boarding,JB Ind Pte Ltd,Gul Cres,1.31308152323838,103.65993666344218
24209,43.49999999999999,0.20689655172413796,0.4896551724137932,17,PM-peak boarding,Aft Gul Lane,Gul Cres,1.31523764085318,103.65986932009741
24219,15.349999999999998,0.07817589576547232,0.5407166123778502,17,PM-peak boarding,Precision Products,Gul Circle,1.31822701576325,103.66267154250265
24229,122.5,0.037142857142857144,0.556734693877551,17,PM-peak boarding,Aft Gul St 3,Gul Circle,1.31953778109044,103.66615348821185
24239,59.550000000000004,0.07388748950461797,0.5591939546599496,17,PM-peak boarding,Bef Gul St 1,Gul Circle,1.31979166699662,103.6690038889689
24249,34.55,0.03473227206946455,0.38639652677279307,17,PM-peak boarding,Asiatic Agricultural Ind,Gul Circle,1.3200141711372,103.67231073811735
24259,1.9000000000000006,0.34210526315789463,0.2368421052631578,7,balanced,DNV GL Laboratory,Gul Circle,1.32022430366593,103.6756285744157
24269,261.75000000000006,0.07774594078319005,0.5419293218720153,17,PM-peak boarding,Sing Huat Hardware,Gul Circle,1.31796007151086,103.67660828077693
24279,158.25,0.013902053712480255,0.6379146919431281,17,PM-peak boarding,Cameron Iron Works,Gul Circle,1.31480277476233,103.6767463061916
24289,114.24999999999999,0.020568927789934358,0.5115973741794312,17,PM-peak boarding,Opp Keppel T&T,Gul Circle,1.31240457504935,103.674858525035
24299,197.05000000000004,0.02182187262116214,0.5074854097944682,16,PM-peak boarding,Aft Gul Way,Gul Circle,1.31215859373419,103.67165007095036
24301,34.0,0.008823529411764707,0.5308823529411765,17,PM-peak boarding,SNL Logistics Pte Ltd,Gul Circle,1.31260985884793,103.66584908540896
24331,24.599999999999998,0.02845528455284553,0.701219512195122,18,PM-peak boarding,Opp Hong Hang Bldg,Pioneer Rd,1.30854833300657,103.66868333299611
24339,3.9000000000000004,0.2948717948717948,0.30769230769230765,19,balanced,Hong Hang Bldg,Pioneer Rd,1.30840666698801,103.66899333300486
24341,136.8,0.07309941520467836,0.5193713450292397,17,PM-peak boarding,Seatrium Pioneer Yard,Gul Rd,1.29559624794118,103.67069575266142
24349,13.55,0.1992619926199262,0.3985239852398524,19,PM-peak boarding,ST Engrg Gul Yard,Gul Rd,1.29557792043984,103.67091644467769
24351,172.0,0.17180232558139535,0.35901162790697677,17,PM-peak boarding,Opp S'pore Takada Ind,Gul Rd,1.29811763317717,103.6683905248493
24359,8.15,0.03067484662576687,0.5644171779141104,17,PM-peak boarding,S'pore Takada Ind,Gul Rd,1.29822556407932,103.66853349337183
24369,23.65,0.014799154334038054,0.5813953488372093,17,PM-peak boarding,Hanwha Offshore S'pore,Gul Rd,1.30077687663858,103.66698326196405
24379,8.450000000000001,0.05325443786982248,0.2544378698224852,16,PM-peak boarding,Opp Asia Ind Gases,Gul Rd,1.30366277967429,103.66588434674222
24381,154.35000000000002,0.03206997084548104,0.44250080984774864,18,PM-peak boarding,GE Keppel Energy Svcs,Gul Rd,1.3068880559927,103.66532722200753
24389,7.400000000000002,0.20270270270270263,0.12162162162162159,7,AM-peak boarding,Opp GE Keppel Energy Svcs,Gul Rd,1.30668431065764,103.66551563876423
24391,6.700000000000001,0.08955223880597014,0.3656716417910447,19,PM-peak boarding,Chem-Solv Technologies,Pioneer Sector 2,1.29859319877639,103.66447101698635
24401,19.200000000000003,0.05989583333333332,0.16406249999999997,6,PM-peak boarding,Opp Hoe Huat Engrg,Pioneer Sector 2,1.30031638897466,103.66355777798681
24411,8.700000000000001,0.017241379310344827,0.6436781609195401,17,PM-peak boarding,Opp Multi Ways Equipment,Pioneer Sector 2,1.30243777798816,103.66173361100701
24421,29.950000000000003,0.06176961602671118,0.5058430717863104,17,PM-peak boarding,Bef Pioneer Sector 1,Pioneer Sector 2,1.30463277796645,103.65950611101405
24431,77.64999999999999,0.022537025112685127,0.5003219575016099,17,PM-peak boarding,Aft Pioneer Sector 2,Pioneer Sector 1,1.30726611103183,103.6576999999841
24441,26.55,0.07909604519774012,0.35969868173257996,18,PM-peak boarding,GSK,Pioneer Sector 3,1.30713498253909,103.66096830094709
24451,159.1,0.01665619107479573,0.6445631678189818,19,PM-peak boarding,Opp Cambridge Ind Trust,Pioneer Sector 3,1.30599340060276,103.66378722029442
24461,299.70000000000005,0.03853853853853854,0.3061394728061394,16,PM-peak boarding,Bef Nam Leong Co Pte Ltd,Pioneer Sector Lane,1.29723931495896,103.66626018526829
24489,96.25,0.03584415584415584,0.6353246753246753,17,PM-peak boarding,Aft Joo Koon Way,Joo Koon Rd,1.32574395668742,103.67111058135133
24499,44.05,0.06469920544835414,0.641316685584563,17,PM-peak boarding,Panasonic Ind Devices,Joo Koon Rd,1.32598700998791,103.67439565139507
24501,11.350000000000001,0.24229074889867838,0.5462555066079294,17,PM-peak boarding,Bef Tuas Flyover,PIE,1.32424896848956,103.66479791875364
24509,3.1499999999999995,0.126984126984127,0.3015873015873016,20,PM-peak boarding,Aft Tuas Flyover,PIE,1.324409,103.6641415
24511,423.44999999999993,0.7094107923013343,0.036131774707757705,8,AM-peak boarding,Gul Circle Stn Exit A,Tuas Rd,1.319446944,103.6608911
24519,66.45,0.1038374717832957,0.4251316779533484,18,PM-peak boarding,Gul Circle Stn Exit B,Tuas Rd,1.319071944,103.6598081
24521,0.45,0.22222222222222224,0.11111111111111112,7,AM-peak boarding,Bef Tuas Ave 5,Tuas Rd,1.317440843177,103.65887836276522
24529,2.2,0.11363636363636363,0.09090909090909091,20,balanced,Aft Tuas Ave 5,Tuas Rd,1.31721248927948,103.65816649904158
24531,9.15,0.12021857923497269,0.45901639344262296,17,PM-peak boarding,Utracon Corp,Pioneer Sector 1,1.30622638897168,103.65688416696948
24539,76.0,0.04671052631578948,0.5394736842105263,18,PM-peak boarding,Dundee Marine,Pioneer Sector 1,1.30492020241064,103.65548029310382
24541,25.549999999999997,0.03131115459882583,0.7729941291585128,17,PM-peak boarding,Opp Seatrium Tuas Yard,Pioneer Sector 1,1.30275657598845,103.6556555059217
24549,121.15,0.09822534048699959,0.5105241436236071,17,PM-peak boarding,Seatrium Tuas Yard,Pioneer Sector 1,1.30273638896787,103.65543583300811
24559,41.5,0.032530120481927716,0.7168674698795181,17,PM-peak boarding,Opp Crystal Offshore,Pioneer Sector 1,1.30079305601761,103.6574800000263
24571,101.14999999999999,0.04695996045477015,0.5610479485912012,19,PM-peak boarding,Seng Heng Engrg,Joo Koon Circle,1.32367555849755,103.6690675022225
24581,234.65,0.04261666311527807,0.4265927977839335,16,PM-peak boarding,Opp ESAB,Joo Koon Circle,1.3249613889807,103.666995833031
24599,121.15,0.12752785802723896,0.5893520429219975,18,PM-peak boarding,Bef Joo Koon Way,Joo Koon Rd,1.32562284433654,103.66926644008088
24601,14.3,0.12237762237762237,0.5664335664335663,17,PM-peak boarding,Progress Galvanizing,Tuas Rd,1.31333999996651,103.65486500001047
24609,80.95,0.0339715873996294,0.647313156269302,17,PM-peak boarding,Opp Progress Galvanizing,Tuas Rd,1.3134310373537,103.65475166394909
24611,15.250000000000002,0.016393442622950817,0.7573770491803278,17,PM-peak boarding,Bef Marinteknik,Tuas Rd,1.31085562935941,103.65254056553094
24619,157.39999999999998,0.057496823379923775,0.5568614993646761,17,PM-peak boarding,Opp Marinteknik,Tuas Rd,1.31113971951498,103.65260471956782
24621,15.750000000000002,0.0,0.5746031746031746,17,PM-peak boarding,Aft Ocean Tanker,Tuas Rd,1.30797138899535,103.64977944402521
24629,37.199999999999996,0.030913978494623656,0.5161290322580645,17,PM-peak boarding,Opp Ocean Tanker,Tuas Rd,1.3085113890287,103.65015527797974
24631,285.05000000000007,0.06069110682336431,0.410805121908437,16,PM-peak boarding,Bef Benoi Rd,Gul Circle,1.32056657586424,103.67824444522353
24639,3.2999999999999994,0.09090909090909094,0.07575757575757577,12,balanced,Aft Benoi Rd,Gul Circle,1.32041012800861,103.67791569301414
24641,44.35,0.020293122886133032,0.44081172491544535,17,PM-peak boarding,W Atelier,Gul Ave,1.31424000000651,103.66551388890647
24651,138.65,0.06851785070320952,0.5340786152181752,17,PM-peak boarding,Metall-Treat Ind,Gul Ave,1.31490027800406,103.66882611097928
24671,94.60000000000001,0.023255813953488372,0.6300211416490485,17,PM-peak boarding,Hiap Teck Metal Co,Pioneer Rd,1.30957805602715,103.66123000003104
24679,7.849999999999999,0.22929936305732485,0.2165605095541402,8,balanced,Opp Hiap Teck Metal Co,Pioneer Rd,1.30929393064989,103.6612549652211
24681,49.5,0.030303030303030304,0.503030303030303,17,PM-peak boarding,Opp Jurong Insp Ctr,Pioneer Rd,1.31200874931979,103.65863348470843
24689,8.15,0.012269938650306749,0.7239263803680981,17,PM-peak boarding,Jurong Insp Ctr,Pioneer Rd,1.31152436181276,103.65889588893424
24691,104.80000000000001,0.013358778625954196,0.6736641221374046,17,PM-peak boarding,Aft Tuas Rd,Pioneer Rd,1.31344500002083,103.65712805602769
24699,6.35,0.015748031496062995,0.7559055118110236,17,PM-peak boarding,Bef Tuas Rd,Pioneer Rd,1.31345305601187,103.65690250002406
24701,1307.0,0.5748278500382555,0.08527161438408569,7,AM-peak boarding,Tuas Cres Stn Exit B,Pioneer Rd,1.321386,103.649116
24709,931.6499999999999,0.5766113883969303,0.06885633016690819,7,AM-peak boarding,Tuas Cres Stn Exit A,Pioneer Rd,1.32089,103.649026
24711,357.4000000000001,0.6592053721320648,0.07596530498041408,7,AM-peak boarding,Tuas West Rd Stn Exit B,Pioneer Rd,1.329871,103.639994
24719,172.2,0.6974448315911731,0.09407665505226481,8,AM-peak boarding,Tuas West Rd Stn Exit A,Pioneer Rd,1.330051,103.639332
25009,49.5,0.15858585858585858,0.1595959595959596,6,balanced,Tuas Ter,Tuas West Dr,1.34499542766088,103.63920357507963
25059,156.5,0.053993610223642165,0.5418530351437699,18,PM-peak boarding,Aft Tuas Sth Blvd,Tuas Sth Way,1.2700005,103.617479
25061,52.35,0.045845272206303724,0.6647564469914039,17,PM-peak boarding,Kyocera Chemical,Tuas Ave 9,1.32758500003063,103.64528750001706
25069,41.449999999999996,0.04342581423401689,0.3763570566948131,17,PM-peak boarding,Opp Kyocera Chemical,Tuas Ave 9,1.32751179627799,103.64551802153501
25071,14.9,0.013422818791946308,0.8355704697986577,17,PM-peak boarding,Opp Nissin Trspt,Tuas Ave 9,1.32958277801799,103.64320638902281
25079,13.45,0.003717472118959108,0.35687732342007444,16,PM-peak boarding,Nissin Trspt,Tuas Ave 9,1.32944568983893,103.64347153803386
25091,91.8,0.035403050108932466,0.28649237472766886,17,PM-peak boarding,Aft Tuas Ave 7,Tuas Ave 12,1.33443305603142,103.64520499998908
25099,103.2,0.036821705426356585,0.625,17,PM-peak boarding,Opto-Pharm,Tuas Ave 12,1.33392910725335,103.6449493341418
25101,112.39999999999999,0.0604982206405694,0.3656583629893238,17,PM-peak boarding,Opp SMC Mfg,Tuas Ave 1,1.33428472907824,103.64783751324052
25109,137.2,0.03134110787172012,0.6534256559766763,17,PM-peak boarding,SMC Mfg,Tuas Ave 1,1.33462333299665,103.64732250002415
25111,128.79999999999998,0.13082298136645965,0.48680124223602494,17,PM-peak boarding,Aft Tuas Ave 10,Tuas Ave 1,1.33239888543698,103.64981610844488
25119,37.8,0.007936507936507936,0.568783068783069,17,PM-peak boarding,Bef Tuas Ave 10,Tuas Ave 1,1.33212638903277,103.64991694402983
25121,153.0,0.04313725490196079,0.5470588235294117,17,PM-peak boarding,Aft Tuas Ave 8,Tuas Ave 1,1.33060763294167,103.65169663523501
25129,39.45,0.050697084917617236,0.5779467680608363,17,PM-peak boarding,Aft Tuas Ave 6,Tuas Ave 1,1.32994444402601,103.65226388900422
25151,170.5,0.0346041055718475,0.5821114369501467,18,PM-peak boarding,Mercedes-Benz Logistics,Tuas Ave 1,1.32913728132074,103.65325524319752
25161,112.80000000000003,0.02437943262411347,0.49468085106382964,17,PM-peak boarding,Toyochem Ink,Tuas Ave 1,1.32735422944929,103.65510623174903
25169,17.9,0.02793296089385475,0.6620111731843575,17,PM-peak boarding,Opp Galmon S'pore,Tuas Ave 1,1.32774944401039,103.65450055600219
25171,125.8,0.05961844197138315,0.5397456279809222,17,PM-peak boarding,Becton Dickinson Med,Tuas Ave 1,1.32546645428693,103.65711196773577
25179,14.149999999999997,0.09187279151943466,0.3780918727915195,12,PM-peak boarding,Sew-Eurodrive,Tuas Ave 1,1.32529138897633,103.65711333297114
25181,110.54999999999998,0.018543645409317053,0.6354590682948893,18,PM-peak boarding,Bef Tuas Dr 1,Tuas Ave 1,1.32385296919519,103.65881324089645
25189,30.749999999999996,0.04878048780487806,0.32357723577235775,18,PM-peak boarding,Soon Heng Glass,Tuas Ave 1,1.32383972198116,103.65861666698133
25191,33.15,0.042232277526395176,0.42232277526395173,17,PM-peak boarding,Asiatic Engrg,Tuas Ave 1,1.32129979633271,103.6596844024505
25199,10.549999999999999,0.06161137440758295,0.2274881516587678,20,PM-peak boarding,Rockwool Bldg Materials,Tuas Ave 1,1.32109472197296,103.65933166702904
25201,264.75,0.5299338999055714,0.08932955618508026,7,AM-peak boarding,Aft Tuas Rd,Tuas Ave 3,1.31926000001423,103.65870833303143
25209,8.749999999999998,0.022857142857142864,0.44000000000000017,17,PM-peak boarding,Bef Tuas Rd,Tuas Ave 3,1.31930805600666,103.65880916700371
25219,65.2,0.20168711656441718,0.4217791411042945,16,PM-peak boarding,Aft Tuas Ave 2,Jln Ahmad Ibrahim,1.32877104016653,103.65692226679495
25221,10.6,0.03773584905660378,0.6037735849056605,18,PM-peak boarding,Raffles Country Club,Jln Ahmad Ibrahim,1.335143,103.651045
25229,18.65,0.34048257372654156,0.3726541554959786,8,balanced,Crown Beverage Cans S'pore,Jln Ahmad Ibrahim,1.33371272924751,103.65176249706444
25231,8.9,0.02247191011235955,0.30337078651685395,15,PM-peak boarding,Opp Asia-Pacific Brewery,Jln Ahmad Ibrahim,1.3386865,103.647331
25239,24.700000000000003,0.08502024291497975,0.5647773279352226,17,PM-peak boarding,Asia-Pacific Brewery,Jln Ahmad Ibrahim,1.33740500002037,103.64795499996725
25249,3.3,0.18181818181818182,0.31818181818181823,15,PM-peak boarding,Aft Tuas West Rd,Jln Ahmad Ibrahim,1.33985499996776,103.64535166698558
25251,24.150000000000006,0.06004140786749482,0.4265010351966873,17,PM-peak boarding,S'pore Rail Test Ctr,Jln Ahmad Ibrahim,1.345284,103.640183
25259,0.9500000000000001,0.2631578947368421,0.0,15,AM-peak boarding,Bef Tuas West Dr,Jln Ahmad Ibrahim,1.34418817757747,103.6407070702331
25269,290.05,0.11756593690742975,0.305636959144975,17,PM-peak boarding,Tuas Checkpt,Jln Ahmad Ibrahim,1.34777150726774,103.63746924027154
25321,7.15,0.21678321678321677,0.3566433566433566,19,PM-peak boarding,YCH Distripk,Tuas Ave 5,1.31765021571604,103.6564457850944
25329,92.0,0.024999999999999998,0.6456521739130435,17,PM-peak boarding,Mapletree Logistics,Tuas Ave 5,1.31779138900842,103.65646249999054
25331,2.3,0.08695652173913045,0.17391304347826086,6,PM-peak boarding,Chugoku Marine Paints,Tuas Ave 5,1.32019777799085,103.6538130560161
25339,34.8,0.04166666666666668,0.6077586206896551,18,PM-peak boarding,Opp Chugoku Marine Paints,Tuas Ave 5,1.32018179763398,103.65396888287178
25341,0.75,0.13333333333333333,0.6666666666666666,17,PM-peak boarding,Bef Tuas Ave 2,Tuas Ave 5,1.32194305599571,103.6519888889781
25349,77.00000000000001,0.2019480519480519,0.5668831168831168,19,PM-peak boarding,Times Printers,Tuas Ave 5,1.32159222133434,103.65248184445197
25351,11.05,0.018099547511312215,0.6063348416289592,17,PM-peak boarding,Hart Engrg Pte Ltd,Tuas Ave 2,1.32396971577017,103.65303152916469
25359,51.05,0.07051909892262487,0.5680705190989226,17,PM-peak boarding,Opp Hart Engrg Pte Ltd,Tuas Ave 2,1.32365000001897,103.6529238890272
25361,58.0,0.06379310344827586,0.678448275862069,17,PM-peak boarding,Yan San Metals Pte Ltd,Tuas Ave 4,1.32495846442648,103.65112458286887
25369,8.35,0.05389221556886227,0.6467065868263473,17,PM-peak boarding,Opp Yan San Metals,Tuas Ave 4,1.32513576890329,103.65147255685935
25371,7.8999999999999995,0.05063291139240507,0.759493670886076,17,PM-peak boarding,Aft Tuas Ave 4,Tuas Ave 9,1.32387805603322,103.64917444402575
25379,11.45,0.0043668122270742364,0.5895196506550219,18,PM-peak boarding,Aft Tuas Ave 6,Tuas Ave 9,1.3242164088822,103.64900097889706
25381,7.3,0.04109589041095891,0.7534246575342466,17,PM-peak boarding,WYN2000 Logistics Ctr,Tuas Ave 9,1.32556305598951,103.64739583301906
25389,14.5,0.06551724137931034,0.5896551724137932,18,PM-peak boarding,Aft Tuas Ave 8,Tuas Ave 9,1.32595623010711,103.64720536104248
25391,0.7500000000000001,0.7333333333333333,0.06666666666666667,7,AM-peak boarding,Bef Pioneer Rd,Tuas West Rd,1.32896999391116,103.63704332757345
25399,0.2,0.5,0.0,8,AM-peak boarding,Aft Pioneer Rd,Tuas West Rd,1.32923865523658,103.63794454078865
25411,32.6,0.14263803680981596,0.32975460122699385,18,PM-peak boarding,Bef Tuas Ter,Tuas West Dr,1.34387062081224,103.63830559259954
25419,12.100000000000001,0.13636363636363635,0.27685950413223137,22,PM-peak boarding,Aft Tuas Ter,Tuas West Dr,1.3443890810874,103.63837611639327
25421,2981.75,0.42362706464324645,0.13047706883541546,7,AM-peak boarding,Opp Tuas Lk Stn,Tuas West Dr,1.3412625,103.6374186
25429,206.60000000000002,0.4126331074540174,0.17207163601161662,8,AM-peak boarding,Tuas Lk Stn,Tuas West Dr,1.34055807307548,103.63696536000046
25431,45.199999999999996,0.3196902654867257,0.1858407079646018,7,AM-peak boarding,Super Continental,Tuas West Dr,1.33897644927954,103.63658739973077
25439,1.8500000000000003,0.2432432432432432,0.24324324324324317,9,balanced,Opp Super Continental,Tuas West Dr,1.33912525432561,103.63642647473378
25441,20.1,0.12686567164179102,0.35323383084577115,18,PM-peak boarding,Bef Pioneer Rd,Tuas West Dr,1.334976,103.6351005
25449,13.299999999999999,0.007518796992481204,0.5150375939849625,17,PM-peak boarding,Aft Pioneer Rd,Tuas West Dr,1.33559254994067,103.63488564434365
25451,24.650000000000002,0.06896551724137931,0.33874239350912777,18,PM-peak boarding,Aft Tuas West St,Tuas West Dr,1.332333,103.6340135
25459,156.15,0.05635606788344541,0.4953570284982388,17,PM-peak boarding,Opp Tuas West St,Tuas West Dr,1.33279999997118,103.63412166700834
25461,14.65,0.02389078498293515,0.3686006825938566,16,PM-peak boarding,Aft Tuas West Ave,Tuas West Dr,1.32944826490136,103.63291879027565
25469,47.400000000000006,0.040084388185654005,0.30168776371308015,16,PM-peak boarding,Bef Tuas West Ave,Tuas West Dr,1.32929472200012,103.63264583299014
25471,18.45,0.15176151761517614,0.33875338753387535,16,PM-peak boarding,Opp S'pore Epson Ind,Tuas Link 4,1.33552353410516,103.64184123007807
25479,46.65,0.057877813504823156,0.44801714898177925,17,PM-peak boarding,S'pore Epson Ind,Tuas Link 4,1.33552805597987,103.64162972197275
25491,15.4,0.10714285714285714,0.22077922077922077,12,PM-peak boarding,Opp Super Continental,Tuas Link 4,1.33901033639652,103.63816647849173
25499,2.1,0.0,0.7857142857142856,19,PM-peak boarding,Super Continental,Tuas Link 4,1.33874972198024,103.63823777800012
25501,36.849999999999994,0.2075983717774763,0.30393487109905026,8,balanced,Kee Wee Hup Kee,Tuas Ave 7,1.33379055380717,103.6436358584241
25509,30.55,0.11129296235679213,0.453355155482815,17,PM-peak boarding,Opp Kee Wee Hup Kee,Tuas Ave 7,1.33355930464673,103.64364939022576
25511,16.05,0.38006230529595014,0.3052959501557633,8,balanced,Michelman,Tuas Ave 12,1.32981500001918,103.64080472198735
25519,19.55,0.02813299232736573,0.8567774936061381,17,PM-peak boarding,Opp Michelman,Tuas Ave 12,1.32981451584967,103.6409965426425
25531,38.25,0.12418300653594772,0.33856209150326794,13,PM-peak boarding,ST Kinetics,Tuas Ave 7,1.332349,103.645156
25539,15.450000000000001,0.08414239482200647,0.40453074433656955,17,PM-peak boarding,Fujifilm,Tuas Ave 7,1.332311,103.64507
25541,244.3,0.11747851002865328,0.41301678264428976,17,PM-peak boarding,PEC,Tuas Ave 7,1.329782,103.647851
25549,34.6,0.06502890173410404,0.5765895953757226,17,PM-peak boarding,CAST Laboratories,Tuas Ave 7,1.329815,103.647687
25551,88.10000000000001,0.141316685584563,0.536322360953462,17,PM-peak boarding,GARMCO,Tuas Ave 8,1.325522,103.645927
25559,14.05,0.049822064056939494,0.49822064056939497,17,PM-peak boarding,Lee Welded Mesh,Tuas Ave 8,1.325651,103.645879
25561,1.4500000000000002,0.27586206896551724,0.13793103448275862,8,AM-peak boarding,Aft Tuas Cres,Tuas Sth Ave 5,1.31836,103.637711
25569,21.9,0.022831050228310504,0.6643835616438357,17,PM-peak boarding,Bef Tuas Cres,Tuas Sth Ave 5,1.318191,103.637247
25571,12.45,0.11244979919678715,0.1285140562248996,12,balanced,Opp West Star,Tuas Sth Ave 5,1.315444,103.635242
25579,290.09999999999997,0.055670458462599104,0.5858324715615305,17,PM-peak boarding,West Star,Tuas Sth Ave 5,1.315542,103.634947
25589,22.249999999999996,0.011235955056179777,0.6247191011235956,17,PM-peak boarding,Crown Equipment,Tuas Ave 8,1.328334,103.648426
25591,5.999999999999999,0.2666666666666667,0.23333333333333336,18,balanced,Opp Wyeth Pharmaceuticals,Tuas Sth Ave 4,1.310246,103.63509
25599,114.9,0.10879025239338555,0.4956483899042645,18,PM-peak boarding,Wyeth Pharmaceuticals,Tuas Sth Ave 4,1.30943,103.635806
25601,2.8499999999999996,0.01754385964912281,0.15789473684210528,16,PM-peak boarding,Pfizer Global,Tuas Sth Ave 7,1.301632,103.634717
25609,89.89999999999999,0.0378197997775306,0.60734149054505,17,PM-peak boarding,Merck Sharp & Dohme,Tuas Sth Ave 7,1.301942,103.634519
25611,3.1999999999999997,0.3125,0.40625,8,balanced,Opp WestLink Two,Tuas Sth Ave 7,1.297703,103.633033
25621,23.650000000000002,0.010570824524312895,0.6257928118393234,18,PM-peak boarding,Starburst Engrg,Tuas Sth Ave 7,1.294382,103.631889
25631,10.750000000000002,0.0046511627906976735,0.869767441860465,18,PM-peak boarding,Container Connections,Tuas Sth Ave 7,1.290329,103.631397
25641,76.9,0.09882964889466839,0.32379713914174246,19,PM-peak boarding,Opp Roche S'pore Tech,Tuas Sth Ave 9,1.296157,103.638434
25651,98.80000000000003,0.04251012145748987,0.44382591093117396,16,PM-peak boarding,Novartis,Tuas Sth Ave 6,1.299345,103.63553
25661,0.75,0.0,0.5333333333333333,18,PM-peak boarding,Bef Tuas Bay Lk,Tuas Sth Ave 8,1.293361,103.639925
25669,10.8,0.11574074074074073,0.27777777777777773,20,PM-peak boarding,Aft Tuas Bay Lk,Tuas Sth Ave 8,1.293396,103.639523
25671,16.3,0.09202453987730061,0.2852760736196319,16,PM-peak boarding,Bef Offshore Marine Ctr,Tuas Bay Link,1.294546,103.641614
25681,48.699999999999996,0.31827515400410683,0.5,17,PM-peak boarding,Bef Tuas West Ave,Pioneer Rd,1.33248806,103.6371694
25689,24.450000000000003,0.010224948875255623,0.7300613496932515,17,PM-peak boarding,Aft Tuas West Ave,Pioneer Rd,1.332109,103.637126
25691,1742.75,0.3673217615837039,0.15802610816238702,7,AM-peak boarding,Aft Tuas West Rd Stn,Tuas Ave 20,1.328519,103.639669
25701,49.04999999999999,0.1610601427115189,0.2691131498470949,7,PM-peak boarding,GlaxoSmithKline,Tuas Sth Ave 5,1.295593,103.627651
25709,202.25,0.12830655129789864,0.4027194066749073,17,PM-peak boarding,Edgen Murray,Tuas Sth Ave 5,1.295671,103.627284
25711,27.2,0.25367647058823534,0.20588235294117646,7,balanced,Opp The Index,Tuas Sth Ave 5,1.288627,103.625073
25719,389.44999999999993,0.08845808191038647,0.43163435614327905,18,PM-peak boarding,The Index,Tuas Sth Ave 5,1.289014,103.624893
25721,5.4,0.18518518518518517,0.33333333333333326,13,PM-peak boarding,Opp Abbott,Tuas Sth Ave 10,1.2851115,103.6282915
25729,262.15,0.04176997901964524,0.5912645432004578,18,PM-peak boarding,Abbott,Tuas Sth Ave 10,1.284932,103.628258
25741,68.00000000000001,0.06323529411764704,0.25441176470588234,6,PM-peak boarding,Halliburton,Tuas Sth Ave 12,1.280501,103.62711
25751,9.8,0.01020408163265306,0.22448979591836735,16,PM-peak boarding,Bef Tuas Sth Ave 14,Tuas Sth Ave 5,1.278059,103.621663
25761,163.5,0.03149847094801223,0.5311926605504588,18,PM-peak boarding,Opp REC S'pore,Tuas Sth Ave 14,1.275062,103.624222
25771,268.65000000000003,0.14368136981202306,0.2827098455239158,18,PM-peak boarding,Aft Tuas Sth St 7,Tuas Sth Ave 14,1.274334,103.632329
25781,296.5,0.1451939291736931,0.3586846543001686,17,PM-peak boarding,Opp SLS,Tuas Sth Ave 9,1.276398,103.635811
25791,135.8,0.12886597938144329,0.38033873343151686,19,PM-peak boarding,Bef Tuas Sth Ave 10,Tuas Sth Ave 9,1.28202,103.636126
25801,20.35,0.0343980343980344,0.6044226044226044,18,PM-peak boarding,Bef Tuas Sth Ave 7,Tuas Sth Ave 10,1.28451,103.634186
25811,7.1499999999999995,0.08391608391608392,0.5804195804195804,18,PM-peak boarding,Bef Tuas Ave 7,Tuas Ave 12,1.3319345,103.642835
25819,18.450000000000003,0.17344173441734415,0.6504065040650405,17,PM-peak boarding,Aft Tuas Ave 7,Tuas Ave 12,1.332495,103.64353
25821,50.400000000000006,0.2579365079365079,0.22123015873015867,8,balanced,Tuas Amenity Ctr,Pioneer Rd,1.317492,103.652589
26011,24.599999999999998,0.3008130081300813,0.17682926829268292,7,AM-peak boarding,Bef Tuas Ave 11,Tuas Cres,1.31922965607898,103.64876709883725
26019,10.950000000000001,0.4931506849315068,0.0776255707762557,7,AM-peak boarding,Progress Galvanizing,Tuas Cres,1.318612,103.648062
26021,1.4000000000000001,0.17857142857142855,0.17857142857142855,10,balanced,Bef Tuas Ave 13,Tuas Cres,1.3172613938167,103.64693086349153
26029,4.8,0.48958333333333337,0.27083333333333337,8,AM-peak boarding,Chia Hock Trading Co,Tuas Cres,1.317805,103.647257
26031,2.3499999999999996,0.14893617021276598,0.4042553191489362,19,PM-peak boarding,Hiap Seng Engrg Ltd,Tuas Cres,1.31548257210498,103.64524684749753
26039,30.1,0.05980066445182724,0.739202657807309,17,PM-peak boarding,Asia Polyurethane,Tuas Cres,1.316062,103.645623
26041,15.45,0.1715210355987055,0.5436893203883495,18,PM-peak boarding,Hiap Seng Engrg Ltd,Tuas Cres,1.314711,103.643052
26049,0.95,0.052631578947368425,0.2631578947368421,15,PM-peak boarding,Damen Shipyard,Tuas Cres,1.31486576449382,103.64275148813714
26051,14.799999999999999,0.020270270270270275,0.5743243243243243,17,PM-peak boarding,Blasting Abrasives,Tuas Cres,1.316385,103.641295
26059,0.1,0.0,0.0,15,balanced,PaxOcean,Tuas Cres,1.31672777803073,103.64083888900358
26061,168.25,0.09153046062407133,0.47013372956909355,17,PM-peak boarding,BS Development,Tuas Cres,1.318186,103.639406
26069,1.35,0.07407407407407407,0.07407407407407407,16,balanced,Aft Tuas Ave 16,Tuas Cres,1.31850277800807,103.63897555599392
26071,13.300000000000002,0.16541353383458646,0.20676691729323304,20,balanced,Unifine Star Petrochem,Tuas Cres,1.320508,103.637024
26079,116.85,0.02096705177578092,0.6311510483525888,17,PM-peak boarding,Bef Tuas Loop,Tuas Cres,1.32060611102859,103.6367552779852
26081,5.450000000000001,0.3944954128440366,0.15596330275229353,7,AM-peak boarding,Bef Tuas Ave 18A,Tuas Cres,1.322491,103.634908
26089,137.3,0.05608157319737799,0.5426074289876183,17,PM-peak boarding,Bef Tuas Ave 20,Tuas Cres,1.32215171578031,103.63510021174817
26091,1.3500000000000003,0.40740740740740733,0.18518518518518515,8,AM-peak boarding,Rotary Engrg,Tuas Ave 20,1.324656,103.636135
26099,45.099999999999994,0.022172949002217297,0.6341463414634146,17,PM-peak boarding,Bef Tuas Ave 13,Tuas Ave 20,1.32464249366642,103.63599686578979
26101,2.9,0.3620689655172414,0.13793103448275862,8,AM-peak boarding,BASF Sth East Asia,Tuas Ave 20,1.326868,103.638144
26109,18.9,0.0343915343915344,0.5105820105820107,17,PM-peak boarding,Bef Tuas Ave 11,Tuas Ave 20,1.32727742846476,103.63849052734983
26111,23.35,0.019271948608137045,0.6980728051391862,18,PM-peak boarding,Tru-Marine,Tuas Basin Link,1.31464305600075,103.6542583329887
26121,13.100000000000001,0.030534351145038167,0.34732824427480913,17,PM-peak boarding,Bef Tuas Amenity Ctr,Tuas Basin Link,1.31736840181558,103.65136419209274
26131,43.10000000000001,0.7505800464037122,0.051044083526682126,8,AM-peak boarding,Aft Tuas Cres,Tuas Basin Link,1.31902277799591,103.64969999999403
26141,10.65,0.09389671361502347,0.4460093896713615,18,PM-peak boarding,Mectron Engrg,Tuas Ave 11,1.32668624650782,103.6402558570377
26151,186.45000000000002,0.03110753553231429,0.5888978278358808,17,PM-peak boarding,Tuas Lot,Tuas Ave 11,1.32452998769194,103.64252271521323
26161,12.700000000000001,0.011811023622047246,0.6062992125984251,18,PM-peak boarding,3NC S'pore,Tuas Ave 11,1.32238325656852,103.6448005401494
26171,12.750000000000002,0.09019607843137253,0.4509803921568627,18,PM-peak boarding,Richee Engrg,Tuas Ave 11,1.32013250000852,103.64712138903367
26201,40.35,0.09417596034696407,0.38413878562577447,16,PM-peak boarding,Opp MSD,Tuas West Dr,1.32695291537121,103.63192950215767
26209,68.9,0.09216255442670536,0.4194484760522496,16,PM-peak boarding,MSD,Tuas West Dr,1.32692000001177,103.63175333302223
26211,20.550000000000004,0.07055961070559609,0.42822384428223836,16,PM-peak boarding,Framo S'pore Pte Ltd,Tuas Sth Ave 9,1.2909661076742,103.6368386816709
26221,41.49999999999999,0.04819277108433736,0.36385542168674706,18,PM-peak boarding,Opp YLS Steel,Tuas Sth Ave 9,1.29324977797865,103.63700231055886
26241,44.09999999999999,0.06462585034013607,0.4988662131519276,18,PM-peak boarding,Aft Tuas Sth Ave 2,Tuas Sth Ave 3,1.32051139798651,103.63084994911132
26249,2.05,0.19512195121951223,0.21951219512195122,13,balanced,Bef Tuas Sth Ave 2,Tuas Sth Ave 3,1.32047370757812,103.63121830364248
26251,234.80000000000004,0.11371379897785347,0.5110732538330494,17,PM-peak boarding,Bef Tuas Sth Ave 2,Tuas Sth Ave 3,1.317384,103.6297295
26259,6.300000000000001,0.37301587301587297,0.23809523809523808,7,AM-peak boarding,Aft Tuas Sth Ave 2,Tuas Sth Ave 3,1.31751639387096,103.63011079068617
26261,553.5,0.2148148148148148,0.2507678410117435,7,balanced,Aft Tuas Sth Ave 4,Tuas Sth Ave 3,1.314416,103.6286355
26269,22.550000000000004,0.3370288248337028,0.1286031042128603,6,AM-peak boarding,Bef Tuas Sth Ave 4,Tuas Sth Ave 3,1.3143583329901,103.62895500001656
26279,38.1,0.5196850393700787,0.0800524934383202,7,AM-peak boarding,Aft Tuas Sth Ave 4,Tuas Sth Ave 3,1.31133425245546,103.6278418960082
26289,5.5,0.17272727272727273,0.41818181818181815,17,PM-peak boarding,Aft Tuas Sth St 2,Tuas Sth Ave 3,1.30854575415228,103.62682065616312
26299,44.15,0.10192525481313704,0.3488108720271801,17,PM-peak boarding,Bef Tuas Sth Ave 6,Tuas Sth Ave 3,1.30510954355111,103.62556346611815
26311,110.64999999999998,0.05196565747853593,0.4658834161771352,18,PM-peak boarding,Aft Tuas Sth Ave 6,Tuas Sth Ave 5,1.302461,103.6298305
26321,13.1,0.03053435114503817,0.5305343511450381,17,PM-peak boarding,Bef Tuas Sth St 2,Tuas Sth Ave 5,1.3052555,103.6308775
26331,117.75000000000001,0.08067940552016985,0.42717622080679396,17,PM-peak boarding,Aft Tuas Sth St 2,Tuas Sth Ave 5,1.30869957612651,103.63213426017337
26349,297.85,0.1232163840859493,0.36008057747188177,17,PM-peak boarding,Tuas Technology Pk,Tuas Sth Ave 4,1.31161056,103.6309569
26369,32.699999999999996,0.05504587155963304,0.32874617737003065,14,PM-peak boarding,See Hup Seng,Tuas Sth Ave 3,1.2984699944142,103.62308583345813
26379,51.6,0.06782945736434108,0.4593023255813954,17,PM-peak boarding,Yong Nam,Tuas Sth Ave 3,1.29387380677403,103.62192147229634
26389,36.449999999999996,0.043895747599451314,0.45130315500685875,18,PM-peak boarding,Bef Tuas Sth Ave 5,Tuas Sth Ave 3,1.29055080908937,103.62453377233186
26399,90.74999999999999,0.12672176308539948,0.42148760330578516,17,PM-peak boarding,Aft Tuas View Cres,Tuas Sth Ave 3,1.28949499042217,103.627460343254
26409,12.549999999999999,0.011952191235059764,0.5577689243027889,18,PM-peak boarding,Multico,Tuas Sth Ave 3,1.28912909258559,103.63019873280872
26419,64.3,0.03576982892690513,0.5458786936236393,19,PM-peak boarding,Aft Tuas View Circuit,Tuas Sth Ave 3,1.2889495,103.6328735
26429,42.150000000000006,0.028469750889679717,0.4163701067615657,20,PM-peak boarding,Bef Tuas Sth Ave 9,Tuas Sth Ave 3,1.2887415,103.635736
26431,7.500000000000001,0.06,0.3333333333333333,16,PM-peak boarding,Aft Tuas Sth Ave 9,Tuas Sth Ave 8,1.29448159014169,103.63619121489278
26441,23.25,0.12043010752688171,0.3161290322580645,16,PM-peak boarding,Bef Tuas Sth Ave 7,Tuas Sth Ave 8,1.29568927488087,103.63296571362545
26451,107.69999999999999,0.023212627669452184,0.5538532961931291,17,PM-peak boarding,Bef Tuas Sth Ave 5,Tuas Sth Ave 8,1.29689770170555,103.62977787735203
26461,307.75,0.2506904955320878,0.20909829406986188,6,balanced,Aft Tuas Sth Ave 8,Tuas Sth Ave 5,1.29946472196917,103.62876777798095
27011,83.7,0.08064516129032258,0.18876941457586618,9,PM-peak boarding,Hall 11 Blk 55,Nanyang Cres,1.35586334559449,103.68610938870162
27021,196.85000000000005,0.1003302006604013,0.2440944881889763,16,PM-peak boarding,Hall 15,Nanyang Cres,1.35324138896679,103.68192916699402
27031,243.75,0.07015384615384616,0.27897435897435896,16,PM-peak boarding,Hall 12,Nanyang Cres,1.35186815681876,103.68051749839925
27041,79.45,0.012586532410320955,0.44808055380742606,17,PM-peak boarding,NIE CP 7,Nanyang Cres,1.35071936245692,103.67864247139183
27051,105.0,0.0038095238095238095,0.40857142857142864,18,PM-peak boarding,NIE Lib,Nanyang Cres,1.34845333297072,103.67665805600423
27061,560.65,0.027735663961473294,0.38526710068670295,17,PM-peak boarding,Sch of ADM,Nanyang Dr,1.34984722128218,103.68387082088056
27069,148.70000000000002,0.03934095494283792,0.347343644922663,17,PM-peak boarding,Blk 41,Nanyang Dr,1.35008972199881,103.68418444402793
27071,316.6499999999999,0.08605716090320545,0.22185378177798837,9,PM-peak boarding,Nanyang Cres Halls,Nanyang Cres,1.35507533539502,103.68452767084537
27091,896.0999999999999,0.19741100323624594,0.24863296507086266,8,balanced,Opp Blk 271 CP,Jln Bahar,1.34910999998031,103.70388500000492
27099,1517.7000000000003,0.3267773604796731,0.12963695064900835,7,AM-peak boarding,Blk 271 CP,Jln Bahar,1.35023689448473,103.70360999821403
27101,2085.4000000000005,0.21607365493430514,0.24400594610146728,8,balanced,Opp Westwood Sec Sch,Jln Bahar,1.35259472200365,103.70111638902962
27109,1047.95,0.23922897084784578,0.18512333603702466,7,balanced,Westwood Sec Sch,Jln Bahar,1.35309472199852,103.70082305601869
27121,186.39999999999998,0.18750000000000003,0.339324034334764,18,PM-peak boarding,Bef Nanyang Ave,Jln Bahar,1.35682305601032,103.69521277798744
27129,38.949999999999996,0.023106546854942234,0.5327342747111682,18,PM-peak boarding,Opp Nanyang Ave,Jln Bahar,1.35733217246828,103.69516041986128
27131,1259.45,0.22406606058200007,0.11433562269244511,7,AM-peak boarding,Blk 932,Jurong West St 91,1.34193999997072,103.6885297219715
27139,513.15,0.18591055247003802,0.1253044918639774,13,balanced,Blk 934,Jurong West St 91,1.34202746082141,103.68898154351334
27141,1246.3499999999997,0.24202671801660855,0.12448349179604448,7,AM-peak boarding,Blk 920,Jurong West St 91,1.33967546710179,103.68779973857258
27149,337.85,0.0668935918306941,0.18528932958413494,14,PM-peak boarding,Juying Pr Sch,Jurong West St 91,1.33906525108364,103.68875795867145
27159,854.3999999999996,0.32759831460674166,0.11335440074906371,7,AM-peak boarding,Blk 924,Jurong West St 92,1.34033777802121,103.69005138898682
27169,227.64999999999998,0.010542499450911487,0.6206896551724139,17,PM-peak boarding,Bef Jln Bahar,Nanyang Ave,1.35693103245165,103.69424464254188
27171,97.35,0.014381099126861838,0.2449922958397535,11,PM-peak boarding,Bef Lor Danau,Nanyang Ave,1.35604565059158,103.6916825448322
27179,469.75,0.008728046833422032,0.6408728046833422,17,PM-peak boarding,Aft Lor Danau,Nanyang Ave,1.35618418171977,103.6917825773122
27181,30.8,0.12987012987012986,0.18993506493506493,21,balanced,PUB Sub-Stn,Nanyang Ave,1.35587588807417,103.68903620638115
27189,389.70000000000005,0.0857069540672312,0.33243520656915576,17,PM-peak boarding,Opp PUB Sub-Stn,Nanyang Ave,1.35607204234326,103.68903921690323
27199,709.45,0.08104869969694833,0.325463387130876,18,PM-peak boarding,Hall 11,Nanyang Ave,1.35434216792763,103.68685754938303
27209,236.95000000000002,0.06393753956530913,0.28423718083983956,16,PM-peak boarding,Halls 8 & 9,Nanyang Ave,1.35150701703353,103.68569234331088
27211,3885.1,0.0068724099765771806,0.3491158528737999,17,PM-peak boarding,Lee Wee Nam Lib,Nanyang Dr,1.34793140650697,103.68050066497821
27219,1392.3000000000002,0.006320476908712203,0.3273719744307979,21,PM-peak boarding,NIE Blk 2,Nanyang Dr,1.34793269501118,103.68025240016884
27221,868.65,0.0021873021354976113,0.4356760490416164,17,PM-peak boarding,Sch of CEE,Nanyang Dr,1.34623151653928,103.67851763727317
27231,1268.3,0.004809587636994402,0.4213119924308129,17,PM-peak boarding,Wee Kim Wee Sch of C&I,Nanyang Dr,1.34207972361937,103.67922271593845
27241,505.85,0.02817040624691114,0.36631412474053576,17,PM-peak boarding,SPMS,Nanyang Dr,1.33998726585628,103.68089382456998
27251,2268.5,0.0018955256777606346,0.40152082874145906,17,PM-peak boarding,Academic Bldg Sth,Nanyang Dr,1.341151,103.683656
27261,563.5,0.07622005323868679,0.3288376220053239,18,PM-peak boarding,Hall 4,Nanyang Dr,1.343777,103.686919
27271,633.55,0.12572014837029438,0.1716518033304396,10,balanced,Blk 962,Jurong West St 91,1.34199989028017,103.69132051378558
27279,3188.100000000001,0.23005865562560768,0.1526614598036448,7,AM-peak boarding,Blk 953,Jurong West St 91,1.34210239034142,103.69119289371211
27281,234.5,0.17057569296375266,0.17846481876332623,8,balanced,Hall 1,Lien Ying Chow Dr,1.34565500002282,103.68780555602468
27291,173.95,0.05346363897671746,0.30066110951422825,16,PM-peak boarding,Opp Hall 6,Lien Ying Chow Dr,1.34772267411254,103.68649929145208
27301,742.9,0.203190200565352,0.16179835778705073,7,balanced,Blk 978,Pioneer Rd Nth,1.34045284969365,103.69439784182157
27309,1483.5,0.3185035389282103,0.11809908998988877,7,AM-peak boarding,Blk 705,Pioneer Rd Nth,1.3410704693164,103.69426536144466
27311,308.6499999999999,0.05702251741454724,0.28495059128462663,18,PM-peak boarding,Hall 2,Lien Ying Chow Dr,1.34902211051484,103.68539285058924
27321,489.15,0.2352039251763263,0.10763569457221712,9,AM-peak boarding,Blk 949,Pioneer Rd Nth,1.34403944399659,103.6917308330011
27329,971.2499999999999,0.4095752895752896,0.09024453024453026,7,AM-peak boarding,Blk 840,Pioneer Rd Nth,1.34404250003243,103.69186499999779
27331,415.79999999999995,0.16053391053391056,0.10040885040885042,13,AM-peak boarding,West Grove Pr Sch,Jurong West St 72,1.34537305600812,103.69941138898014
27341,1177.2499999999998,0.23631344234444684,0.13816096835846253,6,AM-peak boarding,Blk 729,Jurong West St 72,1.346726,103.697809
27349,634.3,0.22568185401229704,0.17042408954753274,7,balanced,Blk 745,Jurong West St 72,1.34680805601666,103.69781805598312
27351,1023.1,0.28056885934903725,0.13204965301534552,7,AM-peak boarding,Blk 715,Jurong West Ave 5,1.34423200986065,103.69613170622605
27359,832.5,0.25639639639639644,0.13783783783783785,7,AM-peak boarding,Blk 817,Jurong West Ave 5,1.34441434989381,103.69601368907118
27361,576.3499999999999,0.21887741823544724,0.15112344929296437,6,balanced,Blk 710,Jurong West Ave 5,1.34294490356227,103.6945223808434
27369,1308.4999999999998,0.16228505922812386,0.20263660680168133,7,balanced,Blk 834,Jurong West Ave 5,1.34285373346865,103.6941039562493
27371,332.00000000000006,0.1367469879518072,0.15677710843373494,13,balanced,Opp Blk 755,Jurong West St 75,1.347539667,103.701155
27379,1618.0,0.32490729295426457,0.1253399258343634,7,AM-peak boarding,Blk 755,Jurong West St 75,1.348016,103.7009747
27381,296.0,0.30608108108108106,0.14070945945945948,7,AM-peak boarding,Blk 749,Jurong West St 75,1.348143,103.698209
27389,628.4000000000001,0.31373329089751745,0.1397199236155315,7,AM-peak boarding,Gek Poh Shop Ctr,Jurong West St 75,1.34845180903204,103.69810437813979
27391,486.6500000000001,0.3176821124011096,0.13654577211548338,7,AM-peak boarding,Blk 857,Jurong West St 82,1.3485045,103.6961505
27399,1333.85,0.32256250702852646,0.1274506128875061,7,AM-peak boarding,Bet Blks 859/860,Jurong West St 82,1.3486765,103.696401
27401,921.2500000000002,0.20189959294436902,0.10545454545454544,15,AM-peak boarding,Opp Blk 821,Jurong West St 81,1.34736600563095,103.6941379590552
27409,1028.25,0.29452954048140045,0.11825917821541454,7,AM-peak boarding,Blk 821,Jurong West St 81,1.34719000000045,103.69416749997193
27411,521.5999999999999,0.25450536809815955,0.1346817484662577,7,AM-peak boarding,Blk 844A CP,Jurong West St 81,1.34590833297224,103.69273749998102
27419,806.2000000000003,0.3032746216819647,0.13737286033242366,7,AM-peak boarding,Blk 827,Jurong West St 81,1.34575472199235,103.6928200000021
27421,15.55,0.13826366559485528,0.360128617363344,17,PM-peak boarding,Blk 701,Jurong West St 71,1.3428341669778,103.69536361096887
27429,359.8,0.3264313507504169,0.11381322957198443,7,AM-peak boarding,Blk 711,Jurong West St 71,1.34286500004293,103.69555805555355
27431,862.1999999999999,0.2846787288332174,0.1585479007190907,7,AM-peak boarding,Blk 762,Jurong West Ave 5,1.349874,103.697454
27439,501.65,0.2569520582079139,0.15449018239808632,7,AM-peak boarding,Blk 861,Jurong West Ave 5,1.349546,103.697197
27441,361.0500000000001,0.30314360891843223,0.1431934635092092,7,AM-peak boarding,Bet Blks 757/758,Jurong West Ave 5,1.35032868767666,103.70079327483805
27449,295.0999999999999,0.20450694679769574,0.19535750593019324,6,balanced,Aft Westwood Ave,Jurong West Ave 5,1.35053242519874,103.70107895859192
27451,722.5000000000001,0.2355709342560553,0.15778546712802766,7,balanced,Bet Blks 272D/271A,Jurong West Ave 3,1.35128613677034,103.7041505569119
27459,546.8,0.2346378931967813,0.16468544257498172,7,balanced,Blk 273B,Jurong West Ave 3,1.35145070001383,103.70399035610369
27461,913.7499999999999,0.133077975376197,0.2240218878248974,6,PM-peak boarding,Opp Blk 276B,Jurong West Ave 3,1.353225,103.705048
27469,648.7499999999999,0.21402697495183048,0.22820809248554916,7,balanced,Blk 276B,Jurong West Ave 3,1.352945333,103.7048917
27471,196.25,0.03745222929936306,0.2868789808917197,14,PM-peak boarding,Corporation Pr Sch,Jurong West St 23,1.35216655807357,103.70782478135614
27479,355.6,0.08647356580427445,0.21175478065241846,14,PM-peak boarding,Opp Corporation Pr Sch,Jurong West St 23,1.3518923433776,103.70818261767401
27501,251.15000000000003,0.26259207644833754,0.18415289667529364,7,balanced,NTUC Health Nursing Hme,Jurong West St 93,1.34097116721964,103.69167107077278
27509,70.94999999999999,0.18463706835799862,0.16560958421423538,6,balanced,Bef Yunnan Cres,Jurong West St 93,1.34043647212319,103.69135819975955
27511,69.89999999999999,0.34692417739628045,0.11444921316165953,7,AM-peak boarding,Blk 974,Jurong West St 93,1.33925202251324,103.69310573763543
27519,83.99999999999999,0.16071428571428575,0.2529761904761906,7,PM-peak boarding,Opp Blk 974,Jurong West St 93,1.34004285535929,103.69292404819555
27521,51.5,0.2961165048543689,0.19902912621359223,7,balanced,Blk 986 CP,Jurong West St 93,1.3368089664846,103.69406174421559
27529,165.20000000000002,0.2754237288135593,0.17251815980629537,7,AM-peak boarding,Opp Blk 987A,Jurong West St 93,1.33629804819426,103.69406295180332
27531,1240.9499999999996,0.27491035094081157,0.12039163544058991,7,AM-peak boarding,Blk 918,Jurong West St 91,1.34052795177305,103.68697304819686
27539,504.05,0.15425057037992262,0.18271996825711734,21,balanced,Bef Xingnan Pr Sch,Jurong West St 91,1.34071614464901,103.6868923374865
27601,60.35,0.03893951946975974,0.2642916321458161,14,PM-peak boarding,Bef Jurong West St 22,Bulim Walk,1.3543715,103.7047185
27609,15.500000000000002,0.1483870967741935,0.6258064516129032,18,PM-peak boarding,Aft Jurong West St 25,Bulim Walk,1.354514333,103.7045217
27611,126.25,0.02693069306930693,0.5295049504950495,17,PM-peak boarding,Bef Bulim Walk,Bulim Dr,1.357217,103.7039715
27619,32.449999999999996,0.0416024653312789,0.6933744221879816,17,PM-peak boarding,Aft Bulim Walk,Bulim Dr,1.356928,103.7033523
28009,8166.65,0.13624313519007183,0.31129655366643605,18,PM-peak boarding,Jurong East Int,Jurong Gateway Rd,1.33235,103.740664
28011,137.20000000000002,0.19897959183673466,0.3268950437317784,17,PM-peak boarding,Bef Toh Tuck Ave,C'wealth Ave West,1.32425805601593,103.7591472219987
28019,163.40000000000003,0.15391676866585063,0.3500611995104038,17,PM-peak boarding,Aft Toh Tuck Ave,C'wealth Ave West,1.32492720506757,103.75894333173954
28021,307.15,0.041185088718867,0.5319876281946933,17,PM-peak boarding,Opp 8 @Tradehub 21,Boon Lay Way,1.32615808379173,103.75545022241596
28029,628.95,0.024803243501073217,0.5137133317433817,17,PM-peak boarding,8 @ Tradehub 21,Boon Lay Way,1.32688998200812,103.75436027668461
28031,1214.6000000000001,0.02161205335089741,0.5280750864482133,18,PM-peak boarding,Bef The Synergy,Boon Lay Way,1.32790100001681,103.75101499996688
28039,615.6,0.024366471734892786,0.5240415854450942,18,PM-peak boarding,Aft Boon Lay Sub Stn,Boon Lay Way,1.3280750000324,103.75140833297368
28041,795.1500000000001,0.02886247877758913,0.5017292334779601,17,PM-peak boarding,The Synergy,Boon Lay Way,1.33008349967851,103.74828366332322
28049,958.0,0.049269311064718165,0.5201461377870564,17,PM-peak boarding,Opp The Synergy,Boon Lay Way,1.33069921313648,103.7481034124348
28051,686.1000000000001,0.05370937181168925,0.3471068357382305,18,PM-peak boarding,Opp Ng Teng Fong Gen Hosp,Boon Lay Way,1.332415,103.745637
28059,1643.2500000000005,0.17264567168720518,0.27798569907196097,8,PM-peak boarding,Ng Teng Fong General Hosp,Boon Lay Way,1.33260638902834,103.74580722197156
28061,1796.5500000000002,0.04447413097325429,0.37151763101500096,18,PM-peak boarding,J Gateway,Boon Lay Way,1.33596390763107,103.74254813709638
28069,422.7999999999999,0.267147587511826,0.2121570482497635,8,balanced,Blk 203,Boon Lay Way,1.33644240098532,103.74255737341373
28071,405.19999999999993,0.22198914116485688,0.1864511352418559,7,balanced,Blk 105,Boon Lay Way,1.33765035288669,103.73904242961275
28079,672.55,0.32071964909672146,0.12318786707308006,8,AM-peak boarding,Blk 210,Boon Lay Way,1.33839906637569,103.7386009027093
28081,444.04999999999995,0.21574147055511772,0.19006868595878845,8,balanced,Blk 112,Boon Lay Way,1.33950830792818,103.73664764665054
28089,352.49999999999994,0.2483687943262412,0.1771631205673759,8,balanced,Bef Yuhua CC,Boon Lay Way,1.34016358625469,103.73634638831608
28091,12758.4,0.13503260596940056,0.3410302232254828,18,PM-peak boarding,Lakeside Stn,Boon Lay Way,1.34425795644531,103.72012487725401
28099,7082.150000000001,0.1667572700380534,0.31174149093142617,18,PM-peak boarding,Opp Lakeside Stn,Boon Lay Way,1.344324,103.719266
28101,415.6,0.08036573628488931,0.585298363811357,18,PM-peak boarding,Opp SMRT Ulu Pandan Depot,Toh Tuck Ave,1.33312436803086,103.75905617435505
28109,308.79999999999995,0.2637629533678757,0.2449805699481866,8,balanced,SMRT Ulu Pandan Depot,Toh Tuck Ave,1.33327344230787,103.7593317971408
28181,270.79999999999995,0.044867060561299854,0.5832717872968982,17,PM-peak boarding,Bef Toh Tuck Lk,Toh Tuck Ave,1.32996642498284,103.75819801692671
28189,205.25000000000003,0.24677222898903775,0.36906211936662603,17,balanced,Aft Toh Tuck Lk,Toh Tuck Ave,1.32992124735954,103.75850603827898
28199,8.65,0.040462427745664734,0.36416184971098264,11,PM-peak boarding,Opp Jem,Jurong Gateway Rd,1.332679,103.743839
28201,150.04999999999998,0.05364878373875376,0.3505498167277575,18,PM-peak boarding,Opp The JTC Summit,Jurong Gateway Rd,1.33205706208933,103.7418504873348
28211,849.9499999999999,0.11018295193834933,0.27189834696158605,19,PM-peak boarding,Bef Jurong East Stn,Jurong Gateway Rd,1.33418677275445,103.74070680700304
28221,76.95,0.08057179987004547,0.44119558154645877,18,PM-peak boarding,Opp Intl Business Pk,Jurong Town Hall Rd,1.327192,103.745149
28229,727.3000000000001,0.21229203904853564,0.4007287226728998,18,PM-peak boarding,German Ctr,Jurong Town Hall Rd,1.32536675242565,103.74593185918442
28231,177.95000000000002,0.10452374262433267,0.4099466142174767,18,PM-peak boarding,Jurong Town Hall,Jurong Town Hall Rd,1.32986201071411,103.74248183726264
28239,1908.2000000000003,0.29244838067288537,0.21457394403102398,7,balanced,Jurong Town Hall Int,Jurong Town Hall Rd,1.329722,103.7431495
28241,436.15,0.08861630173105585,0.3235125530207498,18,PM-peak boarding,Opp Jurong East Lib,Jurong Town Hall Rd,1.33175858461326,103.73957485927775
28249,1284.5,0.25912806539509536,0.22927209030751264,7,balanced,Jurong East Lib,Jurong Town Hall Rd,1.332605,103.739045
28251,300.79999999999995,0.07729388297872342,0.4449800531914894,17,PM-peak boarding,S'pore Science Ctr,Jurong Town Hall Rd,1.33382805600325,103.7369883329766
28259,97.8,0.19887525562372188,0.2259713701431493,8,balanced,Opp S'pore Science Ctr,Jurong Town Hall Rd,1.33415472196842,103.73698833298555
28261,60.34999999999999,0.09610604805302404,0.3405136702568352,17,PM-peak boarding,Aft S'pore Science Ctr,Jurong Town Hall Rd,1.33614236992322,103.73489878344925
28269,108.35000000000002,0.3285648361790493,0.11259806183664049,8,AM-peak boarding,Blk 118,Jurong Town Hall Rd,1.33653242651923,103.73499280022457
28271,178.9,0.29960871995528227,0.20765790944661824,7,balanced,Opp Blk 114,Jurong Town Hall Rd,1.33899259685337,103.73390575121081
28279,360.7,0.28860548932630997,0.14679789298586082,8,AM-peak boarding,Blk 114,Jurong Town Hall Rd,1.33948295480474,103.73423653369264
28281,1602.0000000000002,0.12618601747815228,0.3832084893882647,18,PM-peak boarding,Opp Blk 227,Jurong Town Hall Rd,1.3420603281321,103.73537548132207
28289,1771.7999999999997,0.3520995597697258,0.11144034315385487,8,AM-peak boarding,Blk 228,Jurong Town Hall Rd,1.342062,103.73576
28291,2645.9500000000003,0.16536593662011753,0.20926321359058184,7,balanced,Blk 303,Jurong Town Hall Rd,1.34446090409168,103.73638303040048
28299,2415.0,0.24165631469979293,0.1580538302277433,7,AM-peak boarding,Blk 253,Jurong Town Hall Rd,1.344658,103.736797
28301,5269.5,0.1922383527848942,0.2597305247177152,7,balanced,Blk 131,Jurong Gateway Rd,1.3348645,103.740441
28309,106.65000000000003,0.08532583216127519,0.5954055321143927,17,PM-peak boarding,Intl Business Pk,Jurong Town Hall Rd,1.32628627629778,103.74578490414557
28311,678.0500000000001,0.19784676646265023,0.18265614630189514,8,balanced,Blk 209,Jurong East Ctrl,1.33825277511898,103.74108351905207
28319,631.75,0.35702413929560745,0.12489117530668778,7,AM-peak boarding,Blk 207,Jurong East Ctrl,1.33862623918679,103.74173313734524
28321,1209.9499999999998,0.19153684036530438,0.16248605314269185,7,balanced,Blk 239,Jurong East Ave 1,1.34127166427214,103.74090313908255
28329,1702.95,0.241815672803077,0.148389559294166,7,AM-peak boarding,Blk 246,Jurong East Ave 1,1.3414709231345,103.74043571670437
28331,1161.2999999999997,0.15874451046241284,0.14117799018341518,10,balanced,Blk 229,Jurong East Ave 1,1.34204392869092,103.73804926872124
28339,1688.8500000000001,0.17162566243301655,0.1565858424371614,10,balanced,Blk 252,Jurong East Ave 1,1.34270510558579,103.73737517747826
28341,2578.899999999999,0.16728062352165657,0.34200628174803227,18,PM-peak boarding,Chinese Gdn Stn,Boon Lay Way,1.34247027799798,103.73271277802048
28349,1650.1000000000004,0.20013938549178834,0.37485606932913146,18,PM-peak boarding,Opp Chinese Gdn Stn,Boon Lay Way,1.34255113741933,103.73318514055593
28351,57.1,0.11471103327495623,0.2618213660245184,18,PM-peak boarding,Opp Blk 350,Boon Lay Way,1.343615278018,103.73105583301476
28359,655.9999999999999,0.08407012195121953,0.3384908536585366,18,PM-peak boarding,Blk 350,Boon Lay Way,1.34388722199927,103.73119944403174
28361,80.45000000000002,0.1510254816656308,0.2156619018023617,15,balanced,Jurong Lake,Boon Lay Way,1.34418881822068,103.72748780602458
28369,422.70000000000005,0.07097232079488998,0.2323160634019399,15,PM-peak boarding,Opp Jurong Lake,Boon Lay Way,1.34449722197147,103.72747138899737
28371,104.69999999999999,0.2664756446991404,0.18147086914995225,7,balanced,Bef Jurong West St 51,Boon Lay Way,1.34487972199034,103.72409194399874
28379,478.94999999999993,0.21588892368723253,0.21380102307130186,7,balanced,Aft Jurong West St 51,Boon Lay Way,1.345075,103.723997
28381,645.7499999999999,0.09159891598915991,0.34270228416569887,18,PM-peak boarding,Blk 515,Jurong West St 51,1.34626967118054,103.72129604136144
28389,788.9000000000001,0.16041323361642792,0.2064900494359234,13,balanced,Opp Blk 515,Jurong West St 51,1.34646209983221,103.72147231551902
28391,963.0499999999998,0.11692020144333111,0.17901458906598827,10,PM-peak boarding,Blk 501,Jurong West St 51,1.34978093237085,103.71937165971983
28399,2170.7999999999997,0.20027178920213748,0.1486088078127879,6,balanced,Blk 458,Jurong West St 51,1.34974947213063,103.71964821094637
28401,4470.05,0.09907048019597096,0.1994496705853402,11,PM-peak boarding,Blk 502,Jurong West Ave 1,1.3506545513673,103.71861401513462
28409,2349.3000000000006,0.1791810326480228,0.1530668709828459,7,balanced,Blk 454,Jurong West Ave 1,1.35081149361542,103.71793769087185
28411,226.05,0.2003981420039814,0.17650962176509624,7,balanced,Blk 526,Jurong West St 52,1.34805444396931,103.7176175000189
28421,136.79999999999998,0.11001461988304095,0.25365497076023397,13,PM-peak boarding,Blk 517,Jurong West St 52,1.34591586108958,103.71934571086803
28431,2205.65,0.20452020946206334,0.23478339718450345,7,balanced,Blk 134,Jurong East Ctrl,1.33449626498358,103.73881557585635
28439,622.9499999999999,0.24536479653262708,0.26109639617946867,7,balanced,Blk 124,Jurong East Ctrl,1.33451434015094,103.7385749816785
28441,2233.7,0.1482741639432332,0.25997224336303,18,PM-peak boarding,Seventh-Day Advent Ch,Jurong East Ctrl,1.33576638902918,103.73884916698127
28449,266.5,0.3962476547842401,0.1048780487804878,8,AM-peak boarding,Bef Seventh-Day Advent Ch,Jurong East Ctrl,1.33618166701348,103.73944500002973
28451,1002.1500000000002,0.17083270967420042,0.21468841989722093,7,balanced,Parc Oasis,Jurong East Ave 1,1.34394189080479,103.73465998158574
28459,1816.8500000000001,0.2848336406417701,0.15958939923493962,7,AM-peak boarding,Opp Parc Oasis,Jurong East Ave 1,1.34440772894012,103.7343152870331
28461,2989.1999999999994,0.13426669342968023,0.19577144386457918,11,balanced,Blk 347,Jurong East Ave 1,1.345332402809,103.73205383657178
28469,2084.6499999999996,0.17583287362386976,0.15678890940925339,8,balanced,Blk 316,Jurong East Ave 1,1.34612717332075,103.73193313637753
28471,571.8499999999999,0.19742939582058233,0.1373611961178631,13,balanced,Opp Blk 311,Jurong East St 32,1.34811145616559,103.73224640616968
28481,299.99999999999994,0.3076666666666667,0.11433333333333337,7,AM-peak boarding,Blk 306,Jurong East St 32,1.34618139069958,103.73421591577221
28491,2947.7999999999993,0.15236786756224985,0.15367392631793203,14,balanced,Opp Jurong Polyclinic,Jurong East Ave 1,1.34905596073619,103.7307863306416
28499,3358.8000000000006,0.2159402167440752,0.15289686792902224,7,balanced,Jurong Polyclinic,Jurong East Ave 1,1.34963044051902,103.73046199733298
28501,1408.2,0.22631728447663682,0.1569734412725465,7,balanced,Blk 490,Jurong West Ave 1,1.34980328426271,103.72737769835274
28509,1816.65,0.2304516555197754,0.15253350948173838,7,AM-peak boarding,Blk 422,Jurong West Ave 1,1.35003470887569,103.72654009750788
28511,5027.600000000002,0.17762948524146702,0.17016071286498524,7,balanced,Blk 463,Jurong West Ave 1,1.35063596491215,103.7237236090261
28519,2948.5,0.182414787179922,0.16047142614888926,7,balanced,Blk 425,Jurong West Ave 1,1.35058416759245,103.72452492776075
28521,1877.85,0.27164043986473896,0.151156908166254,7,AM-peak boarding,Blk 457,Jurong West Ave 1,1.35097548065061,103.72120042369096
28529,1404.9500000000003,0.25264244279155834,0.15100181501121035,7,AM-peak boarding,Blk 441,Jurong West Ave 1,1.35117921308914,103.7206511492765
28531,913.7000000000003,0.25533544927218993,0.1558498413045857,7,AM-peak boarding,Blk 536,Jurong West Ave 1,1.35006115514965,103.71652940446651
28539,743.9500000000002,0.31487331137845276,0.1222528395725519,7,AM-peak boarding,Blk 538,Jurong West Ave 1,1.34975477386966,103.71542393424821
28541,963.5499999999998,0.3139432307612475,0.11530278657049456,7,AM-peak boarding,Blk 551,Jurong West St 42,1.35235805602121,103.7172600000334
28551,657.0999999999999,0.32361893166945677,0.11383351088114443,7,AM-peak boarding,Blk 560A,Jurong West St 42,1.35309201855261,103.71993998752167
28561,751.3500000000001,0.23710654155852795,0.1436081719571438,6,AM-peak boarding,Blk 402,Jurong West St 42,1.35318546958489,103.72232429359829
28571,864.0999999999999,0.29423677815067706,0.13007753732206923,7,AM-peak boarding,Blk 416,Jurong West St 42,1.35242067621829,103.72542293305399
28581,463.25000000000006,0.19503507825148406,0.15801403130059358,7,balanced,Blk 491,Jurong West St 41,1.34925114010527,103.72570564902432
28591,296.40000000000003,0.15350877192982454,0.19078947368421048,16,balanced,Opp Blk 481,Jurong West St 41,1.34645638903065,103.72538249998607
28601,334.04999999999995,0.1559646759467146,0.19233647657536299,15,balanced,Yuhua Sec Sch,Jurong West St 41,1.34733744665393,103.72316770207861
28611,201.89999999999998,0.33135215453194655,0.13100544824170382,8,AM-peak boarding,Opp Blk 461,Jurong West St 41,1.34927792310102,103.72106773657399
28621,1273.7500000000002,0.19650637880274777,0.2157409224730127,7,balanced,Blk 241,Jurong East Ctrl,1.342172,103.744076
28629,825.85,0.2575528243627777,0.1541442150511594,7,AM-peak boarding,Blk 266,Jurong East Ctrl,1.342682,103.744754
28631,2121.1500000000005,0.3916743276053083,0.09237913396035166,8,AM-peak boarding,Opp Blk 288D,Toh Guan Rd,1.34053157728505,103.74418616293988
28639,1577.75,0.2919664078592933,0.1604816986214546,7,AM-peak boarding,Blk 288E,Toh Guan Rd,1.34045649755771,103.74395996871245
28641,1630.0499999999997,0.33247446397349784,0.10941382166191223,7,AM-peak boarding,Blk 284,Toh Guan Rd,1.33917889755759,103.74610320575732
28649,1620.65,0.246043254249838,0.22160861382778513,7,balanced,Blk 286A,Toh Guan Rd,1.33901303401774,103.74603439301079
28651,1012.3,0.0831275313642201,0.32134742665217825,17,PM-peak boarding,Opp IMM Bldg,Toh Guan Rd,1.33515192012369,103.74794188238828
28659,1703.6500000000003,0.019751709564758014,0.3504534382062042,18,PM-peak boarding,IMM Bldg,Toh Guan Rd,1.33446189256828,103.74767782537164
28661,262.79999999999995,0.10369101978691021,0.43036529680365304,18,PM-peak boarding,Opp Jurong East Warehse,Toh Guan Rd East,1.33665522766949,103.74951999566713
28669,163.24999999999997,0.03062787136294028,0.5408882082695253,18,PM-peak boarding,Jurong East Warehse,Toh Guan Rd East,1.33644500000269,103.74935500317244
28671,1227.3999999999999,0.36210689261854334,0.16958611699527462,6,AM-peak boarding,Alliance Bldg,Toh Guan Rd East,1.33715229988486,103.75226376356609
28679,676.1000000000001,0.24582162402011531,0.307942612039639,7,balanced,Bef Toh Guan Rd East,Toh Guan Rd East,1.33661449274468,103.75110456918219
28681,766.4,0.17282098121085593,0.4126435281837161,18,PM-peak boarding,Toh Guan Ctr,Toh Guan Rd East,1.33720242588623,103.75488889772056
28689,928.95,0.06954087948759351,0.5734431347219978,17,PM-peak boarding,Opp Toh Guan Ctr,Toh Guan Rd East,1.33727934409499,103.75440999786483
28691,257.34999999999997,0.027394598795414806,0.5640178744899943,17,PM-peak boarding,Wang-Fu Ind Pte Ltd,Toh Guan Rd East,1.33565242851513,103.75748934005021
28699,292.84999999999997,0.022195663308861194,0.522110295373058,17,PM-peak boarding,Opp Uni-Tech Ctr,Toh Guan Rd East,1.33566850623054,103.75723501585756
28701,178.79999999999998,0.021812080536912755,0.5637583892617449,17,PM-peak boarding,Aft Old Toh Tuck Rd,Toh Tuck Link,1.33149833298375,103.75773000000456
28709,173.20000000000002,0.03435334872979214,0.39174364896073904,18,PM-peak boarding,Bef Old Toh Tuck Rd,Toh Tuck Link,1.331639972025,103.75734406053928
29009,1190.1,0.12351903201411647,0.4055541551130158,18,PM-peak boarding,Jurong Town Hall Int,Venture Dr,1.330212,103.7433
29011,490.5,0.05749235474006117,0.5346585117227319,18,PM-peak boarding,Opp Sanmina-SCI,Penjuru Rd,1.3085474999723,103.73362194401842
29019,130.95000000000002,0.05269186712485681,0.596029018709431,17,PM-peak boarding,Sanmina-SCI,Penjuru Rd,1.30808999973571,103.73376586792706
29021,339.90000000000003,0.042071197411003236,0.528684907325684,18,PM-peak boarding,Aft Jln Buroh,Penjuru Rd,1.31267499889159,103.73450231627747
29029,400.4,0.20666833166833168,0.3093156843156843,6,balanced,Bef Penjuru Cl,Penjuru Rd,1.313867,103.734975
29031,1112.7500000000002,0.24012581442372494,0.21658054369804533,6,balanced,Aft Penjuru Pl,Penjuru Rd,1.31653138767966,103.73538661201253
29039,75.5,0.1086092715231788,0.19735099337748344,21,PM-peak boarding,Bef Penjuru Wk,Penjuru Rd,1.31791472290937,103.73590151832454
29041,48.85,0.028659160696008185,0.609007164790174,17,PM-peak boarding,Ban Joo,Tg Penjuru,1.30630499421009,103.73605370521642
29049,177.30000000000004,0.026226734348561757,0.5558375634517765,17,PM-peak boarding,LTH Logistics,Tg Penjuru,1.3059832127393,103.73668670651571
29051,14.400000000000002,0.14236111111111108,0.36458333333333326,16,PM-peak boarding,Opp Caltex S'pore,Jln Buroh,1.30462052831604,103.74284927023315
29059,35.550000000000004,0.08579465541490856,0.4655414908579465,18,PM-peak boarding,Caltex S'pore,Jln Buroh,1.3043728024167,103.74252500205836
29069,6.450000000000001,0.023255813953488372,0.4806201550387596,17,PM-peak boarding,Aft Pandan Rd,Jln Buroh,1.30296947780325,103.74607238005542
29071,14.15,0.0636042402826855,0.7031802120141342,18,PM-peak boarding,Gas Svc Intl,Pandan Rd,1.30422665161292,103.75179382878862
29081,40.00000000000001,0.07749999999999999,0.46125,17,PM-peak boarding,Franklin Offshore,Pandan Rd,1.30177859797596,103.75284433363814
29089,136.54999999999998,0.041742951299890155,0.5276455510801904,17,PM-peak boarding,Swanson Plastics,Pandan Rd,1.30146754204298,103.75270485878043
29091,51.85,0.05689488910318226,0.5863066538090647,19,PM-peak boarding,Opp Sia Huat,Pandan Rd,1.29941886215176,103.75254392626566
29099,156.20000000000002,0.03104993597951344,0.5291293213828425,17,PM-peak boarding,Bef Sia Huat,Pandan Rd,1.29938668393663,103.75207185742923
29101,51.4,0.06031128404669261,0.622568093385214,19,PM-peak boarding,PPL Shipyard,Pandan Rd,1.29856077859667,103.74997666563225
29109,89.05000000000001,0.033127456485120714,0.6372824256035934,17,PM-peak boarding,Opp PPL Shipyard,Pandan Rd,1.29874917121117,103.74969618348408
29111,49.49999999999999,0.0686868686868687,0.37575757575757585,17,PM-peak boarding,Transerve,Pandan Rd,1.30002583301409,103.74685194400729
29119,79.4,0.07808564231738035,0.37594458438287154,17,PM-peak boarding,ComfortDelGro Engrg,Pandan Rd,1.30075962146214,103.74720096588953
29121,165.35,0.04324160870879952,0.5566979135167825,17,PM-peak boarding,Opp CLP Intl,Tg Penjuru,1.30670185792468,103.73955130573647
29129,185.4,0.009439050701186624,0.6785329018338727,17,PM-peak boarding,CLP Intl,Tg Penjuru,1.30639194302217,103.73949183679694
29139,226.44999999999993,0.027379112386840373,0.5822477368072424,17,PM-peak boarding,Opp Foh Foh Pte Ltd,Pandan Ave,1.30295846509397,103.75137448307609
29149,226.3,0.04220061864781264,0.4626601855943438,17,PM-peak boarding,Senkee Logistics Hub,Pandan Ave,1.301837,103.7486385
29159,9.700000000000003,0.12886597938144326,0.2422680412371133,17,PM-peak boarding,Aft Teban Gdns Cres,Penjuru Rd,1.32532489846553,103.73750501985307
29161,18.65,0.03753351206434317,0.5522788203753352,18,PM-peak boarding,Bef Pandan Rd,Jln Buroh,1.305051,103.7501045
30011,394.0,0.015355329949238578,0.2921319796954315,17,PM-peak boarding,Tengah Air Base,Old Choa Chu Kang Rd,1.37367799480239,103.71422567942253
30019,106.45,0.026303428839830903,0.36965711601690937,17,PM-peak boarding,Opp Tengah Air Base,Old Choa Chu Kang Rd,1.37333306785344,103.71365844785454
30021,631.4499999999999,0.11386491408662604,0.24134927547707655,6,PM-peak boarding,Opp Keat Hong Camp,Old Choa Chu Kang Rd,1.3744419562273,103.71705234322658
30029,425.45000000000005,0.22658361734633917,0.20930779174991182,6,balanced,Keat Hong Camp,Old Choa Chu Kang Rd,1.37415602765485,103.71709630730658
30031,955.65,0.25448647517396533,0.1710354209177,6,balanced,Opp Army Logistics Base,Old Choa Chu Kang Rd,1.37461935383489,103.71983865916742
30039,162.4,0.2124384236453202,0.14532019704433496,6,balanced,Army Logistics Base,Old Choa Chu Kang Rd,1.37432162221947,103.71981883880738
30041,547.1999999999998,0.041118421052631596,0.49497441520467844,17,PM-peak boarding,Opp Home Team Acad,Old Choa Chu Kang Rd,1.37462014104762,103.72188815233464
30049,116.85000000000002,0.044073598630723146,0.5091998288403936,17,PM-peak boarding,Home Team Acad,Old Choa Chu Kang Rd,1.37431332163268,103.723836557791
30051,33.349999999999994,0.05997001499250376,0.5442278860569716,17,PM-peak boarding,Aft Track 14,Old Choa Chu Kang Rd,1.37455576936144,103.72537054756133
30059,4.2,0.16666666666666669,0.3452380952380953,18,PM-peak boarding,Opp Track 14,Old Choa Chu Kang Rd,1.37439935176831,103.72614304198139
30081,143.04999999999998,0.2079692415239427,0.22824187347081445,7,balanced,Opp Hai Inn See Tp,Brickland Rd,1.37727684686882,103.73431312110678
30089,99.5,0.12512562814070352,0.25678391959798996,19,PM-peak boarding,Aft Hai Inn See Tp,Brickland Rd,1.377159999987,103.73409166698833
30091,121.05000000000001,0.03923998347790169,0.47790169351507633,17,PM-peak boarding,Chengtai Nursery,Sg Tengah Rd,1.37943055556701,103.7308563889232
30099,37.1,0.029649595687331536,0.5579514824797844,19,PM-peak boarding,Opp Chengtai Nursery,Sg Tengah Rd,1.37972159795466,103.73122812228895
30101,503.6,0.4171961874503574,0.07436457505957109,7,AM-peak boarding,Blk 485B,Brickland Rd,1.373713,103.738897
30109,6.4,0.10937499999999999,0.1640625,9,PM-peak boarding,Opp Blk 485A,Brickland Rd,1.373745,103.738354
30111,483.5,0.43205791106514996,0.08572905894519132,7,AM-peak boarding,Blk 804B,Brickland Rd,1.37245788679333,103.74282538457524
30119,1.6,0.03125,0.5,19,PM-peak boarding,Aft Choa Chu Kang Ave 6,Brickland Rd,1.37288750001555,103.7404039307868
30121,886.7499999999997,0.4100930363687625,0.09923879334649002,7,AM-peak boarding,Blk 805D,Brickland Rd,1.37211783027051,103.74443713836388
30129,51.8,0.17277992277992277,0.4092664092664093,18,PM-peak boarding,Opp Blk 805D,Brickland Rd,1.37203889001441,103.74381033081468
31011,72.3,0.018672199170124484,0.5359612724757953,18,PM-peak boarding,Aft Nanyang Ave,Jln Bahar,1.35882056,103.6938781
31019,4.4,0.011363636363636364,0.3863636363636363,16,PM-peak boarding,Bef Nanyang Ave,Jln Bahar,1.36,103.69395
31031,255.75000000000003,0.026588465298142717,0.49833822091886604,17,PM-peak boarding,Civil Defence Acad,Jln Bahar,1.36598890667515,103.69327324255713
31039,215.25,0.02183507549361208,0.5166085946573752,17,PM-peak boarding,Opp Civil Defence Acad,Jln Bahar,1.36563783980926,103.69330818055283
31041,11.750000000000002,0.012765957446808508,0.36170212765957444,17,PM-peak boarding,Bef Muslim Cemy Path 7,Jln Bahar,1.36893226400594,103.6939293999916
31049,45.15,0.019933554817275746,0.5348837209302326,17,PM-peak boarding,Aft Chr Cemy Path 9,Jln Bahar,1.36939554385137,103.6942436921991
31051,77.05000000000001,0.016872160934458143,0.26800778715120044,17,PM-peak boarding,Pusara Aman Mque,Jln Bahar,1.37226002154624,103.69445182104045
31059,118.8,0.047558922558922564,0.2916666666666667,17,PM-peak boarding,Aft Cemy Chapel,Jln Bahar,1.37207574401713,103.69466807265977
31121,128.74999999999997,0.01475728155339806,0.29864077669902916,17,PM-peak boarding,Nirvana Memorial Gdn,Old Choa Chu Kang Rd,1.37035531879968,103.68800387696562
31129,2.9,0.05172413793103449,0.06896551724137931,16,balanced,Aft Nirvana Memorial Gdn,Old Choa Chu Kang Rd,1.36997393445421,103.68740996007186
31131,67.55,0.008142116950407107,0.39156180606957813,17,PM-peak boarding,CCK Cemy Office,Old Choa Chu Kang Rd,1.3721005602879,103.6901494100538
31139,2.15,0.023255813953488375,0.0930232558139535,12,PM-peak boarding,Opp CCK Cemy Office,Old Choa Chu Kang Rd,1.37211281474792,103.69038412231409
31141,72.85,0.007549759780370625,0.34317089910775567,22,PM-peak boarding,Aft Gdn of Remembrance,Old Choa Chu Kang Rd,1.37409630689339,103.69342185827556
31149,54.499999999999986,0.498165137614679,0.08990825688073396,7,AM-peak boarding,Bef Gdn of Remembrance,Old Choa Chu Kang Rd,1.37394854683347,103.69400832710886
31151,118.79999999999998,0.038299663299663306,0.4330808080808082,17,PM-peak boarding,Aft Lim Chu Kang Rd,Old Choa Chu Kang Rd,1.37363227377286,103.69596747862987
31159,177.35000000000002,0.11446292641669015,0.36566112207499285,17,PM-peak boarding,Bef Lim Chu Kang Rd,Old Choa Chu Kang Rd,1.37336600723318,103.69619726943306
31161,10.95,0.10958904109589042,0.3835616438356165,17,PM-peak boarding,Opp Teen Challenge,Old Choa Chu Kang Rd,1.37253332216297,103.70208763060677
31169,3.7999999999999994,0.06578947368421054,0.1842105263157895,11,PM-peak boarding,Teen Challenge,Old Choa Chu Kang Rd,1.37245094201191,103.7012193702135
31171,5.8999999999999995,0.06779661016949154,0.11864406779661019,6,PM-peak boarding,Opp Jln Berseri,Old Choa Chu Kang Rd,1.37240788349149,103.70418696765007
31179,9.300000000000002,0.05913978494623655,0.12365591397849461,5,PM-peak boarding,Aft Jln Berseri,Old Choa Chu Kang Rd,1.37234403223499,103.70355081890855
31191,4.75,0.14736842105263157,0.3368421052631579,5,PM-peak boarding,B26 Old Choa Chu Kang Rd,Old Choa Chu Kang Rd,1.37161444444711,103.70991083335727
31199,3.0999999999999996,0.03225806451612904,0.22580645161290325,15,PM-peak boarding,B25 Old Choa Chu Kang Rd,Old Choa Chu Kang Rd,1.37097558139998,103.70931539839594
32071,0.2,0.0,0.0,16,balanced,Aft Track 13,Lim Chu Kang Rd,1.4160246040166,103.70056776202736
32081,7.400000000000001,0.020270270270270264,0.05405405405405405,15,PM-peak boarding,Sg Gedong Camp,Lim Chu Kang Rd,1.41744631606558,103.70120361125713
32089,391.4,0.03231987736331119,0.35641287685232503,17,PM-peak boarding,Aft Sg Gedong Camp,Lim Chu Kang Rd,1.41681891211204,103.7010851003633
32121,0.7500000000000001,0.5333333333333333,0.13333333333333333,8,AM-peak boarding,Aft Old Choa Chu Kang Rd,Lim Chu Kang Rd,1.37292105,103.6851701
32129,11.050000000000002,0.05429864253393664,0.5429864253393664,17,PM-peak boarding,Bef Old Choa Chu Kang Rd,Lim Chu Kang Rd,1.373591307,103.6854902
32131,1.0,0.15,0.15000000000000002,15,balanced,Bef Chinese & Muslim Cemy,Lim Chu Kang Rd,1.381767314,103.6841405
32139,25.050000000000004,0.02994011976047904,0.32534930139720547,17,PM-peak boarding,Aft Chinese & Muslim Cemy,Lim Chu Kang Rd,1.380833595,103.6845929
32141,0.65,0.23076923076923078,0.3076923076923077,7,balanced,B27 Lim Chu Kang Rd,Lim Chu Kang Rd,1.395173887,103.69183
32149,79.7,0.016938519447929738,0.5200752823086575,19,PM-peak boarding,B26 Lim Chu Kang Rd,Lim Chu Kang Rd,1.395007965,103.6921278
32151,0.0,,,0,balanced,Opp Lim Chu Kang Substation No. 1,Lim Chu Kang Rd,1.414093161,103.696621
32159,5.75,0.043478260869565216,0.3739130434782609,17,PM-peak boarding,Bef Lim Chu Kang Substation No. 1,Lim Chu Kang Rd,1.414025693,103.6973396
33011,3.5500000000000003,0.2676056338028169,0.23943661971830985,7,balanced,B19 Lim Chu Kang Rd,Lim Chu Kang Rd,1.41959108645842,103.70222963088568
33019,138.15,0.003619254433586681,0.3083604777415852,16,PM-peak boarding,B20 Lim Chu Kang Rd,Lim Chu Kang Rd,1.41920159190274,103.70215656491881
33021,0.25,0.0,0.6000000000000001,9,PM-peak boarding,Opp Neo Tiew Rd,Lim Chu Kang Rd,1.42179012512071,103.70324459408172
33029,29.449999999999996,0.05602716468590833,0.43803056027164694,19,PM-peak boarding,Aft Neo Tiew Rd,Lim Chu Kang Rd,1.42080314827393,103.70292186217569
33031,0.5,0.0,0.1,12,PM-peak boarding,Aft Jln Bahtera,Lim Chu Kang Rd,1.42397958326967,103.70422572285418
33039,6.200000000000001,0.09677419354838708,0.37096774193548376,17,PM-peak boarding,Opp Jln Bahtera,Lim Chu Kang Rd,1.42329599233546,103.70408030420536
33041,2.9500000000000006,0.18644067796610167,0.30508474576271183,15,PM-peak boarding,Opp Lim Chu Kang Lane 3,Lim Chu Kang Rd,1.42761911626678,103.70594344849181
33049,36.6,0.04781420765027322,0.2459016393442623,15,PM-peak boarding,Aft Lim Chu Kang Lane 3,Lim Chu Kang Rd,1.42621743469097,103.70543799603165
33051,0.2,0.5,0.25,7,AM-peak boarding,Bef Lim Chu Kang Lane 3A,Lim Chu Kang Rd,1.43024937289974,103.70683437257524
33059,1.9500000000000004,0.33333333333333326,0.10256410256410255,7,AM-peak boarding,Aft Lim Chu Kang Lane 3A,Lim Chu Kang Rd,1.42935991121752,103.70662973279376
34009,43.4,0.09101382488479264,0.24078341013824883,6,PM-peak boarding,Police Coast Guard,Lim Chu Kang Rd,1.44482656088302,103.70756734461297
34011,0.05,1.0,0.0,7,AM-peak boarding,Opp Lim Chu Kang Lane 4,Lim Chu Kang Rd,1.43318199595331,103.7078231906078
34019,0.9500000000000002,0.05263157894736841,0.36842105263157887,9,PM-peak boarding,Aft Lim Chu Kang Lane 4,Lim Chu Kang Rd,1.43253416698475,103.70773805599093
34021,0.2,0.25,0.25,11,balanced,Opp Lim Chu Kang Lane 5,Lim Chu Kang Rd,1.43518649812518,103.70804760933633
34029,5.5,0.2545454545454546,0.26363636363636367,7,balanced,Bef Lim Chu Kang Lane 5,Lim Chu Kang Rd,1.43497194397025,103.70818333298028
34031,0.25,0.4,0.0,9,AM-peak boarding,Aft Lim Chu Kang Lane 6,Lim Chu Kang Rd,1.4376660533385,103.70795650853267
34039,4.1,0.012195121951219514,0.4390243902439025,16,PM-peak boarding,Bef Lim Chu Kang Lane 6,Lim Chu Kang Rd,1.43659170251147,103.70811753153625
34041,0.0,,,0,balanced,B03 Lim Chu Kang Rd,Lim Chu Kang Rd,1.43886508618445,103.70790669860943
34049,1.4000000000000001,0.07142857142857142,0.03571428571428571,14,AM-peak boarding,Aft Lim Chu Kang Lane 8,Lim Chu Kang Rd,1.43837406233239,103.70802408979871
34051,0.85,0.0,0.17647058823529416,9,PM-peak boarding,Aft Lim Chu Kang Lane 8,Lim Chu Kang Rd,1.4427555864767,103.70775406469974
34059,13.45,0.04460966542750929,0.32342007434944237,16,PM-peak boarding,Yishun Dairy Farm,Lim Chu Kang Rd,1.44234338763128,103.7078689605441
40011,3109.85,0.23179574577551973,0.17541038956862873,8,balanced,Little India Stn Exit A,Bt Timah Rd,1.30606411522588,103.84908751469008
40019,3001.35,0.21325403568394222,0.16780781981441684,8,balanced,Little India Stn,Bt Timah Rd,1.30664404460339,103.84920416709382
40021,327.15,0.09307657038055939,0.3747516429772276,18,PM-peak boarding,Bef Winstedt Rd,Bt Timah Rd,1.311033889,103.8427911
40029,262.45,0.1539340826824157,0.3457801485997333,18,PM-peak boarding,Aft Makepeace Rd,Bt Timah Rd,1.31142305600915,103.84265999998345
40031,443.25,0.15160744500846024,0.22357586012408345,13,balanced,Newton FC,Bt Timah Rd,1.31178509472011,103.84098359641321
40039,618.9000000000001,0.13677492325092905,0.21724026498626595,8,PM-peak boarding,Opp Newton FC,Bt Timah Rd,1.31230305602353,103.8407255559936
40041,1720.7500000000002,0.19459537992154582,0.2720325439488595,7,balanced,Newton Stn Exit C,Bt Timah Rd,1.3137222313328,103.83809742560602
40049,298.95,0.19100183977253724,0.2033784913865195,8,balanced,Opp Newton Stn Exit C,Dunearn Rd,1.31402305600959,103.83884638900086
40051,962.1500000000001,0.12160266070778983,0.19664293509328065,13,PM-peak boarding,Balmoral Plaza,Bt Timah Rd,1.31588,103.83632
40059,422.8999999999999,0.19519981082998347,0.21317096240245925,8,balanced,Chancery Ct,Dunearn Rd,1.31662138896806,103.83634361100417
40069,976.2,0.07570170047121491,0.18397869289080104,13,PM-peak boarding,Anglo-Chinese Sch,Dunearn Rd,1.31830398893217,103.83435129198834
40071,395.59999999999997,0.3053589484327604,0.14825581395348836,8,AM-peak boarding,Leng Kwang Baptist Ch,Bt Timah Rd,1.31918027796911,103.829213610999
40079,146.1,0.15160848733744012,0.1676933607118412,13,balanced,Bef Swiss Cottage Est,Dunearn Rd,1.3197216415795,103.8299145659947
40081,945.2999999999998,0.09198138157198775,0.3824711731725378,18,PM-peak boarding,Stevens Stn Exit 1,Bt Timah Rd,1.32012951912406,103.82605259642706
40089,557.15,0.29659876155433906,0.16719016422866376,7,AM-peak boarding,Aft Stevens Stn Exit 5,Dunearn Rd,1.320510556,103.8273903
40091,258.40000000000003,0.1917569659442724,0.18904798761609903,8,balanced,Bef Lewis Rd,Bt Timah Rd,1.32101807290903,103.82350944419166
40099,156.65,0.18672199170124482,0.3060963932333227,18,PM-peak boarding,Aft Dunkirk Ave,Dunearn Rd,1.32185235205471,103.82344007494515
40101,897.1,0.05668264407535392,0.3798907591126965,17,PM-peak boarding,KK Women & Children Hosp,Kg Java Rd,1.31036186651665,103.84779148902439
40109,767.5999999999999,0.052566440854611776,0.3858780614903596,17,PM-peak boarding,Opp KK Women & Child Hosp,Kg Java Rd,1.30949131269895,103.84770747833439
40111,706.8000000000001,0.23082908885116016,0.17784380305602712,7,balanced,Ferrell Residences,Bt Timah Rd,1.31806499998598,103.83262555597635
40119,261.90000000000003,0.16113020236731576,0.1989308896525391,8,balanced,Bef Goldhill Ave,Dunearn Rd,1.31889734253426,103.83249521257974
40121,452.6000000000001,0.24668581528943875,0.1506849315068493,7,AM-peak boarding,Opp Newton Life Ch,Newton Rd,1.31458164930261,103.84053190286843
40129,1175.4499999999998,0.24343868305755245,0.16657450338168364,8,balanced,Newton Life Ch,Newton Rd,1.31453779264106,103.84082845008946
40171,170.45,0.13523027280727487,0.33880903490759756,18,PM-peak boarding,Opp Env Bldg,Scotts Rd,1.3109517198906,103.83582101192815
40179,537.3499999999999,0.06411091467386248,0.2199683632641668,12,PM-peak boarding,Env Bldg,Scotts Rd,1.31133173990881,103.83686949960516
40181,2663.05,0.14145434745874091,0.31011434257712023,18,PM-peak boarding,Newton Stn Exit A,Scotts Rd,1.312465,103.83808
40189,1874.1000000000001,0.21431620511178695,0.12093805026412675,9,AM-peak boarding,Newton Stn Exit B,Scotts Rd,1.312274,103.8381
40191,321.85,0.2083268603386671,0.29578996426906945,7,balanced,Aft Draycott Pk,Stevens Rd,1.31268555601325,103.8304269440197
40199,494.65000000000003,0.15051046194278783,0.24209036692610936,17,PM-peak boarding,Aft Balmoral Rd,Stevens Rd,1.31258333303153,103.83191222199584
40201,803.6,0.09059233449477351,0.346316575410652,18,PM-peak boarding,Chelsea Gdns Condo,Stevens Rd,1.31358972201496,103.82743055599407
40209,769.55,0.1383275940484699,0.24858683646286794,17,PM-peak boarding,Novotel Mercure @ Stevens,Stevens Rd,1.31388805600649,103.82738777802837
40211,141.70000000000002,0.18172194777699363,0.30239943542695835,18,PM-peak boarding,Opp Met YMCA,Stevens Rd,1.31655331624558,103.825862990405
40219,232.80000000000004,0.15528350515463915,0.2059707903780068,11,balanced,Bef Met YMCA,Stevens Rd,1.317033,103.826044
40221,1088.4499999999998,0.10763011622031331,0.3843998346272222,18,PM-peak boarding,Stevens Stn Exit 3,Stevens Rd,1.31902531287493,103.82545561296305
40229,942.4499999999999,0.2600137938352168,0.17465117512865405,8,balanced,Bef Stevens Stn Exit 2,Stevens Rd,1.319241,103.825711
40231,3383.3,0.16814943989595954,0.2873673632252534,18,PM-peak boarding,Raffles Town Club,Whitley Rd,1.32230868317131,103.82577145824762
40239,1863.9999999999998,0.23259120171673822,0.15456008583690986,8,AM-peak boarding,Bef Stevens Stn Exit 4,Whitley Rd,1.322585278,103.8262153
40249,76.7,0.09843546284224251,0.25097783572359844,17,PM-peak boarding,St. Joseph's Instn,Whitley Rd,1.3249247219882,103.82735055603025
40251,6.8999999999999995,0.08695652173913046,0.2173913043478261,11,PM-peak boarding,Aft Wallace Way,Lornie Rd,1.34054275997605,103.82231128179984
40259,4.6,0.04347826086956522,0.08695652173913043,13,PM-peak boarding,Bef Wallace Way,Lornie Rd,1.34031250739109,103.82256277806692
40261,1.9000000000000001,0.02631578947368421,0.34210526315789475,18,PM-peak boarding,LP 52,Lornie Rd,1.34130384192273,103.82706642150467
40269,1.6000000000000003,0.0,0.3749999999999999,18,PM-peak boarding,LP 57,Lornie Rd,1.34105638903249,103.82660805601813
40271,277.05,0.0976358058112254,0.34398123082476084,17,PM-peak boarding,Opp KK Women & Child Hosp,Bt Timah Rd,1.30880664936794,103.8463464537845
40279,816.6,0.04475875581680137,0.45248591721773207,17,PM-peak boarding,KK Women & Children Hosp,Bt Timah Rd,1.30981925741503,103.8460393043403
40281,183.75,0.3414965986394558,0.08489795918367347,7,AM-peak boarding,Blk 467B,Bukit Batok West Avenue 9,1.356067,103.743617
40289,8.45,0.06508875739644972,0.24260355029585798,6,PM-peak boarding,Opp Blk 467B,Bukit Batok West Avenue 9,1.355843,103.743394
40301,102.95,0.16172899465760077,0.235065565808645,8,balanced,Blk 451A,Bt Batok West Ave 6,1.35332581027753,103.74287381027882
40309,304.7499999999999,0.2958162428219854,0.09023789991796557,7,AM-peak boarding,Opp Blk 451A,Bt Batok West Ave 6,1.35367643079374,103.74299081028306
40311,218.9,0.2985381452718136,0.12905436272270443,7,AM-peak boarding,Blk 439C,Bt Batok West Ave 6,1.35730456918268,103.73890781029746
40321,433.4000000000001,0.14397784956160586,0.2584217812644208,17,PM-peak boarding,Dulwich College,Bt Batok West Ave 8,1.35174487949103,103.73947152056856
40329,477.25000000000006,0.21508643268727082,0.1724463069669984,15,balanced,Millennia Institute,Bt Batok West Ave 8,1.35096917519706,103.73961904709157
40331,39.400000000000006,0.32868020304568524,0.1751269035532995,7,AM-peak boarding,Blk 460D,Bukit Batok West Avenue 9,1.353303,103.740304
40339,701.95,0.31013604957618063,0.13106346605883612,7,AM-peak boarding,Blk 448B,Bukit Batok West Avenue 9,1.35347432348291,103.74087652056193
40341,791.9000000000001,0.22578608410152795,0.18310392726354335,6,balanced,Bef Blk 440A,Bt Batok West Ave 8,1.3546236109849,103.73889587967264
40349,434.3499999999999,0.34096926441809605,0.12478416023943825,7,AM-peak boarding,Blk 461,Bt Batok West Ave 8,1.35497444398167,103.73939913984925
40351,308.65,0.0831038393001782,0.26113721043252874,18,PM-peak boarding,Blk 461C,Bt Batok West Ave 6,1.35499656917814,103.7410021897397
40359,2344.0,0.24502986348122868,0.15955631399317405,7,AM-peak boarding,Opp Blk 461C,Bt Batok West Ave 6,1.355593,103.7408
40361,1130.05,0.19636299278792976,0.21295517897438165,7,balanced,Blk 438A,Bt Batok West Ave 8,1.35715418971956,103.74085618975258
40369,956.5000000000002,0.3155776267642446,0.1521170935703084,7,AM-peak boarding,Blk 464A,Bt Batok West Ave 8,1.3576342194572,103.74139552039492
40371,699.7,0.23581534943547233,0.22931256252679721,7,balanced,Opp Blk 465A,Bt Batok West Ave 5,1.35813308018627,103.74305344718294
40379,101.30000000000001,0.24679170779861795,0.12339585389930897,7,AM-peak boarding,Blk 467 CP,Bt Batok West Ave 5,1.35754268986546,103.74357270089524
40381,329.84999999999997,0.062452629983325764,0.3689555858723662,18,PM-peak boarding,Blk 111,Plantation Cres,1.35636,103.73427
40389,2486.0499999999997,0.30759638784417054,0.1554071720198709,7,AM-peak boarding,Tengah CC,Plantation Cres,1.356473,103.734424
40391,21.25,0.49411764705882355,0.1552941176470588,7,AM-peak boarding,Blk 231B,Tengah Blvd,1.359258,103.733186
40399,1074.7500000000002,0.33189113747383103,0.11625959525471037,7,AM-peak boarding,Blk 123B,Tengah Blvd,1.35984,103.734244
40401,739.9000000000001,0.3441005541289363,0.15914312744965534,7,AM-peak boarding,Blk 224A,Tengah Blvd,1.357112,103.731092
40409,942.2,0.34488431330927616,0.12157715983867542,7,AM-peak boarding,Blk 132B,Tengah Blvd,1.357394,103.731808
40411,400.00000000000006,0.27812499999999996,0.30024999999999996,7,balanced,Blk 221B,Tengah Gdn Ave,1.3576545,103.7292115
40419,23.900000000000006,0.14644351464435143,0.26778242677824265,9,PM-peak boarding,Blk 215,Tengah Gdn Ave,1.3572,103.7294
40421,938.5000000000001,0.3729355354288758,0.12067128396377196,7,AM-peak boarding,Blk 220A,Tengah Garden Walk,1.35938,103.729694
40429,56.899999999999984,0.26186291739894557,0.1599297012302285,8,AM-peak boarding,Blk 242,Tengah Garden Walk,1.3594,103.7293
40431,1076.4,0.3589279078409513,0.10665180230397622,7,AM-peak boarding,Blk 237A,Tengah Garden Walk,1.36142,103.73163
40439,52.1,0.3166986564299424,0.15930902111324377,7,AM-peak boarding,Opp Blk 236A,Tengah Garden Walk,1.3611,103.731
40441,591.5,0.3814877430262046,0.11039729501267963,7,AM-peak boarding,Blk 238,Tengah Dr,1.361914,103.733399
40449,9.100000000000001,0.2967032967032967,0.13736263736263735,7,AM-peak boarding,Blk 324B,Tengah Dr,1.36213,103.733535
40451,1259.45,0.4198658144428123,0.09440628845924809,7,AM-peak boarding,Blk 306B,Tengah Blvd,1.361662,103.735908
40459,1.95,0.25641025641025644,0.4102564102564103,7,PM-peak boarding,Blk 321,Tengah Blvd,1.3617,103.7356
40461,58.6,0.03583617747440273,0.15955631399317405,12,PM-peak boarding,Blk 308A,Tengah Pk Ave,1.3618365,103.7382645
40469,138.65,0.22106022358456545,0.12657771366750808,7,AM-peak boarding,Blk 319A,Tengah Pk Ave,1.361852,103.738391
40471,15.95,0.05642633228840126,0.2601880877742947,20,PM-peak boarding,Blk 126A,Tengah Dr,1.35932597,103.7363365
40479,422.95000000000016,0.41080505969972797,0.08889939709185479,7,AM-peak boarding,Blk 307B,Tengah Dr,1.3595915,103.736422
40481,384.40000000000003,0.24479708636836625,0.26170655567117584,7,balanced,Bef Blk 113,Plantation Cres,1.352848,103.735005
40489,7.3,0.3287671232876712,0.2945205479452055,7,balanced,Opp Blk 113,Plantation Cres,1.353375,103.735489
40491,6.750000000000001,0.17037037037037034,0.3259259259259259,18,PM-peak boarding,Bef Plantation Cres,Tengah Gdn Ave,1.3529839,103.733645
40499,2.8,0.05357142857142858,0.44642857142857145,17,PM-peak boarding,Aft Plantation Cres,Tengah Gdn Ave,1.35312,103.733401
40501,491.95,0.2724870413659925,0.2226852322390487,7,balanced,Blk 131D,Tengah Gdn Ave,1.354773,103.731884
40509,31.950000000000003,0.15336463223787167,0.32394366197183094,13,PM-peak boarding,Opp Blk 131D,Tengah Gdn Ave,1.35439,103.7322
41009,1383.55,0.25286400925156305,0.1761772252538759,7,balanced,Tengah Int,Tengah Blvd,1.3627,103.735967
41011,359.34999999999997,0.112425212188674,0.3081953527201893,18,PM-peak boarding,NUS Bt Timah Campus,Bt Timah Rd,1.32235611101422,103.81891666700089
41019,272.20000000000005,0.09368111682586332,0.3462527553269654,18,PM-peak boarding,Aft Kheam Hock Rd,Dunearn Rd,1.32267444098276,103.82025232877241
41021,1820.5000000000002,0.2459214501510574,0.20675638560834933,7,balanced,Botanic Gdns Stn,Bt Timah Rd,1.32264999998361,103.81554000003177
41029,1000.25,0.12276930767308172,0.31617095726068484,18,PM-peak boarding,Opp Botanic Gdns Stn,Dunearn Rd,1.32333331915013,103.81630566925632
41031,561.9000000000001,0.14112831464673425,0.23206976330307882,14,PM-peak boarding,Bef Crown Ctr,Bt Timah Rd,1.3230683576264,103.811977237669
41041,1398.8499999999997,0.09286199378060553,0.225864102655753,13,PM-peak boarding,Coronation Plaza,Bt Timah Rd,1.32398472197176,103.8102991670086
41049,919.8499999999999,0.12349839647768658,0.25004076751644294,17,PM-peak boarding,Opp Coronation Plaza,Dunearn Rd,1.32469500003392,103.81026249997407
41051,1880.1999999999998,0.42694926071694506,0.15977023720880756,7,AM-peak boarding,Tan Kah Kee Stn,Bt Timah Rd,1.32612500001248,103.80715333299845
41061,295.09999999999997,0.08031175872585566,0.13724161301253815,13,PM-peak boarding,Chinese High Sch,Bt Timah Rd,1.32705333303352,103.80572472199289
41069,1264.1999999999998,0.19676475241259297,0.18762853978800825,8,balanced,Opp Tan Kah Kee Stn,Dunearn Rd,1.32652777798065,103.80758583296918
41071,2013.4499999999998,0.0432839156671385,0.3010007698229407,15,PM-peak boarding,Opp Natl JC,Bt Timah Rd,1.328988333013,103.80266277802423
41079,2560.25,0.018591934381408066,0.28467923054389216,14,PM-peak boarding,Natl JC,Dunearn Rd,1.32940305598521,103.80304777797754
41081,2072.7000000000003,0.20330969267139476,0.29133497370579436,8,balanced,Sixth Ave Stn,Bt Timah Rd,1.33082323351422,103.79727250094409
41089,173.69999999999996,0.18940702360391484,0.20869314910765693,8,balanced,Aft Jln Naga Sari,Dunearn Rd,1.33044921085796,103.79993319513187
41101,390.5,0.08348271446862995,0.22471190781049935,14,PM-peak boarding,St. Margaret's Sec Sch,Farrer Rd,1.31908138967253,103.80921733406133
41109,247.10000000000005,0.13253743423715092,0.2120598947794415,14,PM-peak boarding,Opp St. Margaret's Sec Sch,Farrer Rd,1.31944666701923,103.81052861101583
41111,165.95,0.19764989454655016,0.22295872250677917,8,balanced,Lutheran Twrs,Farrer Rd,1.32081170217365,103.81185140010722
41119,356.65,0.16430674330576195,0.2194027758306463,8,balanced,Opp Lutheran Twrs,Farrer Rd,1.32074221277671,103.81245374678939
41121,342.7499999999999,0.10488694383661565,0.2720641867250183,17,PM-peak boarding,S'pore Bible Coll,Adam Rd,1.32554444399609,103.81350777801268
41129,381.6,0.18972746331236898,0.22340146750524106,7,balanced,Opp S'pore Bible Coll,Adam Rd,1.32542946413096,103.81399869920736
41131,160.95,0.10469089779434608,0.2854923889406648,17,PM-peak boarding,Opp The Japanese Assn,Adam Rd,1.32973612368298,103.8145129140827
41139,331.30000000000007,0.0985511620887413,0.28810745547841826,17,PM-peak boarding,Aft The Japanese Assn,Adam Rd,1.32962999996746,103.81485527800427
41141,12.2,0.12295081967213116,0.22950819672131148,12,PM-peak boarding,Aft Adam Dr,Adam Rd,1.33489306619804,103.81796101152241
41151,35.8,0.06843575418994415,0.3868715083798883,18,PM-peak boarding,Aft Sime Rd,Lornie Rd,1.33799972901638,103.81931795640678
41159,47.74999999999999,0.13403141361256546,0.23455497382198956,18,PM-peak boarding,Aft Lornie Wk,Lornie Rd,1.33870170002583,103.81989450001056
41161,49.849999999999994,0.10330992978936812,0.3911735205616851,18,PM-peak boarding,Aft Kheam Hock Rd,Lornie Highway,1.335063889,103.8187389
41169,73.8,0.15379403794037944,0.2181571815718157,8,balanced,Bef Kheam Hock Rd,Lornie Highway,1.33507722199373,103.82011297432192
42011,679.1999999999999,0.13648409893992933,0.2698763250883392,17,PM-peak boarding,Sixth Ave Ctr,Bt Timah Rd,1.33161452117352,103.79503057628676
42019,1123.8,0.4585335468944653,0.1584801566114967,7,AM-peak boarding,Opp Sixth Ave Stn,Dunearn Rd,1.33170368135595,103.79657033601987
42021,100.55000000000001,0.16111387369467925,0.2337145698657384,18,balanced,Aft Maple Ave,Bt Timah Rd,1.33254537683925,103.79237058676013
42029,383.5,0.20078226857887874,0.2485006518904824,7,balanced,Aft Swiss Club Rd,Dunearn Rd,1.33325151466609,103.79206171859214
42031,888.3999999999999,0.22692480864475464,0.2576542098153985,8,balanced,The Tessarina,Bt Timah Rd,1.33332611108217,103.78997500000864
42039,713.7999999999997,0.22317175679462045,0.22247128047072015,7,balanced,Opp The Nexus,Dunearn Rd,1.33474752657285,103.7877986922408
42041,1425.8999999999999,0.27137246651237823,0.17262781401220287,8,AM-peak boarding,The Nexus,Bt Timah Rd,1.33442500001261,103.78689111113574
42049,147.8,0.13430311231393774,0.28146143437077126,18,PM-peak boarding,Hua Guan Gdns,Dunearn Rd,1.33580349277905,103.7846322701164
42051,4879.599999999999,0.19721903434707763,0.23372817444052793,8,balanced,King Albert Pk Stn,Bt Timah Rd,1.33598305556873,103.78263611110306
42059,1587.5000000000002,0.153007874015748,0.24031496062992122,17,PM-peak boarding,Opp King Albert Pk Stn,Dunearn Rd,1.33679896138996,103.78180146215335
42061,403.2,0.15612599206349206,0.2699652777777778,19,PM-peak boarding,King Albert Pk,Bt Timah Rd,1.33687567142278,103.78038743713434
42071,2737.0,0.06530873218852759,0.2884727804165145,18,PM-peak boarding,Pei Hwa Presby Pr Sch,Upp Bt Timah Rd,1.33876225175982,103.77694915592028
42079,543.9499999999999,0.0931151760272084,0.2757606397646843,18,PM-peak boarding,Opp Pei Hwa Presby Pr Sch,Upp Bt Timah Rd,1.339255,103.776989
42089,1318.9499999999996,0.23514917168960164,0.20561810531104294,8,balanced,Opp Bt Timah Plaza,Jln Anak Bt,1.34007090936874,103.77941451542826
42091,2572.2499999999995,0.05088929925162796,0.32582369520847515,18,PM-peak boarding,Beauty World Stn Exit B,Upp Bt Timah Rd,1.34278636864291,103.77539033846315
42099,1752.0000000000002,0.11095890410958903,0.2624143835616438,18,PM-peak boarding,Beauty World Stn Exit A,Upp Bt Timah Rd,1.34160317659437,103.77579384383286
42109,228.29999999999998,0.11191414805081033,0.25208059570740254,17,PM-peak boarding,Opp Beauty World Ctr,Jln Anak Bt,1.34338694,103.7768419
42111,287.90000000000003,0.1460576589093435,0.3193817297672803,17,PM-peak boarding,Woh Hup Bldg,Upp Bt Timah Rd,1.34584805601375,103.77262861101015
42119,601.6999999999999,0.2693202592654147,0.17450556755858404,8,AM-peak boarding,Southaven II,Upp Bt Timah Rd,1.34582513057916,103.77330275765884
42129,615.5,0.20178716490658002,0.23151909017059302,7,balanced,Sixth Ave Ville,Sixth Ave,1.33016133420747,103.79515526101162
42131,57.399999999999984,0.19599303135888507,0.2970383275261325,17,PM-peak boarding,Aft Lantana Ave,Sixth Ave,1.32858335781449,103.79421797943384
42139,64.95,0.24018475750577367,0.15704387990762125,8,AM-peak boarding,Avenue Villa,Sixth Ave,1.32877805376848,103.7944440268283
42141,97.74999999999999,0.0751918158567775,0.34117647058823536,18,PM-peak boarding,Bef Dunearn Rd,Clementi Rd,1.33608648972914,103.77817465012919
42149,516.85,0.14317500241849665,0.2423333655799555,18,PM-peak boarding,Aft Bt Timah Rd,Clementi Rd,1.33607426889198,103.77862313710679
42151,7396.199999999999,0.08213677293745437,0.36952083502339045,18,PM-peak boarding,Beauty World Stn Exit C,Jln Jurong Kechil,1.34009254981171,103.77531978477353
42159,1605.5,0.2014637184677671,0.2037060105886017,8,balanced,Opp Beauty World Stn,Jln Jurong Kechil,1.34036805329812,103.77530898996658
42161,1494.0,0.15505354752342704,0.20083668005354752,7,balanced,Blk 18,Jln Jurong Kechil,1.34027669212035,103.77264625507586
42169,620.4000000000001,0.17013217279174722,0.18995809155383622,6,balanced,Opp Blk 19,Jln Jurong Kechil,1.34038575681297,103.77366130505683
42171,312.09999999999997,0.2737904517782762,0.14610701698173664,7,AM-peak boarding,Signature Pk Condo,Jln Jurong Kechil,1.34261833302181,103.77026361103131
42179,180.45,0.2696037683568856,0.1379883624272652,8,AM-peak boarding,Aft Chun Tin Rd,Jln Jurong Kechil,1.34197833300345,103.77100805601951
42181,355.54999999999995,0.24497257769652653,0.2141752214878358,7,balanced,Opp The Hillford,Jln Jurong Kechil,1.3436280559857,103.76943333300858
42189,1336.35,0.3365884685898155,0.13072922512814758,8,AM-peak boarding,The Hillford,Jln Jurong Kechil,1.34378853697493,103.76960174742553
42191,122.85,0.19698819698819703,0.22425722425722427,7,balanced,Bef Bt Batok East Ave 6,Jln Jurong Kechil,1.34642944402637,103.76696388898718
42199,294.9,0.28179043743641913,0.1802305866395388,8,AM-peak boarding,Aft Bt Batok East Ave 6,Jln Jurong Kechil,1.34607666698124,103.76760722200575
42201,57.05,0.20420683610867663,0.189307624890447,7,balanced,Bef Toh Tuck Rise,Toh Tuck Rd,1.33939353535638,103.76383096590918
42209,100.75,0.2704714640198511,0.17866004962779156,7,AM-peak boarding,Aft Toh Tuck Rise,Toh Tuck Rd,1.33914661405948,103.76363595867413
42211,219.00000000000006,0.2744292237442922,0.14931506849315063,7,AM-peak boarding,Highgate Pk,Toh Tuck Rd,1.33974260070464,103.76559520495253
42219,110.29999999999998,0.28422484134179515,0.14233907524932005,7,AM-peak boarding,Opp Highgate Pk,Toh Tuck Rd,1.3395991670039,103.76535388898161
42221,478.19999999999993,0.25961940610623174,0.13352153910497702,7,AM-peak boarding,Forett @ Bt Timah,Toh Tuck Rd,1.339618,103.767643
42229,281.3,0.20049768929968007,0.19676501955207962,7,balanced,Aft Toh Tuck Terr,Toh Tuck Rd,1.33943222197209,103.76827388898352
42231,425.84999999999997,0.3110250088059176,0.13537630621110722,8,AM-peak boarding,Bef Jln Jurong Kechil,Toh Tuck Rd,1.34056805598593,103.7706058329681
42239,296.8500000000001,0.31800572679804606,0.1217786760990399,7,AM-peak boarding,Aft Jln Jurong Kechil,Toh Tuck Rd,1.34027047980738,103.77016055707928
42241,354.55000000000007,0.15089550133972637,0.12128049640389224,13,balanced,Aft Eng Kong Pl,Lor Kismis,1.33711750136148,103.76708487597254
42249,162.45000000000002,0.2000615574022776,0.11234225915666357,13,AM-peak boarding,Bef Eng Kong Pl,Lor Kismis,1.33696603683043,103.76697148211271
42259,449.55,0.18818818818818817,0.24290957624290954,7,balanced,Aft Upp Bt Timah Rd,Jln Jurong Kechil,1.34106160633217,103.7770788000345
42291,58.74999999999999,0.2842553191489362,0.11574468085106385,7,AM-peak boarding,Opp Toh Tuck Cres,Toh Tuck Rise,1.33769605916429,103.76430234507968
42299,68.15,0.24798239178283193,0.15774027879677183,8,AM-peak boarding,Aft Toh Tuck Cres,Toh Tuck Rise,1.3373703046187,103.76447557607713
42301,228.35000000000005,0.15195971097000216,0.29713159623385144,16,PM-peak boarding,Opp Hse No. 19,Toh Tuck Terr,1.33874676722579,103.76866950533451
42309,136.20000000000002,0.18906020558002934,0.21953010279001464,17,balanced,Hse No. 45,Toh Tuck Terr,1.3380616700805,103.76890878569641
42311,1762.5500000000002,0.05415449207114691,0.5971745482397661,18,PM-peak boarding,Opp Burgundy Hill,Bt Batok East Ave 3,1.33865749997067,103.76028055601957
42319,1526.0499999999997,0.2050719176960126,0.4063104092264343,18,PM-peak boarding,Burgundy Hill,Bt Batok East Ave 3,1.33915373900693,103.76043841269879
42991,482.99999999999994,0.0891304347826087,0.375776397515528,18,PM-peak boarding,Bef Hillview Stn Exit B,Upp Bt Timah Rd,1.36164,103.766952
43009,22410.85,0.13522914124185387,0.3164404741453359,18,PM-peak boarding,Bt Batok Int,Bt Batok Ctrl,1.34999354306126,103.75106190953444
43011,256.25,0.26165853658536586,0.16878048780487806,7,AM-peak boarding,Bt Regency,Upp Bt Timah Rd,1.347407,103.771195
43019,924.4499999999999,0.28335767212937424,0.12472280815620099,8,AM-peak boarding,Springdale Condo,Upp Bt Timah Rd,1.34820194,103.7710775
43021,143.94999999999996,0.19729072594650926,0.21500521014241064,7,balanced,Aft Old Jurong Rd,Upp Bt Timah Rd,1.351354,103.7698661
43029,204.15000000000003,0.27136909135439624,0.15601273573352925,7,AM-peak boarding,Opp The Hillside,Upp Bt Timah Rd,1.35218580086883,103.77000849173528
43041,678.6000000000001,0.16511936339522543,0.34681697612732093,18,PM-peak boarding,Hume Stn Exit 1,Upp Bt Timah Rd,1.355809,103.768503
43049,273.99999999999994,0.2768248175182482,0.14762773722627742,8,AM-peak boarding,Opp Hume Stn Exit 1,Upp Bt Timah Rd,1.3556996199834,103.76885141403912
43051,371.2,0.0738146551724138,0.23046875,19,PM-peak boarding,Opp The Rail Mall,Upp Bt Timah Rd,1.35910148170791,103.76705036241354
43059,360.05000000000007,0.11276211637272597,0.17816969865296484,12,PM-peak boarding,The Rail Mall,Upp Bt Timah Rd,1.35940861,103.7674364
43061,1059.3500000000004,0.1132770094869495,0.3174116203332231,18,PM-peak boarding,Hillview Stn Exit B,Upp Bt Timah Rd,1.36301133873589,103.76739148459211
43069,1169.15,0.17059402129752382,0.20758670829234913,8,balanced,Hillview Stn Exit A,Upp Bt Timah Rd,1.36296778241046,103.76768583722071
43071,57.650000000000006,0.057241977450130085,0.199479618386817,13,PM-peak boarding,Opp Dairy Farm Rd,Upp Bt Timah Rd,1.365094,103.76705
43081,409.79999999999995,0.08455344070278185,0.22730600292825773,13,PM-peak boarding,Opp St. Joseph's Ch (Bt Timah),Upp Bt Timah Rd,1.366245,103.766345
43089,809.3499999999999,0.1461048989930191,0.17081608698338174,13,balanced,St. Joseph's Ch (Bt Timah),Upp Bt Timah Rd,1.36705664197789,103.76608527288596
43091,348.0999999999999,0.03461648951450734,0.3477449008905488,17,PM-peak boarding,Opp Cashew Stn,Upp Bt Timah Rd,1.36863253283887,103.76474109358477
43099,539.0000000000001,0.15269016697588123,0.19304267161410016,15,balanced,Assumption Eng Sch,Upp Bt Timah Rd,1.36872205121157,103.76498636840047
43109,494.65,0.12665521075507938,0.3075912261194784,17,PM-peak boarding,Cashew Stn,Upp Bt Timah Rd,1.37043731031208,103.76391083181434
43111,361.5,0.09405255878284924,0.40193637621023515,17,PM-peak boarding,Min of Defence,Upp Bt Timah Rd,1.37229972154626,103.76298146518725
43119,299.35,0.3120093535994655,0.13178553532654083,7,AM-peak boarding,Bef Hazel Pk Terr,Upp Bt Timah Rd,1.37337830995776,103.76300821940876
43121,221.89999999999998,0.10184767913474539,0.16043262730959895,15,PM-peak boarding,Aft Cashew Terr,Cashew Rd,1.37118669285497,103.76669327756966
43129,259.85,0.27862228208581874,0.12391764479507408,8,AM-peak boarding,Cashew Pk Condo,Cashew Rd,1.37162881663563,103.76760246505873
43131,214.9,0.10493252675663098,0.12843182875756165,13,balanced,Bt Panjang Pr Sch,Cashew Rd,1.37331749997168,103.7700624999975
43139,267.75,0.28776844070961716,0.07749766573295984,13,AM-peak boarding,Opp Bt Panjang Pr Sch,Cashew Rd,1.37322530507327,103.77029311221521
43141,702.05,0.2830282743394345,0.15191225696175487,7,AM-peak boarding,Opp Blk 291A,Bt Batok East Ave 6,1.34421891680123,103.75586020801809
43149,595.5499999999998,0.22231550667450262,0.17530014272521205,7,balanced,Blk 291A,Bt Batok East Ave 6,1.34399483001027,103.7561003299722
43151,25.75,0.4155339805825242,0.3106796116504854,7,balanced,Opp Glendale Pk Condo,Hillview Ave,1.363206111,103.7647081
43159,67.44999999999999,0.4959229058561899,0.1994069681245367,7,AM-peak boarding,Bef Glendale Pk Condo,Hillview Ave,1.364803,103.7652
43161,1113.3999999999999,0.2787857014550027,0.12982755523621342,7,AM-peak boarding,Blk 272,Bt Batok East Ave 4,1.34883190699072,103.75766163401367
43169,991.95,0.15076364736125814,0.15162054539039266,10,balanced,Blk 254,Bt Batok East Ave 4,1.349356,103.757988
43171,1457.2999999999997,0.295340698552117,0.14413641666094837,7,AM-peak boarding,Blk 229,Bt Batok East Ave 3,1.34859644473183,103.75460496382075
43179,1403.5000000000002,0.33819023868899173,0.11296758104738154,7,AM-peak boarding,Blk 231,Bt Batok East Ave 3,1.3489707828044,103.75430345301592
43181,2495.4999999999995,0.18288920056100985,0.21626928471248252,7,balanced,Keming Pr Sch,Bt Batok East Ave 3,1.34648944401178,103.75681722199707
43189,3372.2499999999995,0.28147379346133894,0.12218844984802432,7,AM-peak boarding,Blk 283,Bt Batok East Ave 3,1.346993,103.756815
43191,1076.9499999999998,0.25340080783694696,0.16138167974372072,7,AM-peak boarding,Blk 288C,Bt Batok East Ave 6,1.346377,103.759219
43199,896.8000000000001,0.32944915254237284,0.1360392506690455,7,AM-peak boarding,Ch of St. Mary,Bt Batok East Ave 6,1.34663409083885,103.75920055445125
43201,230.95000000000002,0.18921844555098505,0.2024247672656419,7,balanced,Park Natura,Bt Batok East Ave 6,1.34694499998204,103.76464638897035
43209,194.75,0.28369704749679076,0.15712451861360718,7,AM-peak boarding,Autobacs,Bt Batok East Ave 6,1.34697997431974,103.76384248905434
43211,248.15,0.06649204110417087,0.4334072133790046,17,PM-peak boarding,SBST Bt Batok Depot,Bt Batok St 23,1.34087277799084,103.75507916698768
43219,203.14999999999998,0.081959143490032,0.4600049224710805,18,PM-peak boarding,Opp SBST Bt Batok Depot,Bt Batok St 23,1.3413740257309,103.75446757134857
43221,213.34999999999994,0.20998359503163821,0.15233184907429112,7,balanced,Blk 267,Bt Batok East Ave 2,1.34885995836966,103.76067444562183
43229,226.05,0.30701172307011726,0.10794072107940719,7,AM-peak boarding,Opp Blk 266,Bt Batok East Ave 2,1.34904928626369,103.76096016466906
43231,510.8,0.2607674236491777,0.2364917776037588,8,balanced,Opp The Petals Condo,Hillview Ave,1.35393625714127,103.76006304222618
43239,596.4,0.27565392354124746,0.1789067739771965,7,AM-peak boarding,The Petals Condo,Hillview Ave,1.35308576389352,103.76002837789773
43241,620.5,0.3042707493956487,0.16607574536663983,8,AM-peak boarding,Opp Hillview Apts,Hillview Ave,1.35584392851879,103.76188709548238
43249,508.64999999999986,0.27435368131328036,0.14145286542809402,7,AM-peak boarding,Hillview Apts,Hillview Ave,1.35565052307818,103.76204709426311
43251,627.5999999999999,0.2450605481198216,0.27748565965583183,17,balanced,Hillbrooks,Hillview Ave,1.35859534411792,103.76319656643706
43259,792.25,0.2633007257810035,0.2354686020826759,7,balanced,Opp Hillbrooks,Hillview Ave,1.35757277797812,103.76266305599302
43261,307.54999999999995,0.21931393269387095,0.2037067143553894,7,balanced,Opp Hillview Hts,Hillview Ave,1.36056,103.764115
43267,118.7,0.17733782645324347,0.21398483572030327,8,balanced,Hillview Hts,Hillview Ave,1.36131333302001,103.76453111102046
43268,660.3500000000001,0.2927235556901643,0.16203528431892175,7,AM-peak boarding,Hillington Green Condo,Hillview Ave,1.36036935442362,103.76427530511685
43271,134.55,0.14492753623188404,0.21813452248234858,18,PM-peak boarding,Glendale Pk Condo,Hillview Rd,1.36222569232805,103.76588123664067
43279,1566.1,0.132303173488283,0.31530553604495243,18,PM-peak boarding,Aft Hillview Stn,Hillview Rd,1.36203855984679,103.76591020179649
43289,93.65,0.2172984516817939,0.194874532835024,7,balanced,Mont Botanik Residence,Jln Remaja,1.35736881542526,103.76144116190218
43291,111.30000000000001,0.26100628930817604,0.21877807726864326,8,balanced,Aft Jln Remaja,Jln Batu Nilam,1.35796167034005,103.7613803711349
43301,95.15,0.23962165002627425,0.1744613767735155,8,balanced,Opp Hillbrooks,Jln Batu Nilam,1.35900254167529,103.76206438472947
43309,72.75000000000001,0.2103092783505154,0.15326460481099655,9,balanced,Hillbrooks,Jln Batu Nilam,1.35871024095534,103.7619941010074
43311,670.7499999999999,0.017517704062616477,0.6575475214312339,18,PM-peak boarding,Midview Bldg,Bt Batok St 23,1.339803833761,103.75695468286781
43319,352.29999999999995,0.08983820607436845,0.4987226795344877,18,PM-peak boarding,Opp Midview Bldg,Bt Batok St 23,1.33972179277053,103.7574111060431
43321,1038.7,0.3029267353422547,0.1471550977183017,7,AM-peak boarding,Opp Blk 144,Bt Batok West Ave 6,1.34990599565613,103.74510884287126
43329,1023.7500000000001,0.18158730158730158,0.19365079365079363,7,balanced,Blk 146,Bt Batok West Ave 6,1.34976204246765,103.74483998148368
43331,781.9,0.07475380483437781,0.28660954086200285,17,PM-peak boarding,Opp Bt Batok Presby Ch,Bt Batok St 11,1.34893916700858,103.74323444400876
43339,648.6999999999999,0.17866502235239712,0.17905040850932635,7,balanced,Blk 148,Bt Batok St 11,1.34907250002611,103.74377833982919
43341,1938.2,0.12906304818904135,0.22660200185739346,17,PM-peak boarding,Princess E Pr Sch,Bt Batok West Ave 3,1.34972199038423,103.74139303669513
43349,1775.1000000000001,0.15604754661709197,0.18534167089178072,15,balanced,Opp Princess E Pr Sch,Bt Batok West Ave 3,1.34989138902216,103.74073750002215
43351,1039.3500000000001,0.2579496800885169,0.12127772165295617,7,AM-peak boarding,Blk 168,Bt Batok West Ave 8,1.34701122644751,103.7411014207074
43359,602.3500000000001,0.22536731136382496,0.20984477463268858,7,balanced,Blk 169,Bt Batok West Ave 8,1.34689882191148,103.74106453897556
43361,847.2999999999998,0.23781423344742125,0.14068216688304025,7,AM-peak boarding,Blk 154A,Bt Batok West Ave 8,1.3469143511774,103.74343203545553
43369,379.75,0.2098749177090191,0.20408163265306123,7,balanced,Blk 183,Bt Batok West Ave 8,1.34687447962614,103.7435830555251
43371,1232.3999999999996,0.3202693930542033,0.13899707887049662,7,AM-peak boarding,Blk 109,Bt Batok West Ave 6,1.34682313984594,103.74590277613717
43379,825.9499999999999,0.14219989103456626,0.28191779163387615,18,PM-peak boarding,Blk 185,Bt Batok West Ave 6,1.34716553724092,103.74518662694207
43381,206.70000000000005,0.18771165940977255,0.26753749395258825,7,balanced,Blk 102,Bt Batok Ave 1,1.34696555762849,103.74766049075139
43389,1918.4500000000003,0.27673382157470877,0.21522583335505222,7,balanced,Opp Blk 102,Bt Batok Ave 1,1.34760499094973,103.74834299093746
43391,23.200000000000003,0.2823275862068965,0.17456896551724135,8,AM-peak boarding,Bt Batok CC,Bt Batok Ctrl,1.34989395166691,103.7477975366473
43399,180.70000000000005,0.19424460431654672,0.2033757609297177,7,balanced,Opp Blk 120,Bt Batok Ctrl,1.35066714575721,103.74808875836682
43401,1447.3000000000002,0.21439922614523593,0.15283631589856975,7,balanced,Bt Batok Polyclinic,Bt Batok West Ave 3,1.35226498779767,103.74681637316733
43409,1437.0499999999997,0.26248216833095583,0.14682857242267147,7,AM-peak boarding,Opp Blk 122,Bt Batok West Ave 3,1.35235542005389,103.74623591627208
43411,2727.6499999999996,0.1760489798911151,0.259105823694389,18,balanced,Opp Blk 628,Bt Batok Ctrl,1.35176519952681,103.75019891787089
43419,4002.65,0.16752651368468388,0.25675489987883027,7,PM-peak boarding,Aft Bt Batok Stn/Blk 628,Bt Batok Ctrl,1.351623356,103.749933755
43421,1014.3999999999999,0.17010055205047322,0.19420347003154573,14,balanced,Blk 503,Bt Batok East Ave 2,1.35109278850869,103.75362047618977
43429,1068.35,0.2598867412364862,0.1339916693967333,7,AM-peak boarding,Blk 240,Bt Batok East Ave 2,1.35108692530475,103.75389074656302
43431,501.2,0.33290103750997607,0.11392657621707901,8,AM-peak boarding,Opp Blk 242,Bt Batok East Ave 2,1.35138376789986,103.75644264494997
43439,611.1,0.28775977745049913,0.10284732449680901,7,AM-peak boarding,Blk 242,Bt Batok East Ave 2,1.3512355,103.756353
43441,476.5,0.33620146904512066,0.14606505771248687,7,AM-peak boarding,Opp Blk 258,Bt Batok East Ave 2,1.35173000550557,103.75897289147882
43449,927.1500000000001,0.319689370651998,0.15175537938844846,7,AM-peak boarding,Blk 258,Bt Batok East Ave 2,1.35150377570255,103.7590516971924
43452,179.40000000000003,0.2834448160535117,0.25055741360089184,7,balanced,Aft Bt Batok West Ave 3,Bt Batok Rd,1.348526111,103.7385769
43453,414.30000000000007,0.26647356987690074,0.25368090755491185,7,balanced,Bef PIE,Bt Batok Rd,1.3479,103.7385
43459,595.4999999999999,0.12921914357682623,0.27229219143576827,15,PM-peak boarding,Aft PIE,Bt Batok Rd,1.34808666498981,103.73807456781998
43461,105.80000000000001,0.3034026465028355,0.19328922495274103,7,AM-peak boarding,Aft Bt Batok West Ave 5,Bt Batok West Ave 2,1.35504665794029,103.74749372345552
43469,27.5,0.12545454545454546,0.3127272727272727,18,PM-peak boarding,Bef Bt Batok West Ave 5,Bt Batok West Ave 2,1.35546802880026,103.74730862146369
43471,771.8999999999997,0.2743878740769531,0.11335665241611612,7,AM-peak boarding,Blk 306,Bt Batok West Ave 2,1.35796999999619,103.74730694399486
43479,260.90000000000003,0.1504407819087773,0.14009198926791872,13,balanced,Opp Blk 305,Bt Batok West Ave 2,1.35765247384472,103.74723575988492
43481,1036.1,0.33408937361258567,0.12170639899623589,7,AM-peak boarding,Blk 315,Bt Batok West Ave 2,1.36015,103.74612
43489,168.75,0.24474074074074073,0.1617777777777778,7,AM-peak boarding,Opp Blk 315,Bt Batok West Ave 2,1.35978620558748,103.74635170320164
43491,1710.15,0.29058854486448554,0.11162763500277753,7,AM-peak boarding,Blk 331,Bt Batok West Ave 4,1.36395398644152,103.74714799810218
43499,1258.7,0.183641852705172,0.15396838007468022,14,balanced,Blk 419,Bt Batok West Ave 4,1.36259558126251,103.74686723054008
43501,542.3000000000001,0.11128526645768022,0.4438502673796791,17,PM-peak boarding,Opp Blk 291E,Bt Batok St 23,1.34376366037202,103.75423776871699
43509,647.5500000000001,0.3266929194656783,0.1447764651378272,7,AM-peak boarding,Blk 291E,Bt Batok St 23,1.34359093090915,103.75436398130816
43511,452.65000000000003,0.14514525571633713,0.3122721749696233,18,PM-peak boarding,Bt Batok Swim Cplx,Bt Batok East Ave 6,1.34497394208663,103.74849870531534
43519,856.0999999999998,0.3256628898493167,0.14606938441770825,7,AM-peak boarding,Opp Bt Batok Swim Cplx,Bt Batok East Ave 6,1.34527424103226,103.74835776931137
43521,1127.3499999999997,0.07641814875593209,0.23643943761919553,17,PM-peak boarding,Bt Batok Driving Ctr,Bt Batok West Ave 5,1.36756037490262,103.750164221858
43529,1446.9500000000003,0.15228584263450703,0.1888800580531462,7,balanced,Opp Bt Batok Driving Ctr,Bt Batok West Ave 5,1.36769649857951,103.7502379581868
43531,999.05,0.23101946849507035,0.17586707372003405,6,balanced,Blk 140,Bt Batok West Ave 3,1.35154868659228,103.7437763360561
43539,1849.3499999999997,0.3399572822883717,0.14432097764079274,7,AM-peak boarding,Opp Blk 140,Bt Batok West Ave 3,1.35142277800259,103.7433686110311
43541,995.55,0.13083220330470594,0.146753051077294,13,balanced,Blk 510,Bt Batok East Ave 5,1.352905,103.7550445
43549,561.25,0.27456570155902005,0.11011135857461025,7,AM-peak boarding,Regent Hts,Bt Batok East Ave 5,1.352709,103.7552615
43551,382.20000000000005,0.23835688121402404,0.14822082679225534,7,AM-peak boarding,Opp Blk 435A,Bt Batok West Ave 5,1.359789,103.740915
43559,42.95,0.17229336437718276,0.24097788125727587,14,balanced,Bef Blk 435A,Bt Batok West Ave 5,1.359264,103.741387
43561,707.6499999999999,0.15862361336819053,0.251183494665442,18,PM-peak boarding,Opp Bt Gombak Stadium,Bt Batok East Ave 5,1.35745163479028,103.75287425796093
43569,153.3,0.14383561643835616,0.23450750163078932,18,PM-peak boarding,Bt Gombak Stadium,Bt Batok East Ave 5,1.3573,103.7531345
43571,3791.9999999999995,0.09576740506329115,0.33628691983122366,18,PM-peak boarding,Opp Bt Gombak Stn,Bt Batok West Ave 5,1.35920995233758,103.75150455211015
43579,3219.7,0.17532689380998231,0.2585799919247135,18,balanced,Bt Gombak Stn,Bt Batok West Ave 5,1.35911715344895,103.75166771394562
43581,451.79999999999984,0.14718902169101378,0.19366976538291286,7,balanced,Blk 347,Bt Batok West Ave 5,1.36251939522797,103.75138384429646
43589,908.6,0.2730574510235527,0.1403808056350429,7,AM-peak boarding,Opp Blk 347,Bt Batok West Ave 5,1.36227296946091,103.75153180716009
43591,256.3,0.19293796332422938,0.2791650409676161,7,balanced,Opp Bt View Sec Sch,Bt Batok East Ave 6,1.3447586640008,103.7521198162659
43599,208.89999999999998,0.2573001436093825,0.1826232647199617,7,balanced,Bt View Sec Sch,Bt Batok East Ave 6,1.34513161798285,103.75190146961904
43601,279.95000000000005,0.23647079835684942,0.15538489015895693,7,AM-peak boarding,Opp Blk 532,Bt Batok West Ave 5,1.3566,103.7496119
43609,642.2499999999999,0.1480731802257688,0.2104320747372519,13,balanced,Blk 531,Bt Batok West Ave 5,1.3566605,103.750018
43611,514.1000000000001,0.24664462166893594,0.17545224664462164,7,balanced,Blk 290H,Bt Batok East Ave 3,1.3440783607984,103.75829172450743
43619,1200.3,0.39777555611097226,0.08610347413146714,7,AM-peak boarding,Blk 289E,Bt Batok East Ave 3,1.34406411828167,103.75861329619691
43621,377.95,0.20280460378356926,0.17938880804339202,13,balanced,Opp Parkview Apts,Bt Batok East Ave 3,1.34169275195642,103.75908187494267
43629,385.6500000000001,0.2746013224426293,0.15311811227797223,13,AM-peak boarding,St. Andrew's Mission Sch,Bt Batok East Ave 3,1.34240810773422,103.75915813592935
43631,29.949999999999992,0.24207011686143579,0.21202003338898168,7,balanced,PPIS Bt Batok,Old Jurong Rd,1.34785920936647,103.7685845905285
43639,10.75,0.17209302325581396,0.20930232558139536,7,balanced,Opp PPIS Bt Batok,Old Jurong Rd,1.34810218754524,103.76845262919154
43641,1129.4,0.1477775810164689,0.23131751372410128,15,PM-peak boarding,Opp HomeTeamNS,Bt Batok West Ave 7,1.36530401539571,103.75026447996078
43649,823.25,0.12189492863650166,0.2467051320983905,18,PM-peak boarding,HomeTeamNS,Bt Batok West Ave 7,1.36545844046425,103.7506020069351
43659,643.9500000000002,0.23681962885317176,0.14302352667132537,7,AM-peak boarding,St. Anthony's Pr Sch,Bt Batok St 34,1.36376864242438,103.74933550929673
43669,216.84999999999997,0.3216509107678119,0.106064099608024,7,AM-peak boarding,Blk 406,Bt Batok West Ave 7,1.36548561348564,103.7461454769507
43671,173.39999999999995,0.24596309111880052,0.1940599769319493,7,balanced,Opp Dunearn Sec Sch,Bt Batok Rd,1.36459985984635,103.743456828696
43679,736.4,0.2618142313959805,0.12303096143400326,7,AM-peak boarding,Blk 402,Bt Batok Rd,1.36506686600259,103.74421935477038
43681,740.3499999999999,0.2573107314108192,0.13946106571216318,7,AM-peak boarding,Bt Batok Hme for the Aged,Bt Batok West Ave 2,1.36178500002853,103.74358000000312
43691,812.0500000000003,0.21193276276091366,0.20922356997721808,7,balanced,Blk 190,Bt Batok Ave 1,1.34490189049397,103.74605567060456
43699,1513.7,0.2896875206447777,0.16314329127303956,7,AM-peak boarding,Blk 298,Bt Batok Ave 1,1.34475341160997,103.74628307427523
43701,498.75,0.26015037593984963,0.18215538847117796,7,balanced,Blk 225,Bt Batok Ctrl,1.34847060052694,103.75201666213025
43709,262.7,0.1619718309859155,0.22839741149600307,14,balanced,Blk 644,Bt Batok Ctrl,1.3486867689202,103.75207088829217
43719,143.4,0.03277545327754532,0.7764993026499303,17,PM-peak boarding,MINDEF Pick-Up/Drop-Off,Gombak Dr,1.36903972225026,103.76123388888554
43721,26.0,0.5326923076923078,0.2711538461538462,8,AM-peak boarding,MINDEF Pass Office,Gombak Dr,1.37076302526768,103.7626491371365
43731,456.6000000000001,0.10840998685939551,0.1558256679807271,13,balanced,Opp Blk 217,Bt Batok St 21,1.34630310628015,103.75421605015862
43739,166.0,0.15,0.09999999999999999,13,balanced,Blk 217,Bt Batok St 21,1.34646078257571,103.75454805492608
43741,81.89999999999999,0.03418803418803419,0.18986568986568989,14,PM-peak boarding,Bt View Sec Sch,Bt Batok St 21,1.34650419288551,103.75185667801935
43749,144.45,0.18587746625129806,0.1896850121149187,14,balanced,Opp Bt View Sec Sch,Bt Batok St 21,1.34661217154358,103.75163638787585
43751,1742.8999999999999,0.23432210683343851,0.19903608927649322,7,balanced,Opp Blk 443D,Bt Batok Rd,1.3561115,103.736562
43759,1827.0000000000007,0.3930760810071154,0.11521620142309795,7,AM-peak boarding,Blk 443D,Bt Batok Rd,1.35596765339105,103.73690126563862
43761,145.1,0.11578221915920056,0.35286009648518263,18,PM-peak boarding,Opp Dulwich Coll,Bt Batok Rd,1.35079436745796,103.73765826692882
43769,644.4000000000001,0.34691185599006824,0.09722222222222222,7,AM-peak boarding,Dulwich Coll/Blk 445,Bt Batok Rd,1.3517415,103.737677
43771,555.4999999999999,0.30333033303330337,0.15724572457245728,7,AM-peak boarding,Opp Blk 433B,Bt Batok Rd,1.36200917978122,103.74136328540868
43779,792.9000000000001,0.322360953461975,0.12719132299154998,7,AM-peak boarding,Blk 433C,Bt Batok Rd,1.361511,103.741404
43781,1423.75,0.2329060579455663,0.18198419666374013,7,balanced,Opp Blk 437A,Bt Batok Rd,1.3591085,103.738945
43789,1892.1,0.2733206490143228,0.16925638179800223,7,AM-peak boarding,Blk 436A,Bt Batok Rd,1.35915702140816,103.73950237742633
43799,109.39999999999998,0.14670932358318098,0.16819012797074956,14,balanced,Blk 432A,Bt Batok West Ave 8,1.360292,103.743215
43801,402.74999999999994,0.22110490378646805,0.16536312849162016,7,balanced,Ren Ci @ Bt Batok St 52,Bt Batok St 52,1.35520792569828,103.75173377561002
43809,523.5000000000001,0.2521489971346704,0.14785100286532948,8,AM-peak boarding,Blk 514,Bt Batok St 52,1.35437129288657,103.7518708699386
43811,557.95,0.3219822564745945,0.1286853660722287,7,AM-peak boarding,Bef Summerhill,Hume Ave,1.358391,103.7649
43819,81.69999999999999,0.2093023255813954,0.14871481028151778,8,balanced,Hillview Green,Hume Ave,1.358156,103.7651
43821,134.95,0.32123008521674695,0.1722860318636532,7,AM-peak boarding,Bef Hume Stn Exit 2,Hume Ave,1.356754,103.7676
43829,120.95,0.2232327408019843,0.18396031417941294,8,balanced,Aft Hume Stn Exit 2,Hume Ave,1.35685805598526,103.767370833003
43831,488.6,0.21796970937372082,0.14562013917314778,13,balanced,Blk 334,Bt Batok West Ave 7,1.36512501870188,103.74788610102789
43839,421.75,0.1908713692946058,0.1754593953764078,13,balanced,Opp Blk 336,Bt Batok West Ave 7,1.36527346533705,103.74824970624866
43841,769.6000000000001,0.2681912681912681,0.12525987525987525,7,AM-peak boarding,Blk 324,Bt Batok St 33,1.3619538889938,103.74752277796905
43891,39.8,0.09296482412060303,0.23241206030150754,9,PM-peak boarding,Aft Dairy Farm Cres,Dairy Farm Rd,1.363698889,103.7692319
43899,3.3,0.10606060606060606,0.27272727272727276,13,PM-peak boarding,Bef Dairy Farm Cres,Dairy Farm Rd,1.363535,103.769
43961,100.39999999999998,0.10956175298804784,0.20119521912350602,15,PM-peak boarding,Aft Dairy Farm Hts,Dairy Farm Rd,1.364838889,103.7729861
43969,153.44999999999996,0.1368523949169111,0.13000977517106552,15,balanced,Bef Dairy Farm Hts,Dairy Farm Rd,1.36463,103.7725931
43991,255.15,0.260435038212816,0.22339800117577893,7,balanced,Opp Blk 635A,Woodlands Rd,1.386207,103.7565
44009,22554.600000000002,0.1025334078192475,0.3150111285502735,18,PM-peak boarding,Choa Chu Kang Int,Choa Chu Kang Loop,1.38586897797184,103.74578895932125
44011,64.25,0.10116731517509728,0.18910505836575872,20,PM-peak boarding,Opp The Linear,Upp Bt Timah Rd,1.37448606693865,103.76257120089846
44019,140.15000000000003,0.352122725651088,0.11559043881555472,7,AM-peak boarding,The Linear,Upp Bt Timah Rd,1.37651095528157,103.7625299525816
44021,2269.7500000000005,0.11516686859786317,0.2874986231963872,19,PM-peak boarding,Bt Panjang Stn Exit B,Upp Bt Timah Rd,1.37820722702851,103.76172178111382
44029,4739.700000000002,0.19292360275966827,0.22177563980842663,7,balanced,Bt Panjang Stn Exit A/LRT,Upp Bt Timah Rd,1.37863409952448,103.7621954983533
44031,2874.8500000000004,0.051828791067360026,0.4063516357375167,18,PM-peak boarding,Aft Bt Panjang Stn,Upp Bt Timah Rd,1.37785685552262,103.76232373807855
44041,1597.3,0.1347899580542165,0.25449195517435674,18,PM-peak boarding,Junction 10,Woodlands Rd,1.3809505774787,103.7603697770399
44049,563.0500000000001,0.14856584672764409,0.19199005416925669,17,balanced,Opp Junction 10,Woodlands Rd,1.38103523807931,103.7608578414621
44051,420.75000000000006,0.3509209744503861,0.101010101010101,7,AM-peak boarding,Opp Blk 632 CP,Woodlands Rd,1.38440811744123,103.75801976703181
44059,642.6999999999999,0.34393962968725694,0.11280535241948032,7,AM-peak boarding,Blk 632 CP,Woodlands Rd,1.38449631673384,103.75817595629141
44061,122.29999999999997,0.39288634505314807,0.2567457072771873,7,AM-peak boarding,Bef Yew Tee Flyover,Woodlands Rd,1.38792499938306,103.7553863903753
44069,954.0999999999998,0.3342416937427943,0.14212346714180907,7,AM-peak boarding,Blk 634 CP,Woodlands Rd,1.38592018696626,103.75717769160771
44071,588.5,0.27723024638912486,0.14324553950722177,7,AM-peak boarding,Blk 464,Choa Chu Kang Ave 3,1.37677726111171,103.73622221734738
44079,1098.5499999999997,0.32556551818305957,0.12088662327613676,7,AM-peak boarding,Opp Blk 464,Choa Chu Kang Ave 3,1.37657500784909,103.73634658951725
44081,207.05,0.2661192948563149,0.15672542864042502,7,AM-peak boarding,Blk 296A,Choa Chu Kang Ave 1,1.3767974760485,103.74072974268672
44089,688.55,0.3433301866240651,0.11081257715489072,7,AM-peak boarding,Opp Blk 296A,Choa Chu Kang Ave 1,1.37648110284286,103.74094532328145
44091,1722.6000000000004,0.25580517821897125,0.15740740740740736,7,AM-peak boarding,Choa Chu Kang Mkt,Choa Chu Kang Ave 1,1.37647222708666,103.74421611501322
44099,1466.25,0.2346462063086104,0.16682011935208865,7,balanced,Opp Choa Chu Kang Mkt,Choa Chu Kang Ave 1,1.37631844004137,103.74462947882313
44101,144.1,0.29354614850798055,0.13532269257460097,7,AM-peak boarding,Aft Hong San Terr,Choa Chu Kang Ave 1,1.37715950047084,103.74683070774694
44109,263.54999999999995,0.2544109277177007,0.1696072851451338,6,balanced,Opp Hong San Terr,Choa Chu Kang Ave 1,1.3771776806334,103.74762171258732
44111,710.2500000000001,0.14354100668778597,0.18796198521647303,13,balanced,Opp Blk 203,Choa Chu Kang Ave 1,1.38094121398036,103.74975224203959
44119,345.84999999999997,0.2907329767240133,0.19025589128234785,7,AM-peak boarding,Blk 204,Choa Chu Kang Ave 1,1.38048445565999,103.74930565785152
44121,1736.1,0.30208513334485343,0.131933644375324,7,AM-peak boarding,Blk 113,Choa Chu Kang Way,1.377619,103.750861
44129,1016.9500000000002,0.1792615172820689,0.17788485176262347,7,balanced,Sol Acres Condo,Choa Chu Kang Way,1.37741713631203,103.75092697249079
44131,1274.5500000000002,0.22192146247695263,0.1583696206504256,7,balanced,Blk 26,Choa Chu Kang Rd,1.37710069702793,103.75532192967427
44139,916.1499999999999,0.18555913332969495,0.17524422856519134,7,balanced,Opp Blk 26,Choa Chu Kang Rd,1.37680960030968,103.75536565517723
44141,2770.3999999999996,0.24994585619405146,0.1592730291654635,7,AM-peak boarding,Phoenix Stn,Choa Chu Kang Rd,1.37835602806756,103.75773677895589
44149,2058.25,0.1397303534556055,0.23510263573424023,7,PM-peak boarding,Opp Phoenix Stn,Choa Chu Kang Rd,1.37798495709362,103.75776732086608
44151,754.9,0.045767651344548944,0.2060537819578752,16,PM-peak boarding,Opp Bt Batok Fire Stn,Bt Batok Rd,1.37392273953012,103.75223395114867
44159,1665.9499999999998,0.06308712746480988,0.20882979681262948,16,PM-peak boarding,Bt Batok Fire Stn,Bt Batok Rd,1.37401429037273,103.7525923087755
44161,287.35,0.20828258221680876,0.216460762136767,7,balanced,Aft Bt Batok West Ave 5,Bt Batok Rd,1.37071120082306,103.74995297031272
44169,212.39999999999998,0.297316384180791,0.15725047080979285,7,AM-peak boarding,Bef Bt Batok West Ave 5,Bt Batok Rd,1.37047453510829,103.75017065253876
44171,22.150000000000002,0.1331828442437923,0.4966139954853272,17,PM-peak boarding,Bef Bt Batok West Ave 5,Bt Batok Rd,1.36801215768924,103.74704828649467
44179,103.75,0.09204819277108435,0.2785542168674699,17,PM-peak boarding,Aft Bt Batok West Ave 5,Bt Batok Rd,1.36783174007175,103.74735822064176
44181,425.94999999999993,0.322925225965489,0.14039206479633762,7,AM-peak boarding,Blk 802B,Keat Hong Cl,1.374452,103.74287
44189,1063.65,0.27179993418887793,0.15987401870916185,7,AM-peak boarding,Blk 803,Keat Hong Cl,1.374321,103.742872
44191,8.7,0.13793103448275862,0.13218390804597702,9,balanced,Opp Blk 171,Gangsa Rd,1.37879277619241,103.76702648572689
44199,48.35000000000001,0.21820062047569802,0.1292657704239917,6,AM-peak boarding,Blk 171,Gangsa Rd,1.37888221944077,103.76672499902976
44201,1184.6499999999999,0.27071286877980844,0.10441902671675178,7,AM-peak boarding,Aft Petir Stn,Petir Rd,1.37732275970527,103.7672668951858
44209,542.1500000000001,0.3069261274555012,0.11159273263856864,7,AM-peak boarding,Opp Petir Stn,Petir Rd,1.37719530827914,103.76698269593902
44211,642.35,0.28014322409901143,0.1079629485482992,7,AM-peak boarding,Blk 127,Petir Rd,1.37610015820197,103.76921822286211
44219,719.45,0.22128014455486827,0.13969004100354437,7,AM-peak boarding,Bet Blks 139/140,Petir Rd,1.37578333297826,103.769352222019
44221,2440.85,0.14816559804985968,0.23497961775610954,18,PM-peak boarding,Opp Pending Stn,Pending Rd,1.3762995851872,103.77099428887409
44229,3373.05,0.2977127525533271,0.1264878967106921,7,AM-peak boarding,Bef Pending Stn,Pending Rd,1.37656055754166,103.771459794786
44231,1187.0999999999997,0.349802038581417,0.08107994271754698,7,AM-peak boarding,Zhenghua Pr Sch,Bt Panjang Rd,1.37916686797468,103.76933485417399
44239,690.0,0.22594202898550725,0.1589855072463768,7,balanced,Opp Zhenghua Pr Sch,Bt Panjang Rd,1.37846111098819,103.76983083299403
44241,1763.1499999999999,0.2939625102798968,0.1375379292743102,7,AM-peak boarding,Opp Lompang Rd,Bt Panjang Rd,1.38117443945082,103.76586096715347
44249,830.5500000000002,0.2895069532237673,0.12515802781289503,7,AM-peak boarding,Blk 174,Bt Panjang Rd,1.38049595009817,103.76649141308671
44251,2432.1499999999996,0.18789959500853157,0.20477766585120163,7,balanced,Bt Panjang Stn/Blk 604,Bt Panjang Rd,1.38030076722264,103.76231669235113
44259,6199.95,0.16156581907918613,0.23064702134694634,7,balanced,Blk 183,Bt Panjang Rd,1.38029564329691,103.76297124601712
44261,4491.349999999999,0.2734812472864507,0.12471751255190534,7,AM-peak boarding,Blk 270,Bt Panjang Rd,1.3760822219899,103.774277778025
44269,3159.35,0.17451374491588456,0.1995030623387722,7,balanced,Blk 223,Bt Panjang Rd,1.37577833299245,103.77422500002575
44271,543.1999999999999,0.23518041237113405,0.14865611192930783,7,AM-peak boarding,Bet Blks 13/14,Teck Whye Ave,1.37867114732017,103.75614774814443
44279,675.7,0.3234423560751813,0.10026639040994524,7,AM-peak boarding,Blk 157,Teck Whye Ave,1.37910867690077,103.75635459940506
44281,2196.6,0.12985978330146591,0.19498315578621508,14,PM-peak boarding,Blk 8,Teck Whye Ave,1.38104915821148,103.75422740795686
44289,2214.6499999999996,0.1686948276251327,0.18747883412728877,7,balanced,Blk 6,Teck Whye Ave,1.38140148022937,103.75380266661918
44291,2878.9,0.15606655319740176,0.16226683802841363,7,balanced,Opp CCK Polyclinic,Teck Whye Ave,1.38151999999791,103.75140111097832
44299,1408.9500000000003,0.2057205720572057,0.15976436353312748,8,balanced,CCK Polyclinic,Teck Whye Ave,1.38177250001353,103.75131333302434
44301,1346.25,0.11023212627669453,0.2144103992571959,11,PM-peak boarding,Opp Blk 271,Bangkit Rd,1.377468,103.77388
44311,682.15,0.12475262039140951,0.1781133181851499,11,balanced,Opp Blk 253,Bangkit Rd,1.37930410199585,103.77434920734999
44321,640.8499999999999,0.10275415463837093,0.20948739954747603,19,PM-peak boarding,Opp Bangkit Stn,Bt Panjang Ring Rd,1.379874,103.772318
44329,677.1499999999999,0.2749021634792882,0.12257254670309388,7,AM-peak boarding,Bangkit Stn,Bt Panjang Ring Rd,1.38021501052151,103.77257633645274
44331,265.6000000000001,0.19314759036144571,0.2115963855421686,7,balanced,Blk 239,Fajar Rd,1.38022107375265,103.77084865060209
44339,464.30000000000007,0.35968124057721296,0.12976523799267714,7,AM-peak boarding,Blk 442D,Fajar Rd,1.38084522961484,103.77114903339667
44341,411.3,0.1520787746170678,0.1812545587162655,13,balanced,Blk 401A CP,Fajar Rd,1.3811702972192,103.76917730998287
44349,702.1999999999999,0.31607804044431786,0.1292366847052122,7,AM-peak boarding,Bet Blks 443A/443B,Fajar Rd,1.3813330335154,103.7693280970516
44351,721.0000000000001,0.3985436893203883,0.12024965325936196,8,AM-peak boarding,Aft Chestnut Ave,Petir Rd,1.36823452426378,103.77558853634072
44359,295.15000000000003,0.16313738776893105,0.21531424699305435,6,balanced,Bef Chestnut Ave,Petir Rd,1.36772582083696,103.77530877476855
44361,644.7499999999999,0.22799534703373406,0.2116324156649865,15,balanced,Opp Dairy Farm Mall,Petir Rd,1.36637611,103.7755464
44369,571.1,0.08973909998248993,0.29985991945368584,18,PM-peak boarding,Dairy Farm Mall,Petir Rd,1.36578306,103.7753769
44371,420.1,0.37598190906926915,0.1110449892882647,7,AM-peak boarding,Blk 219,Petir Rd,1.37402225721945,103.77263963002856
44379,211.99999999999997,0.2200471698113208,0.21792452830188683,7,balanced,Opp Blk 219,Petir Rd,1.37355053515267,103.77293526626733
44381,499.95000000000005,0.41004100410041,0.09340934093409341,7,AM-peak boarding,Blk 202,Petir Rd,1.37242134216992,103.77441361028244
44389,331.59999999999997,0.23567551266586254,0.16390229191797345,6,balanced,Opp Blk 201,Petir Rd,1.37154303506556,103.77461859337586
44391,553.55,0.22617649715472857,0.1527413964411526,7,balanced,Aft Blk 202,Choa Chu Kang Dr,1.38288970873929,103.74831030292964
44399,1346.2499999999998,0.32022284122562683,0.13741875580315693,7,AM-peak boarding,Opp Blk 210,Choa Chu Kang Dr,1.38306278590518,103.74851002579776
44411,130.39999999999998,0.22814417177914115,0.1418711656441718,7,AM-peak boarding,Blk 108,Teck Whye Lane,1.37852555601793,103.75322999998068
44421,152.44999999999996,0.17317153164972127,0.17153164972122012,7,balanced,Blk 25,Teck Whye Lane,1.37820805599688,103.7550844439833
44439,185.45,0.13534645456996497,0.1790239956861688,9,balanced,Blk 9,Teck Whye Lane,1.37983733026289,103.7542950355126
44441,660.2500000000001,0.3136690647482014,0.13297993184399845,7,AM-peak boarding,Blk 239,Choa Chu Kang Way,1.37924285981093,103.74754322627454
44449,387.7500000000001,0.2635718891038039,0.15409413281753703,7,AM-peak boarding,Palm Gdns,Choa Chu Kang Way,1.37889232196067,103.74762704486072
44451,1066.55,0.2616379916553373,0.1403122216492429,7,AM-peak boarding,Bef South View Stn,Choa Chu Kang Way,1.38077375279629,103.74424353296656
44459,854.5500000000001,0.16429699842022116,0.23831256216722246,7,balanced,Opp South View Stn,Choa Chu Kang Way,1.38028731431529,103.74454562435122
44461,1172.3500000000001,0.26826459675011727,0.16360301957606516,7,AM-peak boarding,Blk 352,Choa Chu Kang Way,1.3825705560115,103.7430047219692
44469,777.25,0.31186876809263425,0.1228047603731103,7,AM-peak boarding,Blk 414,Choa Chu Kang Way,1.38243888902379,103.74275222200647
44471,223.19999999999996,0.21684587813620074,0.17965949820788535,8,balanced,Blk 234,Choa Chu Kang Ctrl,1.3804703714721,103.7480231565411
44479,127.69999999999999,0.15896632732967894,0.1472200469851214,13,balanced,Blk 206,Choa Chu Kang Ctrl,1.3804793043347,103.74828169894731
44481,75.59999999999998,0.1236772486772487,0.14550264550264555,13,balanced,Blk 223,Choa Chu Kang Ctrl,1.38184295668756,103.74495854313909
44489,104.65,0.1715241280458672,0.2164357381748686,9,balanced,Blk 220,Choa Chu Kang Ctrl,1.38182529982154,103.7453076883337
44491,370.74999999999994,0.2415374241402563,0.24881995954147004,7,balanced,Bet Blks 416/417,Choa Chu Kang Ave 4,1.38353368663411,103.74184597655336
44499,682.05,0.3039366615350781,0.12469760281504289,7,AM-peak boarding,Blk 429A CP,Choa Chu Kang Ave 4,1.383205,103.740969
44501,430.54999999999995,0.12449192892811521,0.20520264777610034,18,PM-peak boarding,Blk 426,Choa Chu Kang Ave 4,1.38087128691259,103.73879787160988
44509,2321.45,0.25643455598871395,0.13883564151715524,7,AM-peak boarding,Blk 442,Choa Chu Kang Ave 4,1.38081340360597,103.73845177601393
44511,267.25,0.17829747427502338,0.14911131898971,6,balanced,Blk 289,Choa Chu Kang Ave 3,1.37948069483064,103.74055530616924
44519,799.4999999999999,0.37579737335834906,0.09193245778611633,7,AM-peak boarding,Blk 408,Choa Chu Kang Ave 3,1.380017,103.740996
44521,145.54999999999998,0.22878735829611818,0.15939539677086917,7,balanced,Blk 280,Choa Chu Kang Ave 3,1.38085185530408,103.74260886969472
44529,158.5,0.3839116719242902,0.09905362776025237,8,AM-peak boarding,Blk 410,Choa Chu Kang Ave 3,1.380733,103.742052
44531,3846.5500000000006,0.16236627627354377,0.3058714952359906,19,PM-peak boarding,Opp Choa Chu Kang Stn,Choa Chu Kang Ave 4,1.3843775,103.7446955
44539,9111.7,0.18165106401659403,0.2840194475235137,7,PM-peak boarding,Lot 1/Choa Chu Kang Stn,Choa Chu Kang Ave 4,1.38463078337388,103.74502387945829
44541,387.40000000000003,0.23438306659783167,0.23128549303045945,7,balanced,Northvale Condo,Choa Chu Kang Dr,1.38764444400097,103.74593527798108
44549,109.44999999999999,0.0438556418455916,0.2868889904065784,17,PM-peak boarding,Opp Northvale Condo,Choa Chu Kang Dr,1.38748720575146,103.746189135824
44551,957.1500000000001,0.2898709711121558,0.12976022566995768,7,AM-peak boarding,Opp Blk 486,Choa Chu Kang Ave 5,1.37602460873449,103.73843005883766
44559,931.2499999999999,0.29170469798657717,0.11914093959731543,7,AM-peak boarding,Blk 483,Choa Chu Kang Ave 5,1.37620955732727,103.73789066346548
44561,193.79999999999998,0.08126934984520125,0.21388028895768835,13,PM-peak boarding,Opp Blk 295,Choa Chu Kang Ave 2,1.3779870225601,103.7412004881177
44569,1193.7000000000003,0.3071542263550305,0.11028734187819383,7,AM-peak boarding,Blk 295,Choa Chu Kang Ave 2,1.37811996831753,103.74122138165869
44571,225.35,0.14155757710228534,0.18815176392278676,13,balanced,Blk 297D,Choa Chu Kang Ave 2,1.37836352141036,103.74316666952303
44579,1095.25,0.22926272540515863,0.13175074183976263,7,AM-peak boarding,Aft Blk 272,Choa Chu Kang Ave 2,1.37850611289436,103.74345256107138
44581,463.25000000000006,0.32854830005396646,0.11343766864543982,7,AM-peak boarding,Blk 489A,Choa Chu Kang Ave 5,1.37532277779344,103.74031352986161
44589,490.55,0.3371725614106615,0.12353480786871879,7,AM-peak boarding,Opp Blk 489A,Choa Chu Kang Ave 5,1.37512566998176,103.7401815256426
44591,676.5000000000001,0.3036215816703621,0.12224685883222466,7,AM-peak boarding,Blk 490B,Choa Chu Kang Ave 6,1.37543194866252,103.7419701443328
44599,358.5,0.31813110181311016,0.15760111576011157,7,AM-peak boarding,Bet Blks 801B/801C,Choa Chu Kang Ave 6,1.37551323792473,103.7421877620434
44601,100.85,0.20079325731284087,0.1517104610808131,9,balanced,Blk 413,Saujana Rd,1.38213337099986,103.76845044698479
44609,133.20000000000002,0.1918168168168168,0.13588588588588588,7,balanced,Blk 408,Saujana Rd,1.38201455238716,103.76817086367248
44611,697.3999999999999,0.25939202753082885,0.12259822196730716,7,AM-peak boarding,Blk 516,Jelapang Rd,1.3871248273065,103.76757814102818
44619,832.5000000000001,0.24528528528528526,0.1326726726726727,7,AM-peak boarding,Blk 506,Jelapang Rd,1.38695072395596,103.76763574907523
44621,1173.3999999999999,0.23248679052326576,0.12024884949718767,13,AM-peak boarding,Opp Concord Pr Sch,Choa Chu Kang Ave 4,1.37922934454518,103.73710050197961
44629,2374.0000000000005,0.3175652906486941,0.10259056444818869,7,AM-peak boarding,Blk 457,Choa Chu Kang Ave 4,1.37851168892339,103.73644907938714
44631,522.1,0.06866500670369662,0.2830875311243057,18,PM-peak boarding,Opp Bt Panjang Plaza,Jelebu Rd,1.37961719959059,103.76390959462616
44639,63.300000000000004,0.03475513428120063,0.2527646129541864,14,PM-peak boarding,Bt Panjang Plaza,Jelebu Rd,1.38006972221146,103.76396027777982
44641,862.0500000000001,0.11002842062525375,0.30845078591729014,18,PM-peak boarding,Blk 602,Bt Panjang Ring Rd,1.38178063199093,103.76285898246775
44649,200.3,0.29156265601597603,0.1689965052421368,7,AM-peak boarding,Blk 541A CP,Bt Panjang Ring Rd,1.38207041321308,103.76296296396666
44651,140.85000000000002,0.2573659921902733,0.14305999290024846,7,AM-peak boarding,Blk 617,Bt Panjang Ring Rd,1.38533394998016,103.76289650600476
44659,191.30000000000004,0.3557239937271301,0.1259801359121798,7,AM-peak boarding,Blk 537A CP,Bt Panjang Ring Rd,1.38496763142496,103.76292100976569
44661,596.2000000000002,0.21653807447165374,0.1569942972156994,7,balanced,Blk 532,Jelapang Rd,1.38447517162011,103.76499586025828
44669,731.1500000000002,0.2837994939478902,0.1568077685837379,7,AM-peak boarding,Opp Blk 532,Jelapang Rd,1.38428576640159,103.76489752763662
44671,147.29999999999998,0.28241683638832316,0.1323828920570265,8,AM-peak boarding,Bet Blks 502/503,Saujana Rd,1.38377960229632,103.76603097323033
44679,75.45,0.15109343936381708,0.19416832339297546,9,balanced,Opp Blk 502,Saujana Rd,1.3835337784384,103.76599518745716
44689,1993.9500000000003,0.21474961759321948,0.15434188419970407,7,balanced,Sunshine Pl,Choa Chu Kang Ave 3,1.37811000397911,103.73849893266107
44691,2185.7500000000005,0.3205993366121468,0.11801441152922335,7,AM-peak boarding,Blk 485,Segar Rd,1.38826258050731,103.7714646491703
44699,1287.5499999999997,0.22034095763271333,0.19040037280105632,7,balanced,Blk 457,Segar Rd,1.38805300466507,103.77154344868076
44701,788.4999999999999,0.3430564362714014,0.1044388078630311,7,AM-peak boarding,Blk 548B,Bt Panjang Ring Rd,1.38927144639115,103.76879686807085
44709,582.6500000000001,0.1843302153951772,0.15257873508967645,13,balanced,Blk 547C,Segar Rd,1.3885418939603,103.76842967593706
44721,289.3,0.2353957829243,0.15814033874870376,7,balanced,Opp Jelapang Stn,Bt Panjang Ring Rd,1.386786,103.764921
44731,332.9,0.1637128266746771,0.20711925503154102,7,balanced,Opp Blk 180,Jelebu Rd,1.37887883000016,103.76432732997739
44739,1231.3500000000001,0.12774596987046738,0.23998050919722252,19,PM-peak boarding,Blk 180,Jelebu Rd,1.37876549999936,103.76459849996492
44771,1351.1,0.2683739175486641,0.14876767078676634,7,AM-peak boarding,Fajar Stn,Fajar Rd,1.38458556236413,103.77079566381067
44779,684.1999999999999,0.12050570008769368,0.2284419760304005,18,PM-peak boarding,Opp Fajar Stn,Fajar Rd,1.38422184036636,103.77020678944983
44791,696.7,0.10427730730587054,0.1488445528922061,13,balanced,West View Pr Sch,Senja Rd,1.38372439268243,103.76068878232401
44799,761.4000000000002,0.17848699763593376,0.1293012871027055,13,balanced,Blk 610,Senja Rd,1.38338692962433,103.7609562427946
44801,323.5,0.18670788253477588,0.176661514683153,7,balanced,Opp Blk 628,Senja Rd,1.38503510909651,103.75908340599958
44809,791.9500000000003,0.26939832060104796,0.13832943998989833,7,AM-peak boarding,Blk 628,Senja Rd,1.38500083704863,103.75978425435241
44811,871.1500000000003,0.146645239051828,0.19686621132985127,15,balanced,Senja FC,Senja Rd,1.38715472588861,103.76020832276009
44819,1236.7999999999997,0.20912839586028464,0.15645213454075035,7,balanced,Opp West Spring Sec Sch,Senja Rd,1.387188,103.759842
44829,282.65,0.18397311162214755,0.16292234211922874,8,balanced,Opp Blk 650,Senja Link,1.38671416700146,103.7630574999811
44831,63.79999999999999,0.1833855799373041,0.14341692789968655,14,balanced,Blk 519,Bt Panjang Ring Rd,1.387891389,103.7657931
44839,77.85000000000001,0.10661528580603725,0.147077713551702,13,balanced,West Spring Pr Sch,Bt Panjang Ring Rd,1.38855,103.7662
44859,67.35,0.6629547141796586,0.0512249443207127,8,AM-peak boarding,Opp Bt Panjang Stn,Petir Rd,1.37763753804628,103.76321805626448
44861,733.1500000000001,0.21544022369228666,0.1771806588010639,7,balanced,Blk 636A,Senja Rd,1.3866920101757,103.75877312173013
44869,745.55,0.2728857890148213,0.13828717054523507,7,AM-peak boarding,Bef Blk 629A CP,Senja Rd,1.38658738981297,103.75886226371927
44871,501.25000000000006,0.22653366583541146,0.1420448877805486,6,AM-peak boarding,Blk 810 CP,Choa Chu Kang Ave 7,1.37415475892549,103.74679713839167
44879,986.5,0.3386720729853016,0.11920932589964521,7,AM-peak boarding,Opp Blk 810 CP,Choa Chu Kang Ave 7,1.37431656227768,103.74701128990601
44881,262.7,0.21450323562999618,0.16254282451465552,7,balanced,Blk 816B,Keat Hong Link,1.37573320756145,103.74842003077862
44889,257.1,0.2600155581485803,0.13982886036561648,7,AM-peak boarding,Opp Blk 816A,Keat Hong Link,1.375525,103.748328
44891,330.55,0.07729541672969292,0.1889275450007563,16,PM-peak boarding,APSN,Choa Chu Kang Gr,1.37409009466488,103.74930160167106
44899,440.75000000000006,0.26250709018718094,0.17288712422007937,7,AM-peak boarding,Opp APSN,Choa Chu Kang Gr,1.37432287109092,103.74949989571633
44909,265.85,0.2258792552191085,0.1433138988151213,6,AM-peak boarding,Blk 184,Bt Panjang Rd,1.37998945869065,103.76225836886368
44911,94.85000000000001,0.13073273589878753,0.09699525566684236,13,balanced,Blk 450,Bt Panjang Ring Rd,1.3848475,103.772859
44919,81.39999999999999,0.171990171990172,0.18181818181818182,13,balanced,Opp Blk 451,Bt Panjang Ring Rd,1.385493611,103.7727914
44921,9.05,0.0718232044198895,0.08839779005524862,11,balanced,Opp Greenridge Sec Sch,Bt Panjang Ring Rd,1.3822735,103.772836
44929,46.599999999999994,0.08369098712446353,0.08154506437768241,13,balanced,Greenridge Sec Sch,Bt Panjang Ring Rd,1.3827025,103.7730945
44931,533.4,0.1611361079865017,0.17510311211098614,7,balanced,Blk 643 CP,Senja Close,1.387703,103.763361
44941,119.50000000000003,0.30083682008368196,0.17154811715481166,7,AM-peak boarding,Opp Blk 502,KJE,1.388198,103.744284
44949,231.35000000000008,0.33844823859952444,0.11973200778041924,7,AM-peak boarding,Aft Blk 503,KJE,1.388429,103.742903
44951,97.05000000000001,0.28541988665636264,0.15043791859866049,7,AM-peak boarding,Blk 638A,Senja Close,1.388313,103.761392
44959,400.40000000000003,0.30482017982017984,0.12974525474525475,7,AM-peak boarding,Blk 643A,Senja Close,1.388611,103.762426
44969,0.0,,,0,balanced,Aft Teck Whye Walk,Teck Whye Cres,1.382146,103.754489
44989,0.05,0.0,0.0,11,balanced,Gali Batu Ter,Jln Gali Batu,1.390822,103.756071
44999,44.55,0.06285072951739619,0.2244668911335578,19,PM-peak boarding,Bef Yew Tee Flyover,Woodlands Rd,1.391239722,103.7545111
45009,16553.2,0.06565195853369742,0.3409612642872677,18,PM-peak boarding,Bt Panjang Int,Petir Rd,1.37812611932206,103.763286611367
45011,108.85,0.10886541111621499,0.24069820854386775,19,PM-peak boarding,Aft Yew Tee Flyover,Woodlands Rd,1.3902154350718,103.75455779683573
45019,165.04999999999998,0.26779763707967286,0.21872159951529838,7,balanced,Aft Yew Tee Flyover,Woodlands Rd,1.38829923721056,103.75553944051408
45021,305.85,0.24979565146313554,0.2890305705411149,8,balanced,Heavy Veh Pk,Woodlands Rd,1.39385694401888,103.75383583300305
45029,297.25,0.14146341463414633,0.1919259882253995,6,balanced,Opp Heavy Veh Pk,Woodlands Rd,1.39303959514259,103.75414864750223
45031,61.050000000000004,0.12776412776412777,0.4897624897624897,18,PM-peak boarding,Yew Tee Ind Est,Woodlands Rd,1.39623361717149,103.75421868895825
45039,13.350000000000001,0.18726591760299624,0.29962546816479396,18,PM-peak boarding,Opp Yew Tee Ind Est,Woodlands Rd,1.39585817355572,103.75427816224409
45041,40.6,0.016009852216748766,0.7561576354679803,17,PM-peak boarding,Thong Huat Bros Pte Ltd,Woodlands Rd,1.40062703005588,103.75556160767161
45049,113.6,0.23327464788732397,0.4256161971830986,7,PM-peak boarding,Opp Yew Tee Ind Est Blk 1,Woodlands Rd,1.39773638898124,103.75499277801016
45051,410.99999999999994,0.08126520681265208,0.6098540145985403,17,PM-peak boarding,Da Di Glass,Woodlands Rd,1.40338556,103.7560103
45059,516.35,0.14428197927762176,0.39972886607920977,17,PM-peak boarding,Opp Da Di Glass,Woodlands Rd,1.40340952558706,103.75620896675814
45061,1445.2999999999997,0.20033902995917807,0.36172420950667683,18,PM-peak boarding,Opp Mandai Est,Woodlands Rd,1.40718111138275,103.75606300126093
45069,1094.8000000000002,0.2603215199123127,0.2170716112531969,6,balanced,Aft Mandai Est,Woodlands Rd,1.4069390779681,103.75626773948963
45071,727.4,0.12572174869397856,0.41201539730547154,17,PM-peak boarding,Bef Mandai Rd,Woodlands Rd,1.40955433592964,103.75568311864467
45079,281.3499999999999,0.04940465612226765,0.46152479118535644,17,PM-peak boarding,Aft Mandai Rd,Woodlands Rd,1.40959346067748,103.75588199006808
45091,46.75,0.31871657754010696,0.1358288770053476,7,AM-peak boarding,Opp Jln Bumbong,Woodlands Rd,1.41421866753882,103.75523144616068
45099,42.05,0.2568370986920333,0.09750297265160524,7,AM-peak boarding,Aft Jln Bumbong,Woodlands Rd,1.41341731294698,103.75591307485898
45101,9.95,0.07035175879396985,0.14572864321608042,9,PM-peak boarding,Aft LP 234,Woodlands Rd,1.41863235748269,103.75457151987825
45109,7.95,0.34591194968553457,0.0880503144654088,7,AM-peak boarding,Bef Jln Bumbong,Woodlands Rd,1.41785797439114,103.75478033541316
45111,10.6,0.04716981132075472,0.4528301886792453,17,PM-peak boarding,Opp Kranji War Memorial,Woodlands Rd,1.42170099129292,103.75566245596836
45119,23.350000000000005,0.03211991434689507,0.24839400428265518,10,PM-peak boarding,Kranji War Memorial,Woodlands Rd,1.42181345656216,103.75597729351239
45121,49.25,0.030456852791878174,0.4365482233502538,19,PM-peak boarding,Opp KF1 Karting Circuit,Woodlands Rd,1.42402638898738,103.75863222200965
45129,84.95,0.10182460270747498,0.2248381400824014,6,PM-peak boarding,KF1 Karting Circuit,Woodlands Rd,1.42382925070118,103.75863462427267
45131,1966.3,0.16144535421858314,0.19564664598484463,8,balanced,Opp Kranji Stn,Woodlands Rd,1.42513583961154,103.76103770449444
45139,11884.100000000002,0.1921348692791208,0.20249324727997908,7,balanced,Kranji Stn,Woodlands Rd,1.42525961270458,103.76178101875855
45141,2.45,0.5102040816326531,0.12244897959183672,7,AM-peak boarding,Aft W'lands Rd,Kranji Rd,1.42484086207371,103.75684069951173
45149,2.25,0.022222222222222223,0.3333333333333333,11,PM-peak boarding,Bef W'lands Rd,Kranji Rd,1.4251485321405,103.75694671247683
45151,9.7,0.030927835051546393,0.6649484536082475,18,PM-peak boarding,Opp Multistates Trading,Sg Kadut Ave,1.40086873669287,103.75428556537604
45159,1.1500000000000001,0.34782608695652173,0.13043478260869565,7,AM-peak boarding,Multistates Trading,Sg Kadut Ave,1.40081444400002,103.75410111097352
45161,12.549999999999999,0.7848605577689244,0.07968127490039842,7,AM-peak boarding,Eurokars Ctr,Sg Kadut Ave,1.40273722420741,103.75467349450044
45169,1.05,0.5238095238095238,0.14285714285714288,8,AM-peak boarding,Opp Eurokars Ctr,Sg Kadut Ave,1.40316333179329,103.75459594317567
45171,49.3,0.12474645030425965,0.2596348884381339,20,PM-peak boarding,Sri Arasakesari Sivan Tp,Sg Kadut Ave,1.40600808717869,103.75535627770704
45179,85.9,0.5116414435389989,0.07916181606519207,7,AM-peak boarding,Sri Arasakesari Sivan Tp,Sg Kadut Ave,1.40606366967223,103.75520214111529
45181,0.5,0.3,0.2,7,balanced,Bef Mandai Quarry Rd,Mandai Rd,1.41163371804971,103.76126994848113
45189,1.35,0.037037037037037035,0.25925925925925924,17,PM-peak boarding,Aft Mandai Quarry Rd,Mandai Rd,1.41134149901997,103.76099444217142
45191,3.15,0.19047619047619052,0.38095238095238093,16,PM-peak boarding,Opp Home Team Tactical Ctr,Mandai Rd,1.41064903489935,103.7634845917912
45199,43.25,0.04393063583815029,0.32716763005780347,6,PM-peak boarding,Home Team Tactical Ctr,Mandai Rd,1.41035479540467,103.76322407621203
45201,8.55,0.39766081871345027,0.07017543859649122,6,AM-peak boarding,Opp Mandai Hill Camp,Mandai Rd,1.41047253271791,103.76582403754685
45209,110.54999999999998,0.026684758028041617,0.29760289461782,16,PM-peak boarding,Aft Mandai Hill Camp,Mandai Rd,1.4099988110322,103.76653377102565
45211,20.45,0.029339853300733496,0.3496332518337409,17,PM-peak boarding,Bef BKE,Mandai Rd,1.41031981199246,103.76978816795226
45221,14.250000000000002,0.16842105263157892,0.2526315789473684,17,balanced,Aft W'lands Rd,Mandai Rd,1.41185472198007,103.75786055597196
45229,13.75,0.025454545454545452,0.4072727272727273,17,PM-peak boarding,Bef W'lands Rd,Mandai Rd,1.41157694400245,103.75794694401966
45231,468.0999999999999,0.25891903439436026,0.22153386028626368,7,balanced,Blk 432,Choa Chu Kang Way,1.384581,103.742313
45239,49.050000000000004,0.1743119266055046,0.20693170234454633,18,balanced,Bet Blks 306/307,Choa Chu Kang Way,1.38511352779283,103.74242558943692
45241,69.64999999999999,0.23977027997128503,0.22469490308686288,7,balanced,Opp Blk 511A,Choa Chu Kang Way,1.38849236327693,103.74049628403257
45249,480.79999999999984,0.317595673876872,0.11844841930116477,7,AM-peak boarding,Blk 511A,Choa Chu Kang Way,1.38856706129182,103.74086222271667
45251,12.149999999999999,0.18106995884773666,0.18106995884773666,7,balanced,Opp Kranji Sec Sch,Choa Chu Kang Way,1.39132771354143,103.74006551818796
45259,269.40000000000003,0.24962880475129914,0.1388270230141054,7,AM-peak boarding,Blk 523,Choa Chu Kang Way,1.39170172991756,103.74054217961515
45261,1160.2499999999998,0.3052359405300582,0.10700280112044819,7,AM-peak boarding,Blk 551,Choa Chu Kang St 52,1.39431509144869,103.7435570382963
45269,756.2999999999998,0.1925823086076954,0.1361893428533651,13,balanced,Blk 544,Choa Chu Kang St 52,1.39436168074215,103.74373102471621
45271,245.0,0.13734693877551019,0.30448979591836733,19,PM-peak boarding,Blk 560,Choa Chu Kang St 52,1.39569595459867,103.74526443744904
45279,537.15,0.1830959694684911,0.24685841943591175,7,balanced,Blk 563,Choa Chu Kang St 52,1.39565860027275,103.74540871067298
45291,83.90000000000003,0.3420738974970201,0.16746126340881998,7,AM-peak boarding,Opp Blk 704,Choa Chu Kang Dr,1.3909225,103.745081
45299,603.6,0.3485752153744201,0.1288933068257124,7,AM-peak boarding,Blk 702,Choa Chu Kang Dr,1.3914375,103.7451665
45301,1133.4000000000003,0.1894300335274395,0.1899152991000529,7,balanced,Blk 708,Choa Chu Kang Nth 5,1.39184565454372,103.74663514172119
45309,842.95,0.2842991873776618,0.1244439171955632,7,AM-peak boarding,Blk 754,Choa Chu Kang Nth 5,1.3919980495631,103.74665022024047
45311,695.25,0.2256023013304567,0.1488673139158576,7,AM-peak boarding,Blk 547,Choa Chu Kang Nth 5,1.39312896100059,103.74208908630851
45319,687.4499999999999,0.13353698450796425,0.19783256964142848,15,balanced,Blk 530,Choa Chu Kang Nth 5,1.39292754317447,103.74210769996479
45321,7697.55,0.046086092328078414,0.3511441952309501,18,PM-peak boarding,Yew Tee Stn,Choa Chu Kang Dr,1.397347,103.747665
45329,1678.45,0.16339479877267718,0.29184664422532697,18,PM-peak boarding,Opp Yew Tee Stn,Choa Chu Kang Dr,1.3974585,103.7478685
45339,149.09999999999997,0.18745808182427906,0.23105298457411136,8,balanced,Blk 625,Choa Chu Kang St 62,1.39898191366295,103.74603555889117
45349,64.15,0.269680436477007,0.1480904130943102,7,AM-peak boarding,Opp Blk 604A,Choa Chu Kang St 62,1.39731214160283,103.74554806071029
45351,267.59999999999997,0.15097159940209268,0.15788490284005982,13,balanced,Blk 634,Choa Chu Kang Nth 6,1.39635349170474,103.74947902253896
45359,358.0,0.40810055865921785,0.09441340782122906,7,AM-peak boarding,Blk 790,Choa Chu Kang Nth 6,1.39618571003148,103.74944608386802
45361,682.65,0.11360140628433311,0.1929978759247052,15,PM-peak boarding,Opp Blk 765,Choa Chu Kang Nth 5,1.39239930690933,103.7500200571186
45369,1075.8999999999996,0.22980760293707603,0.1679059392136816,7,balanced,Blk 765,Choa Chu Kang Nth 5,1.3925860608387,103.75002597798891
45371,120.2,0.16638935108153077,0.20049916805324458,7,balanced,Opp Yew Mei Green Condo,Choa Chu Kang Nth 6,1.39533587133451,103.75193731177454
45379,418.2000000000001,0.3265184122429459,0.14311334289813485,8,AM-peak boarding,Yew Mei Green Condo,Choa Chu Kang Nth 6,1.39469439744859,103.75187309514442
45389,118.85000000000001,0.19310054690786707,0.19983172065628943,6,balanced,Blk 619,Choa Chu Kang Nth 7,1.40063804359533,103.7473817647614
45399,449.70000000000005,0.27607293751389816,0.1512119190571492,7,AM-peak boarding,Regent Gr Condo,Choa Chu Kang Nth 7,1.39984083299841,103.74991277803167
45401,1355.25,0.268548238332411,0.1410071942446043,7,AM-peak boarding,Blk 681,Choa Chu Kang Cres,1.40279972616248,103.74594266826703
45411,2413.749999999999,0.31289487312273445,0.11152770585189024,7,AM-peak boarding,Opp Blk 670,Choa Chu Kang Cres,1.4035145178289,103.74767347957746
45421,2876.7500000000005,0.35009993916746324,0.1038324498131572,7,AM-peak boarding,Blk 689A,Choa Chu Kang Cres,1.40274884902867,103.75050925171398
45439,1849.8000000000004,0.3365228673370093,0.10822791653151691,7,AM-peak boarding,Blk 691A,Choa Chu Kang Cres,1.40127194398549,103.75115527801049
45441,21.700000000000003,0.018433179723502304,0.6751152073732718,18,PM-peak boarding,Opp Eng Hua Furniture Mfg Pte Ltd,Sg Kadut Dr,1.43189396450238,103.74745276475524
45449,30.15,0.07628524046434494,0.5522388059701492,17,PM-peak boarding,Eng Hua Furniture Mfg Pte Ltd,Sg Kadut Dr,1.43188298917832,103.74760838738165
45451,510.05000000000007,0.1522399764728948,0.2283109499068718,17,balanced,Blk 293,Choa Chu Kang Ave 1,1.3779238888638,103.73970805552322
45461,701.3000000000001,0.24967916726080133,0.17346356766005988,7,balanced,Blk 540,Choa Chu Kang Nth 5,1.39267723795995,103.74330600001463
45469,553.45,0.21131086819044176,0.17797452344385217,6,balanced,Blk 537,Choa Chu Kang Nth 5,1.39231423792189,103.74449399998608
45489,340.69999999999993,0.37056061050777817,0.11505723510419726,7,AM-peak boarding,Bef Choa Chu Kang Lk,Choa Chu Kang Nth 5,1.3937917601606,103.75199938008781
45491,28.450000000000003,0.2688927943760984,0.2565905096660808,7,balanced,Bef Choa Chu Kang Nth 5,Stagmont Ring,1.39414432388749,103.75296269916254
45581,76.25000000000001,0.1462295081967213,0.22754098360655736,18,PM-peak boarding,Blk 325,Woodlands St 32,1.430976111,103.7800619
45589,75.3,0.2357237715803453,0.19920318725099603,7,balanced,Opp Blk 325,Woodlands St 32,1.430796944,103.780325
45591,88.54999999999998,0.12252964426877475,0.2614342179559571,18,PM-peak boarding,Fuchun CC,Woodlands Ave 1,1.429215,103.7748931
45599,142.19999999999996,0.20464135021097052,0.24402250351617444,7,balanced,Opp Fuchun CC,Woodlands Ave 1,1.429146111,103.7745339
46008,13968.849999999999,0.09133894343485686,0.30986444839768484,18,PM-peak boarding,Woodlands Int,Woodlands Sq,1.43684944,103.7857369
46009,60011.450000000004,0.13539832815237757,0.2924658544327791,18,PM-peak boarding,Woodlands Int,Woodlands Sq,1.436946,103.785936
46011,1031.05,0.27952087677610205,0.13083749575675283,7,AM-peak boarding,Blk 188A,Marsiling Rd,1.4385198561158,103.7742921156719
46019,637.0000000000001,0.08335949764521192,0.2397959183673469,15,PM-peak boarding,Aft W'lands Ctr Rd,Marsiling Rd,1.4386733329964,103.7741286109918
46021,3.1499999999999995,0.15873015873015875,0.07936507936507937,5,AM-peak boarding,Bef W'lands Ind Pk D St 2,Woodlands Rd,1.42919861102901,103.76175138901188
46029,14.550000000000004,0.0515463917525773,0.2886597938144329,16,PM-peak boarding,Aft W'lands Ind Pk D St 2,Woodlands Rd,1.42861423605127,103.76226643430736
46031,53.94999999999999,0.3697868396663579,0.00278035217794254,6,AM-peak boarding,Kranji Lodge 1,Woodlands Rd,1.4335562926407,103.7619231548512
46039,763.75,0.3630769230769231,0.08235679214402618,6,AM-peak boarding,Opp Kranji Lodge 1,Woodlands Rd,1.4330873187738,103.76200180616921
46041,4.3999999999999995,0.6250000000000001,0.011363636363636366,7,AM-peak boarding,Opp GlobalFoundries,Woodlands Rd,1.43664137008987,103.76405579624996
46049,111.44999999999999,0.03140421713772993,0.6195603409600718,17,PM-peak boarding,GlobalFoundries,Woodlands Rd,1.43709,103.76476
46051,16.9,0.3994082840236687,0.035502958579881665,8,AM-peak boarding,Bef BKE,Woodlands Rd,1.43897086088179,103.76640888181257
46059,293.04999999999995,0.05238013990786557,0.39498379116191784,17,PM-peak boarding,GlobalFoundries/Aft BKE,Woodlands Rd,1.4387537800127,103.76656472079625
46069,11662.649999999998,0.2679065221026097,0.11487526419810251,7,AM-peak boarding,W'lands Train Checkpt,Woodlands Ctr Rd,1.44288948418349,103.76933833799299
46071,1153.4999999999998,0.24130905938448208,0.14399653229302126,7,AM-peak boarding,Blk 137,Marsiling Rd,1.43864652268091,103.77679962439775
46079,1195.4,0.15977915342144888,0.15291952484524007,6,balanced,Opp Blk 137,Marsiling Rd,1.43886731397133,103.77691747568024
46088,1085.9499999999996,0.23302177816658234,0.12514388323587647,6,AM-peak boarding,Blk 25,Woodlands Ctr Rd,1.44180914262822,103.77108660594439
46091,7.2,0.24305555555555555,0.22916666666666666,8,balanced,Bef BKE,Woodlands Ctr Rd,1.43960616363191,103.77010864564294
46101,22394.650000000005,0.07938279901672943,0.1794156193555157,10,PM-peak boarding,W'lands Checkpt,Woodlands Crossing,1.44460832436456,103.76774882217022
46109,16487.3,0.2020828152578045,0.14960606042226443,7,balanced,W'lands Checkpt,Woodlands Crossing,1.44694093553778,103.76925342517902
46111,908.4500000000002,0.26715834663437715,0.12780009906984421,6,AM-peak boarding,Blk 23,Admiralty Rd,1.44132222201705,103.77372416702165
46119,2122.85,0.1475139552959465,0.34053277433638746,18,PM-peak boarding,Marsiling CC,Admiralty Rd,1.44101545973486,103.77252382232057
46121,662.3000000000001,0.3491620111731843,0.12282953344405856,7,AM-peak boarding,Opp Marsiling Lane Mkt/FC,Admiralty Rd,1.44387999997343,103.7764388889843
46129,881.8000000000001,0.25068042640054433,0.13529144930823317,7,AM-peak boarding,Marsiling Lane Mkt/FC,Admiralty Rd,1.44378798401059,103.77675415681387
46131,30.450000000000003,0.1346469622331691,0.34154351395730703,18,PM-peak boarding,Aft Marsiling Lane,Admiralty Rd,1.44627465890953,103.77703712251773
46139,27.450000000000003,0.03642987249544626,0.39708561020036426,19,PM-peak boarding,Aft Riverside Rd,Admiralty Rd,1.4461801595519,103.7772632603031
46141,1383.2499999999998,0.26766672691125976,0.10956081691668174,7,AM-peak boarding,Blk 32,Marsiling Dr,1.44364959550382,103.77329520911692
46149,153.89999999999998,0.21442495126705657,0.13060428849902536,7,AM-peak boarding,Blk 203,Marsiling Dr,1.4436158329924,103.77379694403167
46151,1628.3999999999999,0.28282363055760257,0.12054777695897816,7,AM-peak boarding,Blk 212,Marsiling Lane,1.44582725741537,103.77347243148317
46159,229.15000000000003,0.19703251145537853,0.13331878682085968,7,balanced,Blk 206,Marsiling Lane,1.4456557748871,103.77343912801257
46161,355.90000000000003,0.06912053947738128,0.6014329867940432,17,PM-peak boarding,GES S'pore,Marsiling Lane,1.44536006142756,103.77556464561282
46169,94.95,0.03686150605581885,0.5871511321748287,17,PM-peak boarding,Opp GES,Marsiling Lane,1.44535191044578,103.77526673254576
46171,1071.0000000000002,0.1486928104575163,0.14295051353874882,9,balanced,Opp Blk 19,Marsiling Lane,1.44412876526641,103.77800011395242
46179,713.4999999999999,0.12053258584442889,0.21331464611072182,10,PM-peak boarding,Blk 18,Marsiling Lane,1.44401436320878,103.77787477069215
46181,885.1500000000001,0.27091453425973,0.13641755634638195,7,AM-peak boarding,Opp Blk 12,Marsiling Rd,1.44015882292646,103.778867882596
46189,2027.1499999999999,0.29884320351232024,0.12426312803689911,7,AM-peak boarding,Blk 12,Marsiling Rd,1.44008271628617,103.77854042726402
46191,788.7,0.31526562698110816,0.1399137821731964,7,AM-peak boarding,Opp Blk 120,Marsiling Rise,1.43978268235949,103.78053807087814
46199,249.40000000000003,0.2361668003207698,0.17181234963913392,7,balanced,Blk 120,Marsiling Rise,1.43955043252866,103.78065534399263
46201,169.05000000000004,0.15734989648033124,0.1390121265897663,6,balanced,Blk 10,Marsiling Dr,1.44071020952285,103.77680238652405
46209,102.49999999999999,0.30243902439024395,0.11317073170731709,7,AM-peak boarding,Blk 2,Marsiling Dr,1.44025242879024,103.77727510649777
46211,931.2,0.09713273195876289,0.16521692439862545,23,PM-peak boarding,Johor Bahru Checkpt,Johor Bahru,1.46491732433248,103.76547712149443
46219,16739.15,0.15097242094132615,0.1499926818267355,6,balanced,Johor Bahru Checkpt,Johor Bahru,1.4654268105665,103.76826657164715
46221,378.05,0.2684830048935326,0.19203809019970902,7,balanced,Opp Casablanca,Woodlands Ave 2,1.4309096816047,103.78759769642132
46229,739.8,0.4445796161124628,0.09042984590429848,7,AM-peak boarding,Casablanca,Woodlands Ave 2,1.43013056874728,103.78706868583511
46239,632.9,0.09195765523779428,0.15752883551903937,6,PM-peak boarding,Larkin Ter,Jln Datin Halimah,1.49390379286364,103.74403292148666
46241,728.5000000000001,0.23623884694577896,0.16465339739190116,6,balanced,Opp Blk 15,Marsiling Lane,1.44211845227565,103.77894354468205
46249,155.49999999999997,0.14694533762057882,0.1871382636655949,16,balanced,Blk 15,Marsiling Lane,1.44211238924063,103.77874767257565
46251,340.19999999999993,0.04012345679012347,0.18841857730746625,13,PM-peak boarding,Riverside Sec Sch,Woodlands St 81,1.4409223616912,103.78908630031805
46261,528.5999999999999,0.2219069239500568,0.21500189178963305,7,balanced,Blk 808,Woodlands Ave 9,1.442639,103.7869635
46269,279.5,0.11556350626118067,0.35026833631484794,17,PM-peak boarding,Republic Poly,Woodlands Ave 9,1.44217333334596,103.78588499999181
46271,337.35,0.19816214613902472,0.18897287683414848,8,balanced,Opp Blk 802,Woodlands Ave 2,1.44040195107982,103.78588806965098
46279,1285.2499999999998,0.2472281657265124,0.15744018673409843,7,AM-peak boarding,Blk 803,Woodlands Ave 2,1.44021958652464,103.78690125681027
46281,888.0000000000001,0.21030405405405403,0.17286036036036034,7,balanced,Blk 825,Woodlands Ave 7,1.43878695707764,103.79002589502426
46289,792.8,0.3032921291624622,0.14272199798183652,7,AM-peak boarding,Blk 891C CP,Woodlands Ave 7,1.43872239825648,103.79091198323174
46291,233.25,0.23515541264737408,0.2060021436227224,7,balanced,Blk 106,Woodlands Ave 5,1.436467,103.7824875
46299,387.45,0.30855594270228415,0.1325332300942057,7,AM-peak boarding,Opp Blk 106,Woodlands Ave 5,1.43692705673107,103.78274585693057
46301,170.25,0.03788546255506608,0.5001468428781204,17,PM-peak boarding,Progen Bldg,Riverside Rd,1.44274264517274,103.78280019667034
46309,299.9,0.03601200400133378,0.3879626542180727,18,PM-peak boarding,Opp Progen Bldg,Riverside Rd,1.44317008649619,103.78254975765708
46311,104.55,0.06934481109516978,0.4887613582018173,17,PM-peak boarding,Blk 18,Marsiling Rd,1.44234108679072,103.78051008341868
46319,332.69999999999993,0.10234445446348063,0.41478809738503164,17,PM-peak boarding,Opp Blk 18,Marsiling Rd,1.44229032785462,103.7802984405171
46321,580.2,0.02990348155808342,0.3173043778007583,18,PM-peak boarding,W'lands Civic Ctr,Woodlands Ave 5,1.43457763941924,103.78655642033898
46329,37.9,0.1108179419525066,0.15039577836411608,11,balanced,Opp W'lands Civic Ctr,Woodlands Ave 5,1.43444810854853,103.78737576801932
46331,1327.55,0.2553199502843584,0.17920228993258258,7,balanced,Blk 511,Woodlands Ave 2,1.43314769562187,103.78816378743082
46339,106.19999999999999,0.2980225988700565,0.12711864406779663,7,AM-peak boarding,Bef W'lands Stn Exit 7,Woodlands Ave 2,1.43352632033198,103.78798319246935
46341,428.00000000000006,0.2636682242990654,0.18971962616822424,7,balanced,Rosewood,Woodlands Ave 1,1.43172193690625,103.78630311506315
46349,445.85,0.2582707188516317,0.13076146686105192,7,AM-peak boarding,Aft Blk 353,Woodlands Ave 1,1.4318970485931,103.78622445675852
46351,348.9999999999999,0.45573065902578813,0.09727793696275075,7,AM-peak boarding,Woodhaven,Woodlands Ave 1,1.43084888887005,103.78373500001297
46359,960.75,0.34431433775696074,0.11147540983606556,7,AM-peak boarding,Aft Blk 336,Woodlands Ave 1,1.430947,103.783354
46361,685.3499999999999,0.26220179470343624,0.15510323192529366,7,AM-peak boarding,Blk 425,Woodlands St 41,1.4274660260627,103.773787554639
46369,1198.9000000000003,0.2039369421970139,0.15476686963049457,15,balanced,Blk 413,Woodlands St 41,1.42760121342773,103.77315906940312
46371,290.95,0.23509194019590998,0.19934696683278916,7,balanced,Blk 406,Woodlands St 41,1.42917208793815,103.77253170053454
46379,323.9,0.2026860142019142,0.17242976227230628,6,balanced,Blk 409,Woodlands St 41,1.42911804399457,103.77294013114384
46381,101.60000000000001,0.09104330708661416,0.4498031496062992,18,PM-peak boarding,Opp W'lands Ind Pk D St 1,Woodlands Ave 3,1.42907427878851,103.76676266569542
46389,461.65000000000003,0.08751218455539912,0.4545651467562006,19,PM-peak boarding,Aft W'lands Ind Pk D St 1,Woodlands Ave 3,1.42930397640592,103.76660954719264
46391,1500.2,0.3404546060525263,0.12834955339288096,7,AM-peak boarding,Blk 853,Woodlands Ave 7,1.43921765358175,103.79299454006805
46399,1531.7499999999995,0.3414068875469236,0.1318753060225233,7,AM-peak boarding,Aft 888 Plaza,Woodlands Ave 7,1.43896035246776,103.79423705109248
46401,237.05,0.22400337481543978,0.17886521830837374,7,balanced,Blk 864,Woodlands Ave 4,1.44091,103.7955225
46409,398.19999999999993,0.3100200904068308,0.15457056755399298,7,AM-peak boarding,Blk 701A CP,Woodlands Ave 4,1.440652,103.795673
46411,550.35,0.24011992368492777,0.1542654674298174,7,AM-peak boarding,Blk 869,Woodlands Ave 4,1.44270591766599,103.79441916127091
46419,1953.2,0.3098505017407332,0.13480442351013722,7,AM-peak boarding,Evergreen Pr Sch,Woodlands Ave 4,1.443561111,103.7940981
46421,86.75,0.26570605187319885,0.14236311239193083,7,AM-peak boarding,Evergreen Sec Sch,Woodlands St 83,1.44087032562722,103.79353779670151
46429,1401.8500000000001,0.23169383314905304,0.156293469344081,7,balanced,Blk 856,Woodlands St 83,1.44071444400658,103.7931500000338
46431,105.49999999999997,0.366350710900474,0.1118483412322275,7,AM-peak boarding,Blk 840,Woodlands St 82,1.44397726846722,103.79225565189952
46439,1369.1999999999998,0.2856777680397313,0.17586912065439675,7,AM-peak boarding,Blk 880,Woodlands St 82,1.44413536712492,103.79265007190847
46441,190.75,0.16618610747051113,0.15360419397116645,13,balanced,Blk 816,Woodlands St 82,1.44219465826527,103.78973710977665
46449,1511.05,0.19330928824327456,0.15737401144899243,7,balanced,Blk 875,Woodlands St 82,1.442376,103.789952
46451,165.75000000000003,0.39909502262443436,0.17375565610859725,7,AM-peak boarding,Opp Blk 872,Woodlands Ave 9,1.44454396366237,103.78920988459528
46459,586.1499999999997,0.22613665443998987,0.3280730188518299,17,balanced,Blk 872,Woodlands Ave 9,1.4441853308513,103.78940895329838
46461,516.15,0.2538990603506733,0.30524072459556334,7,balanced,Opp Blk 757A CP,Woodlands Ave 9,1.44659598354815,103.79359661898341
46469,703.0500000000001,0.23454946305383684,0.22459284545907118,7,balanced,Blk 759,Woodlands Ave 9,1.44668865905093,103.79491852510797
46471,913.3999999999999,0.29204072695423694,0.21277643967593612,7,balanced,Opp Blk 773,Woodlands Ave 9,1.44796931841747,103.79758820990358
46479,1344.0,0.18526785714285715,0.2865327380952381,6,PM-peak boarding,Blk 774,Woodlands Ave 9,1.44796869795143,103.79840963198184
46481,614.35,0.2705298282737853,0.21917473752746805,7,balanced,Aft W'lands Ind Pk E6,Woodlands Ave 9,1.44964404178885,103.8011125258027
46489,1983.8500000000001,0.2865135972981829,0.18892557401013177,7,AM-peak boarding,Aft Gambas Ave,Woodlands Ave 9,1.44952095631928,103.80160651744906
46491,456.74999999999994,0.2285714285714286,0.16354679802955668,7,balanced,Blk 402,Woodlands Ave 3,1.43188974761143,103.77200799456398
46499,516.55,0.08034072209853839,0.17723356887039013,22,PM-peak boarding,Opp Blk 402,Woodlands Ave 3,1.4322913388299,103.77219638823969
46501,152.90000000000003,0.12393721386527139,0.22236756049705686,18,PM-peak boarding,Opp Marsiling Pk,Woodlands Ctr Rd,1.43796940271606,103.77118912980488
46509,319.79999999999995,0.14352720450281428,0.1777673545966229,6,balanced,Marsiling Pk,Woodlands Ctr Rd,1.43804390195153,103.7709643228368
46511,492.8999999999999,0.3032055183607223,0.12142422398052345,7,AM-peak boarding,Marsiling Pr Sch,Woodlands Ctr Rd,1.43438229479103,103.77255675974702
46519,787.4499999999999,0.13994539335830847,0.39335830846402947,18,PM-peak boarding,Opp Blk 144,Woodlands Ctr Rd,1.43554811627266,103.77213801008084
46521,5605.2,0.1188450010704346,0.3012113751516449,18,PM-peak boarding,Marsiling Stn,Woodlands Ave 3,1.43237833345523,103.77429333367095
46529,5073.800000000001,0.1995447199337774,0.28478655051440727,18,balanced,Opp Marsiling Stn,Woodlands Ave 3,1.43208152770031,103.77459689006626
46531,1049.7500000000002,0.18475827577994755,0.1904739223624672,7,balanced,Blk 173,Woodlands Ave 3,1.43240249999047,103.77751138903017
46539,1613.75,0.32003098373353994,0.12703330751355538,7,AM-peak boarding,Blk 320,Woodlands Ave 3,1.43209962904173,103.77822365534921
46541,1747.3500000000004,0.130941139439723,0.2310355681460497,18,PM-peak boarding,Marsiling Mall,Woodlands Ave 3,1.43328331503309,103.78083569681783
46549,1417.7000000000003,0.3366368060943781,0.1115539253720815,7,AM-peak boarding,Blk 347,Woodlands Ave 3,1.43319818915334,103.7812567265195
46551,524.4499999999998,0.23224330250738875,0.2113642863952713,7,balanced,Blk 101,Woodlands St 13,1.435183889,103.7817369
46559,220.00000000000006,0.19249999999999995,0.28477272727272723,17,balanced,Opp Blk 101,Woodlands St 13,1.435244,103.781503
46561,702.4000000000001,0.24423405466970385,0.1497010250569476,6,AM-peak boarding,Blk 183C,Woodlands St 13,1.434716944,103.7772439
46569,191.40000000000003,0.1849529780564263,0.22701149425287354,7,balanced,Blk 178,Woodlands St 13,1.434776,103.777485
46571,490.85,0.17449322603646736,0.15412040338188857,6,balanced,Blk 182,Woodlands St 13,1.43475417848392,103.7758535357882
46579,398.50000000000006,0.16662484316185697,0.23964868255959845,18,balanced,Blk 154,Woodlands St 13,1.43488583298053,103.77552249997427
46581,429.35,0.23582159077675555,0.16688016769535344,6,balanced,Blk 189B,Woodlands St 13,1.4364411890996,103.77379636706418
46589,286.29999999999995,0.16171847712190013,0.24100593782745375,18,balanced,Blk 146,Woodlands St 13,1.43632306005208,103.7741086340661
46591,730.9499999999999,0.08933579588207129,0.2502907175593406,18,PM-peak boarding,Blk 303,Woodlands Ave 1,1.43068958976223,103.77322606797722
46611,987.3000000000002,0.10766737567102197,0.18662007495188893,13,PM-peak boarding,W'lands Ring Sec Sch,Woodlands Ave 1,1.42923412810157,103.77760584579323
46619,260.65,0.10070976405140994,0.1837713408785728,13,PM-peak boarding,Opp W'lands Ring Sec Sch,Woodlands Ave 1,1.42907407993851,103.77775112537243
46621,861.5999999999999,0.1874419684308264,0.19603064066852371,7,balanced,Blk 335,Woodlands Ave 1,1.42955535916481,103.78064562823636
46629,551.9,0.19197318354774418,0.185903243341185,7,balanced,The Woodgrove,Woodlands Ave 1,1.42946092866646,103.7808172850331
46631,1055.3000000000002,0.21306737420638677,0.24201648820240684,7,balanced,W'lands Stn Exit 5,Woodlands Ave 2,1.43689297551872,103.78915264291737
46639,8.150000000000002,0.12269938650306746,0.1533742331288343,15,balanced,W'lands Stn Exit 4,Woodlands Ave 2,1.43702205360453,103.78884919678751
46641,315.44999999999993,0.2171501030274212,0.23506102393406253,7,balanced,Blk 894C,Woodlands Ave 5,1.43537882843176,103.79002659369449
46649,258.35,0.24985484807431776,0.16179601316044123,7,AM-peak boarding,Blk 515,Woodlands Ave 5,1.43513571565336,103.79042134084122
46651,223.84999999999994,0.42461469734197016,0.08644181371454102,7,AM-peak boarding,Blk 550,Woodlands Ave 4,1.43298096854241,103.79455264522785
46659,832.8499999999998,0.2483640511496669,0.13916071321366397,7,AM-peak boarding,Opp Blk 550,Woodlands Ave 4,1.43269272771322,103.79414300304941
46661,299.20000000000005,0.24381684491978606,0.15056818181818182,13,AM-peak boarding,Opp Blk 896B,Woodlands Dr 50,1.43759221925392,103.79228928579461
46669,460.5,0.2685124864277959,0.10532030401737243,13,AM-peak boarding,W'lands Pr Sch,Woodlands Dr 50,1.43740934044808,103.79182446445486
46671,644.25,0.21164144353899883,0.17671711292200232,7,balanced,Bef 888 Plaza,Woodlands Dr 50,1.43689166982219,103.7946223426922
46679,709.9499999999999,0.31713500950771184,0.12761462074794,7,AM-peak boarding,Opp 888 Plaza,Woodlands Dr 50,1.43677694401385,103.7948505560336
46681,659.7999999999998,0.2859199757502274,0.13261594422552292,7,AM-peak boarding,Blk 899A,Woodlands Ave 4,1.4357329097814,103.79577696652271
46689,303.90000000000003,0.3106284962158605,0.12421849292530436,7,AM-peak boarding,Blk 609,Woodlands Ave 4,1.43587054546915,103.79601265965388
46691,538.2499999999999,0.19349744542498845,0.21179749187180685,7,balanced,Opp 888 Plaza,Woodlands Ave 4,1.43823132518893,103.79587886684328
46699,509.8,0.17958022754021183,0.1729109454688113,8,balanced,888 Plaza,Woodlands Ave 4,1.43769989889611,103.79566316043969
46709,176.69999999999993,0.2713638936049803,0.16553480475382007,6,AM-peak boarding,Aft Blk 1,Marsiling Dr,1.44144739085946,103.77554719559573
46711,231.85,0.04377830493853785,0.5643735173603623,17,PM-peak boarding,Bef W'lands Ind Pk E3,Woodlands Ave 8,1.45470160187201,103.80084970775462
46719,452.09999999999997,0.047555850475558506,0.5561822605618227,17,PM-peak boarding,Aft W'lands Ind Pk E3,Woodlands Ave 8,1.45490953729339,103.80106314214777
46721,4.949999999999999,0.09090909090909091,0.44444444444444453,17,PM-peak boarding,Bef W'lands Ind Pk E7,Woodlands Ave 8,1.45248916519346,103.80178758846797
46729,66.9,0.020179372197309416,0.42376681614349776,11,PM-peak boarding,Aft W'lands Ind Pk E7,Woodlands Ave 8,1.4521571470745,103.80223070821165
46731,540.5500000000001,0.14300249745629448,0.28711497548792897,17,PM-peak boarding,Yew Huat Scaffolding Work,Gambas Ave,1.44852127932275,103.8043021981092
46739,152.74999999999997,0.23567921440261871,0.23306055646481183,7,balanced,Blk 782,Gambas Ave,1.44847350274561,103.80400338022199
46741,484.45,0.2370729693466818,0.2259263081845392,7,balanced,Seagate,Gambas Ave,1.44632701434368,103.80719269495765
46749,223.25000000000003,0.2463605823068309,0.1715565509518477,7,balanced,Opp Seagate,Gambas Ave,1.44598746959694,103.80719081852185
46759,490.59999999999997,0.16398287810843867,0.29688136975132495,18,PM-peak boarding,Blk 676A,Woodlands Ring Rd,1.439275,103.801227
46761,1311.15,0.3604088014338558,0.11779735346832931,7,AM-peak boarding,Blk 706,Woodlands Ave 7,1.4396175,103.7972525
46769,644.6,0.3040645361464474,0.15490226497052437,7,AM-peak boarding,Blk 666,Woodlands Ave 7,1.4395995,103.7980195
46771,7329.0,0.21395824805566924,0.26157047346159096,7,balanced,Opp Admiralty Stn,Woodlands Ave 7,1.44088808355944,103.80018670656507
46779,9198.05,0.10805007583129034,0.31748577144068585,18,PM-peak boarding,Admiralty Stn,Woodlands Ave 7,1.44071357576488,103.80070754495145
46781,219.70000000000002,0.32658170232134726,0.21597633136094674,7,AM-peak boarding,Bef Admiralty Pr Sch,Woodlands Ave 6,1.44267569107428,103.80124424937155
46789,685.75,0.25577834487787093,0.14896099161502005,8,AM-peak boarding,Opp Admiralty Pr Sch,Woodlands Ave 6,1.44351138898079,103.80106305603081
46791,148.55,0.3766408616627398,0.11242006058566138,7,AM-peak boarding,Blk 722,Woodlands Ave 6,1.44569499940057,103.79963351229267
46799,2474.05,0.280875487560882,0.13496089408055617,7,AM-peak boarding,Blk 786A CP,Woodlands Ave 6,1.44586617373151,103.79970850070715
46801,241.85000000000002,0.2821997105643994,0.09799462476741783,7,AM-peak boarding,Aft W'lands Mart,Woodlands Ave 6,1.44651205748064,103.79756626316295
46809,859.6500000000001,0.3830047112196824,0.1349968010236724,7,AM-peak boarding,Opp W'lands Mart,Woodlands Ave 6,1.44649662319346,103.79808713932866
46811,298.65,0.21145153189352087,0.12589988280596018,8,AM-peak boarding,Blk 726,Woodlands Circle,1.44379237320988,103.79931523209541
46821,303.80000000000007,0.2532916392363396,0.15766951942067145,7,AM-peak boarding,Blk 713,Woodlands Circle,1.44215561041047,103.79755539404626
46831,1160.35,0.2812082561296161,0.1202654371525833,7,AM-peak boarding,Blk 747A CP,Woodlands Circle,1.44364527797106,103.7956269439894
46841,1505.75,0.27793458409430516,0.11598870994521002,6,AM-peak boarding,Opp Blk 739A CP,Woodlands Circle,1.44498571659794,103.79690162812369
46851,716.25,0.2838394415357766,0.09270506108202443,7,AM-peak boarding,Blk 664,Woodlands Ring Rd,1.43612666735899,103.79761267660548
46859,606.7,0.26982033954178336,0.0965880995549695,7,AM-peak boarding,Blk 608A,Woodlands Ring Rd,1.4362025834102,103.79739593537928
46861,643.4000000000001,0.35017096673919795,0.09022381100404102,7,AM-peak boarding,Opp Blk 624B,Woodlands Ring Rd,1.43515578551993,103.79998340500156
46869,624.55,0.2414538467696742,0.16171643583380035,7,balanced,Blk 628A,Woodlands Ring Rd,1.43507671767646,103.80054550817393
46871,88.1,0.18955732122587968,0.12088535754824065,6,AM-peak boarding,Blk 644,Woodlands Ring Rd,1.43679116597713,103.80176512304321
46879,245.70000000000005,0.22059422059422057,0.20227920227920226,7,balanced,Blk 637,Woodlands Ring Rd,1.43706616822564,103.80215927133399
46881,247.79999999999995,0.014124293785310738,0.6099677158999194,17,PM-peak boarding,Old Chang Kee Bldg,Woodlands Loop,1.44983018145906,103.80523207218322
46891,158.1,0.055977229601518026,0.5524984187223276,18,PM-peak boarding,Jordon Food Ind,Woodlands Loop,1.44823908984273,103.80703539255815
46901,360.75000000000006,0.2717948717948717,0.2925848925848925,17,balanced,Blk 15,Woodlands Loop,1.4479841829065,103.80951476110357
46911,495.70000000000005,0.023602985676820655,0.6011700625378252,18,PM-peak boarding,Opp Blk 20,Woodlands Loop,1.45068968281344,103.81027103832493
46921,1011.3499999999999,0.043061254758491124,0.6232263805804124,17,PM-peak boarding,Opp Blk 22,Woodlands Link,1.4533158942724,103.81089004960499
46931,792.25,0.04802776901230673,0.5939413064058062,17,PM-peak boarding,Opp W'lands Spectrum 1,Woodlands Ave 9,1.45305389773625,103.80789928421208
46941,705.6,0.14044784580498867,0.4282879818594104,17,PM-peak boarding,Opp Nylect Engrg,Woodlands Ave 9,1.45167306508663,103.80547695607456
46951,69.05000000000001,0.1897175959449674,0.13758146270818244,7,balanced,Blk 536A,Woodlands Dr 14,1.43143692171434,103.79133300087983
46961,27.05,1.0,0.0,7,AM-peak boarding,Blk 547,Woodlands Ave 4,1.43048944407628,103.79285722250489
46969,629.4000000000001,0.20336828725770573,0.1681760406736574,7,balanced,Blk 532,Woodlands Ave 4,1.43059181782407,103.79269972105995
46971,853.4000000000001,0.28081790485118346,0.12280290602296694,13,AM-peak boarding,Woodgrove Pr Sch,Woodlands Ave 1,1.43187555599274,103.79034249996818
46979,1348.8000000000004,0.23761862396204025,0.15502669039145905,7,AM-peak boarding,Opp Blk 507,Woodlands Ave 1,1.43130555598072,103.79065444401148
46981,2166.2,0.06292124457575479,0.3752192779983381,18,PM-peak boarding,W'lands Sth Stn Exit 2,Woodlands Ave 1,1.42742,103.793617
46989,552.6500000000001,0.05003166561114628,0.36460689405591235,18,PM-peak boarding,W'lands Sth Stn Exit 1,Woodlands Ave 1,1.42802334589801,103.79221259917931
46991,431.84999999999997,0.1382424452935047,0.3100613638995022,17,PM-peak boarding,Blk 589,Woodlands Ave 1,1.42764093083406,103.79587149975599
46999,19.549999999999997,0.23273657289002564,0.1687979539641944,7,balanced,Opp Blk 589,Woodlands Ave 1,1.42742826147903,103.79600329149085
47009,7144.55,0.11788706076659831,0.16924788825048465,11,balanced,Woodlands Temp Int,Woodlands Sq,1.437553,103.786282
47011,56.60000000000001,0.20406360424028266,0.22879858657243812,8,balanced,Bef W'lands Waterfront Pk,Admiralty Rd,1.45076766255392,103.77863124035153
47019,63.199999999999996,0.07278481012658228,0.2911392405063291,19,PM-peak boarding,Aft W'lands Waterfront Pk,Admiralty Rd,1.45075155241442,103.77892930711522
47021,7.3999999999999995,0.30405405405405406,0.19594594594594597,7,AM-peak boarding,Khalsa Cres Drug Rehab Ctr,Admiralty Rd West,1.4511345744486,103.78327492635378
47029,5.7,0.02631578947368421,0.32456140350877194,18,PM-peak boarding,Opp Khalsa Cres Drug Rehab Ctr,Admiralty Rd West,1.45096550351717,103.78252315836185
47031,9.399999999999999,0.1542553191489362,0.3297872340425532,18,PM-peak boarding,Bef Keramat Rd,Admiralty Rd West,1.45176361051626,103.78814404102567
47039,697.7,0.2781281353017056,0.17206535760355454,6,AM-peak boarding,Aft View Rd,Admiralty Rd West,1.45156922188356,103.78905216062749
47041,506.25,0.11930864197530865,0.40928395061728395,18,PM-peak boarding,Opp W'lands Auto Hub,Admiralty Rd West,1.4525686110144,103.79164305597227
47049,1757.1499999999999,0.07904845915260508,0.42039666505420714,18,PM-peak boarding,W'lands Auto Hub,Admiralty Rd West,1.45246524141338,103.7925804884025
47051,288.95000000000005,0.05658418411489877,0.43242775566707037,17,PM-peak boarding,Aft W'lands Ind Pk E4,Admiralty Rd West,1.45449749999994,103.79560277796767
47059,858.3,0.0717115227775836,0.5214377257369219,17,PM-peak boarding,Bef W'lands Ind Pk E4,Admiralty Rd West,1.45396450182247,103.7954729366899
47061,319.84999999999997,0.04236360794122245,0.4983586055963733,18,PM-peak boarding,Aft Attap Valley Rd,Admiralty Rd West,1.45605441023441,103.79808423496016
47069,1208.85,0.05550730032675683,0.5552384497663069,18,PM-peak boarding,Nth Tech,Admiralty Rd West,1.45593908069502,103.79877069336828
47071,433.79999999999995,0.250230520977409,0.3713692946058092,18,balanced,Bef British American Tobacco,Admiralty Rd West,1.45761031985152,103.80214839695255
47079,768.6,0.11917772573510277,0.4681238615664845,17,PM-peak boarding,Opp British American Tobacco,Admiralty Rd West,1.45786431264124,103.8029959994045
47081,234.55,0.053080366659560854,0.4233638882967385,17,PM-peak boarding,Aft Senoko Cres,Senoko Rd,1.46202336398517,103.80383405130847
47089,581.2,0.06822092222986924,0.5215072264280798,17,PM-peak boarding,Aft Senoko Dr,Senoko Rd,1.46227877192855,103.80387918503345
47091,223.35000000000002,0.020147750167897917,0.5847324826505483,17,PM-peak boarding,Bef Senoko Cres,Senoko Dr,1.4645966256977,103.80602561139148
47099,181.75,0.06024759284731774,0.5147180192572215,17,PM-peak boarding,Masterdon,Senoko Dr,1.46400708429355,103.80529911397457
47101,207.50000000000003,0.046024096385542154,0.6780722891566265,17,PM-peak boarding,Bef Senoko Ave,Senoko Dr,1.46653722200693,103.8090658329841
47109,104.85000000000001,0.08726752503576536,0.5627086313781592,17,PM-peak boarding,MaxSteel Enterprise,Senoko Dr,1.46608416701086,103.80861861101391
47111,716.9000000000001,0.05593527688659506,0.5045334077277165,17,PM-peak boarding,Bef Senoko Way,Senoko Ave,1.46619184828781,103.81100178837575
47119,493.40000000000003,0.04752736116740981,0.48479935143899466,17,PM-peak boarding,Aft Senoko Way,Senoko Ave,1.46646104980927,103.81068004378777
47121,36.8,0.8301630434782609,0.1480978260869565,7,AM-peak boarding,Opp Lian Aik Siong Machinery,Senoko Rd,1.46371324914732,103.80278498662895
47129,38.199999999999996,0.0013089005235602097,0.9986910994764399,17,PM-peak boarding,Lian Aik Siong Machinery,Senoko Rd,1.46369329324947,103.8029823843495
47131,14.85,0.0,1.0,17,PM-peak boarding,Fuji Oil S'pore,Senoko Rd,1.46664224303828,103.80222436305644
47141,30.449999999999996,0.0032840722495894917,0.9950738916256158,17,PM-peak boarding,Bef SC Auto,Senoko Rd,1.46756958848835,103.80367776966509
47151,42.4,0.007075471698113208,0.9917452830188679,18,PM-peak boarding,Aft Scania S'pore,Senoko Rd,1.46627333237122,103.80397260190183
47169,110.25,0.0031746031746031746,0.9968253968253967,18,PM-peak boarding,Chuan Lim Constrn,Senoko Dr,1.46092504799029,103.80059733131966
47179,62.65,0.002394253790901836,0.9968076616121309,18,PM-peak boarding,ComfortDelGro Engrg,Senoko Loop,1.45828424831176,103.79880737870576
47189,8.45,0.00591715976331361,0.9881656804733728,17,PM-peak boarding,TAK Products & Svcs,Senoko Loop,1.45900316740952,103.80129287195832
47199,2.3,0.0,1.0,18,PM-peak boarding,Bef Senoko Dr,Senoko Loop,1.46123583610566,103.80266128022876
47201,3490.9000000000005,0.43793864046520947,0.20034948007677103,8,AM-peak boarding,W'lands Nth Stn,Nth Woodlands Dr,1.448472,103.7848997
47491,708.9500000000002,0.23414909373016426,0.21461316030749697,7,balanced,Twin Fountains,Woodlands Ave 6,1.431049,103.8005965
47499,424.84999999999997,0.30398964340355417,0.2312580910909733,7,balanced,Opp Twin Fountains,Woodlands Ave 6,1.430873,103.80047
47501,411.6000000000001,0.17772108843537412,0.18999028182701647,6,balanced,Opp Blk 583,Woodlands Dr 16,1.43046208317462,103.79470229416464
47509,471.05,0.26462159006474895,0.1605986625623607,7,AM-peak boarding,Blk 583,Woodlands Dr 16,1.430331111,103.7948411
47511,507.05,0.3079577950892417,0.10058179666699536,7,AM-peak boarding,Blk 554,Woodlands Dr 16,1.43190354583508,103.79644777764182
47521,1499.8000000000002,0.27003600480064005,0.14055207360981464,7,AM-peak boarding,Opp Blk 575,Woodlands Dr 16,1.43165346145517,103.79813585749302
47529,1252.5500000000002,0.3233004670472236,0.11831862999481056,7,AM-peak boarding,Blk 573A,Woodlands Dr 16,1.431536111,103.7981161
47539,294.99999999999994,0.19949152542372886,0.23220338983050853,7,balanced,Opp Woodgrove Sec Sch,Woodlands Ave 6,1.429383,103.797966
47541,404.29999999999995,0.1761068513480089,0.2631709126885976,18,balanced,Blk 639,Woodlands Ave 6,1.43789201937501,103.80334162830194
47549,803.45,0.17648889165473894,0.2081647893459456,7,balanced,Blk 693 CP,Woodlands Ave 6,1.4379048516895,103.80352352573782
47551,1326.8000000000002,0.24332981609888452,0.29235755200482355,7,balanced,Blk 630,Woodlands Ave 6,1.43472623786722,103.80188755233279
47559,1105.65,0.18391896169673946,0.37213403880070545,17,PM-peak boarding,Opp Blk 630,Woodlands Ave 6,1.43461254485308,103.80204564158956
47561,416.15000000000003,0.3796707917818094,0.1219512195121951,7,AM-peak boarding,Blk 620,Woodlands Ave 5,1.4332085,103.7984235
47569,516.55,0.31478075694511665,0.1250604975317007,7,AM-peak boarding,Opp Blk 620,Woodlands Ave 5,1.4329425,103.7995535
47571,443.7,0.32724814063556457,0.11449177372098264,7,AM-peak boarding,Blk 618,Woodlands Ave 5,1.43349024051919,103.79639715585557
47579,560.2,0.34550160656908246,0.1272759728668333,7,AM-peak boarding,Blk 556,Woodlands Ave 5,1.4333134741952,103.79597019770507
47581,153.64999999999998,0.32378782948259033,0.15782622844126262,7,AM-peak boarding,Opp Blk 521,Woodlands Ave 5,1.43464494959345,103.79352674536875
47589,192.0,0.36432291666666666,0.10442708333333334,7,AM-peak boarding,Blk 519A CP,Woodlands Ave 5,1.43479106906247,103.79254444311259
47591,809.6500000000001,0.2097202494905206,0.2543691718643858,7,balanced,Bef Admiralty Stn/Blk 680,Woodlands Ave 6,1.43973872693624,103.8025081158021
47599,944.65,0.2356428306780289,0.2591965278145345,8,balanced,Blk 683A,Woodlands Ave 6,1.4399264222862,103.80263149734922
47601,694.0000000000002,0.30497118155619585,0.1529538904899135,7,AM-peak boarding,Blk 793,Woodlands Ave 7,1.44211880036977,103.80304911976373
47609,162.1,0.14250462677359657,0.22146822948797043,8,PM-peak boarding,Opp Blk 793,Woodlands Ave 7,1.44184941782685,103.80309468577371
47611,1072.9,0.299002702954609,0.17979308416441417,7,AM-peak boarding,Northoaks Condo,Woodlands Ave 7,1.44388706173517,103.80622284389754
47619,3115.2999999999997,0.3431932719160274,0.15693512663306908,7,AM-peak boarding,Blk 688 CP,Woodlands Ave 7,1.44430697551185,103.80713784459924
47621,668.55,0.11076209707576098,0.420013461969935,17,PM-peak boarding,Aft Gambas Ave,Woodlands Ave 7,1.44689218119453,103.80982770058664
47629,306.5,0.21076672104404565,0.4029363784665579,17,PM-peak boarding,Seagate,Woodlands Ave 7,1.44667808186871,103.80985736845511
47641,116.85000000000001,0.23577235772357721,0.24775353016688056,7,balanced,Blk 681A,Woodlands Dr 62,1.43923143369845,103.80372860775078
47649,209.79999999999998,0.2659675881792183,0.13894184938036225,7,AM-peak boarding,Opp Blk 681B,Woodlands Dr 62,1.43909453192901,103.8036760000029
47651,117.29999999999998,0.4727195225916454,0.10997442455242967,7,AM-peak boarding,Blk 684B,Woodlands Dr 73,1.4416971090803,103.80525516994503
47659,579.3000000000001,0.2529777317452097,0.13274641809079923,7,AM-peak boarding,Blk 685A,Woodlands Dr 73,1.44146349893337,103.80545909188204
47661,70.8,0.09887005649717515,0.16596045197740114,14,PM-peak boarding,Blk 788E,Woodlands Cres,1.44445189092675,103.80275437815418
47671,1184.1000000000001,0.2191960138501815,0.15864369563381472,7,balanced,Opp Admiralty Sec Sch,Woodlands Cres,1.446563,103.803336
47681,624.25,0.2702442931517821,0.14513416099319182,7,AM-peak boarding,Woodsvale Condo,Woodlands Cres,1.44457845619804,103.80448623998072
47711,42.85,0.0035005834305717617,0.22870478413068845,20,PM-peak boarding,JB Sentral Bus Ter,Jln Jim Quee,1.46345834112565,103.76442341207213
47721,78.5,0.21719745222929937,0.2343949044585987,7,balanced,Blk 568B,Woodlands Dr 17,1.427909,103.790055
47731,33.650000000000006,0.16939078751857353,0.22585438335809802,17,balanced,Opp Christ Ch Sec Sch,Woodlands Dr 17,1.426029,103.791884
47739,30.899999999999995,0.14724919093851135,0.22491909385113276,17,PM-peak boarding,Blk 562A,Woodlands Dr 17,1.426643,103.791589
47749,1198.5,0.03771380892782645,0.2680016687526074,17,PM-peak boarding,W'lands Hosp,Woodlands Dr 17,1.425821,103.793911
47751,131.29999999999998,0.2204874333587205,0.23876618431073882,13,balanced,Blk 691D,Woodlands Dr 62,1.439206111,103.8058639
47759,1019.5499999999998,0.12838997596979063,0.4179785199352656,18,PM-peak boarding,Blk 694C,Woodlands Dr 62,1.439225,103.805645
47801,590.3499999999999,0.02261370373507242,0.5349369018378929,17,PM-peak boarding,Opp North Link Bldg,Admiralty Rd West,1.46417400978934,103.8129834777538
47809,622.95,0.13628702143029137,0.44682558792840515,17,PM-peak boarding,North Link Bldg,Admiralty Rd West,1.46379183832972,103.813587498325
47811,190.89999999999998,0.1843897328444212,0.3292299633315872,6,PM-peak boarding,W'lands Sunny Food,Admiralty Rd West,1.46237692251291,103.80898707919847
47819,218.40000000000003,0.17948717948717946,0.38484432234432225,18,PM-peak boarding,Opp W'lands Sunny Food,Admiralty Rd West,1.4625580134543,103.81005089658552
47821,283.74999999999994,0.033127753303964766,0.5970044052863438,17,PM-peak boarding,Opp Sumitomo Bakelite S'pore,Admiralty Rd West,1.46077717684188,103.80582927631109
47829,294.65,0.02511454267775327,0.5742406244697099,17,PM-peak boarding,Sumitomo Bakelite S'pore,Admiralty Rd West,1.46054631909982,103.80617388921056
48011,166.7,0.19556088782243553,0.20515896820635876,16,balanced,Opp Mandai Camp 2,Mandai Rd,1.41053605692452,103.77449402303927
48019,174.05000000000004,0.08876759551852913,0.4283251939097959,17,PM-peak boarding,Mandai Camp 2,Mandai Rd,1.41047890324886,103.77547240613428
48021,88.55,0.29474872953133824,0.19932241671372106,7,balanced,Aft Mandai Lake Rd,Mandai Rd,1.41091935719422,103.7794566466511
48029,46.449999999999996,0.11087190527448872,0.30247578040904205,18,PM-peak boarding,Bef Mandai Lake Rd,Mandai Rd,1.41056509187543,103.77968553987141
48031,8.95,0.10614525139664804,0.5977653631284916,18,PM-peak boarding,LP 162,Mandai Rd,1.41109191008995,103.78316982719807
48039,12.199999999999998,0.209016393442623,0.3565573770491804,17,PM-peak boarding,LP 159,Mandai Rd,1.41075606597918,103.78320916874394
48041,6.800000000000002,0.10294117647058822,0.28676470588235287,17,PM-peak boarding,Aft Jln Ulu Sembawang,Mandai Rd,1.41268317529503,103.78892108182363
48049,9.05,0.04419889502762431,0.23756906077348064,9,PM-peak boarding,Bef Jln Ulu Sembawang,Mandai Rd,1.41239185628293,103.78930383598242
48051,121.1,0.04252683732452519,0.2989265070189926,20,PM-peak boarding,Mandai Agrotech Pk,Mandai Rd,1.41529381857807,103.79737495337397
48059,31.400000000000002,0.06210191082802548,0.4394904458598726,17,PM-peak boarding,Opp Mandai Agrotech Pk,Mandai Rd,1.41502109155627,103.79763214717948
48061,21.6,0.17129629629629628,0.27777777777777773,18,PM-peak boarding,Bef Mandai Ave,Mandai Rd,1.41583154711836,103.80385151827096
48069,64.55,0.08752904725019366,0.45701006971340047,18,PM-peak boarding,Aft Mandai Ave,Mandai Rd,1.41601156056508,103.80203473964005
48071,85.3,0.012895662368112546,0.15416178194607266,12,PM-peak boarding,Mandai Crematorium,Mandai Rd,1.41176331480418,103.80578610823426
48079,3.7500000000000004,0.013333333333333332,0.2533333333333333,13,PM-peak boarding,Opp Mandai Crematorium,Mandai Rd,1.41314885322808,103.805294456727
48081,27.750000000000004,0.030630630630630627,0.5099099099099098,19,PM-peak boarding,Opp Upp Seletar Resvr,Mandai Rd,1.40542137548827,103.80892543786545
48089,4.249999999999999,0.04705882352941178,0.44705882352941184,18,PM-peak boarding,Upp Seletar Resvr,Mandai Rd,1.40560991243809,103.80795339830527
48091,20.6,0.01699029126213592,0.3834951456310679,17,PM-peak boarding,Aft Bath Rd,Mandai Rd,1.40274777797647,103.81238027797018
48099,4.1,0.03658536585365854,0.3536585365853659,17,PM-peak boarding,Aft Mandai Rd Track 7,Mandai Rd,1.4029276207034,103.81200115976088
48101,50.400000000000006,0.25297619047619047,0.2609126984126984,8,balanced,Aft Meng Suan Rd,Mandai Rd,1.40241038608699,103.81439973574913
48109,2.35,0.1276595744680851,0.19148936170212766,15,balanced,Opp Meng Suan Rd,Mandai Rd,1.40220535791866,103.81401491687515
48111,189.2,0.03091966173361522,0.4902219873150106,18,PM-peak boarding,Opp Bird Paradise,Mandai Lake Rd,1.40944188012509,103.77966346202638
48119,350.8,0.03919612314709236,0.47049600912200684,18,PM-peak boarding,Bird Paradise,Mandai Lake Rd,1.410027,103.778718
48131,1740.1499999999999,0.0080740166077637,0.40194810792173097,18,PM-peak boarding,S'pore Zoo,Mandai Lake Rd,1.40462388269986,103.78935694475769
48141,92.25000000000001,0.008672086720867209,0.2065040650406504,11,PM-peak boarding,Opp Mandai Crematorium & Columbarium,Mandai Ave,1.41557085636805,103.8094962642582
48149,40.25000000000001,0.016149068322981363,0.28571428571428564,11,PM-peak boarding,Mandai Crematorium & Columbarium,Mandai Ave,1.41521080481899,103.80907903666171
49011,2.3999999999999995,0.20833333333333337,0.31250000000000006,17,balanced,Opp Kim Hock Corp Pte Ltd,Sg Kadut St 1,1.41051803168987,103.75228251770571
49019,5.1499999999999995,0.09708737864077671,0.49514563106796117,17,PM-peak boarding,Kim Hock Corp Pte Ltd,Sg Kadut St 1,1.41054305509663,103.75244718246053
49021,32.949999999999996,0.1001517450682853,0.4036418816388468,17,PM-peak boarding,Whye Wah Devt & Constrn,Sg Kadut St 1,1.41337474993907,103.75177016684295
49029,172.74999999999997,0.105643994211288,0.5412445730824892,18,PM-peak boarding,Sit Ley Timber,Sg Kadut St 1,1.41359128228018,103.75189550271323
49031,16.7,0.0778443113772455,0.3592814371257485,17,PM-peak boarding,Opp Crown Alliance Industries,Sg Kadut St 1,1.41631604671773,103.75124374338
49039,22.8,0.07236842105263158,0.3969298245614035,17,PM-peak boarding,Asia Rattan Trading Co,Sg Kadut St 1,1.41665386559511,103.75136638264014
49041,9.65,0.13989637305699482,0.5077720207253886,18,PM-peak boarding,DHdeco Pte Ltd,Sg Kadut St 1,1.41926629646719,103.75071744712069
49049,27.750000000000004,0.08828828828828829,0.4648648648648648,17,PM-peak boarding,Sim Hup Co,Sg Kadut St 1,1.420040467845,103.75074630835057
49051,14.75,0.25084745762711863,0.376271186440678,7,PM-peak boarding,Aft Sg Kadut Eating Hse,Sg Kadut St 1,1.42276696289419,103.75010170518756
49059,19.5,0.12564102564102564,0.5641025641025641,17,PM-peak boarding,Aft LCS Optiroc Pte Ltd,Sg Kadut St 1,1.42318199210104,103.75019253254519
49061,33.75,0.056296296296296296,0.4770370370370371,17,PM-peak boarding,Poh Cheong Concrete Products,Sg Kadut St 1,1.42612604353693,103.74894489726996
49069,46.54999999999999,0.049409237379162196,0.5295381310418906,18,PM-peak boarding,Tropical Furniture Ltd,Sg Kadut St 1,1.4264399252605,103.74887339054357
49071,31.35,0.14354066985645933,0.5454545454545455,17,PM-peak boarding,Opp Wason Wood Ind,Sg Kadut Dr,1.42920936914454,103.74707415989546
49079,26.800000000000004,0.12126865671641789,0.6194029850746268,17,PM-peak boarding,Wason Wood Ind,Sg Kadut Dr,1.42936840267626,103.74721764191128
49081,3.0000000000000004,0.1,0.44999999999999996,19,PM-peak boarding,Aft Kranji Cres,Sg Kadut Dr,1.43392569720193,103.74846964367356
49089,10.6,0.169811320754717,0.4481132075471698,17,PM-peak boarding,Bef Kranji Cres,Sg Kadut Dr,1.43387888896839,103.74860194398363
49091,1.3,0.07692307692307693,0.3076923076923077,16,PM-peak boarding,Opp Kranji Wtr Reclam Plt,Kranji Rd,1.42753888899762,103.75641027798767
49099,49.3,0.1206896551724138,0.44929006085192696,18,PM-peak boarding,Aft Kranji Wtr Reclam Plt,Kranji Rd,1.42763,103.7566
49101,27.05,0.014787430683918667,0.19408502772643252,11,PM-peak boarding,Aft Kranji Cl,Kranji Rd,1.43019265139167,103.75584633886155
49109,71.95,0.0076441973592772765,0.2640722724113968,14,PM-peak boarding,Kranji Wtr Reclam Plt,Kranji Rd,1.42885154471804,103.75622617449282
49111,11.2,0.09375000000000001,0.18750000000000003,15,PM-peak boarding,Aft Jln Lam Huat,Kranji Rd,1.43245972200669,103.75543333298812
49119,279.85,0.13542969447918526,0.35251027336072893,6,PM-peak boarding,Blk 2,Kranji Rd,1.43218727065725,103.75568435534463
49131,12.500000000000002,0.036,0.6399999999999999,17,PM-peak boarding,Tan Chiang Bros Marble,Sg Kadut Ave,1.40812181907283,103.75361193086513
49139,13.650000000000002,0.4505494505494505,0.22344322344322343,7,AM-peak boarding,Bef Sg Kadut Way,Sg Kadut Ave,1.40797195308481,103.7535208650928
49141,159.9,0.24765478424015008,0.23921200750469043,6,balanced,Ctrl Granite Ind,Kranji Way,1.4383065782824,103.74365393048626
49149,6.75,0.044444444444444446,0.5481481481481482,17,PM-peak boarding,Aft Kranji Lk,Kranji Way,1.43841910254735,103.74316251360837
49151,178.09999999999997,0.34727681078046047,0.21167883211678837,7,AM-peak boarding,Daiya Engrg,Kranji Way,1.43666749998525,103.74684027798631
49159,4.6,0.04347826086956522,0.2282608695652174,16,PM-peak boarding,Aft Sg Kadut Dr,Kranji Way,1.43707187354398,103.74581261172025
49171,110.65,0.11477632173520107,0.4030727519204699,17,PM-peak boarding,Opp Shingda Constrn,Kranji Way,1.43471927034855,103.75086631663139
49179,2.1999999999999997,0.0,0.4545454545454546,19,PM-peak boarding,Aft Kranji Cres,Kranji Way,1.43467967585537,103.75053324827904
49181,36.949999999999996,0.02300405953991881,0.7618403247631936,17,PM-peak boarding,Dapolite Ind,Kranji Loop,1.43689816677634,103.75406639623813
49189,4.649999999999999,0.3655913978494625,0.19354838709677424,7,AM-peak boarding,Aft Kranji Rd,Kranji Loop,1.43646977071566,103.753734543128
49199,87.3,0.050973654066437564,0.3024054982817869,16,PM-peak boarding,Kranji Resvr Pk B,Kranji Way,1.4383674275063,103.73578447263064
49251,365.55000000000007,0.007659690876761043,0.7031869785255094,17,PM-peak boarding,TimMac @ Kranji,Kranji Loop,1.437161,103.756171
49259,15.250000000000002,0.009836065573770493,0.5573770491803278,17,PM-peak boarding,Opp TimMac @ Kranji,Kranji Loop,1.436986,103.756005
50011,523.4499999999999,0.09695290858725764,0.31875059700066866,17,PM-peak boarding,Opp Parish of Christ Ch,Kg Java Rd,1.31181999999518,103.84719777801662
50019,585.0999999999999,0.2479063407964451,0.2152623483165271,8,balanced,Parish of Christ Ch,Keng Lee Rd,1.31194891032358,103.84763856174139
50021,1196.9499999999998,0.09064706128075527,0.3211078156982331,19,PM-peak boarding,United Sq/Bef Novena Stn,Thomson Rd,1.3173533543911,103.84421700922245
50029,1318.5,0.18562760712931362,0.3093667045885476,18,PM-peak boarding,Opp United Sq,Thomson Rd,1.316795,103.844656
50031,2452.6499999999996,0.07626444865757448,0.3132530120481928,18,PM-peak boarding,Opp Novena Ch,Thomson Rd,1.321378056,103.8417481
50037,402.2500000000001,0.07594779366065878,0.2463642013673088,13,PM-peak boarding,Bef Novena Stn Exit B,Thomson Rd,1.32109968376279,103.84224304873378
50038,4832.95,0.14111464012663075,0.30098594026422787,18,PM-peak boarding,Novena Stn,Thomson Rd,1.32033749274601,103.842832976035
50041,352.35,0.15893287923939264,0.28011919965942955,18,PM-peak boarding,Novena Lodge,Thomson Rd,1.32362333324914,103.84161545670325
50049,569.3000000000001,0.22562796416652023,0.21675742139469523,8,balanced,Opp Novena Lodge,Thomson Rd,1.32354108650178,103.84189326889334
50051,479.7,0.13341671878257244,0.324577861163227,17,PM-peak boarding,Thomson Med Ctr,Thomson Rd,1.325878056,103.8418119
50059,1743.7000000000003,0.20726042323794225,0.2610827550610769,8,balanced,Opp Thomson Med Ctr,Thomson Rd,1.325264,103.842208
50061,279.7,0.11530210940293172,0.38863067572399,18,PM-peak boarding,Opp Hotel Royal,Newton Rd,1.31743500021924,103.84143789916804
50069,1165.4999999999998,0.206949806949807,0.23680823680823684,8,balanced,Hotel Royal,Newton Rd,1.31702163080967,103.84164776289317
50071,127.35,0.20887318413820183,0.1959167648213585,8,balanced,Bef Carlisle Rd,Norfolk Rd,1.31572306955077,103.84707504887322
50079,174.6,0.2849369988545246,0.13344788087056128,7,AM-peak boarding,Opp Carlisle Rd,Norfolk Rd,1.31583941661931,103.84693372586678
50081,667.0500000000001,0.15920845513829546,0.12945056592459334,13,balanced,Pek Kio Mkt,Owen Rd,1.31634,103.850484
50089,1068.8999999999999,0.26625502853400695,0.11703620544484986,8,AM-peak boarding,Blk 51/Opp Pek Kio Mkt,Owen Rd,1.31665493432357,103.85044724612104
50111,491.54999999999995,0.07557725561997762,0.31624453260095614,18,PM-peak boarding,Revival Ctr Ch,Moulmein Rd,1.31875833024702,103.8465549576423
50119,292.8500000000001,0.16407717261396615,0.14375960389277787,13,balanced,St. Joseph Instn Jnr,Moulmein Rd,1.31829503182752,103.8458185038638
50121,804.55,0.0534460257286682,0.4173761730159717,17,PM-peak boarding,Natl Skin Ctr,Moulmein Rd,1.31930304159281,103.84933923160258
50129,580.85,0.10983902900921064,0.2578979082379272,17,PM-peak boarding,Opp Natl Skin Ctr,Moulmein Rd,1.3189880880064,103.84929028517206
50159,1738.3500000000001,0.2974372249546984,0.16153248770385709,7,AM-peak boarding,Bef Kim Keat Lane,Kim Keat Rd,1.32456066077113,103.85326623915941
50161,771.9000000000001,0.13201191864231118,0.2436196398497214,18,PM-peak boarding,Bef Jln Dusun,Balestier Rd,1.32665700619185,103.84366009715464
50169,1000.9499999999999,0.1723362805334932,0.278035865927369,17,PM-peak boarding,Aft Irrawaddy Rd,Balestier Rd,1.32647401158756,103.84420812253344
50171,1675.0999999999997,0.09432272700137306,0.27302847591188595,18,PM-peak boarding,Zhongshan Mall,Balestier Rd,1.32663388888255,103.84641000001729
50179,1102.7499999999998,0.16472455225572435,0.2306506461119928,17,balanced,Opp Zhongshan Mall,Balestier Rd,1.32640402126103,103.8464203281907
50189,1121.2500000000002,0.22073578595317722,0.17520624303232996,8,balanced,Opp Public Mansion,Balestier Rd,1.32606229603246,103.84849190712964
50191,773.1499999999999,0.2300329819569295,0.20972644376899702,8,balanced,Bef Balestier Plaza,Balestier Rd,1.32604500002988,103.84902388888725
50199,1027.0500000000002,0.20797429531181538,0.19278516138454793,7,balanced,Opp Shaw Plaza,Balestier Rd,1.32496824756028,103.85050892832005
50201,1180.5,0.19407030919102075,0.21601016518424396,8,balanced,Shaw Plaza,Balestier Rd,1.32495,103.85092
50209,906.25,0.22653793103448278,0.1731862068965517,7,balanced,Aft Pegu Rd,Balestier Rd,1.32392782849174,103.85158181192296
50211,2202.4500000000003,0.23321755317941378,0.16433971259279437,8,balanced,Opp Balestier Pt,Balestier Rd,1.32306968689436,103.8525670514891
50221,2237.2499999999995,0.2673594815063136,0.15834171415800652,8,AM-peak boarding,Bef Blk 104,Balestier Rd,1.32143805851672,103.8530377626759
50229,1165.85,0.11339366127717974,0.2705751168675216,18,PM-peak boarding,Opp Blk 104,Balestier Rd,1.32095764720403,103.85283489560972
50231,398.05,0.1753548549177239,0.17711342796131138,14,balanced,NorthLight Sch,Balestier Rd,1.31872472201456,103.85492583301323
50239,169.50000000000003,0.13539823008849558,0.19321533923303832,14,balanced,S'pore Indian Assn,Balestier Rd,1.318301,103.8552335
50241,318.19999999999993,0.17536140791954752,0.20568824638592081,8,balanced,Opp S'pore Khalsa Assn,Balestier Rd,1.31724802771626,103.8572754498738
50249,503.6,0.13621922160444797,0.21842732327243844,8,PM-peak boarding,S'pore Khalsa Assn,Balestier Rd,1.317187,103.857005
50251,1299.0000000000002,0.1518475750577367,0.2344110854503464,18,PM-peak boarding,Farrer Pk Stn Exit A,Rangoon Rd,1.31240499998142,103.85486499997727
50259,42.7,0.0667447306791569,0.29508196721311475,19,PM-peak boarding,Opp Farrer Pk Stn,Rangoon Rd,1.31236388897416,103.85507888893754
50261,84.99999999999999,0.24000000000000002,0.17294117647058826,7,balanced,Kentish Lodge,Rangoon Rd,1.31608827183208,103.85322332407407
50279,159.65000000000003,0.2110867522705919,0.21672408393360473,13,balanced,Farrer Pk Stn Exit D,Gloucester Rd,1.31251000009337,103.8526780549204
50301,156.14999999999998,0.2145373038744797,0.15209734229907143,8,balanced,Kentish Green,Kent Rd,1.31587261047802,103.85178565977449
50321,406.05,0.27262652382711483,0.11833518039650288,8,AM-peak boarding,Aft Gloucester Rd,Dorset Rd,1.3136845041501,103.85083079337346
50331,461.70000000000005,0.20554472601256227,0.16200996317955382,8,balanced,Blk 122,Mcnair Rd,1.31862919267946,103.85727882383885
50339,109.25,0.1574370709382151,0.1496567505720824,14,balanced,Opp Blk 122,Mcnair Rd,1.318565,103.857405
50341,23.5,0.1425531914893617,0.16808510638297874,12,balanced,Opp Blk 108C,Towner Rd,1.319418,103.859282
50349,489.80000000000007,0.2613311555737035,0.15046957942017145,8,AM-peak boarding,Blk 107,Towner Rd,1.31930481783402,103.85957694494822
50351,39.79999999999999,0.35552763819095484,0.15954773869346736,8,AM-peak boarding,Farrer Pk Tennis Ctr,Dorset Rd,1.31216015438698,103.84857773804022
50361,86.6,0.11200923787528869,0.1466512702078522,13,balanced,Opp Hong Wen Sch,Towner Rd,1.321161,103.857129
50991,1319.35,0.10887937241823627,0.2011217645052488,13,PM-peak boarding,Blk 82,Whampoa Dr,1.32337986005569,103.85626145335385
51011,733.35,0.27872093816049637,0.22874480125451693,7,balanced,Opp Tan Tong Meng Twr,Thomson Rd,1.327841667,103.8406111
51019,515.4499999999999,0.19672131147540986,0.20845862838296636,8,balanced,Thomson Flyover,Thomson Rd,1.32894248973791,103.84066508496021
51021,209.9,0.14554549785612197,0.31705574082896615,19,PM-peak boarding,Old Police Acad,Thomson Rd,1.330411111,103.8391331
51029,263.94999999999993,0.19132411441560906,0.28130327713582126,8,balanced,Opp Old Police Acad,Thomson Rd,1.3302549684081,103.8397133983878
51031,220.0,0.06727272727272728,0.14931818181818182,15,PM-peak boarding,S'pore Polo Club,Thomson Rd,1.33162906440184,103.83859992029566
51039,362.05,0.11918243336555726,0.08493302030106338,15,balanced,Opp S'pore Polo Club,Thomson Rd,1.33165828742218,103.83888866147537
51049,218.85000000000005,0.0712816997943797,0.3397304089559058,15,PM-peak boarding,SLF Cplx,Thomson Rd,1.3338213150365,103.83795811295674
51051,234.89999999999998,0.08365261813537676,0.33822903363133255,17,PM-peak boarding,Aft Andrew Rd,Thomson Rd,1.33635352726982,103.83707802024655
51059,354.99999999999994,0.19140845070422535,0.29633802816901417,18,PM-peak boarding,Aft Toa Payoh Rise,Thomson Rd,1.3370325833883,103.83735019393414
51069,575.35,0.17850004345181192,0.2545407143477883,17,balanced,Mt Alvernia Hosp,Thomson Rd,1.34125785266365,103.83660435635784
51071,1813.9499999999998,0.0912924832547755,0.32098459163703524,17,PM-peak boarding,MacRitchie Resvr,Thomson Rd,1.34219256998908,103.83596576505084
51079,815.9999999999999,0.1727328431372549,0.3006740196078432,18,PM-peak boarding,Opp MacRitchie Resvr,Thomson Rd,1.34178289872759,103.83615392311769
51081,261.6,0.23012232415902137,0.13188073394495411,13,AM-peak boarding,Opp Marymount Convent Sch,Marymount Rd,1.3405549685403,103.83888813472058
51089,331.85,0.2567425041434383,0.1434383004369444,7,AM-peak boarding,Marymount Convent Sch,Marymount Rd,1.34154969745419,103.83962581957273
51091,884.8999999999999,0.13984631031755002,0.3363656910385355,17,PM-peak boarding,Opp Catholic JC,PIE,1.32648060854916,103.83401870730577
51099,1039.55,0.11485739021692079,0.3401952768024626,17,PM-peak boarding,Catholic JC,Whitley Rd,1.325881667006,103.8345342161876
51101,167.0,0.08383233532934131,0.4877245508982036,18,PM-peak boarding,Bef Thomson Flyover,PIE,1.32753637537789,103.83724817699014
51109,118.30000000000003,0.3089602704987319,0.1868131868131868,7,AM-peak boarding,Bef Dyson Rd,Whitley Rd,1.32709277800856,103.8397080559738
51111,91.1,0.07135016465422613,0.2815587266739846,17,PM-peak boarding,Opp Andrew Rd,Lornie Rd,1.34064833298154,103.83271333302345
51119,60.25,0.16265560165975104,0.31950207468879666,18,PM-peak boarding,Bef Andrew Rd,Lornie Rd,1.34014305601694,103.83257583298696
51131,67.30000000000001,0.19539375928677558,0.22585438335809802,21,balanced,Opp Braddell View,Braddell Rd,1.34429,103.839394
51139,75.49999999999999,0.22715231788079474,0.20927152317880798,8,balanced,Braddell View,Braddell Rd,1.34436688449065,103.84032264966956
51199,212.55,0.2846389084921195,0.14561279698894378,8,AM-peak boarding,Blk 131B,Toa Payoh Rise,1.338775,103.842559
52009,30322.600000000002,0.1304076827185004,0.2602233977297461,18,PM-peak boarding,Toa Payoh Int,Lor 6 Toa Payoh,1.33202083385749,103.84692763524869
52011,203.10000000000002,0.01969473165928114,0.27498769079271296,17,PM-peak boarding,Opp Raffles Girls' Sch,Braddell Rd,1.34504127313408,103.84263401771713
52019,410.4000000000001,0.047758284600389854,0.37341617933723187,17,PM-peak boarding,Raffles Girls' Sch,Braddell Rd,1.34403333300249,103.84368166701324
52021,521.5500000000001,0.153484804908446,0.34733007381842573,18,PM-peak boarding,Opp Blk 1004,Braddell Rd,1.34431313758435,103.84766088139544
52029,269.8,0.10433654558932541,0.4873980726464047,18,PM-peak boarding,Blk 1004,Braddell Rd,1.34359918269745,103.84736537931644
52031,1161.85,0.1320308129276585,0.2503335198175324,15,PM-peak boarding,Opp Blk 998,Braddell Rd,1.34404852974216,103.85026155631283
52039,1436.6000000000001,0.14527356257830987,0.2868578588333565,18,PM-peak boarding,Aft Muhajirin Mque,Braddell Rd,1.34333817728421,103.85130310024304
52049,710.6999999999999,0.24553257351906574,0.16068664696777823,8,AM-peak boarding,Blk 19,Jln Tenteram,1.32721151783698,103.85978762051998
52051,1835.9499999999998,0.2710585800266892,0.1661809962144939,7,AM-peak boarding,Blk 147,Braddell Rd,1.34338820709349,103.85469257245785
52059,2979.4000000000005,0.26352621333154325,0.17377659931529835,7,AM-peak boarding,Blk 219,Braddell Rd,1.34309745890513,103.85622585798508
52061,921.2499999999999,0.16917232021709638,0.37123473541383994,18,PM-peak boarding,BCA Acad,Braddell Rd,1.34352174018964,103.85873879159365
52069,399.55,0.10123889375547492,0.34251032411462895,17,PM-peak boarding,Opp BCA Acad,Braddell Rd,1.34314389988912,103.85856611406128
52071,4162.75,0.24302444297639783,0.2025343823193802,8,balanced,Trellis Twrs,Jln Toa Payoh,1.329978333,103.8438753
52079,3892.8,0.23891543362104395,0.20423602548294287,7,balanced,Opp Trellis Twrs,Jln Toa Payoh,1.32931477158443,103.84382885735747
52081,2643.750000000001,0.34099290780141833,0.1429976359338061,8,AM-peak boarding,Aft Blk 195,Jln Toa Payoh,1.33081389290944,103.8608407974236
52089,1790.3999999999999,0.31115951742627346,0.16406948168007152,7,AM-peak boarding,Opp Blk 195,Jln Toa Payoh,1.32991690265608,103.86027368842302
52099,1291.15,0.23990241257793438,0.23738527669132167,8,balanced,Opp NKF,Kim Keat Rd,1.32652328466497,103.85488905075222
52109,1130.7,0.2752719554258424,0.1313345715043778,7,AM-peak boarding,Bet Blks 33/34,Jln Bahagia,1.32697666701265,103.8581711110213
52119,76.7,0.25358539765319427,0.16166883963494133,8,AM-peak boarding,Opp Blk 65,Jln Tenteram,1.32782675894568,103.8581076205424
52129,1325.8500000000001,0.20220990308104234,0.15224195798921447,6,balanced,Blk 29,Jln Bahagia,1.32544666698102,103.85938111100755
52131,954.3,0.21864193649795663,0.1614796185685843,7,balanced,Blk 163,Lor 1 Toa Payoh,1.33220703637711,103.84419754508008
52139,605.6500000000001,0.1851729546767935,0.1755964666061256,14,balanced,Oleander Twrs,Lor 1 Toa Payoh,1.33271833297864,103.84404416701967
52141,108.7,0.16927322907083714,0.26632934682612697,17,PM-peak boarding,Opp Blk 139A,Lor 1 Toa Payoh,1.33627740506187,103.84333464003154
52149,592.25,0.3047699451245251,0.1588856057408189,8,AM-peak boarding,Blk 139A,Lor 1 Toa Payoh,1.33640498933489,103.84357399610558
52151,896.8999999999999,0.27026424350540756,0.1589363362693723,8,AM-peak boarding,Blk 131,Lor 1 Toa Payoh,1.33834001400213,103.84365712218609
52159,1019.9499999999998,0.1837344967890583,0.16696896906711117,8,balanced,Blk 128,Lor 1 Toa Payoh,1.33810803464351,103.84385638188928
52161,535.9,0.13267400634446724,0.26516141071095356,17,PM-peak boarding,Braddell Stn/Blk 111,Lor 1 Toa Payoh,1.34093830148518,103.84540645330499
52169,512.85,0.2746417081017841,0.181632056156771,7,AM-peak boarding,Blk 117,Lor 1 Toa Payoh,1.34013183349101,103.84465978021645
52171,1702.9499999999998,0.17575383892656862,0.26856337531929886,18,PM-peak boarding,Braddell Stn/Blk 107,Lor 1 Toa Payoh,1.3409498853794,103.8477798112237
52179,1065.8,0.17798836554700695,0.248076562206793,18,balanced,Braddell Stn/Blk 106,Lor 1 Toa Payoh,1.34069018059141,103.84803485038329
52181,870.0999999999999,0.10855074129410412,0.2924376508447305,18,PM-peak boarding,Opp Toa Payoh Stn,Lor 2 Toa Payoh,1.332993,103.846519
52189,2306.05,0.16489234838793607,0.2604887144684634,18,PM-peak boarding,Toa Payoh Stn,Lor 2 Toa Payoh,1.333207,103.846713
52191,703.7500000000002,0.34301953818827696,0.14223801065719355,7,AM-peak boarding,Blk 138B,Lor 2 Toa Payoh,1.33636138602833,103.84608389640735
52199,315.65,0.23111040709646757,0.16632345952795818,7,balanced,Blk 84B,Lor 2 Toa Payoh,1.335495,103.846639
52201,749.2,0.3001201281366791,0.13934863854778431,7,AM-peak boarding,Blk 121,Lor 2 Toa Payoh,1.339123,103.846497
52209,463.40000000000003,0.16346568839015968,0.22852826931376777,8,balanced,Blk 101C CP,Lor 2 Toa Payoh,1.339253,103.846775
52211,456.6000000000001,0.10556285589137099,0.31000876040297853,18,PM-peak boarding,Lighthouse Sch,Toa Payoh Rise,1.338573,103.84164
52219,292.4,0.10926812585499318,0.3361833105335158,18,PM-peak boarding,Bef Caldecott Stn Exit 3,Toa Payoh Rise,1.338026,103.840252
52221,238.7,0.11604524507750315,0.18056137410976122,13,PM-peak boarding,Opp Jackson Sq,Lor 3 Toa Payoh,1.338002,103.8482717
52229,316.9999999999999,0.31324921135646705,0.193217665615142,7,AM-peak boarding,Jackson Sq,Lor 3 Toa Payoh,1.33775023417492,103.8488028810671
52231,341.15,0.10801700131906784,0.2452000586252382,18,PM-peak boarding,Blk 79C,Toa Payoh Ctrl,1.3343049899737,103.8487842386021
52239,717.0500000000002,0.16505125165609089,0.21323478139599744,7,balanced,Blk 177,Toa Payoh Ctrl,1.33412194449168,103.84894805557066
52241,72.55,0.10475534114403859,0.28463128876636806,13,PM-peak boarding,Bef Caldecott Stn/SAVH,Toa Payoh Rise,1.33804611111505,103.8389949999753
52249,35.15,0.2788051209103841,0.3172119487908962,7,balanced,Aft Caldecott Stn,Toa Payoh Rise,1.337482,103.838328
52251,429.35,0.07802492139280306,0.24839874228484915,18,PM-peak boarding,Chung Hwa Free Clinic,Lor 4 Toa Payoh,1.3329698063249,103.85142087938439
52259,103.6,0.0472972972972973,0.42133204633204635,18,PM-peak boarding,Opp Chung Hwa Free Clinic,Lor 4 Toa Payoh,1.33278746546959,103.85165691373105
52261,700.85,0.12998501819219518,0.24127844759934364,18,PM-peak boarding,Opp Blk 73,Lor 4 Toa Payoh,1.33403167346972,103.85128140448401
52269,766.4000000000001,0.18945720250521916,0.14326722338204592,8,balanced,Blk 73,Lor 4 Toa Payoh,1.33404239936331,103.85147452356613
52271,1974.55,0.18695398951659872,0.21174444810209922,7,balanced,Jackson Sq,Lor 4 Toa Payoh,1.33683113907107,103.84974718092391
52279,1663.1000000000001,0.2356743430942216,0.17566592507967047,8,balanced,Blk 56,Lor 4 Toa Payoh,1.33702420555118,103.84992957112877
52281,341.6,0.31572014051522246,0.16408079625292737,7,AM-peak boarding,Blk 68,Lor 5 Toa Payoh,1.334382333,103.853628
52289,412.6499999999999,0.28801647885617354,0.1347388828304859,8,AM-peak boarding,Blk 34,Lor 5 Toa Payoh,1.334886632,103.8538671
52291,759.9999999999999,0.33493421052631583,0.13039473684210529,7,AM-peak boarding,Blk 59,Lor 5 Toa Payoh,1.3369700601272,103.85224710756584
52299,368.04999999999995,0.20975410949599238,0.14821355794049723,8,balanced,Blk 50,Lor 5 Toa Payoh,1.337101667,103.8523
52301,361.25000000000006,0.31709342560553627,0.13356401384083044,8,AM-peak boarding,Blk 35,Toa Payoh East,1.334033333,103.8545343
52309,166.0,0.3641566265060241,0.08373493975903613,7,AM-peak boarding,Opp Blk 35,Toa Payoh East,1.333908,103.854373
52311,640.1,0.1655210123418216,0.1444305577253554,10,balanced,Blk 23,Toa Payoh East,1.33435800960389,103.85721839168514
52319,985.5499999999998,0.2716249809750901,0.1337324336664807,8,AM-peak boarding,Blk 25,Toa Payoh East,1.33412138901702,103.85712611102798
52321,814.0000000000001,0.11191646191646189,0.2992628992628992,18,PM-peak boarding,Aft SAFRA Toa Payoh,Lor 6 Toa Payoh,1.3312589884768,103.8527071071997
52329,1282.8999999999999,0.252981526229636,0.23333852989321074,7,balanced,Aft Lor 4 Toa Payoh,Lor 6 Toa Payoh,1.33146817532374,103.85268688199498
52331,2615.3,0.3072496463120865,0.12704087485183344,8,AM-peak boarding,Blk 27,Lor 6 Toa Payoh,1.33246306626276,103.85581029367948
52339,646.1,0.2669091471908373,0.15609038848475468,7,AM-peak boarding,Opp Blk 26,Lor 6 Toa Payoh,1.332871667,103.8558608
52341,847.5999999999999,0.1700094384143464,0.09161160924964606,13,AM-peak boarding,Pei Chun Public Sch,Lor 6 Toa Payoh,1.33625777803173,103.85562250002782
52349,418.3999999999999,0.13360420650095606,0.1416108986615679,13,balanced,United Medicare Ctr,Lor 6 Toa Payoh,1.33619305600558,103.85544250002881
52351,203.44999999999996,0.21577783239125095,0.18112558368149426,7,balanced,Blk 2,Lor 6 Toa Payoh,1.33836800687246,103.85328005892127
52359,341.2,0.2448710433763189,0.16031652989449005,8,AM-peak boarding,Blk 52,Lor 6 Toa Payoh,1.33862833298637,103.85268888900069
52361,2553.8,0.2327707729657765,0.1589983553919649,7,balanced,Blk 1,Lor 6 Toa Payoh,1.33974408909931,103.8529812160764
52369,3010.1999999999994,0.17410803268885794,0.17699820609926253,7,balanced,Blk 237,Lor 6 Toa Payoh,1.34001833298065,103.85273333299853
52371,527.75,0.17261961155850306,0.15405021316911416,13,balanced,First Toa Payoh Pr Sch,Lor 8 Toa Payoh,1.33992964917756,103.85651585657361
52381,704.2,0.2364385117864243,0.2125106503834138,8,balanced,Braddell Tech Bldg,Lor 8 Toa Payoh,1.33988664001033,103.8583063045366
52389,411.65,0.22458399125470668,0.13300133608648124,7,AM-peak boarding,Blk 227,Lor 8 Toa Payoh,1.33972612917249,103.85808211459384
52391,857.15,0.26838943008808264,0.17342355480370997,8,AM-peak boarding,Opp Blk 231,Lor 8 Toa Payoh,1.3376513888146,103.8598834966415
52399,265.65,0.2657632222849614,0.17278373800112934,7,AM-peak boarding,Blk 231,Lor 8 Toa Payoh,1.33696449411474,103.859733895085
52401,136.85,0.25137011326269637,0.11655096821337231,7,AM-peak boarding,Blk 102,Jln Rajah,1.32830186081857,103.85082868868597
52409,494.15000000000003,0.23747849843165028,0.18202974805221087,7,balanced,Opp Blk 102,Jln Rajah,1.32801971174787,103.85105250762084
52411,96.5,0.20155440414507772,0.25647668393782386,8,balanced,Blk 105,Jln Rajah,1.328301,103.853806
52419,468.5,0.2112059765208111,0.19391675560298824,6,balanced,Opp Blk 105,Jln Rajah,1.32803305599299,103.85391750002599
52421,110.94999999999999,0.30914826498422715,0.08607480847228483,7,AM-peak boarding,Blk 12,Lor 7 Toa Payoh,1.336232,103.857428
52429,1167.6499999999996,0.24853337900912095,0.1498736779000557,8,AM-peak boarding,Blk 17A,Lor 7 Toa Payoh,1.33630975081569,103.85712939407202
52431,51.90000000000001,0.1290944123314065,0.14065510597302502,13,balanced,Blk 5,Lor 7 Toa Payoh,1.3383165,103.855529
52439,607.9499999999998,0.26696274364668154,0.13956739863475617,8,AM-peak boarding,Opp Blk 5,Lor 7 Toa Payoh,1.33825111098581,103.85541166702772
52441,413.6499999999999,0.15169829566058265,0.20016922519037836,9,balanced,Blk 202,Lor 1 Toa Payoh,1.34083165668042,103.84976000739448
52449,352.45000000000005,0.25436232089658106,0.18796992481203006,8,balanced,Bef Blk 105,Lor 1 Toa Payoh,1.34044945876465,103.85000305578686
52451,1199.9500000000003,0.22121755073128047,0.13104712696362344,6,AM-peak boarding,Blk 114,Whampoa Rd,1.3253199216809,103.85731928602708
52479,293.85,0.13850604049685214,0.2986217457886677,18,PM-peak boarding,Opp EAIM,Ah Hood Rd,1.32749617656635,103.84578619081431
52481,1816.25,0.16421197522367514,0.1697728836889195,8,balanced,Toa Payoh Polyclinic,Lor 8 Toa Payoh,1.33524833301564,103.85859277800392
52489,473.70000000000005,0.16793329111251848,0.15632256702554356,7,balanced,Opp Toa Payoh Polyclinic,Lor 8 Toa Payoh,1.33536277799489,103.85871194397946
52499,345.19999999999993,0.14296060254924683,0.15527230590961763,6,balanced,St. Michael's Ter,Whampoa Rd,1.32603759751245,103.85537211273478
52501,468.5,0.2129135538954109,0.28281750266808964,8,balanced,Bef Toa Payoh Pk,Lor 6 Toa Payoh,1.33090220918791,103.85011762889827
52509,2829.65,0.12676479423250225,0.30793561041118156,18,PM-peak boarding,Aft HDB Hub,Lor 6 Toa Payoh,1.33115712303762,103.85017633434691
52529,67.60000000000001,0.1338757396449704,0.3084319526627219,17,PM-peak boarding,Bef Blk 221,Lor 8 Toa Payoh,1.34132643517011,103.85733489917507
52531,65.55,0.08848207475209764,0.25019069412662087,13,PM-peak boarding,Opp Blk 210 Mkt/FC,Lor 8 Toa Payoh,1.3397645,103.854501
52539,1082.7,0.12547335365290477,0.19913180012930634,13,PM-peak boarding,Blk 210 Mkt/FC,Lor 8 Toa Payoh,1.33991805598004,103.85386250003322
52551,280.90000000000003,0.0719117123531506,0.4213243147027411,18,PM-peak boarding,Caldecott Stn Exit 4,Toa Payoh Lk,1.33634,103.839853
52559,1498.1000000000001,0.07763166677791869,0.424437620986583,18,PM-peak boarding,Caldecott Stn Exit 1,Toa Payoh Lk,1.336478,103.83967
52561,436.25,0.33707736389684817,0.18108882521489972,8,AM-peak boarding,Blk 269A,Kim Keat Ave,1.33319,103.859677
52569,29.59999999999999,0.4780405405405407,0.18581081081081086,7,AM-peak boarding,Opp Blk 269A,Kim Keat Ave,1.333124,103.859789
52571,262.55,0.29575318986859644,0.1384498190820796,8,AM-peak boarding,Blk 268A,Toa Payoh East,1.3328873,103.858081
52579,69.29999999999998,0.17388167388167394,0.24458874458874463,7,balanced,Blk 259,Toa Payoh East,1.333373,103.858017
52581,0.0,,,0,balanced,Bef Caldecott Stn Exit 4,Toa Payoh Lk,1.3371305,103.839776
53009,13143.4,0.08114719174642786,0.31507829024453343,18,PM-peak boarding,Bishan Int,Bishan St 13,1.35045541249544,103.84988083722291
53011,314.05,0.09488934882980417,0.33163508995382895,17,PM-peak boarding,St. Theresa's Hme,Upp Thomson Rd,1.34555351143315,103.8382633553218
53019,360.95,0.21983654245740405,0.21471117883363347,7,balanced,Opp St. Theresa's Hme,Upp Thomson Rd,1.34600349626668,103.83871779531225
53021,561.1000000000001,0.1919443949385136,0.2563714132953127,18,balanced,Lakeview Est,Upp Thomson Rd,1.34967996840542,103.83652457261991
53029,390.75,0.2528470889315419,0.18246960972488802,8,balanced,Shunfu Est,Upp Thomson Rd,1.34939240848355,103.83729222566143
53039,825.45,0.16487976255375855,0.18862438669816461,8,balanced,Thomson CC,Upp Thomson Rd,1.35144681735328,103.83591070615076
53041,1436.5,0.07654020187956839,0.2887922032718413,18,PM-peak boarding,Bef Thomson Ridge,Upp Thomson Rd,1.353099,103.834337
53049,1460.6,0.18625907161440503,0.23240449130494317,8,balanced,Bef Jln Todak,Upp Thomson Rd,1.35362664583092,103.83422172361446
53051,2879.0499999999993,0.055365485142668605,0.3410673659714143,18,PM-peak boarding,Upp Thomson Stn Exit 5,Upp Thomson Rd,1.354995,103.8316003
53059,1231.6,0.1351899967521923,0.2373335498538487,18,PM-peak boarding,Upp Thomson Stn Exit 2,Upp Thomson Rd,1.355471,103.8312231
53061,301.05,0.18153130709184523,0.2489619664507557,7,balanced,Bef Windsor Pk Rd,Upp Thomson Rd,1.3571583010953,103.82883507046125
53069,404.20000000000005,0.2537110341415141,0.16625432953983174,8,AM-peak boarding,Aft Windsor Pk Rd,Upp Thomson Rd,1.35777159286274,103.82894351047115
53071,252.50000000000003,0.18118811881188115,0.25049504950495044,19,balanced,Opp Flame Tree Pk,Upp Thomson Rd,1.36063333692202,103.82834252087906
53079,241.20000000000002,0.2294776119402985,0.1882255389718076,8,balanced,Flame Tree Pk,Upp Thomson Rd,1.36082666696977,103.82864333297208
53081,84.05000000000001,0.1290898274836407,0.18619869125520522,14,balanced,Opp Faber Gdn,Upp Thomson Rd,1.36319303798878,103.82783467220469
53089,310.04999999999995,0.27366553781648123,0.16287695532978555,8,AM-peak boarding,Faber Gdn,Upp Thomson Rd,1.363977,103.828198
53091,288.34999999999997,0.05080631177388591,0.26131437489162485,14,PM-peak boarding,Bef Ang Mo Kio Ave 1,Upp Thomson Rd,1.36482025993725,103.8279237884758
53099,196.79999999999995,0.11204268292682928,0.22891260162601634,14,PM-peak boarding,Aft Ang Mo Kio Ave 1,Upp Thomson Rd,1.36660638165473,103.82842866172699
53111,11.299999999999999,0.13274336283185842,0.26548672566371684,20,PM-peak boarding,Bef Marymount Lane,Marymount Rd,1.34549638897792,103.83890138902032
53119,72.55000000000003,0.08339076498966227,0.3232253618194348,18,PM-peak boarding,Aft Bishan St 21,Marymount Rd,1.347063,103.839451
53121,1987.9000000000003,0.23378942602746614,0.29342522259671,7,balanced,Marymount Stn,Marymount Rd,1.35016694219359,103.83947418569129
53129,189.10000000000002,0.2184029613960867,0.2020095187731359,8,balanced,Opp Marymount Stn,Marymount Rd,1.34968057726521,103.83978033272378
53131,269.75,0.21760889712696943,0.26302131603336426,7,balanced,Aft Jadescape,Marymount Rd,1.35315805208995,103.84031279218438
53139,301.8,0.33018555334658717,0.17594433399602388,7,AM-peak boarding,Marymount View,Marymount Rd,1.353021,103.840607
53141,172.54999999999998,0.09968125181106928,0.25905534627644167,14,PM-peak boarding,Opp Whitley Sec Sch,Marymount Rd,1.35566500759395,103.84132706520519
53149,207.15,0.26768042481293747,0.14506396331160995,7,AM-peak boarding,Whitley Sec Sch,Marymount Rd,1.35548111090619,103.84161232917471
53151,196.7,0.08617183528215556,0.5134722928317235,18,PM-peak boarding,Opp Blk 263A CP,Marymount Rd,1.357995,103.841113
53159,446.84999999999985,0.3892805191898849,0.11245384357166836,7,AM-peak boarding,Blk 260,Marymount Rd,1.357180105,103.8415963
53161,729.7,0.09915033575441962,0.3402083047827874,17,PM-peak boarding,Marymount CC,Marymount Rd,1.362208,103.842055
53169,1183.15,0.1456281959176774,0.2763808477369733,17,PM-peak boarding,Blk 254,Marymount Rd,1.361908333,103.84244
53171,226.95000000000005,0.21260189469046042,0.20841595064992283,8,balanced,Blk 23,Sin Ming Rd,1.35466138896969,103.83630694400975
53179,136.54999999999998,0.13181984621017945,0.24313438300988655,19,PM-peak boarding,Sin Ming Plaza,Sin Ming Rd,1.353043,103.835842
53181,158.79999999999998,0.068639798488665,0.46819899244332497,18,PM-peak boarding,Amtech Bldg,Sin Ming Rd,1.35607279929568,103.83781001395549
53189,263.2,0.18522036474164136,0.2822948328267477,18,PM-peak boarding,Blk 25,Sin Ming Rd,1.35496333303081,103.83681111097366
53191,298.9499999999999,0.09901321291185822,0.3298210403077439,18,PM-peak boarding,Blk 7 Ind Est,Sin Ming Rd,1.35837944828586,103.83908917392279
53199,333.90000000000003,0.25336927223719674,0.21473495058400718,7,balanced,Blk 22A CP,Sin Ming Rd,1.35754830843445,103.83899242953868
53201,254.75,0.0182531894013739,0.3205103042198234,17,PM-peak boarding,Opp NEA Reg Off,Sin Ming Dr,1.36128501070806,103.83850250682744
53209,81.45,0.04604051565377532,0.3425414364640884,18,PM-peak boarding,Aft NEA Reg Off,Sin Ming Dr,1.36099828733018,103.83852670989133
53211,482.69999999999993,0.20074580484773155,0.17526413921690492,7,balanced,Opp Raffles Instn,Bishan Rd,1.34707169454274,103.84712672325323
53219,831.6000000000001,0.06782106782106781,0.2515632515632515,13,PM-peak boarding,Raffles Instn,Bishan Rd,1.34606111102286,103.8465836110301
53221,1468.9000000000003,0.1893593845734903,0.19041459595615762,8,balanced,Blk 115,Bishan St 11,1.34816840593896,103.8484543562104
53229,246.35,0.08970976253298153,0.2835396793180434,18,PM-peak boarding,Blk 501,Bishan St 11,1.34822303496432,103.84927239325486
53231,4209.45,0.1380584161826367,0.2619582130682156,18,PM-peak boarding,Bishan Stn,Bishan Rd,1.35089997844732,103.84797987894204
53239,6189.0,0.14085474228469866,0.2963968330909678,18,PM-peak boarding,Opp Bishan Stn,Bishan Rd,1.351,103.847641
53241,849.1499999999997,0.35541423776717906,0.13272095625036806,8,AM-peak boarding,Opp Blk 217,Bishan Rd,1.35615639153054,103.84995659632311
53249,754.6999999999999,0.20140453160196106,0.18742546707300914,7,balanced,Blk 210,Bishan Rd,1.35538305217047,103.84911895270494
53251,380.25000000000006,0.24431295200525968,0.14280078895463508,6,AM-peak boarding,Blk 125,Bishan St 11,1.34678829540395,103.85199823380812
53259,209.49999999999997,0.34558472553699293,0.10381861575179,8,AM-peak boarding,Opp Blk 125,Bishan St 11,1.3471159591462,103.85199575975044
53261,329.09999999999997,0.1387116378000608,0.26678821027043453,18,PM-peak boarding,Opp Bishan Stadium,Bishan St 14,1.35285975794309,103.85179055539538
53269,109.39999999999998,0.03839122486288849,0.40904936014625237,18,PM-peak boarding,Bishan Stadium,Bishan St 14,1.35335792415265,103.8511190167485
53271,1029.7,0.2512382247256482,0.14353695251043994,7,AM-peak boarding,Opp Kuo Chuan Presby Sch,Bishan St 13,1.3493461110909,103.85391500001569
53279,524.25,0.10329041487839773,0.14763948497854076,13,balanced,Kuo Chuan Presby Sch,Bishan St 13,1.34970265350038,103.85391302825673
53281,2053.9,0.3024003116023175,0.15146793904279662,8,AM-peak boarding,Blk 169,Bishan St 13,1.34665638902153,103.85432083296934
53289,612.25,0.22678644344630466,0.17541853817884853,8,balanced,Zion Bible Presby Ch,Bishan St 13,1.347206111,103.8545811
53291,458.1,0.2180746561886051,0.13217638070290327,8,AM-peak boarding,Shunfu Mart,Shunfu Rd,1.35231394964571,103.8371139764859
53299,234.85000000000002,0.16244411326378538,0.16201830955929314,7,balanced,Bef Jadescape,Shunfu Rd,1.35174011670427,103.83794546128104
53301,60.00000000000001,0.06666666666666665,0.3033333333333333,18,PM-peak boarding,Raffles Instn,Bishan St 21,1.348611,103.845924
53309,27.450000000000003,0.16939890710382513,0.21857923497267756,16,balanced,Opp Raffles Instn,Bishan St 21,1.34849137843448,103.8452725001234
53311,226.45,0.08478692868182822,0.2848310885405167,12,PM-peak boarding,Opp Bosch,Bishan St 21,1.34684500003106,103.84162388899554
53319,136.65,0.019392608854738383,0.43175997072813754,18,PM-peak boarding,Bosch,Bishan St 21,1.34722500001495,103.8412483330228
53321,565.25,0.06068111455108359,0.45501990269792125,18,PM-peak boarding,Opp Eunoia JC,Sin Ming Ave,1.36143,103.840319
53329,343.80000000000007,0.051483420593368225,0.3916521233275159,18,PM-peak boarding,Eunoia JC,Sin Ming Ave,1.36153970079158,103.84049549859829
53331,143.7,0.03270702853166319,0.14857341684064024,12,PM-peak boarding,Bef Bright Hill Tp,Sin Ming Ave,1.363006,103.836624
53339,479.75,0.045336112558624284,0.12496091714434603,12,PM-peak boarding,Opp Bright Hill Tp,Sin Ming Ave,1.36312998205072,103.8367836110905
53341,369.95,0.19489120151371805,0.2121908365995405,8,balanced,Bright Hill Stn Exit 2,Sin Ming Ave,1.36355638900203,103.83394166697735
53349,1354.7500000000002,0.28647351909946484,0.22299317217198744,7,balanced,Bright Hill Stn Exit 1,Sin Ming Ave,1.3637398272719,103.83379317461136
53351,363.65,0.10422109170906091,0.2600027498968789,13,PM-peak boarding,Ai Tong Sch,Sin Ming Ave,1.36080972198475,103.83211750001261
53359,554.4499999999999,0.1160609613130129,0.3243755072594463,18,PM-peak boarding,Opp Ai Tong Sch,Sin Ming Ave,1.36125666702141,103.83196166697407
53361,759.9000000000001,0.30306619292012105,0.13830767206211342,8,AM-peak boarding,Blk 454,Sin Ming Ave,1.35929833296604,103.83032083300758
53369,521.0500000000001,0.21427885999424237,0.1749352269455906,7,balanced,Opp Blk 454,Sin Ming Ave,1.35947344252352,103.8301455974542
53371,1085.15,0.26328157397594804,0.16771874856010688,8,AM-peak boarding,Blk 257,Bishan St 22,1.35994333341045,103.84379568310376
53379,1971.3499999999997,0.31995840413929544,0.15628883759859996,8,AM-peak boarding,Blk 245,Bishan St 22,1.36018670154842,103.84386020713477
53381,2513.1999999999994,0.17616982333280284,0.1765279325163139,7,balanced,Bishan Nth Shop Mall,Bishan St 22,1.35830432828214,103.84496212009292
53389,4592.900000000001,0.2567005595593198,0.15830956476300373,8,AM-peak boarding,Opp Bishan Nth Shop Mall,Bishan St 22,1.35804473736933,103.84516933880761
53391,427.40000000000003,0.13558727187646233,0.222391202620496,13,PM-peak boarding,Opp Blk 203,Bishan St 22,1.35444291744538,103.84696320325273
53399,1491.5,0.18139456922561176,0.18759637948374122,13,balanced,Blk 202,Bishan St 22,1.35464002820911,103.8470163249439
53401,203.4,0.2536873156342183,0.1720747295968535,8,balanced,Guangyang Sec Sch,Bishan St 12,1.3454166669782,103.85048888897714
53409,425.74999999999994,0.21702877275396362,0.16641221374045806,8,balanced,Blk 131,Bishan St 12,1.34534609724691,103.85126805621526
53419,87.35,0.293073840870063,0.09502003434459075,7,AM-peak boarding,Opp Guangyang Pr Sch,Bishan St 12,1.34639996494893,103.84980877522956
53421,359.24999999999994,0.193597773138483,0.1489213639526792,8,balanced,Blk 151A Mkt,Bishan St 11,1.345658889,103.8553811
53439,308.40000000000003,0.3268482490272373,0.13570038910505836,8,AM-peak boarding,Blk 228,Bishan St 23,1.357625,103.847213
53509,61.95000000000001,0.012106537530266342,0.37853107344632764,17,PM-peak boarding,LTA Sin Ming Office,Sin Ming Dr,1.35718241,103.8366892
53519,88.44999999999999,0.03730921424533635,0.4804974561899379,17,PM-peak boarding,Sin Ming Autocity,Sin Ming Dr,1.35996591,103.8380155
54009,24438.350000000002,0.09340851571403141,0.2788486129382712,18,PM-peak boarding,Ang Mo Kio Int,Ang Mo Kio Ave 8,1.36968769913339,103.84856716193268
54011,1828.2,0.22932392517230063,0.1788918061481238,7,balanced,Blk 207,Ang Mo Kio Ave 6,1.36567044820875,103.84341042482097
54019,2366.2999999999993,0.29254532392342486,0.1277099268900816,7,AM-peak boarding,Blk 307A,Ang Mo Kio Ave 6,1.366576359,103.8443435
54031,753.6499999999999,0.1498042858090626,0.22092483248192135,7,balanced,Opp Al-Muttaqin Mque,Ang Mo Kio Ave 6,1.37008641040706,103.84534111753092
54039,834.6,0.16864366163431582,0.1833812604840642,7,balanced,Bef Al-Muttaqin Mque,Ang Mo Kio Ave 6,1.37091786093364,103.84563650364578
54041,217.54999999999998,0.10572282233969203,0.3019995403355551,17,PM-peak boarding,Opp Courts Ang Mo Kio,Ang Mo Kio Ave 6,1.373676,103.845043
54049,347.65000000000003,0.10959298144685745,0.2132892276715087,17,PM-peak boarding,Courts Ang Mo Kio,Ang Mo Kio Ave 6,1.373029,103.845336
54051,108.85000000000001,0.14745062011943041,0.24942581534221406,18,PM-peak boarding,Bef Ang Mo Kio Ave 5,Ang Mo Kio Ave 6,1.376558,103.844964
54059,299.05000000000007,0.18525330212339072,0.19612104999164015,7,balanced,Bef Ang Mo Kio Lib,Ang Mo Kio Ave 6,1.3762849891494,103.84498299185917
54061,651.6500000000001,0.2444563799585667,0.18990255505255887,7,balanced,Blk 244,Ang Mo Kio Ave 1,1.36728801688172,103.83404076959498
54069,247.15,0.1851102569289905,0.1715557353833704,6,balanced,Opp Blk 244,Ang Mo Kio Ave 1,1.36691997150676,103.83405562626137
54071,955.5999999999999,0.2958350774382587,0.13530766010883216,8,AM-peak boarding,Blk 310C,Ang Mo Kio Ave 1,1.36433664907741,103.84490672378502
54079,213.99999999999997,0.31168224299065417,0.14042056074766357,7,AM-peak boarding,Opp Blk 315,Ang Mo Kio Ave 1,1.36389805596869,103.84585916699372
54081,1657.35,0.21697287839020124,0.1321989923673334,7,AM-peak boarding,Teck Ghee Ct,Ang Mo Kio Ave 1,1.36358972199933,103.84786694396756
54089,373.94999999999993,0.1438695012702233,0.20564246557026342,8,balanced,Opp Ang Mo Kio Swim Cplx,Ang Mo Kio Ave 1,1.36297001065247,103.8484911674186
54091,551.5499999999998,0.2995195358535038,0.13271688876801746,7,AM-peak boarding,Blk 331,Ang Mo Kio Ave 1,1.36167975047647,103.85092799797833
54099,158.05000000000004,0.2277760202467573,0.23062322049984177,7,balanced,Opp Blk 333,Ang Mo Kio Ave 1,1.36118777797342,103.85104805596895
54101,915.05,0.20086334080104915,0.33571935959783616,17,PM-peak boarding,Aft Ang Mo Kio Ave 10,Ang Mo Kio Ave 1,1.35732097800984,103.85465761724518
54109,314.45,0.10240101764986485,0.4474479249483225,17,PM-peak boarding,Bef Ang Mo Kio Ave 10,Ang Mo Kio Ave 1,1.35708169204878,103.85433890252277
54161,183.70000000000002,0.17991290146978767,0.1657593903102885,7,balanced,Opp Blk 255,Ang Mo Kio St 11,1.37107664581619,103.83482933088284
54169,140.34999999999997,0.23868899180619885,0.1945137157107232,7,balanced,Blk 255,Ang Mo Kio St 11,1.37089833300275,103.83476694396748
54181,1629.2999999999995,0.14033634075983553,0.2759774136132082,18,PM-peak boarding,Mayflower Stn Exit 6,Ang Mo Kio Ave 4,1.37053305192374,103.83653495602837
54189,3137.9,0.18093310812964084,0.2619108320851525,18,balanced,Mayflower Stn Exit 5,Ang Mo Kio Ave 4,1.37046966291161,103.83679073259783
54191,1167.8000000000002,0.12947422503853395,0.28498030484672027,18,PM-peak boarding,Mayflower Stn Exit 2,Ang Mo Kio Ave 4,1.37447193336668,103.83756404776227
54199,1209.9500000000003,0.17066820943014172,0.15417992479028056,7,balanced,Bef Mayflower Stn Exit 3,Ang Mo Kio Ave 4,1.37430000000968,103.83767277798232
54201,470.34999999999997,0.19442968002551295,0.14574253215690444,7,balanced,Opp Blk 155,Ang Mo Kio Ave 4,1.375969,103.839271
54209,1543.5,0.2834143181081957,0.12312925170068026,7,AM-peak boarding,Bet Blks 152/155,Ang Mo Kio Ave 4,1.37638119735545,103.83952322759048
54211,596.55,0.10820551504484117,0.2387897074847037,14,PM-peak boarding,Mayflower Sec Sch,Ang Mo Kio Ave 3,1.36861222198461,103.83634833298527
54219,848.05,0.2163197924650669,0.1488709392134898,7,balanced,Opp Mayflower Sec Sch,Ang Mo Kio Ave 3,1.36880777071199,103.83679395921905
54221,1388.7000000000003,0.23071937783538554,0.16317419169006983,7,balanced,Opp Ang Mo Kio Pr Sch,Ang Mo Kio Ave 3,1.36995608006054,103.83959341119167
54229,1214.8,0.2752716496542641,0.13286137635824827,7,AM-peak boarding,Ang Mo Kio Pr Sch,Ang Mo Kio Ave 3,1.36960577947339,103.83993274827546
54231,1933.6000000000001,0.28211625982623084,0.1335333057509309,7,AM-peak boarding,Blk 129,Ang Mo Kio Ave 3,1.36966012463918,103.84193909880943
54239,1423.25,0.2919725979272791,0.15573511329703144,7,AM-peak boarding,Blk 209,Ang Mo Kio Ave 3,1.369186093503,103.84332015576305
54241,3186.7500000000005,0.1520671530556209,0.2407939122930885,18,PM-peak boarding,Blk 700B,Ang Mo Kio Ave 3,1.36913518643274,103.84618005827467
54247,992.1999999999999,0.24017335214674462,0.1782402741382786,7,balanced,Blk 322,Ang Mo Kio Ave 3,1.36873836498602,103.84719306132868
54248,4272.049999999999,0.153860558748142,0.22198944300745546,7,balanced,Blk 324,Ang Mo Kio Ave 3,1.36875490594243,103.84661006967286
54251,22.149999999999995,0.3905191873589166,0.11738148984198649,8,AM-peak boarding,Aft Grandeur 8,Ang Mo Kio Ave 5,1.37689002832989,103.84617199453344
54259,38.199999999999996,0.21073298429319376,0.32198952879581155,18,PM-peak boarding,Opp Grandeur 8,Ang Mo Kio Ave 5,1.3772094440158,103.84628222196814
54261,13373.55,0.21398207656157117,0.2528348867727716,7,balanced,Aft Ang Mo Kio Stn Exit A,Ang Mo Kio Ave 3,1.36946941916508,103.85075454495572
54269,823.1000000000001,0.22913376260478677,0.220629328149678,7,balanced,Opp Ang Mo Kio Stn,Ang Mo Kio Ave 3,1.36921006543476,103.85111893571647
54271,676.7499999999999,0.3321758404137422,0.11621721462874034,7,AM-peak boarding,Blk 586,Ang Mo Kio Ave 3,1.36996326781056,103.85356664655984
54279,700.1,0.28574489358663047,0.12883873732323953,7,AM-peak boarding,Blk 427,Ang Mo Kio Ave 3,1.36968919033429,103.85404760550173
54281,1325.0499999999997,0.22251990490924878,0.13761744839817366,8,AM-peak boarding,Blk 570,Ang Mo Kio Ave 3,1.369694,103.855165
54289,2845.4500000000003,0.21604667100107186,0.14119032139028975,7,AM-peak boarding,Blk 452,Ang Mo Kio Ave 3,1.369149,103.855987
54291,945.6500000000002,0.3179823401892878,0.142864696240681,7,AM-peak boarding,Blk 564,Ang Mo Kio Ave 3,1.3693065,103.858548
54299,2048.5,0.34495972662924096,0.1340004881620698,7,AM-peak boarding,Opp Blk 565,Ang Mo Kio Ave 3,1.36890152697813,103.85832656880861
54301,264.65,0.085773663328925,0.43208010580011336,18,PM-peak boarding,Blk 5022,Ang Mo Kio Ave 3,1.37019500530585,103.86284675062745
54309,477.90000000000003,0.06518100020924879,0.5342121782799749,17,PM-peak boarding,Opp Blk 5022,Ang Mo Kio Ave 3,1.36988835306854,103.86306604022437
54311,1392.5000000000005,0.18825852782764804,0.21335727109515254,8,balanced,Blk 332,Ang Mo Kio Ave 8,1.36143610819625,103.85257506359629
54319,2008.05,0.24991907572022612,0.15427902691666046,8,AM-peak boarding,Opp Christ The King Ch,Ang Mo Kio Ave 8,1.36205969144532,103.85305482306448
54321,1161.4999999999998,0.2672836848902282,0.13891519586741286,7,AM-peak boarding,Blk 354,Ang Mo Kio Ave 8,1.3639846735447,103.85237785571755
54329,1658.0499999999997,0.32785501040378767,0.11254184131962246,8,AM-peak boarding,Blk 420,Ang Mo Kio Ave 8,1.36449772525141,103.85247983714417
54331,552.2500000000001,0.2089633318243549,0.15645088275237662,7,balanced,Blk 346,Ang Mo Kio Ave 8,1.36719473720813,103.85056845375878
54339,1517.95,0.2219111301426266,0.2172667083896044,7,balanced,Blk 422,Ang Mo Kio Ave 8,1.3678447007404,103.85057966582927
54341,167.30000000000004,0.16915720263000594,0.2659892408846383,17,PM-peak boarding,Opp Blk 504,Ang Mo Kio Ave 8,1.37462142095238,103.84782467173312
54349,556.9999999999999,0.3592459605026931,0.12046678635547578,8,AM-peak boarding,Blk 504,Ang Mo Kio Ave 8,1.37477333299627,103.84810527802902
54351,1378.8,0.04804902814041195,0.31193791702930085,17,PM-peak boarding,Nanyang Poly,Ang Mo Kio Ave 5,1.37647777885877,103.85003474200923
54359,1218.85,0.17028346392090907,0.22742749312876892,17,balanced,Blk 502,Ang Mo Kio Ave 5,1.37615334768079,103.8499921086812
54369,348.25,0.0882986360373295,0.48312993539124194,18,PM-peak boarding,Opp Blk 4025,Ang Mo Kio Ind Pk 1,1.35874638898802,103.85588277797046
54371,2615.15,0.14396879720092537,0.20836280901669124,18,balanced,Blk 409 Mkt/FC,Ang Mo Kio Ave 10,1.36238306289968,103.85568284134345
54379,1903.5500000000004,0.26600299440519026,0.13511596753434368,8,AM-peak boarding,Blk 475,Ang Mo Kio Ave 10,1.36288998904353,103.85594804936484
54381,1548.7499999999995,0.2391283292978209,0.13991928974979825,7,AM-peak boarding,Blk 443,Ang Mo Kio Ave 10,1.3657416739059,103.85608617430734
54389,2409.9500000000003,0.2896325649909749,0.10269922612502333,8,AM-peak boarding,Blk 465,Ang Mo Kio Ave 10,1.36638973614786,103.85660537812751
54391,2517.4000000000005,0.11400651465798044,0.2577659489949948,18,PM-peak boarding,Aft Ang Mo Kio Int,Ang Mo Kio Ave 8,1.371548,103.848298
54399,290.1,0.12306101344364012,0.2512926577042399,18,PM-peak boarding,Bef Ang Mo Kio Stn Exit B,Ang Mo Kio Ave 8,1.37137302300723,103.84866111647399
54401,167.8,0.2202026221692491,0.09415971394517282,13,AM-peak boarding,Blk 522,Ang Mo Kio St 52,1.3729466814704,103.8516353477965
54409,551.0500000000001,0.2321023500589783,0.1599673350875601,7,balanced,Jing Shan Pr Sch,Ang Mo Kio St 52,1.37270833297137,103.85213888899418
54411,518.8,0.19361989205859678,0.10823053199691597,8,AM-peak boarding,Blk 527,Ang Mo Kio St 52,1.37235305596731,103.8542291670297
54419,721.7499999999998,0.1839279528922758,0.1729130585382751,8,balanced,Opp Blk 527,Ang Mo Kio St 52,1.37206167776818,103.8548909469337
54429,549.0499999999998,0.23021582733812954,0.14379382569893456,7,AM-peak boarding,Blk 561,Ang Mo Kio St 54,1.370344,103.85818
54439,822.2,0.252493310630017,0.16534906348820236,7,AM-peak boarding,Blk 549,Ang Mo Kio St 54,1.37328474238491,103.85715387505564
54441,430.75,0.1318630295995357,0.19976784677887405,15,PM-peak boarding,Blk 507,Ang Mo Kio St 53,1.37418169489017,103.85076922983178
54449,171.59999999999997,0.22027972027972031,0.16142191142191148,8,balanced,Opp Blk 507,Ang Mo Kio St 53,1.3746081045073,103.85088955053739
54451,465.6500000000001,0.2777837431547299,0.13196606893589602,7,AM-peak boarding,Blk 643,Ang Mo Kio Ave 5,1.37723501808517,103.84059645206445
54459,164.64999999999998,0.20376556331612514,0.14546006680838144,13,balanced,Blk 151,Ang Mo Kio Ave 5,1.37693336122245,103.84120098441312
54461,638.1,0.18374862874157655,0.13109230528130386,13,balanced,Blk 649,Ang Mo Kio Ave 5,1.37747997146347,103.84339938777067
54469,100.74999999999999,0.26253101736972706,0.10967741935483873,13,AM-peak boarding,Opp Blk 649,Ang Mo Kio Ave 5,1.3772016702489,103.84349683756662
54471,309.8500000000001,0.14152009036630625,0.28029691786348226,17,PM-peak boarding,Opp Blk 538,Ang Mo Kio Ave 5,1.37613470846106,103.853296559924
54479,1115.2500000000002,0.28424120152432186,0.20233131584846442,7,balanced,Blk 538,Ang Mo Kio Ave 5,1.37579335077466,103.853200441537
54481,3029.55,0.044759122641976526,0.2748097902328729,16,PM-peak boarding,ITE Coll Ctrl,Ang Mo Kio Ave 5,1.37599497932237,103.855765341723
54489,4756.05,0.057106212087761905,0.2637482785084261,16,PM-peak boarding,Opp ITE Coll Ctrl,Ang Mo Kio Ave 5,1.375675,103.855423
54491,119.05,0.06089878202435951,0.43805123897522047,18,PM-peak boarding,Aft CTE,Ang Mo Kio Ave 5,1.37717165299187,103.86010323265269
54499,372.75,0.032059020791415156,0.46210596914822266,20,PM-peak boarding,Bef CTE,Ang Mo Kio Ave 5,1.37700806651463,103.86055355422364
54501,296.0,0.07939189189189189,0.5528716216216215,18,PM-peak boarding,Opp AMK Ind Pk 2,Ang Mo Kio Ave 5,1.37787138898682,103.86266305598139
54509,679.6499999999997,0.1672919885235048,0.4113146472449056,18,PM-peak boarding,Aft Blk 5000,Ang Mo Kio Ave 5,1.37758835823729,103.86257049780349
54511,36.25,0.18068965517241378,0.2537931034482758,13,balanced,Blk 5032,Ang Mo Kio Ind Pk 2,1.372192,103.863322
54519,389.15000000000003,0.06629834254143646,0.6145445201079275,18,PM-peak boarding,Extra Space,Ang Mo Kio Ind Pk 2,1.372117,103.864539
54521,18.3,0.10655737704918034,0.4371584699453552,17,PM-peak boarding,Blk 5046,Ang Mo Kio Ind Pk 2,1.37342640743158,103.86288750616447
54529,408.25,0.03735456215554195,0.5555419473361911,17,PM-peak boarding,Opp Blk 5043,Ang Mo Kio Ind Pk 2,1.3733597291276,103.86303621815655
54531,269.05,0.26351979186024904,0.17413120237874,7,AM-peak boarding,Opp Bishan Pk,Bishan Rd,1.35839974282084,103.85132688003488
54539,267.54999999999995,0.190618575967109,0.24014202952719121,7,balanced,Bishan Pk,Bishan Rd,1.35857111103202,103.85104805599867
54571,741.9499999999998,0.18532246108228323,0.15782734685625718,7,balanced,Blk 532,Ang Mo Kio Ave 10,1.37425472964633,103.85491933752174
54579,1190.8500000000001,0.1791997312843767,0.2217323760339253,17,balanced,Blk 540,Ang Mo Kio Ave 10,1.37487817367914,103.85483080978989
54581,394.6,0.2263051191079574,0.19019260010136846,8,balanced,Blk 574,Ang Mo Kio Ave 10,1.37105833303092,103.85665833302312
54589,1625.2999999999997,0.23675629114624996,0.1526795053220944,7,AM-peak boarding,Blk 555,Ang Mo Kio Ave 10,1.37173441613541,103.85671893941708
54591,101.75000000000001,0.028009828009828003,0.5493857493857494,17,PM-peak boarding,Opp Blk 5060,Ang Mo Kio Ind Pk 2,1.37530666700034,103.8617738890253
54599,12.549999999999999,0.12350597609561755,0.19123505976095623,8,PM-peak boarding,Blk 5056,Ang Mo Kio Ind Pk 2,1.37489472202166,103.86180138897765
54601,203.05,0.13149470573750308,0.19330214232947548,13,balanced,Townsville Pr Sch,Ang Mo Kio Ave 10,1.35942138902131,103.85514583300495
54609,778.4999999999999,0.08978805394990368,0.4640333975594092,17,PM-peak boarding,Opp Townsville Pr Sch,Ang Mo Kio Ave 10,1.359358,103.855321
54611,605.55,0.23763520766245563,0.15283626455288582,7,AM-peak boarding,Blk 220,Ang Mo Kio Ave 1,1.36489470522366,103.84057417396242
54619,165.85000000000002,0.2493216762134458,0.22610792885137168,7,balanced,Opp Blk 220,Ang Mo Kio Ave 1,1.36467168386173,103.84050288513411
54621,629.8500000000001,0.20854171628165435,0.13455584663015,7,AM-peak boarding,Blk 223,Ang Mo Kio Ave 1,1.36595331171712,103.83773071305599
54629,136.29999999999998,0.32611885546588415,0.09611151870873076,8,AM-peak boarding,Opp Blk 223,Ang Mo Kio Ave 1,1.3655880696456,103.83801666007233
54631,197.75,0.13754740834386853,0.4829329962073325,18,PM-peak boarding,Bef Ang Mo Kio Ind Pk 2A,Ang Mo Kio Ind Pk 2,1.37702166744619,103.86697522711312
54641,258.8,0.04926584234930448,0.5792117465224111,18,PM-peak boarding,Sing Ind Cplx,Ang Mo Kio Ind Pk 2,1.37573967362754,103.864609061163
54651,506.8499999999999,0.06639045082371511,0.5547992502712835,17,PM-peak boarding,Opp Techplace 2,Ang Mo Kio Ave 5,1.37854275740549,103.86551861831312
54659,1747.55,0.10357357443277732,0.5259649223198192,18,PM-peak boarding,Techplace 2,Ang Mo Kio Ave 5,1.37834008020794,103.86686274044777
55011,402.45000000000005,0.20623679960243507,0.24288731519443407,7,balanced,Bef Lentor Stn Exit 5,Yio Chu Kang Rd,1.382262,103.835704
55019,641.5,0.19828526890101325,0.2051441932969603,7,balanced,Aft Lentor Stn Exit 4,Yio Chu Kang Rd,1.382212,103.836047
55021,1313.05,0.22249723925212292,0.2323216937664217,8,balanced,Opp Seasons Pk,Yio Chu Kang Rd,1.3857011784032,103.83872706499656
55029,380.90000000000003,0.2555788920976634,0.1563402467839328,7,AM-peak boarding,Seasons Pk,Yio Chu Kang Rd,1.38565193733046,103.83917105055716
55031,686.25,0.059380692167577416,0.6077231329690346,18,PM-peak boarding,Opp NCS Hub,Yio Chu Kang Rd,1.38944774212221,103.84360331162512
55039,1023.2,0.028879984362783422,0.5383111806098515,18,PM-peak boarding,NCS Hub,Yio Chu Kang Rd,1.3891573228776,103.84383135324573
55041,564.6499999999999,0.01983529620118658,0.6726290622509521,18,PM-peak boarding,Aft AMK St 64/Apple SG,Yio Chu Kang Rd,1.39122406741106,103.84602799523668
55049,353.45000000000005,0.057575328900834624,0.5601923893054179,17,PM-peak boarding,Bef AMK St 64/Apple SG,Yio Chu Kang Rd,1.39110547694961,103.84659281119058
55051,1226.7999999999997,0.040063580045647224,0.6663270296706881,18,PM-peak boarding,Opp ST Engineering,Yio Chu Kang Rd,1.3924,103.848962
55059,1688.1999999999998,0.06983769695533705,0.558731192986613,18,PM-peak boarding,ST Engineering,Yio Chu Kang Rd,1.3920822654425,103.84909518015897
55071,318.74999999999994,0.19137254901960787,0.23686274509803926,16,balanced,Bef ECON Medicare Ctr,Yio Chu Kang Rd,1.39246274085167,103.85261828242731
55079,239.39999999999995,0.1447368421052632,0.28237259816207194,16,PM-peak boarding,Aft ECON Medicare Ctr,Yio Chu Kang Rd,1.391952,103.853366
55081,738.15,0.23220212693896905,0.25550362392467657,7,balanced,Opp Sunrise Gdns,Yio Chu Kang Rd,1.39177133420779,103.8559732827973
55089,441.6499999999999,0.24533001245330016,0.18079927544435642,7,balanced,Aft Sunrise Gdns,Yio Chu Kang Rd,1.39129403706334,103.85630398734284
55101,148.15,0.1603104961187985,0.2473844076949038,17,PM-peak boarding,Opp Serenity Pk,Yio Chu Kang Rd,1.3909401415525,103.85967918415774
55109,269.15,0.3302990897269181,0.16161991454579233,8,AM-peak boarding,Serenity Pk,Yio Chu Kang Rd,1.39049447273752,103.8599334800352
55111,150.10000000000002,0.24583610926049296,0.1705529646902065,8,balanced,Blk 180,Ang Mo Kio Ave 5,1.37695556267127,103.83777368753996
55119,969.85,0.29525184306851576,0.13017476929422075,7,AM-peak boarding,Blk 617,Ang Mo Kio Ave 5,1.37728530731209,103.8378470631113
55121,145.40000000000003,0.2837001375515818,0.17193947730398898,8,AM-peak boarding,Opp Blk 604,Ang Mo Kio Ave 5,1.37943138901774,103.83519777802985
55129,845.25,0.26666666666666666,0.13380656610470273,7,AM-peak boarding,Blk 604,Ang Mo Kio Ave 5,1.37955302001994,103.83549938754196
55131,587.1499999999999,0.29702801669079454,0.1187090181384655,7,AM-peak boarding,Blk 612,Ang Mo Kio Ave 4,1.37986282047018,103.8396597025406
55139,1593.2999999999997,0.24719136383606358,0.15907236553065965,7,AM-peak boarding,Blk 641,Ang Mo Kio Ave 4,1.37894011617745,103.84007487448596
55141,302.15,0.27403607479728614,0.10226708588449446,8,AM-peak boarding,Opp Blk 622,Ang Mo Kio Ave 4,1.38151305598601,103.83902055596755
55149,509.29999999999995,0.23493029648537211,0.1451992931474573,7,AM-peak boarding,Blk 622,Ang Mo Kio Ave 4,1.38147638900431,103.8392680559805
55151,487.9,0.1794425087108014,0.27741340438614476,17,PM-peak boarding,Ang Mo Kio Community Hosp,Ang Mo Kio Ave 9,1.3833944010563,103.8403312479222
55159,773.6499999999999,0.16144251276416988,0.16958572998125773,13,balanced,Opp Ang Mo Kio Cmty Hosp,Ang Mo Kio Ave 9,1.383362,103.84065
55169,861.0000000000002,0.10905923344947734,0.16538908246225315,11,PM-peak boarding,Opp Yio Chu Kang CC,Ang Mo Kio St 61,1.38123639226093,103.84100233602071
55171,370.40000000000003,0.15537257019438444,0.23636609071274295,13,PM-peak boarding,Castle Green,Ang Mo Kio Ave 6,1.385783333,103.8429056
55179,435.65,0.3180305290944566,0.1703202111786985,7,AM-peak boarding,Opp Castle Green,Ang Mo Kio Ave 6,1.385991667,103.8431694
55181,727.5000000000001,0.1270103092783505,0.27429553264604806,18,PM-peak boarding,Opp Yio Chu Kang Stn,Ang Mo Kio Ave 6,1.38143251435794,103.84389230276943
55189,764.75,0.17953579601176856,0.2493625367767244,18,balanced,Yio Chu Kang Stn,Ang Mo Kio Ave 6,1.382955556,103.844225
55199,247.4,0.14470493128536782,0.16370250606305578,7,balanced,Blk 645,Ang Mo Kio St 61,1.3795247679563,103.8426631996752
55201,1124.75,0.21973771949322068,0.18679706601466994,8,balanced,Aft Blk 648,Ang Mo Kio Ave 6,1.37859113966821,103.8443777268119
55209,800.05,0.22098618836322734,0.1635522779826261,7,balanced,Opp Blk 646,Ang Mo Kio Ave 6,1.37863166702811,103.84468444401317
55211,3.0999999999999996,0.06451612903225808,0.3064516129032258,12,PM-peak boarding,Aft Ang Mo Kio Fire Stn,Ang Mo Kio St 62,1.386216,103.845539
55219,259.2,0.02025462962962963,0.5233410493827161,18,PM-peak boarding,Bef Ang Mo Kio Ave 9,Ang Mo Kio St 62,1.38560725163314,103.8459306339141
55221,206.09999999999997,0.01576904415332363,0.5742358078602622,18,PM-peak boarding,Aft Ang Mo Kio St 62,Ang Mo Kio St 64,1.38779002795173,103.84621115886938
55229,340.40000000000003,0.015423031727379553,0.5406874265569918,18,PM-peak boarding,Bef Ang Mo Kio St 62,Ang Mo Kio St 64,1.38851043039698,103.84591573293089
55231,474.95,0.01947573428781977,0.657227076534372,18,PM-peak boarding,Liuxun Sanhemiao Tp,Ang Mo Kio St 63,1.38576093943759,103.84831692135697
55239,94.65000000000002,0.061278394083465394,0.46856840993132587,18,PM-peak boarding,Bef AMK St 64,Ang Mo Kio St 63,1.38699777800655,103.84804111102198
55241,22.05,0.16326530612244897,0.2630385487528345,18,PM-peak boarding,Aft Yio Chu Kang Rd,Lentor Ave,1.389545,103.840319
55249,38.449999999999996,0.1105331599479844,0.3185955786736021,18,PM-peak boarding,Bef Yio Chu Kang Rd,Lentor Ave,1.389538,103.84068
55251,89.74999999999999,0.08802228412256269,0.28857938718662957,17,PM-peak boarding,Countryside Est,Lentor Ave,1.39093600499761,103.83885575492444
55259,255.99999999999997,0.07167968750000002,0.19042968750000003,20,PM-peak boarding,Opp Countryside Est,Lentor Ave,1.39143,103.838608
55261,391.2,0.14353271983640084,0.23760224948875253,20,PM-peak boarding,Bullion Pk Condo,Lentor Ave,1.39203,103.836929
55269,369.2,0.2766793066088841,0.16860780065005418,7,AM-peak boarding,Opp Bullion Pk Condo,Lentor Ave,1.39267,103.836298
55281,9.35,0.2513368983957219,0.18716577540106952,8,balanced,Aft SLE,Lentor Ave,1.39813695687252,103.82881324249821
55289,16.949999999999996,0.03834808259587022,0.2448377581120945,11,PM-peak boarding,LP 94,Lentor Ave,1.39844339285315,103.82903916367646
55301,228.44999999999993,0.3832348435106151,0.1468592689866492,8,AM-peak boarding,AMK Police Div HQ,Ang Mo Kio Ave 9,1.38425166698696,103.84445666701023
55309,346.9,0.15739406168924763,0.3417411357739983,18,PM-peak boarding,Opp AMK Police Div HQ,Ang Mo Kio Ave 9,1.384084,103.844597
55311,72.45,0.11318150448585229,0.44030365769496205,17,PM-peak boarding,Opp Yio Chu Kang Stadium,Ang Mo Kio Ave 9,1.38430357836038,103.84683966636786
55319,116.0,0.034482758620689655,0.5431034482758621,18,PM-peak boarding,Yio Chu Kang Stadium,Ang Mo Kio Ave 9,1.38408669861968,103.84678260704942
55321,6.3,0.30952380952380953,0.2222222222222222,8,balanced,Opp Nanyang Poly,Ang Mo Kio Ave 8,1.37836333298131,103.84722527801875
55329,249.05,0.09737000602288697,0.3196145352338887,17,PM-peak boarding,Nanyang Poly,Ang Mo Kio Ave 8,1.37901970079676,103.84722527828754
55331,13.200000000000001,0.34469696969696967,0.12499999999999999,7,AM-peak boarding,Aft Lentor Gr,Lentor Loop,1.38692246241021,103.8371410383723
55339,1.8500000000000003,0.32432432432432423,0.1081081081081081,7,AM-peak boarding,Aft Florissa Pk,Lentor Loop,1.38708225951205,103.83711644936153
55341,24.2,0.36983471074380164,0.16735537190082647,8,AM-peak boarding,Lentor Stn Exit 3,Lentor Dr,1.384975,103.836684
55349,74.19999999999999,0.12870619946091647,0.4346361185983828,18,PM-peak boarding,Lentor Stn Exit 5,Lentor Dr,1.38479144169995,103.8364930927339
55351,6.7,0.6044776119402985,0.09701492537313432,7,AM-peak boarding,Opp Fudu Wk P/G,Lentor Rd,1.3897367880855,103.83696395007934
55361,49.05000000000001,0.3170234454638124,0.14169215086646278,7,AM-peak boarding,Countryside Gdn P/G,Lentor Loop,1.38983685641152,103.83860500061255
55371,27.649999999999995,0.41048824593128397,0.07052441229656421,8,AM-peak boarding,Aft Lentor St,Lentor Loop,1.388614367271,103.83440450730951
55381,159.65,0.4581897901659881,0.1418728468524898,7,AM-peak boarding,Bef Bullion Pk,Lentor Loop,1.3899041699795,103.83624640000222
55509,12572.499999999998,0.3303519586398887,0.18827202227082923,8,AM-peak boarding,Yio Chu Kang Int,Ang Mo Kio Ave 8,1.38113241525166,103.8455558816965
56011,91.94999999999999,0.19412724306688423,0.25774877650897227,7,balanced,Bef Adana @ Thomson,Upp Thomson Rd,1.36865,103.828321
56019,332.35,0.276967052805777,0.16608996539792387,8,AM-peak boarding,Bef Ang Mo Kio Ave 1,Upp Thomson Rd,1.369486,103.828616
56021,436.75,0.17950772753291358,0.2264453348597596,7,balanced,Opp Sembawang Hills FC,Upp Thomson Rd,1.372666,103.82843
56029,698.5500000000001,0.22596807673037006,0.2022045666022475,7,balanced,Bef Sembawang Hills FC,Upp Thomson Rd,1.37359500001635,103.82870000002058
56031,178.04999999999998,0.15529345689413088,0.2549845549003089,18,PM-peak boarding,Bef Yio Chu Kang Rd,Upp Thomson Rd,1.37695666700099,103.82822527799023
56039,437.50000000000006,0.2620571428571428,0.21828571428571428,7,balanced,Aft Yio Chu Kang Rd,Upp Thomson Rd,1.37673055602474,103.82848388900504
56041,91.10000000000001,0.17288693743139405,0.3057080131723381,17,PM-peak boarding,Opp Meadows @ Peirce,Upp Thomson Rd,1.379094,103.827593
56049,379.2,0.2940400843881857,0.16191983122362869,8,AM-peak boarding,Meadows @ Peirce,Upp Thomson Rd,1.37945638898658,103.82768833298778
56051,1039.9,0.0672660832772382,0.642417540148091,18,PM-peak boarding,Opp Tagore Rd,Upp Thomson Rd,1.38249472962714,103.82576395474278
56059,924.05,0.09198636437422218,0.5360640657973054,18,PM-peak boarding,Bef Tagore Rd,Upp Thomson Rd,1.38268805765919,103.82604547355085
56061,74.35,0.06590450571620714,0.667787491593813,18,PM-peak boarding,Aft Tagore Dr,Upp Thomson Rd,1.385154,103.822865
56069,28.600000000000005,0.09265734265734264,0.5314685314685315,18,PM-peak boarding,Bef Tagore Dr,Upp Thomson Rd,1.38530499508514,103.82320879865532
56071,7.25,0.06206896551724137,0.3793103448275862,18,PM-peak boarding,Bef Old Upp Thomson Rd,Upp Thomson Rd,1.38717744383548,103.81964816646843
56079,4.2,0.07142857142857142,0.2738095238095238,19,PM-peak boarding,Aft Old Upp Thomson Rd,Upp Thomson Rd,1.38756640996273,103.81959791299872
56081,12.05,0.016597510373443983,0.21576763485477177,10,PM-peak boarding,Bef SLE,Upp Thomson Rd,1.391569,103.818216
56089,24.45,0.0081799591002045,0.3006134969325153,18,PM-peak boarding,Aft SLE,Upp Thomson Rd,1.39205091187219,103.81861107436661
56091,2934.1499999999996,0.17994990031184502,0.2851592454373499,18,PM-peak boarding,Springleaf Stn Exit 3,Upp Thomson Rd,1.3962,103.818459
56099,1339.2,0.3842965949820788,0.17835274790919953,8,AM-peak boarding,Springleaf Stn Exit 2,Upp Thomson Rd,1.39606817759915,103.8188299218487
56191,295.4,0.16790792146242384,0.3532498307379824,17,PM-peak boarding,Teachers' Housing Est,Yio Chu Kang Rd,1.37879833302094,103.82944083302411
56199,113.35,0.22849580943978826,0.24834583149536832,7,balanced,Aft Thomson Hills Dr,Yio Chu Kang Rd,1.37892333298882,103.83003638899949
56201,248.54999999999998,0.1995574331120499,0.19935626634479983,8,balanced,Aft Munshi Abdullah Ave,Yio Chu Kang Rd,1.38059381566563,103.83224759401025
56209,243.05,0.30754988685455664,0.14647191935815673,7,AM-peak boarding,Bef Thomson Hills Dr,Yio Chu Kang Rd,1.38031863295854,103.83240305645302
56241,175.6,0.11617312072892938,0.2124145785876993,14,PM-peak boarding,St. Nicholas Girls',Ang Mo Kio Ave 2,1.37199166697877,103.83320833301671
56249,49.8,0.03112449799196787,0.24899598393574304,14,PM-peak boarding,Opp St. Nicholas Girls',Ang Mo Kio Ave 2,1.37295831920319,103.83301111771881
56251,367.00000000000006,0.24073569482288823,0.1491825613079019,7,AM-peak boarding,Opp Horizon Gdns,Ang Mo Kio Ave 2,1.37637472203353,103.8344186109838
56259,83.5,0.3251497005988024,0.16766467065868262,7,AM-peak boarding,Horizon Gdns,Ang Mo Kio Ave 2,1.376844443968,103.83484027799092
56261,210.85000000000002,0.15129238795352143,0.2651173820251363,18,PM-peak boarding,Aft Ang Mo Kio Ave 2,Ang Mo Kio Ave 1,1.367859,103.831724
56269,124.99999999999999,0.26120000000000004,0.18000000000000002,7,balanced,Bef Ang Mo Kio Ave 2,Ang Mo Kio Ave 1,1.36741835425889,103.83233403239235
56289,41.75000000000001,0.15688622754491016,0.23353293413173648,18,balanced,Bef Shangri-La Wk,Ang Mo Kio Ave 2,1.37023167757252,103.83232655288832
57011,68.19999999999999,0.07184750733137832,0.35557184750733145,18,PM-peak boarding,Opp Springleaf Nature Pk,Upp Thomson Rd,1.40015725353057,103.81717214668784
57019,53.35000000000001,0.20899718837863165,0.17713214620431111,8,balanced,Springleaf Nature Pk,Upp Thomson Rd,1.40056260892652,103.81734465881833
57021,622.0500000000001,0.05594405594405593,0.3662085041395386,17,PM-peak boarding,Forest Hills Condo,Sembawang Rd,1.40414074099185,103.81834244198308
57029,978.0,0.1289877300613497,0.3446319018404908,17,PM-peak boarding,Aft The Springside,Sembawang Rd,1.40396290628178,103.81862261343507
57031,147.45000000000002,0.0766361478467277,0.16514072566971855,13,PM-peak boarding,Nee Soon Driclad Ctr,Sembawang Rd,1.40705411971506,103.82012256385369
57039,212.94999999999996,0.2808170932143696,0.1270251232683729,8,AM-peak boarding,Spiritual Grace Presby Ch,Sembawang Rd,1.40611750000192,103.8199872220186
57041,27.0,0.06851851851851852,0.29814814814814816,11,PM-peak boarding,Nee Soon Camp,Sembawang Rd,1.41069268256433,103.82192312004506
57049,38.1,0.08792650918635171,0.5104986876640419,18,PM-peak boarding,Opp Nee Soon Camp,Sembawang Rd,1.41082027802703,103.82233527798766
57051,183.35,0.050177256613035175,0.3596945732206163,17,PM-peak boarding,Aft Sembawang Air Base,Sembawang Rd,1.415206,103.8233905
57059,129.95,0.09849942285494423,0.363986148518661,17,PM-peak boarding,Opp Sembawang Air Base,Sembawang Rd,1.41472777811863,103.82356549744377
57061,322.4,0.01861042183622829,0.5590880893300249,17,PM-peak boarding,Dieppe Barracks,Sembawang Rd,1.419905,103.8245465
57069,123.85000000000002,0.04965684295518772,0.48486071861122315,17,PM-peak boarding,Opp Dieppe Barracks,Sembawang Rd,1.4189659270404,103.82460551333597
57071,671.8,0.24114319738017267,0.1960404882405478,7,balanced,Opp Khatib Camp,Sembawang Rd,1.424958,103.8255225
57079,397.45,0.20216379418794816,0.2390237765756699,7,balanced,Khatib Camp,Sembawang Rd,1.42443860227619,103.82566793061787
57081,231.75,0.14153182308522114,0.23236245954692558,20,PM-peak boarding,Opp Blk 713,Sembawang Rd,1.42753611101756,103.82655472202663
57089,881.1,0.22954261718306662,0.16456701849960276,7,balanced,Blk 713,Sembawang Rd,1.42740500891774,103.82685672676006
57111,948.35,0.10908419887172457,0.2354615911846892,17,PM-peak boarding,Opp Blk 101,Sembawang Rd,1.43123622644607,103.82654938929034
57119,1902.7499999999998,0.1445013795821837,0.1649191959006701,12,balanced,Blk 101,Sembawang Rd,1.43130257113028,103.82688773076856
57121,656.6999999999999,0.24592660271052233,0.1863864778437643,7,balanced,Opp Blk 115B,Sembawang Rd,1.43345083292583,103.82631132424072
57129,1563.9499999999998,0.297579845903002,0.13779212890437675,7,AM-peak boarding,Blk 114,Sembawang Rd,1.43418656873084,103.82641445936885
57131,295.95,0.27707383003885794,0.2392295995945261,8,balanced,Opp Jln Kemuning,Sembawang Rd,1.43808413802489,103.82529753316932
57139,299.35,0.18406547519625852,0.15400033405712377,15,balanced,Aft Jln Kemuning,Sembawang Rd,1.43795662145081,103.8255962797174
57141,20.15000000000001,0.29280397022332494,0.26054590570719594,7,balanced,Bef Upp Thomson Rd,Mandai Rd,1.40248255094729,103.8169622653191
57149,28.15,0.0905861456483126,0.29307282415630553,17,PM-peak boarding,Aft Upp Thomson Rd,Mandai Rd,1.40236816337763,103.81689548453724
58009,4086.0000000000005,0.08099608418991677,0.3436979931473323,18,PM-peak boarding,Sembawang Int,Sembawang Vista,1.44748179252514,103.81941391689068
58011,1150.55,0.090652296727652,0.2561383686063188,17,PM-peak boarding,Opp Sembawang Shop Ctr,Sembawang Rd,1.44135611418225,103.82418746836298
58019,842.4000000000001,0.08505460588793921,0.24780389363722694,17,PM-peak boarding,Aft Sembawang Shop Ctr,Sembawang Rd,1.44085,103.824719
58021,648.4,0.387954966070327,0.10094077729796423,7,AM-peak boarding,Opp The Nautical,Sembawang Rd,1.44324136994568,103.82367863032862
58029,482.0499999999999,0.24727725339695059,0.133181205269163,7,AM-peak boarding,The Nautical,Sembawang Rd,1.44315919415772,103.82398509211036
58031,45.0,0.43666666666666665,0.1388888888888889,7,AM-peak boarding,Opp Canberra Dr,Sembawang Rd,1.4462869,103.8250487
58039,85.25,0.2991202346041056,0.19120234604105574,8,AM-peak boarding,Bef Canberra Dr,Sembawang Rd,1.4467419,103.8258
58041,180.35000000000005,0.3495980038813417,0.16800665372886048,7,AM-peak boarding,Blk 590C,Sembawang Rd,1.44939346470038,103.8268558037182
58049,740.2499999999998,0.3973657548125634,0.10962512664640327,7,AM-peak boarding,Opp Blk 590C,Sembawang Rd,1.44919525191106,103.82703542333945
58051,502.2500000000001,0.24430064708810345,0.22170233947237428,7,balanced,Blk 592C,Sembawang Rd,1.45087972197488,103.82843083296738
58059,866.0999999999999,0.31058769195243047,0.20788592541276993,7,balanced,Opp Blk 592C,Sembawang Rd,1.45079007708143,103.82866296034206
58061,157.4,0.3808767471410419,0.1470775095298602,7,AM-peak boarding,Opp Blk 101A,Sembawang Rd,1.45296423052616,103.83110625286093
58069,650.0499999999998,0.36058764710406904,0.10560726097992465,7,AM-peak boarding,Blk 101A,Sembawang Rd,1.452187,103.830428
58071,3.7,0.06756756756756756,0.09459459459459459,14,balanced,Bef Jln Basong,Sembawang Rd,1.45528422069638,103.83388976874676
58079,51.4,0.23540856031128404,0.14785992217898833,7,AM-peak boarding,Aft Jln Basong,Sembawang Rd,1.45500446219905,103.83381218856621
58081,75.85,0.3309162821357944,0.10151615029663812,7,AM-peak boarding,Opp Jln Janggus,Sembawang Rd,1.45825194403092,103.83594609403143
58089,156.64999999999995,0.24609000957548682,0.1573571656559209,7,AM-peak boarding,Aft Andrews Ave,Sembawang Rd,1.45873255930273,103.83654216993519
58091,158.35,0.0688348594884749,0.26365645721503,19,PM-peak boarding,Sembawang Pk,Sembawang Rd,1.46211498021096,103.8379191742591
58099,189.25000000000003,0.28718626155878463,0.12892998678996037,7,AM-peak boarding,Opp Sembawang Pk,Sembawang Rd,1.460299,103.837391
58101,508.2499999999999,0.36783079193310386,0.10821446138711266,7,AM-peak boarding,Blk 311,Canberra Rd,1.44667277800811,103.82282277802054
58109,487.59999999999997,0.19657506152584087,0.19452420016406893,8,balanced,Opp Blk 311,Canberra Rd,1.44667607916689,103.82309298513003
58111,739.6500000000001,0.41046440884201985,0.11728520246062325,7,AM-peak boarding,Blk 351 CP,Canberra Rd,1.45096272310028,103.82075231895968
58119,606.4499999999998,0.20925055651743762,0.18377442493198126,7,balanced,Blk 502A,Canberra Rd,1.45099925490468,103.82102323159111
58121,634.6499999999997,0.3720948554321281,0.15504608839517853,7,AM-peak boarding,Blk 424A CP,Canberra Rd,1.45329115486737,103.81929476185202
58129,1146.7,0.24914973401935994,0.15165256823929535,7,AM-peak boarding,Blk 508 CP,Canberra Rd,1.45284216119403,103.8198821920911
58131,51.5,0.3640776699029126,0.1,13,AM-peak boarding,Aft Assyafaah Mque,Canberra Rd,1.4562533329966,103.82045999997707
58139,68.35000000000001,0.03730797366495976,0.3284564740307242,17,PM-peak boarding,Bef Assyafaah Mque,Canberra Rd,1.45637564424183,103.82074569870127
58141,514.0500000000001,0.02324676587880556,0.5220309308433032,17,PM-peak boarding,Sembawang Camp,Admiralty Rd West,1.463365158306,103.81653183057891
58149,140.9,0.11462029808374732,0.5379701916252662,17,PM-peak boarding,Opp Sembawang Shipyard G 8,Admiralty Rd West,1.46190359169667,103.81788921693168
58151,612.25,0.3017558187015108,0.15541037158023685,7,AM-peak boarding,Bef Sembawang Stn,Canberra Rd,1.44835904274406,103.82201343608213
58159,342.9000000000001,0.10731991834354035,0.2376786235053951,18,PM-peak boarding,Aft Admiral Hill,Canberra Rd,1.44821708737482,103.82235611868522
58161,31.9,0.03918495297805643,0.6300940438871474,18,PM-peak boarding,Bef Sembawang Shipyard G 3,Admiralty Rd West,1.46052755709037,103.82037350350512
58169,35.85,0.18828451882845187,0.33612273361227335,17,PM-peak boarding,Aft HomeTeamNS Sembawang Resort,Admiralty Rd West,1.45978696349073,103.82092447388442
58171,105.29999999999998,0.07122507122507124,0.5788224121557456,17,PM-peak boarding,Aft North Rd,Admiralty Rd West,1.45890580814381,103.82379883168399
58179,25.650000000000002,0.06432748538011696,0.5146198830409356,17,PM-peak boarding,Opp Sembawang Corp Industries,Admiralty Rd West,1.45855645310428,103.82350997035716
58181,28.4,0.25528169014084506,0.19014084507042253,6,balanced,Police Drv Circuit,Admiralty Rd West,1.45964275024639,103.82625715308492
58189,5.15,0.32038834951456313,0.029126213592233007,7,AM-peak boarding,Opp Police Drv Circuit,Admiralty Rd West,1.45915444426655,103.82601182603965
58191,140.95000000000002,0.0535650940049663,0.31216743526073065,16,PM-peak boarding,Aft Wellington Rd,Admiralty Rd East,1.45875202875202,103.82875514072087
58199,10.15,0.04926108374384236,0.3940886699507389,17,PM-peak boarding,Opp Auckland Rd West,Admiralty Rd East,1.4590501574168,103.82788431875926
58201,68.25000000000001,0.1106227106227106,0.2959706959706959,16,PM-peak boarding,Aft Queen's Ave,Admiralty Rd East,1.45531234912714,103.83098996673239
58209,12.2,0.26639344262295084,0.2540983606557377,8,balanced,Aft Pakistan Rd,Admiralty Rd East,1.45524083298775,103.83062638903208
58211,2646.0499999999997,0.19685946977570343,0.277791424954177,7,balanced,Sembawang Stn,Sembawang Way,1.44926202582359,103.81979401898032
58219,5443.049999999999,0.1780711182149714,0.2763891568146536,7,PM-peak boarding,Opp Sembawang Stn,Sembawang Way,1.44953463697186,103.8199297231716
58221,163.3,0.3714023270055113,0.11267605633802816,8,AM-peak boarding,Blk 339 CP,Sembawang Way,1.44859264769928,103.81706577986397
58229,490.35,0.23503619863362904,0.09676761496889977,7,AM-peak boarding,Blk 358A CP,Sembawang Way,1.44875084068886,103.8168059210019
58241,58.29999999999999,0.09176672384219554,0.29073756432247,18,PM-peak boarding,Sembawang Int/Opp Blk 315,Sembawang Vista,1.44722064601498,103.82018490260376
58249,30.450000000000003,0.2545155993431855,0.17898193760262723,7,balanced,Blk 309,Sembawang Vista,1.44711722202289,103.82118555599861
58251,2891.3500000000004,0.12468224185933904,0.3088522662424127,18,PM-peak boarding,Sun Plaza/ Sembawang Stn,Sembawang Dr,1.44803148822713,103.81895207486829
58259,4400.349999999999,0.2114036383469497,0.2768075266740146,7,balanced,Opp Sun Plaza,Sembawang Dr,1.44777267175187,103.81895151565973
58261,72.4,0.518646408839779,0.10151933701657458,8,AM-peak boarding,Visionaire,Canberra Link,1.44710213838584,103.82726305553976
58269,510.7,0.34589778735069515,0.13275895829253964,7,AM-peak boarding,Opp Visionaire,Canberra Link,1.44702361616489,103.82761997468876
58271,812.15,0.27956658252785815,0.1604383426706889,7,AM-peak boarding,Blk 335,Sembawang Cres,1.44702783502401,103.81470654183288
58279,585.75,0.2384122919334187,0.18890311566367904,7,balanced,Opp Blk 336A CP,Sembawang Cres,1.44658462255674,103.81456918653721
58281,784.1499999999999,0.20436141044443032,0.19785755276413955,7,balanced,Sembawang Sec Sch,Sembawang Cres,1.4450136750226,103.8162666133863
58289,568.2500000000001,0.15917289925208972,0.25138583369995593,7,PM-peak boarding,Opp Sembawang Sec Sch,Sembawang Cres,1.44485960840447,103.81627162679553
58291,596.85,0.23766440479182377,0.17064589092736868,7,balanced,Blk 317,Sembawang Dr,1.44579319988216,103.8199449173096
58299,296.80000000000007,0.25572776280323445,0.21479110512129376,7,balanced,Blk 328,Sembawang Dr,1.44582915331137,103.81968463382916
58311,290.8500000000001,0.30565583634175686,0.11964930376482719,7,AM-peak boarding,Blk 354 CP,Sembawang Dr,1.4501979542693,103.81810459422103
58319,210.99999999999997,0.28981042654028444,0.20924170616113746,8,balanced,Blk 357C,Sembawang Dr,1.44976933938251,103.81802192152004
58321,379.7,0.15485909928891228,0.15156702659994734,13,balanced,Bet Blks 357/359,Admiralty Dr,1.45020573824638,103.81614518346868
58329,166.1,0.21372667068031306,0.12853702588801927,7,AM-peak boarding,Blk 474,Admiralty Dr,1.45050186875947,103.81655964918443
58331,1157.4500000000003,0.13983325413624775,0.2233357812432502,14,PM-peak boarding,Blk 589D,Canberra Link,1.44974129560526,103.82397609690102
58339,502.35,0.3454762615706181,0.11167512690355329,7,AM-peak boarding,Opp Blk 589D,Canberra Link,1.44936138505812,103.82430573345592
58341,1818.0000000000002,0.23259075907590757,0.1631188118811881,7,balanced,Blk 405,Sembawang Dr,1.45267992935187,103.81687772159036
58349,555.6999999999999,0.24572611121108517,0.14846140003599065,7,AM-peak boarding,Blk 478,Sembawang Dr,1.45273139537549,103.81642343207659
58351,2244.2999999999997,0.3135944392460901,0.13694693222831175,7,AM-peak boarding,Blk 483,Sembawang Dr,1.45593548683251,103.81491062256012
58359,367.20000000000005,0.19226579520697165,0.11478758169934639,13,AM-peak boarding,Opp Blk 484A CP,Sembawang Dr,1.45619440004203,103.81465411421149
58361,934.9000000000001,0.04412236602845224,0.4959353941598031,17,PM-peak boarding,Nth Lk Bldg,Admiralty St,1.46118688481447,103.81270708997143
58369,350.25,0.02341184867951463,0.5307637401855817,17,PM-peak boarding,Bef Acacia Hme,Admiralty St,1.46077451756536,103.81206144667213
58371,712.4499999999998,0.321496245350551,0.16492385430556533,7,AM-peak boarding,Bet Blks 325/326,Sembawang Cres,1.44449009584233,103.8190895319006
58379,293.55,0.3076136944302504,0.21665815022994378,7,balanced,Opp Blk 325,Sembawang Cres,1.44428574142951,103.81900511225648
58381,860.55,0.27308116901981294,0.13305444192667482,7,AM-peak boarding,Blk 469B,Sembawang Way,1.44797049342873,103.81337787352544
58389,386.0,0.25738341968911915,0.1961139896373057,7,balanced,Opp Blk 469B,Sembawang Way,1.44773992017207,103.8135666814871
58391,232.1,0.38345540715208964,0.11740629039207238,7,AM-peak boarding,Blk 303,Sembawang Ave,1.44426472199698,103.82241222202445
58399,94.55,0.34955050237969326,0.12215758857747223,7,AM-peak boarding,Opp Blk 303,Sembawang Ave,1.44399912458783,103.822564665947
58401,111.10000000000001,0.2565256525652565,0.17326732673267325,7,balanced,Opp Blk 491,Admiralty Link,1.45575658287341,103.81800207598671
58409,1047.75,0.25726556907659265,0.19050345979479838,7,balanced,Blk 491,Admiralty Link,1.4561083849161,103.81810058815044
58411,389.70000000000005,0.2129843469335386,0.14549653579676675,13,balanced,Blk 404A CP,Admiralty Link,1.45461200191848,103.81658372927154
58419,1264.3000000000002,0.2966068180020564,0.11263149568931423,7,AM-peak boarding,Blk 482A CP,Admiralty Link,1.4546446175566,103.81583789207467
58421,182.49999999999997,0.37616438356164394,0.09589041095890412,7,AM-peak boarding,Blk 353,Admiralty Dr,1.4513061244853,103.81902919989243
58429,11.049999999999999,0.1809954751131222,0.11312217194570137,15,AM-peak boarding,Bet Blks 415/416,Admiralty Dr,1.45151629026328,103.81892529028816
58431,102.25,0.35256723716381416,0.1471882640586797,7,AM-peak boarding,Blk 567B,Champions Way,1.428437,103.788426
58439,179.65,0.19370999165043137,0.2646813247982187,7,balanced,Opp Blk 567B,Champions Way,1.42857896419364,103.78833922258168
58441,85.80000000000003,0.30186480186480175,0.1136363636363636,8,AM-peak boarding,Blk 567A,Champions Way,1.42731,103.788937
58449,260.34999999999997,0.13443441521029384,0.22969080084501634,18,PM-peak boarding,S'pore Sports Sch,Champions Way,1.4270920469684,103.78906720963263
58451,225.14999999999998,0.044636908727514996,0.552964690206529,17,PM-peak boarding,Aft Heavy Veh Pk,Sembawang Dr,1.46002660309429,103.81537241523831
58459,6.499999999999999,0.023076923076923085,0.5153846153846154,17,PM-peak boarding,Bef Heavy Veh Pk,Sembawang Dr,1.45994030687762,103.81514063371951
58461,159.65,0.12276855621672408,0.1099279674287504,13,balanced,Innova Pr Sch,Champions Way,1.429664,103.790475
58469,303.59999999999997,0.15991436100131753,0.1702898550724638,13,balanced,Opp Innova Pr Sch,Champions Way,1.429821,103.790446
58481,200.85,0.08015932287776949,0.29673885984565596,14,PM-peak boarding,Opp Wellington Pr Sch,Wellington Circle,1.45305905176825,103.82267933798676
58489,254.94999999999993,0.2933908609531281,0.16081584624436168,7,AM-peak boarding,Wellington Pr Sch,Wellington Circle,1.45285946613506,103.82251092163827
58491,26.599999999999998,0.12593984962406016,0.42481203007518803,17,PM-peak boarding,Opp Blk 507A,Montreal Dr,1.45272174340224,103.82431343665893
58499,179.64999999999998,0.22822154188700253,0.17422766490397998,6,balanced,Blk 506A,Montreal Dr,1.45205869701978,103.82428769521943
58501,12.500000000000002,0.05599999999999999,0.23999999999999996,19,PM-peak boarding,Blk 592A,Montreal Link,1.4507187825944,103.82708492151545
58509,393.45,0.3316812809759817,0.1070021603761596,7,AM-peak boarding,Blk 590A,Montreal Link,1.45059927113154,103.82696425665894
58511,1383.5999999999997,0.34865568083261067,0.1216753396935531,7,AM-peak boarding,Blk 104C,Canberra st,1.44964,103.8315
58519,721.4499999999999,0.304386998405988,0.13112481807471066,7,AM-peak boarding,Opp Blk 104B,Canberra st,1.44973306,103.831062
58521,1119.0,0.2668453976764969,0.1307864164432529,7,AM-peak boarding,Blk 106A,Canberra st,1.44819389,103.8326
58529,554.55,0.2648093048417636,0.1179334595618069,6,AM-peak boarding,Blk 108 CP,Canberra st,1.44801889,103.832461
58531,652.7,0.29293703079515854,0.1283131607170216,7,AM-peak boarding,Blk 129A,Canberra Way,1.44543806,103.8323
58539,183.9,0.15633496465470365,0.14709081022294726,6,balanced,Blk 120A,Canberra Way,1.44576806,103.832311
58541,3628.6,0.23075015157360965,0.2632282422973048,7,balanced,Opp Canberra Stn,Canberra Link,1.44284,103.830351
58549,4484.450000000001,0.10040250197906096,0.3678154511701546,18,PM-peak boarding,Canberra Stn,Canberra Link,1.442578,103.830142
58571,277.45,0.11083078032077852,0.43178951162371604,18,PM-peak boarding,Bef Sembawang Ave,Sembawang Ave,1.441805,103.8168685
58579,53.7,0.01675977653631285,0.606145251396648,18,PM-peak boarding,Aft Sembawang Ave,Sembawang Ave,1.442016944,103.8159789
58581,547.7,0.15345992331568378,0.4187511411356582,18,PM-peak boarding,Bef Gambas Cres,Bef Gambas Cres,1.443876,103.813122
58589,334.90000000000003,0.06166019707375335,0.5476261570618095,17,PM-peak boarding,Opp Gambas Cres,Opp Gambas Cres,1.443534,103.813173
58601,377.5499999999999,0.3878956429611973,0.1281949410674083,7,AM-peak boarding,Blk 108A,Canberra Wk,1.448139,103.831129
58609,125.60000000000001,0.19546178343949042,0.17953821656050953,6,balanced,Blk 109A,Canberra Wk,1.447964,103.830401
58611,67.74999999999999,0.18081180811808123,0.20590405904059045,6,balanced,Blk 115C,Canberra Cres,1.446533,103.82993
58619,100.39999999999999,0.31822709163346613,0.13794820717131476,7,AM-peak boarding,Opp Blk 115C,Canberra Cres,1.44637,103.830152
58621,1244.0999999999997,0.33823647616751074,0.1416686761514348,7,AM-peak boarding,Blk 126 CP,Canberra st,1.445953,103.834031
58991,94.74999999999997,0.15567282321899742,0.22638522427440638,18,balanced,Blk 767,Yishun Ave 2,1.424583611,103.8350086
59009,37220.950000000004,0.07871910845908016,0.31183379252813265,18,PM-peak boarding,Yishun Int,Yishun Ave 2,1.4284,103.8360975
59011,44.400000000000006,0.13851351351351351,0.29954954954954954,6,PM-peak boarding,Bef Sg Seletar Bridge,Lentor Ave,1.401439,103.827464
59019,309.75000000000006,0.24939467312348665,0.3604519774011299,18,balanced,Aft Sg Seletar Bridge,Lentor Ave,1.403681,103.82751
59021,29.349999999999998,0.151618398637138,0.28960817717206133,17,PM-peak boarding,Bef Yishun Ave 1,Lentor Ave,1.40922833847299,103.82908330455543
59029,84.25,0.11038575667655787,0.34421364985163205,18,PM-peak boarding,Aft Yishun Ave 1,Lentor Ave,1.40885843406387,103.82924769115782
59031,626.25,0.2254690618762475,0.209500998003992,7,balanced,Opp Yishun Sports Hall,Yishun Ave 2,1.41277747172151,103.83083958669692
59039,1048.05,0.23858594532703595,0.20437956204379562,8,balanced,Yishun Sports Hall,Yishun Ave 2,1.41342871609658,103.83156300557019
59041,2384.0000000000005,0.1433724832214765,0.2640100671140939,18,PM-peak boarding,Bef Khatib Stn,Yishun Ave 2,1.41625420109094,103.832591612732
59049,9769.400000000001,0.21218293856326895,0.24570086187483361,7,balanced,Opp Khatib Stn,Yishun Ave 2,1.41700998157675,103.83339984073773
59051,1761.9999999999998,0.17866061293984112,0.2352440408626561,7,balanced,Blk 790,Yishun Ave 2,1.41968270185637,103.83429674432547
59059,2722.1500000000005,0.29728339731462256,0.1708024906783241,7,AM-peak boarding,Blk 608,Yishun Ave 2,1.42054602879781,103.83497942324875
59061,1223.9999999999995,0.3040441176470589,0.19276960784313732,7,AM-peak boarding,Blk 763,Yishun Ave 2,1.42556399229911,103.83495820649408
59069,2825.5999999999995,0.22917256511891282,0.2001167893544734,7,balanced,Opp Blk 757,Yishun Ave 2,1.4259095,103.835307
59072,1828.8500000000001,0.0721218251906936,0.2862727943789813,19,PM-peak boarding,Yishun Stn Exit E,Yishun Ave 2,1.42939861,103.8354664
59073,5462.55,0.15380179586456874,0.2356683234020741,18,PM-peak boarding,Opp Yishun Stn,Yishun Ave 2,1.42868146490253,103.83546942999693
59079,7828.8499999999985,0.09063272383555696,0.3115527823371249,18,PM-peak boarding,Yishun Stn,Yishun Ave 2,1.42926606883551,103.83516195358482
59081,463.95,0.3615691346050221,0.10572259941804073,7,AM-peak boarding,Blk 774,Yishun Ring Rd,1.42371474872973,103.83164666791833
59089,167.54999999999998,0.21515965383467622,0.15905699791107134,7,balanced,Opp Blk 774,Yishun Ring Rd,1.42397861098025,103.83155749997911
59091,3471.5,0.15239809880455132,0.22402419703298287,18,balanced,Blk 154,Yishun Ave 2,1.43165245434506,103.83510814544051
59099,653.3999999999999,0.25076522803795537,0.1565656565656566,7,AM-peak boarding,Blk 220,Yishun Ave 2,1.43272835490407,103.83522544787667
59101,182.75,0.16963064295485636,0.08755129958960328,13,AM-peak boarding,Yishun Pr Sch,Yishun Ring Rd,1.43420210733558,103.83302746443204
59109,536.5500000000001,0.17202497437331093,0.11928058894790791,13,balanced,Opp Yishun Pr Sch,Yishun Ring Rd,1.4343984933093,103.83322945585378
59111,3993.55,0.12734284033003218,0.18867924528301885,11,balanced,Blk 701,Yishun Ave 5,1.43016395103424,103.82888452126694
59119,3286.9500000000003,0.1501087634433137,0.1874686259298133,8,balanced,Opp Blk 701A,Yishun Ave 5,1.43037444021889,103.82794865433573
59121,482.1500000000001,0.31038058695426723,0.10401327387742401,7,AM-peak boarding,Blk 121,Yishun Ring Rd,1.43453851053761,103.82999668990018
59129,1237.4499999999998,0.24388864196533197,0.16214796557436667,7,AM-peak boarding,Opp Blk 121,Yishun Ring Rd,1.43490004260739,103.830267560125
59131,536.6,0.19036526276556096,0.15765933656354825,7,balanced,Blk 137,Yishun Ring Rd,1.43192545956112,103.82969184791156
59139,1266.3500000000001,0.11967465550598176,0.16851581316381725,11,balanced,Aft Chong Pang CC,Yishun Ring Rd,1.43140749331253,103.82955664267413
59141,1425.7499999999998,0.2034367876556199,0.23878660354199552,7,balanced,Blk 741,Yishun Ave 5,1.43034383196416,103.83275541050214
59149,940.9,0.23881390158359017,0.1633010946965671,6,balanced,Blk 145,Yishun Ave 5,1.43061861098729,103.83218000002928
59159,713.9499999999998,0.28069192520484637,0.19742278871069405,8,balanced,Opp Yishun Stn Exit B,Yishun Ave 5,1.43055466220788,103.8346706884974
59161,139.4,0.12302725968436154,0.11872309899569584,11,balanced,Opp Blk 201,Yishun Ctrl,1.43014843981169,103.83793159453417
59169,2867.1,0.10854173206375782,0.30764535593456804,18,PM-peak boarding,Bet Blks 201/202,Yishun Ctrl,1.4304570083984,103.83769416711105
59171,1965.6000000000001,0.33976902726902725,0.10648148148148148,7,AM-peak boarding,Blk 309,Yishun Ave 9,1.43226509746155,103.84019665786346
59179,1020.15,0.18291427731215998,0.169141792873597,7,balanced,Blk 241,Yishun Ave 9,1.43221439515231,103.83988331688866
59181,3246.2999999999993,0.3206573637679821,0.13193481810060687,7,AM-peak boarding,Opp Blk 245,Yishun Ave 9,1.43416611096992,103.84218833299445
59189,705.2,0.19256948383437322,0.16931366988088484,7,balanced,Blk 245,Yishun Ave 9,1.43425361497792,103.84204166750071
59191,1415.85,0.08768584242681075,0.3714729667690787,17,PM-peak boarding,Opp Northland Sec Sch,Yishun Ave 6,1.43649083301477,103.84212083297022
59199,1006.0999999999999,0.14118874863333666,0.4235165490507902,18,PM-peak boarding,Blk 250,Yishun Ave 6,1.43609553700432,103.84224938363205
59201,1379.5500000000002,0.12116269798122575,0.2060816933057881,13,PM-peak boarding,Opp Chongfu Pr Sch,Yishun Ave 6,1.43871588444799,103.8403521964609
59209,1372.7999999999995,0.1907415501165502,0.214270104895105,13,balanced,Blk 272,Yishun Ave 6,1.43856611102095,103.84021166701386
59211,1236.4499999999998,0.26600347769824906,0.1869060617089248,7,balanced,Blk 289,Yishun Ave 7,1.44037027798466,103.8381736110171
59219,257.7,0.13348855258051998,0.28909584788513776,17,PM-peak boarding,Opp Blk 288,Yishun Ave 7,1.44045526236363,103.83757625759554
59221,109.30000000000001,0.17291857273559008,0.28087831655992673,19,PM-peak boarding,Opp Yishun Ind Pk A,Yishun Ave 7,1.43902299324239,103.83502785005078
59229,172.70000000000005,0.244933410538506,0.26519976838448167,7,balanced,Yishun Ind Pk A,Yishun Ave 7,1.43901589576688,103.83416399362906
59231,1536.8999999999999,0.25095972411998185,0.13319018804086147,7,AM-peak boarding,Blk 227,Yishun Ring Rd,1.43537970016985,103.83680745007868
59239,2432.399999999999,0.1457613879296169,0.1627405032067095,10,balanced,Blk 291,Yishun Ring Rd,1.43560781996531,103.83684372359264
59241,1227.05,0.298480094535675,0.13263518194042623,7,AM-peak boarding,Blk 236,Yishun Ring Rd,1.43427221606754,103.83922930159359
59249,1201.7499999999998,0.21776575826919078,0.15065529436238823,7,balanced,Blk 257,Yishun Ring Rd,1.43436086302643,103.8394374423364
59251,1675.45,0.29681578083499954,0.15094452236712524,7,AM-peak boarding,Opp Darul Makmur Mque,Yishun Ave 2,1.43669132626001,103.83368337352286
59259,691.9499999999999,0.20218223860105503,0.197051810101886,7,balanced,Darul Makmur Mque,Yishun Ave 2,1.43716783426775,103.83379791523895
59261,812.2000000000002,0.229807929081507,0.19964294508741687,7,balanced,Blk 174,Yishun Ave 7,1.43755803458153,103.83159143616113
59269,357.55000000000007,0.2271011047405957,0.174800727171025,7,balanced,Opp Blk 174,Yishun Ave 7,1.43774971409693,103.8312528105951
59271,686.7500000000001,0.15660720786312338,0.20917364397524565,16,balanced,Blk 118,Yishun Ave 7,1.4362831713903,103.82855161345292
59279,256.6,0.18803585346843335,0.16796570537802022,7,balanced,Opp Ahmad Ibrahim Sec Sch,Yishun Ave 7,1.43670438744279,103.8288049642525
59281,1335.7999999999997,0.26673154663871845,0.1325797275041174,7,AM-peak boarding,Blk 654,Yishun Ave 4,1.4228063053424,103.84070404095088
59289,251.04999999999995,0.1579366660027883,0.18860784704242187,13,balanced,Blk 676 CP,Yishun Ave 4,1.42166630737691,103.84138894371273
59291,989.85,0.20493003990503614,0.17755215436682326,7,balanced,Blk 666,Yishun Ave 4,1.4189297001887,103.8407248899634
59299,116.55,0.1462891462891463,0.2187902187902188,7,balanced,Blk 671 CP,Yishun Ave 4,1.41910065823939,103.84101934062127
59301,132.25,0.2914933837429111,0.14215500945179585,7,AM-peak boarding,Blk 731,Yishun Ring Rd,1.42857438462559,103.8305483297094
59309,476.3000000000001,0.15305479739659875,0.15903842116313244,13,balanced,Jiemin Pr Sch,Yishun Ring Rd,1.42826195477761,103.83063072371398
59311,890.8000000000001,0.22945666816344856,0.16530085316569373,7,balanced,Blk 760,Yishun Ring Rd,1.4260484365847,103.83218609995292
59319,420.44999999999993,0.1589963134736592,0.18955880604114642,7,balanced,Blk 729,Yishun Ring Rd,1.42617166698404,103.83201083297399
59321,717.95,0.10620516749077233,0.24611741764746844,13,PM-peak boarding,Blk 794,Yishun Ring Rd,1.42004673882783,103.831802328761
59329,320.7,0.10648581228562519,0.2717492984097287,17,PM-peak boarding,Naval Base Sec Sch,Yishun Ring Rd,1.41968029160119,103.83179596945222
59331,629.1999999999999,0.27034329307056587,0.17927527018436112,7,AM-peak boarding,Blk 773,Yishun Ave 3,1.422973728077,103.83276716795122
59339,694.2999999999998,0.2680397522684719,0.15562436986893277,7,AM-peak boarding,Blk 776,Yishun Ave 3,1.42273567302859,103.83378411194366
59341,616.0,0.08750000000000001,0.29107142857142854,17,PM-peak boarding,Khoo Teck Puat Hosp,Yishun Ctrl,1.42367163179884,103.83864456915899
59349,995.9999999999999,0.22228915662650603,0.202359437751004,7,balanced,Opp Khoo Teck Puat Hosp,Yishun Ctrl,1.42345056032348,103.83882425770956
59351,835.3,0.36483898000718307,0.09888662755896087,7,AM-peak boarding,Opp Blk 322,Yishun Ctrl,1.42877888900017,103.8402288889874
59359,224.65,0.25929223236145116,0.13131537947918984,7,AM-peak boarding,Blk 322,Yishun Ctrl,1.42844102693712,103.84071821797886
59369,207.79999999999998,0.11597690086621754,0.2023580365736285,9,PM-peak boarding,Blk 647,Yishun St 61,1.42214126973318,103.83683836680166
59379,496.84999999999997,0.0827211432021737,0.1866760591727886,12,PM-peak boarding,Opp Chung Cheng High Sch,Yishun St 61,1.41946852245611,103.83823983239508
59381,967.8999999999999,0.3233288562868066,0.12496125632813311,7,AM-peak boarding,Blk 314,Yishun Ring Rd,1.43181131616813,103.84196021620254
59389,1176.35,0.1552684150125388,0.2271857865431207,7,balanced,Opp Blk 314,Yishun Ring Rd,1.43202071867504,103.84208246442347
59391,2169.7,0.3044660552150067,0.12607733788081305,7,AM-peak boarding,Blk 342B,Yishun Ring Rd,1.43021107363512,103.84523111093658
59399,1380.9500000000005,0.2924436076613924,0.12987436185234796,7,AM-peak boarding,Opp Blk 367,Yishun Ring Rd,1.43026750784845,103.84552062872451
59401,590.85,0.2519251925192519,0.15520013539815522,7,AM-peak boarding,Blk 358,Yishun Ring Rd,1.42705456686774,103.84615134332738
59409,1800.5500000000004,0.32115187026186437,0.11554802699175248,7,AM-peak boarding,Evangel Family Ch,Yishun Ring Rd,1.42663883088373,103.84640616622914
59411,1145.6500000000003,0.14773272814559416,0.1838694191070571,7,balanced,Blk 356,Yishun Ring Rd,1.42521425593657,103.84572707357924
59419,3198.3,0.22096113560328925,0.14906356501891632,7,balanced,Blk 413,Yishun Ring Rd,1.42536,103.84607
59421,3414.25,0.07013253276707915,0.31227941714871493,18,PM-peak boarding,Blk 624,Yishun Ring Rd,1.41762836917061,103.8351341252188
59429,1711.3500000000004,0.10833552458585324,0.2224267391240833,18,PM-peak boarding,Blk 846,Yishun Ring Rd,1.417434,103.835047
59431,800.7,0.11040339702760085,0.21131509928812287,14,PM-peak boarding,Blk 630,Yishun Ring Rd,1.417805,103.8376805
59439,1865.7000000000003,0.32499866002036765,0.11738221579031999,7,AM-peak boarding,Blk 858,Yishun Ring Rd,1.417834,103.838374
59441,1316.8,0.31941069258809235,0.10867253948967193,7,AM-peak boarding,Naval Base Pr Sch,Yishun Ave 4,1.41588388901051,103.83948333301474
59449,753.0500000000001,0.15450501294734742,0.14388154836996214,13,balanced,Opp Naval Base Pr Sch,Yishun Ave 4,1.41552972203074,103.83953916700452
59451,308.8,0.1517163212435233,0.1685556994818653,13,balanced,Bet Blks 349/350,Yishun Ave 11,1.42569613726662,103.84360741617542
59459,1179.1499999999999,0.3313403723020821,0.10677182716363484,7,AM-peak boarding,Opp Huamin Pr Sch,Yishun Ave 11,1.42637371131971,103.84259503772017
59461,1819.9999999999995,0.28027472527472536,0.125467032967033,7,AM-peak boarding,Opp Blk 419,Yishun Ave 11,1.4233562505923,103.84695938114267
59469,1066.25,0.17477139507620162,0.17514654161781945,7,balanced,Blk 419,Yishun Ave 11,1.42357927683882,103.84747960044407
59471,860.5000000000001,0.29999999999999993,0.14061592097617662,7,AM-peak boarding,Blk 430B,Yishun Ave 1,1.42111543044621,103.84901971560181
59479,668.1,0.33984433468043707,0.15304595120490944,7,AM-peak boarding,Opp Blk 430B,Yishun Ave 1,1.42034812354505,103.84865147425622
59481,258.8999999999999,0.12784859018926228,0.2180378524526845,17,PM-peak boarding,Blk 873,Yishun St 81,1.41542424800444,103.83647690158537
59499,269.4,0.22624350408314778,0.1759465478841871,7,balanced,Orchid Pk Condo,Yishun St 81,1.41325017295345,103.83459754405295
59501,341.0000000000001,0.2640762463343108,0.12419354838709676,7,AM-peak boarding,Blk 871,Yishun Ave 1,1.41289253257843,103.83810681040471
59509,51.650000000000006,0.30977734753146174,0.16650532429816067,7,AM-peak boarding,Opp Blk 871,Yishun Ave 1,1.41252120911526,103.83794497908777
59511,1228.7,0.13815414665907055,0.16509318792219418,14,balanced,Yishun Sec Sch,Yishun St 71,1.42716904966997,103.82895211582186
59521,670.5999999999998,0.38748881598568463,0.16119892633462576,7,AM-peak boarding,Yishun Emerald,Yishun Ave 2,1.44003661278482,103.83171080846517
59529,461.1,0.16590761223162004,0.24007807417046192,7,balanced,Opp Yishun Emerald,Yishun Ave 2,1.44035052900307,103.8318142995419
59541,90.05,0.04053303720155469,0.1243753470294281,21,PM-peak boarding,Sree Maha Mariamman Tp,Yishun Ave 3,1.42363018656288,103.83018072233915
59549,68.69999999999999,0.26273653566229993,0.14337700145560411,7,AM-peak boarding,Opp Sree Maha Mariamman Tp,Yishun Ave 3,1.42313912325939,103.83052605711299
59551,674.0500000000001,0.22869223351383428,0.13723017580298197,7,AM-peak boarding,Blk 722,Yishun Ave 3,1.42539008150192,103.82822466548578
59559,183.29999999999998,0.2738679759956356,0.10529187124931805,7,AM-peak boarding,Opp Blk 722,Yishun Ave 3,1.42511776424343,103.82821308909149
59561,5919.15,0.05836986729513528,0.38712484055987767,18,PM-peak boarding,Opp Khatib Stn Exit D,Yishun Ring Rd,1.41870141531997,103.83293375107691
59569,2974.649999999999,0.1033062713260384,0.3525961037432976,18,PM-peak boarding,Khatib Stn Exit D,Yishun Ring Rd,1.41849332350079,103.83293900021363
59571,591.9,0.16227403277580674,0.203074843723602,7,balanced,Opp Northbrooks Sec Sch,Yishun Ring Rd,1.42072559126348,103.84373330710623
59579,2565.9000000000005,0.339841770918586,0.10288787559920494,7,AM-peak boarding,Blk 456,Yishun Ring Rd,1.420294,103.843953
59581,914.0999999999999,0.3190022973416476,0.15135105568318566,7,AM-peak boarding,Blk 432C,Yishun St 41,1.41903123253322,103.84618997941803
59589,686.4000000000001,0.3043414918414918,0.14401223776223773,7,AM-peak boarding,Blk 505C,Yishun St 41,1.4196568772859,103.84477283466764
59591,1029.0,0.3140913508260447,0.09868804664723031,7,AM-peak boarding,Bet Blks 405/406,Yishun Ave 6,1.42653688735925,103.84947950182573
59599,0.0,,,0,balanced,Opp Blk 406,Yishun Ave 6,1.4269635,103.8496915
59601,2323.3000000000006,0.3099685791761717,0.12998751775491754,7,AM-peak boarding,Blk 391,Yishun Ave 6,1.429842,103.849376
59609,422.80000000000007,0.276608325449385,0.1519631031220435,7,AM-peak boarding,Opp Blk 391,Yishun Ave 6,1.4289961111075,103.8495613888577
59611,836.1,0.11111111111111112,0.2509867240760675,17,PM-peak boarding,Opp Yishun Community Hosp,Yishun Ctrl 2,1.42362582861812,103.83666744952643
59619,1288.4000000000003,0.11766532132877987,0.33945203352995956,17,PM-peak boarding,Yishun Community Hosp,Yishun Ctrl 2,1.42335199999945,103.83687299997104
59621,817.05,0.3325989841502968,0.1411174346735206,7,AM-peak boarding,Bet Blks 318A/318B,Yishun Ave 6,1.43416283001882,103.84410555917717
59629,204.55,0.22243950134441456,0.29528232705939866,18,balanced,Symphony Suites Condo,Yishun Ave 6,1.43463,103.843898
59631,303.05000000000007,0.11928724632898859,0.25325853819501726,18,PM-peak boarding,Opp Blk 445,Yishun Ring Rd,1.42333778088573,103.84397389045573
59639,1667.7500000000002,0.3687902863138959,0.09048118722830159,7,AM-peak boarding,Bet Blks 445/449,Yishun Ring Rd,1.42318166665872,103.84412388893058
59641,646.9000000000001,0.2648786520327716,0.1131550471479363,7,AM-peak boarding,Bet Blks 333C/333D,Yishun St 31,1.43152,103.8457231
59649,289.4000000000001,0.3465791292328956,0.1131651693158258,7,AM-peak boarding,Opp Blk 333C,Yishun St 31,1.431392,103.845705
59651,158.9,0.18061674008810572,0.2092511013215859,7,balanced,Blk 348B,Yishun Ave 11,1.42711698762084,103.84169418862261
59661,3.6999999999999997,0.0,0.21621621621621626,14,PM-peak boarding,Blk 932,Yishun Ctrl 1,1.42631491614237,103.83762861110566
59669,52.94999999999998,0.09631728045325781,0.22285174693106713,17,PM-peak boarding,Opp Blk 932,Yishun Ctrl 1,1.42623639393056,103.83784276257873
59671,2659.6,0.06762295081967214,0.3745864039705219,18,PM-peak boarding,Bef Yishun Stn,Yishun Ave 2,1.427779,103.835106
59701,170.25,0.06431718061674008,0.23729809104258448,13,PM-peak boarding,Opp SAFRA Yishun,Yishun Ctrl,1.42548192920513,103.84020205228329
59709,37.35,0.2730923694779116,0.20883534136546184,7,balanced,Bef SAFRA Yishun,Yishun Ctrl,1.42599217250432,103.84064406907125
59711,953.1999999999999,0.13486151909357955,0.23814519513218638,18,PM-peak boarding,Blk 672C,Yishun Ring Rd,1.418198,103.8427135
59719,1876.1499999999999,0.3075713562348426,0.1272552834261653,7,AM-peak boarding,Opp Blk 672C,Yishun Ring Rd,1.41756544907262,103.84200497226853
59721,52.300000000000004,0.2944550669216061,0.2409177820267686,7,balanced,Blk 816,Yishun Ave 1,1.41153711897875,103.83367988105842
59729,51.55,0.1930164888457808,0.24248302618816683,19,balanced,Opp Blk 816,Yishun Ave 1,1.41113811897325,103.83350299996852
59731,280.70000000000005,0.22746704666904166,0.21517634485215528,7,balanced,Blk 512A,Yishun Ave 1,1.4141292303869,103.84149524920335
59739,238.15000000000003,0.39030023094688215,0.11652319966407726,7,AM-peak boarding,Opp Blk 512A,Yishun Ave 1,1.41416011900146,103.84214688104234
59741,277.55,0.22446406052963427,0.169338857863448,7,balanced,Opp Orchid Country Club,Yishun Ave 1,1.41554882267258,103.84464056605152
59749,258.0,0.24651162790697675,0.148062015503876,7,AM-peak boarding,Orchid Country Club,Yishun Ave 1,1.41499035691552,103.8443330000306
59751,368.25000000000006,0.2727766463000678,0.16510522742701966,7,AM-peak boarding,Opp The Shaughnessy,Yishun Ave 1,1.41725535689777,103.84590800002533
59759,452.15000000000003,0.3303107375870839,0.10615946035607651,7,AM-peak boarding,The Shaughnessy,Yishun Ave 1,1.41755035688919,103.84631099997239
59761,2226.6,0.37209197880176054,0.09548190065570826,7,AM-peak boarding,Blk 504C,Yishun Ring Rd,1.41849608053432,103.84326740385671
59771,355.4000000000001,0.18120427687113108,0.25028137310073145,17,balanced,Blk 469B,Yishun Ave 1,1.423939,103.852066
59779,406.3500000000001,0.2913744309093146,0.19589024240187025,7,balanced,Opp Blks 469A/469B,Yishun Ave 1,1.424119,103.852562
59781,95.75,0.29660574412532636,0.16240208877284595,7,AM-peak boarding,Aft Yishun Ave 6,Yishun Ave 1,1.4230555,103.8511111
59789,61.25,0.0563265306122449,0.4473469387755102,18,PM-peak boarding,Bef Yishun Ave 6,Yishun Ave 1,1.42284,103.851137
59791,237.75,0.3038906414300736,0.1310199789695058,7,AM-peak boarding,Blk 471A,Yishun Ave 1,1.425903,103.853576
59799,170.5,0.2689149560117302,0.15513196480938418,8,AM-peak boarding,Opp Blk 470A,Yishun Ave 1,1.425161,103.853305
59801,1176.4500000000003,0.2877725360193803,0.17637808661651574,7,AM-peak boarding,Blk 382C,Yishun Ave 6,1.431669,103.847891
59809,144.4,0.19355955678670358,0.19459833795013848,6,balanced,Blk 483B,Yishun Ave 6,1.431761,103.847993
59811,1126.3,0.2916629672378585,0.10325845689425552,7,AM-peak boarding,Blk 477B,Yishun St 42,1.427487,103.852056
59819,1301.3999999999996,0.25795297372060866,0.1671661287843861,7,AM-peak boarding,Blk 467C,Yishun St 42,1.42696,103.851955
59821,1243.9999999999998,0.3468247588424438,0.12295016077170419,7,AM-peak boarding,Blk 334B,Yishun Ave 6,1.432912,103.845777
59829,120.19999999999999,0.19509151414309486,0.19301164725457573,6,balanced,Opp Blk 334B,Yishun Ave 6,1.432833,103.846904
60011,486.9500000000001,0.13748844850600675,0.25351678817127005,18,PM-peak boarding,Bendemeer Stn Exit A,Kallang Bahru,1.31471795031338,103.86376795493321
60019,510.75,0.27723935389133625,0.20391581008321097,8,balanced,Bendemeer Stn Exit B,Kallang Bahru,1.31479811892165,103.86413644350252
60021,451.75,0.01770890979524073,0.5924737133370228,17,PM-peak boarding,Chubb S'pore,Kallang Bahru,1.31828596087227,103.86669874193286
60029,685.9499999999999,0.04701508856330637,0.4911436693636563,17,PM-peak boarding,Blk 16,Kallang Bahru,1.31717045698013,103.86600136758759
60031,788.4000000000001,0.10996955859969555,0.26477676306443426,18,PM-peak boarding,Bef Geylang Bahru Stn,Kallang Bahru,1.3204097072077,103.87007832529532
60039,601.65,0.24948059503033326,0.13828637912407546,8,AM-peak boarding,Opp Blk 66,Kallang Bahru,1.31996473842763,103.86983042567824
60051,1008.2499999999999,0.025092982891148034,0.6341681130671957,18,PM-peak boarding,Opp Kallang Pl,Boon Keng Rd,1.3141464005633,103.86571468040536
60059,744.3499999999999,0.02827970712702358,0.6406932222744678,18,PM-peak boarding,Bef Kallang Pl,Boon Keng Rd,1.31434638899368,103.86586250001177
60061,446.6,0.09236453201970443,0.5092924317062247,17,PM-peak boarding,Biotronik,Jln Kolam Ayer,1.32276521075674,103.87402134422791
60069,569.2999999999998,0.07948357632179873,0.578868786228702,17,PM-peak boarding,Kallang Basin Swim Cplx,Jln Kolam Ayer,1.32335935195255,103.87256741522513
60071,550.25,0.1375738300772376,0.4154475238527942,18,PM-peak boarding,Kolam Ayer Ind Est,Jln Kolam Ayer,1.327057,103.870325
60079,223.00000000000003,0.0717488789237668,0.4177130044843048,17,PM-peak boarding,Bef Bendemeer Rd,Jln Kolam Ayer,1.32685601711017,103.86950969695144
60081,1647.8000000000002,0.256311445563782,0.2310049763320791,8,balanced,St. Andrew's Village,Jln Toa Payoh,1.32931226062177,103.8662910461625
60089,2984.9000000000005,0.185215585111729,0.3055713759254916,18,PM-peak boarding,Opp St. Andrew's Village,Jln Toa Payoh,1.32865054961465,103.86615967295366
60099,1011.55,0.19588749938213632,0.2586130196233503,8,balanced,Bef Lavender St,Bendemeer Rd,1.315304,103.861404
60101,1477.4,0.13659130905645053,0.258765398673345,17,PM-peak boarding,Kwong Wai Shiu Hosp,S'goon Rd,1.31783421341306,103.86004042483177
60119,3473.9499999999994,0.19869313029836358,0.21974985247340925,8,balanced,Opp Boon Keng Stn,Bendemeer Rd,1.31880431510648,103.86409707876385
60121,7416.950000000001,0.1740135770094176,0.24784446436877694,18,balanced,Boon Keng Stn/Blk 102,S'goon Rd,1.32008815616383,103.86179781146463
60139,2709.85,0.2594793069727107,0.1276454416296105,8,AM-peak boarding,Blk 44,Bendemeer Rd,1.32204861560134,103.86628982237994
60141,1581.95,0.24318088435159138,0.15281772495970164,7,AM-peak boarding,Opp Bendemeer Pr Sch,S'goon Rd,1.32258753768004,103.86385682733587
60159,2483.5,0.19786591503925913,0.17781356955909,8,balanced,Blk 54,Bendemeer Rd,1.32409476572475,103.86764196002876
60161,3406.9999999999995,0.24100381567361318,0.17707660698561786,8,balanced,St. Michael's Pl,S'goon Rd,1.32477289725503,103.8655673081052
60179,2679.8,0.1489290245540712,0.22225539219344725,17,balanced,MOM Svcs Ctr,Bendemeer Rd,1.32634025655419,103.86834025123765
60181,333.9,0.08805031446540881,0.422282120395328,18,PM-peak boarding,Aft Moonstone Lane,S'goon Rd,1.32714561804071,103.86738538742665
60191,424.65,0.1647238902625692,0.3610031790886613,17,PM-peak boarding,Blk 7,Boon Keng Rd,1.31718305596849,103.86195722198198
60199,904.4000000000001,0.22561919504643962,0.19001547987616096,8,balanced,Boon Keng Stn/Blk 22,Boon Keng Rd,1.3179530560114,103.8612788890282
60201,270.40000000000003,0.08561390532544377,0.37906804733727806,18,PM-peak boarding,18 Woodsville,Upp S'goon Rd,1.32933888886,103.8683861111429
60209,267.59999999999997,0.16591928251121077,0.23617339312406582,8,balanced,Sant Ritz,Upp S'goon Rd,1.32986133945973,103.86896099565628
60211,1981.9000000000003,0.34315555779807244,0.19640244210101415,8,AM-peak boarding,Aft Tai Thong Cres,MacPherson Rd,1.328541,103.870488
60219,1804.4,0.04960097539348259,0.5721015295943249,18,PM-peak boarding,Bef Siemens Ctr,MacPherson Rd,1.32829192682419,103.8704918465033
60221,1242.8500000000001,0.21776561934263985,0.1581043569215915,8,balanced,Blk 73/Geylang Bahru Stn,Geylang Bahru,1.32212380559601,103.87081431318353
60229,1935.25,0.14543340653662318,0.2329156439736468,18,PM-peak boarding,Blk 68,Geylang Bahru,1.32258108743147,103.87024013608315
60241,146.24999999999997,0.21982905982905987,0.12752136752136756,8,AM-peak boarding,Blk 1,St. George'S Rd,1.323717,103.8617203
60249,224.34999999999997,0.22019166480944954,0.14686873189213284,8,balanced,Blk 14,St. George'S Rd,1.32346800000844,103.86194240512685
60251,180.25000000000003,0.3034674063800277,0.1145631067961165,7,AM-peak boarding,Blk 15,St. Wilfred Rd,1.324573,103.861706
60261,3192.1500000000005,0.08652475604216592,0.30020519085882547,18,PM-peak boarding,Potong Pasir Stn Exit C,Upp S'goon Rd,1.33132471594343,103.86891794930561
60269,4902.1,0.2514636584321005,0.1704779584259807,8,balanced,Potong Pasir Stn Exit B,Upp S'goon Rd,1.33099030126892,103.86922890950602
61009,187.35,0.17560715238857758,0.21190285561782762,8,balanced,Blk 122,Potong Pasir Ave 1,1.33521166697553,103.86663249997784
61011,389.2999999999999,0.20870793732340104,0.2010017980991524,7,balanced,Blk 103,Upp S'goon Rd,1.3333927981396,103.86946402615806
61019,681.6499999999999,0.33873688843248007,0.12741142815227757,8,AM-peak boarding,Opp Blk 101,Upp S'goon Rd,1.33320166700854,103.86976166703383
61021,524.9999999999999,0.3124761904761906,0.13780952380952383,8,AM-peak boarding,Aft Woodleigh Pk,Upp S'goon Rd,1.33627668492978,103.87018878876424
61029,545.4999999999999,0.3245646196150322,0.13373052245646197,8,AM-peak boarding,Opp Woodleigh Pk,Upp S'goon Rd,1.336175,103.870563
61031,2927.7999999999997,0.1559532754969602,0.25414987362524766,18,PM-peak boarding,Woodleigh Stn Exit B,Upp S'goon Rd,1.33836472248768,103.8704496726279
61039,4411.549999999999,0.1872584465777335,0.23164193990774223,8,balanced,Woodleigh Stn Exit A,Upp S'goon Rd,1.33845332842129,103.87084881783568
61041,97.19999999999999,0.1167695473251029,0.21913580246913583,18,PM-peak boarding,Bef Braddell Rd,Upp S'goon Rd,1.34142999996834,103.87049194397346
61049,621.1999999999999,0.2797005795235029,0.1553444945267225,8,AM-peak boarding,Aft Bartley Rd,Upp S'goon Rd,1.34196277802503,103.8709686110327
61061,627.2,0.053491709183673464,0.29528061224489793,18,PM-peak boarding,Blk 148,Potong Pasir Ave 1,1.33268166698419,103.8682283329788
61069,219.80000000000007,0.26410373066424014,0.16606005459508638,8,AM-peak boarding,Potong Pasir Stn Exit A,Potong Pasir Ave 1,1.33275975641149,103.86838092392759
61079,379.8,0.2996313849394418,0.14204844655081622,8,AM-peak boarding,Blk 121,Potong Pasir Ave 1,1.33598640879377,103.86525430193133
61089,326.1499999999999,0.13276099954008894,0.18335121876437227,13,balanced,Bet Blks 138/144,Potong Pasir Ave 3,1.3330716590648,103.86530804883829
61099,335.45,0.16306454016992103,0.19049038604859145,7,balanced,Potong Pasir CC,Potong Pasir Ave 2,1.33236805597247,103.86709999996721
61101,1902.4500000000005,0.2374569633893137,0.1827117664064758,7,balanced,Blk 120,Potong Pasir Ave 1,1.33560138948489,103.86370334032118
61111,788.4500000000003,0.28923837909823064,0.14763142875261584,8,AM-peak boarding,Blk 114B,Bidadari Pk Dr,1.3354995,103.872035
61119,146.04999999999998,0.1814447107155084,0.24649092776446424,8,balanced,Blk 103B,Bidadari Pk Dr,1.335623,103.871938
61121,272.65,0.3565010086191088,0.15881166330460297,8,AM-peak boarding,Opp Blk 212,Bidadari Pk Dr,1.3417695,103.875484
61129,291.80000000000007,0.19396847155586014,0.23423577793008907,8,balanced,Blk 212,Bidadari Pk Dr,1.3416375,103.874179
61131,56.05,0.1801962533452275,0.3148974130240857,18,PM-peak boarding,Opp Woodleigh Mall,Bidadari Pk Dr,1.338895,103.8726965
61139,122.89999999999998,0.03905614320585843,0.37632221318144843,18,PM-peak boarding,Woodleigh Mall,Bidadari Pk Dr,1.3389265,103.8724955
62011,673.6000000000001,0.07274346793349167,0.587960213776722,18,PM-peak boarding,Aft Bartley Rd,Upp Paya Lebar Rd,1.3421349999944,103.88345100001618
62019,595.0000000000001,0.14033613445378149,0.4645378151260503,18,PM-peak boarding,Aft Rochdale Rd,Upp Paya Lebar Rd,1.34215709944082,103.88405276089232
62021,314.15,0.21295559446124465,0.21120483845296836,8,balanced,Wisma AUPE,Upp Paya Lebar Rd,1.3436889743392,103.8825074871872
62029,410.90000000000003,0.33365782428814794,0.15393039669019226,8,AM-peak boarding,Paya Lebar Gdns,Upp Paya Lebar Rd,1.3441045,103.8827165
62031,488.9000000000001,0.20893843321742686,0.18337083248107994,7,balanced,Bef How Sun Rd,Upp Paya Lebar Rd,1.34521001044775,103.88171014272702
62039,333.05,0.3235249962468098,0.17069509082720313,8,AM-peak boarding,Raya Gdn,Upp Paya Lebar Rd,1.3467680506898,103.880911959518
62041,706.6999999999999,0.22399886797792562,0.25916230366492143,7,balanced,Opp Bethany Presby Ch,Upp Paya Lebar Rd,1.3483829232168,103.88018488884609
62049,483.59999999999997,0.36279983457402815,0.18424317617866004,8,AM-peak boarding,Aft Paya Lebar Cres,Upp Paya Lebar Rd,1.348714,103.8803845
62051,1312.3000000000002,0.29524498971271806,0.16421549950468642,8,AM-peak boarding,Aft Jln Chermat,Upp Paya Lebar Rd,1.35170429575719,103.87775496869286
62059,1722.2000000000005,0.2867262803391011,0.16391824410637554,8,AM-peak boarding,Blk 161,Upp Paya Lebar Rd,1.35170138896709,103.87859583297927
62061,201.60000000000002,0.16344246031746032,0.26041666666666663,18,PM-peak boarding,Aft Upp Paya Lebar Rd,Bartley Rd,1.341751,103.881765
62069,167.8,0.32449344457687723,0.1570321811680572,8,AM-peak boarding,Bef Upp Paya Lebar Rd,Bartley Rd,1.341899,103.881654
62071,1308.95,0.1126857404790099,0.301768593147179,18,PM-peak boarding,Bartley Stn Exit A,Bartley Rd,1.34252980960729,103.88002892732668
62079,953.2500000000001,0.17749803304484654,0.285234723314975,18,PM-peak boarding,Aft Bartley Stn Exit B,Bartley Rd,1.34296635529936,103.87976646424752
62081,151.70000000000005,0.28246539222148964,0.20369149637442316,7,balanced,Opp Bartley Chr Ch,Bartley Rd,1.34384211984571,103.87773872280378
62089,963.35,0.19302434213940933,0.319146727565267,18,PM-peak boarding,Bartley Chr Ch,Bartley Rd,1.34383983323818,103.8782509427123
62091,366.54999999999995,0.3231482744509617,0.17405538125767292,8,AM-peak boarding,Opp Gambir Ridge,Bartley Rd,1.34366730308769,103.8751907687792
62099,123.04999999999998,0.34213734254368144,0.21048354327509144,8,AM-peak boarding,Gambir Ridge,Bartley Rd,1.34412749517611,103.87562115587856
62101,199.85,0.2714535901926445,0.16237177883412562,8,AM-peak boarding,Bef Upp S'goon Rd,Bartley Rd,1.34324887065522,103.87308054810315
62109,143.0,0.3192307692307692,0.1353146853146853,8,AM-peak boarding,Aft Upp S'goon Rd,Bartley Rd,1.34374111656683,103.87380734555013
62111,342.24999999999994,0.18290723155588023,0.22746530314097885,8,balanced,Aft Sommerville Rd,Upp S'goon Rd,1.34509852230089,103.87077171254077
62119,360.4,0.25,0.1752219755826859,8,balanced,Aft Sunshine Lodge,Upp S'goon Rd,1.34483265931476,103.8710922003054
62121,306.0,0.1869281045751634,0.1957516339869281,8,balanced,Aft Wolskel Rd,Upp S'goon Rd,1.34682778451192,103.87156809881778
62129,517.9500000000002,0.23824693503233896,0.1764649097403224,8,balanced,Blk 403,Upp S'goon Rd,1.34698958928417,103.87205488524701
62131,3622.9500000000003,0.11457513904414911,0.307318621565299,18,PM-peak boarding,S'Goon Stn Exit B,Upp S'goon Rd,1.3489790064228,103.87277432797597
62139,2058.9000000000005,0.1587983874884647,0.25202778182524643,18,PM-peak boarding,S'goon Stn Exit A/Blk 413,Upp S'goon Rd,1.3490461240579,103.87341165935781
62141,879.5499999999998,0.19743050423512024,0.2005571030640669,8,balanced,Opp Blk 1,Upp S'goon Rd,1.35149112412235,103.87515194713767
62149,863.8499999999999,0.22648607975921745,0.1739885396770273,7,balanced,Forest Woods,Upp S'goon Rd,1.35169173270668,103.87595332312252
62151,85.24999999999999,0.1712609970674487,0.2340175953079179,7,balanced,Rindu Terr,S'goon Ave 1,1.34568958726335,103.87754406103582
62159,27.900000000000002,0.26164874551971323,0.2347670250896057,7,balanced,Opp Rindu Terr,S'goon Ave 1,1.34592441628878,103.8776519633928
62161,506.1500000000001,0.027659784648819515,0.1982613849649313,14,PM-peak boarding,St. Gabriel's Sec Sch,S'goon Ave 1,1.34750333302055,103.87601972203167
62169,139.74999999999997,0.24436493738819323,0.1452593917710197,8,AM-peak boarding,Blk 426,S'goon Ave 1,1.34763166701234,103.8764688890183
62171,100.14999999999999,0.17723414877683477,0.23464802795806292,18,balanced,Blk 409,S'goon Ctrl,1.348208,103.874638
62179,114.75,0.2906318082788671,0.1564270152505447,8,AM-peak boarding,Blk 421,S'goon Ctrl,1.348559,103.874826
62189,6.699999999999999,0.1119402985074627,0.23880597014925378,9,PM-peak boarding,S'goon Stn Exit D/Blk 416,Upp S'goon Rd,1.35056391832311,103.87470953705504
62219,197.39999999999995,0.16767983789260388,0.16438703140830807,7,balanced,Blk 158,Hougang St 11,1.35192637119856,103.88032033542545
62221,1483.35,0.311996494421411,0.13105470725048035,8,AM-peak boarding,Opp The Minton,Lor Ah Soo,1.35090140225527,103.88255343944132
62229,537.85,0.21223389420842242,0.17281770010225897,8,balanced,The Minton,Lor Ah Soo,1.35108999372692,103.88212234368397
62231,405.20000000000005,0.28590819348469887,0.19397828232971367,8,balanced,Bef S'pore Girls' Hme,Hougang Ave 3,1.34771728070981,103.89029313192805
62239,980.8000000000001,0.19800163132137027,0.2115110114192496,8,balanced,Opp S'pore Girls' Hme,Hougang Ave 3,1.34763066655635,103.88998897946436
62241,329.35,0.09078487930772733,0.35114619705480493,18,PM-peak boarding,SBST Hougang Depot,Hougang Ave 3,1.345072,103.891184
62249,357.15000000000003,0.05669886602267954,0.5571888562228755,17,PM-peak boarding,Opp SBST Hougang Depot,Hougang Ave 3,1.34421563693504,103.89102556910234
62251,703.9499999999999,0.3449108601463173,0.11002201860927624,7,AM-peak boarding,Bef Blk 471B,Upp S'goon Cres,1.377463,103.900695
62261,638.0,0.38416927899686526,0.11144200626959247,7,AM-peak boarding,Opp S'goon Sec Sch,Upp Serangoon View,1.374585,103.902922
62271,163.09999999999994,0.2826486817903128,0.125689760882894,8,AM-peak boarding,Opp Blk 475B,Upp S'goon Cres,1.37591304823679,103.8996359517733
62301,201.40000000000003,0.1966236345580933,0.25273088381330683,7,balanced,Blk 181,Hougang St 13,1.346168,103.887806
62309,285.94999999999993,0.29428221717083414,0.22731246721454806,8,balanced,Blk 178A,Hougang St 13,1.346389,103.887888
63009,4648.649999999999,0.05590870467770214,0.3457455390274597,18,PM-peak boarding,Buangkok Int,Sengkang Ctrl,1.383707,103.892257
63011,1058.6999999999998,0.12293378671956175,0.27802965901577414,18,PM-peak boarding,Opp Upp S'goon Shop Ctr,Upp S'goon Rd,1.35432115760902,103.87823575937183
63019,1304.7,0.2068291561278455,0.19655859584578828,8,balanced,Aft Upp S'goon Shop Ctr,Upp S'goon Rd,1.35347964311763,103.87800141702434
63021,347.90000000000003,0.2270767461914343,0.22664558781258984,7,balanced,The Helping Hand,Upp S'goon Rd,1.3570580828827,103.88161613087621
63029,460.29999999999995,0.2261568542255051,0.21920486639148384,8,balanced,Opp The Helping Hand,Upp S'goon Rd,1.35727472200293,103.88218027802674
63031,6113.0999999999985,0.1233498552289346,0.29802391585284066,18,PM-peak boarding,Kovan Stn Exit B,Upp S'goon Rd,1.36050444441455,103.88535194446017
63039,4644.949999999999,0.15441500984940637,0.22168161121217672,8,balanced,Kovan Stn Exit C,Upp S'goon Rd,1.360036,103.885203
63041,864.8,0.06469703977798336,0.28457446808510645,19,PM-peak boarding,Opp Glad Tidings Ch,Upp S'goon Rd,1.36259166703136,103.88754805602413
63049,738.55,0.15462731027012389,0.2200934263083068,8,balanced,Glad Tidings Ch,Upp S'goon Rd,1.36219166668854,103.88752277779692
63051,795.65,0.15766982969898827,0.20794319110161502,7,balanced,Opp Blk 370,Upp S'goon Rd,1.36415166798646,103.8891427848695
63059,4230.900000000001,0.2794204542768678,0.1428301307050509,8,AM-peak boarding,Blk 22,Upp S'goon Rd,1.36437667280221,103.88984149586426
63061,612.9,0.1256322401696851,0.2779409365312449,18,PM-peak boarding,Opp Blk 25,Upp S'goon Rd,1.36623834226067,103.89129134480065
63069,934.75,0.27098154586787915,0.13789783364535974,7,AM-peak boarding,Blk 25,Upp S'goon Rd,1.36637999879956,103.89194715850095
63071,709.7,0.2766661969846414,0.17718754403268985,8,AM-peak boarding,Opp Blk 248,Hougang Ave 3,1.3597807263938,103.89332464938751
63079,1188.7000000000003,0.20286868007066539,0.2271388912257087,7,balanced,Blk 248,Hougang Ave 3,1.35978917315442,103.89296017669749
63081,339.70000000000005,0.3199882249043273,0.19590815425375327,7,AM-peak boarding,Opp Blk 241,Hougang Ave 3,1.3568307844677,103.89260949897677
63089,705.4,0.19258576694074284,0.2212220017011625,7,balanced,Blk 241,Hougang Ave 3,1.35653228525134,103.89213497244268
63091,538.8499999999999,0.20701493922241815,0.22807831492994346,8,balanced,Opp Blk 106,Hougang Ave 3,1.35385498086943,103.89147049226345
63099,2293.65,0.106598652802302,0.2884921413467617,18,PM-peak boarding,Blk 106,Hougang Ave 3,1.35357948490597,103.89097410968795
63101,927.75,0.2718404742656966,0.22727027755322018,7,balanced,Opp Blk 169,Hougang Ave 3,1.35110728949265,103.8903098431232
63109,1296.2499999999998,0.2217164898746384,0.222642237222758,7,balanced,Blk 172,Hougang Ave 3,1.35081444397072,103.88984416702769
63119,9.450000000000001,0.08465608465608465,0.24338624338624334,15,PM-peak boarding,Aft Hougang Ave 1,Tampines Rd,1.360591,103.886919
63131,247.00000000000003,0.25910931174089064,0.14817813765182186,7,AM-peak boarding,The Tembusu,Tampines Rd,1.36120884403234,103.89033109494885
63139,355.00000000000006,0.27957746478873235,0.12619718309859151,8,AM-peak boarding,Aft En-Naeem Mque,Tampines Rd,1.36120166702627,103.8914116670026
63141,233.0,0.23927038626609443,0.20793991416309013,7,balanced,Blk 209,Boundary Rd,1.354019,103.874925
63149,570.65,0.2771401033908701,0.1689301673530185,8,AM-peak boarding,S'goon Stadium,Boundary Rd,1.35489972198729,103.87452555599006
63151,112.15,0.14578689255461436,0.30673205528310293,17,PM-peak boarding,Aft Upp S'goon Rd,Yio Chu Kang Rd,1.35412291412202,103.87758355854012
63159,101.2,0.1259881422924901,0.3226284584980237,18,PM-peak boarding,Highland Ctr,Yio Chu Kang Rd,1.35516666700323,103.87701916697013
63161,47.14999999999999,0.15588547189819726,0.27359490986214213,18,PM-peak boarding,S'goon Swim Cplx,Yio Chu Kang Rd,1.35717307747832,103.87530650239555
63169,94.9,0.14436248682824024,0.2802950474183351,18,PM-peak boarding,Opp S'goon Swim Cplx,Yio Chu Kang Rd,1.35703664863271,103.87567788589342
63179,471.90000000000003,0.27304513668150027,0.19569824115278658,7,balanced,Bef Tai Seng Chr Ch,Yio Chu Kang Rd,1.35999305129204,103.87393532776181
63181,432.20000000000005,0.1646228597871356,0.23681166126793146,7,balanced,Bef St. Helier's Ave,Yio Chu Kang Rd,1.36083138898279,103.87346222201559
63189,220.4,0.16538112522686027,0.2252722323049002,6,balanced,Aft S'goon Gdn Way,Yio Chu Kang Rd,1.36133997852966,103.87363460960414
63191,455.14999999999986,0.1874107437108646,0.22574975282873785,16,balanced,Aft S'goon Nth Ave 1,Yio Chu Kang Rd,1.36426277802723,103.87403972199432
63199,865.05,0.3093462805618173,0.19311022484249468,8,AM-peak boarding,Aft Phillips Ave,Yio Chu Kang Rd,1.36327972197547,103.87383805598819
63201,620.35,0.22124607076650277,0.19827516724429756,7,balanced,Affinity At Serangoon,Yio Chu Kang Rd,1.36617789459924,103.87492029493984
63209,1431.3999999999996,0.37019700992035776,0.12323599273438593,8,AM-peak boarding,Parkwood Residences,Yio Chu Kang Rd,1.36605804817414,103.87522122785421
63211,1377.1999999999998,0.14663810630264307,0.22451350566366543,18,PM-peak boarding,Blk 138,Yio Chu Kang Rd,1.36816,103.875784
63219,1639.2500000000002,0.30459051395455233,0.14967210614610335,7,AM-peak boarding,Bef Yio Chu Kang Chapel,Yio Chu Kang Rd,1.368497,103.876166
63221,2483.4,0.08289039220423612,0.27639526455665625,18,PM-peak boarding,Kovan Hub,Hougang St 21,1.35799327947024,103.8855063915276
63229,343.50000000000006,0.07787481804949052,0.21266375545851524,15,PM-peak boarding,Opp Kovan Hub,Hougang St 21,1.35757166659958,103.88511923530164
63231,795.8000000000002,0.07476752953003266,0.2270042724302588,19,PM-peak boarding,Bet Blks 210/211,Hougang St 21,1.35901223241231,103.88763070107527
63239,302.69999999999993,0.14436736042286097,0.17608192930294023,8,balanced,Opp Blk 211,Hougang St 21,1.35891911967242,103.8878789953328
63241,3137.7,0.2086082162093253,0.2286069413901903,7,balanced,Blk 21,Hougang Ave 3,1.36409785233957,103.89213557756084
63249,2685.0,0.29631284916201117,0.16910614525139664,7,AM-peak boarding,Blk 1,Hougang Ave 3,1.36395805601148,103.89261277802149
63261,375.8,0.16937200638637573,0.14449175093134645,13,balanced,Opp Blk 232,Hougang Ave 1,1.35896472197244,103.88913833298105
63269,361.5,0.1239280774550484,0.21507607192254496,13,PM-peak boarding,Blk 232,Hougang Ave 1,1.358676,103.889106
63271,786.9499999999999,0.1999491708494822,0.13749285215070844,13,balanced,Blk 239,Hougang Ave 1,1.35639501261001,103.88997632456076
63279,650.7499999999999,0.123933922397234,0.2051479062620054,13,PM-peak boarding,Opp Yuying Sec Sch,Hougang Ave 1,1.35623805601182,103.88983499998875
63281,1788.6499999999999,0.192882900511559,0.13261398261258492,8,balanced,Blk 105 Mkt/FC,Hougang Ave 1,1.354154,103.889794
63289,771.55,0.15352213077571125,0.1579288445337308,9,balanced,Aljunied CC,Hougang Ave 1,1.353941,103.88966
63291,2335.9,0.3203904276724175,0.13106297358619803,8,AM-peak boarding,Opp Blk 115,Lor Ah Soo,1.35225002342978,103.88785804760475
63299,992.45,0.21860043327119752,0.1769358657866895,7,balanced,Blk 115,Lor Ah Soo,1.35263165715857,103.88833522800789
63301,2191.2000000000007,0.20623402701715945,0.14476086162833146,14,balanced,Paya Lebar Meth Girls' Sch,Lor Ah Soo,1.35149473186732,103.88531199399267
63309,1003.1999999999999,0.12719298245614036,0.15325956937799043,13,balanced,Blk 126,Lor Ah Soo,1.35205944401441,103.88581055600547
63311,982.45,0.21700849916026257,0.21375133594584966,7,balanced,Blk 634,Hougang Ave 2,1.36990463865149,103.87780647158901
63319,1014.35,0.27091240696012225,0.1677921821856361,7,AM-peak boarding,Opp Blk 634,Hougang Ave 2,1.369226,103.878124
63321,955.5,0.33411826268969125,0.12328623757195187,7,AM-peak boarding,Blk 627,Hougang Ave 2,1.36913602302795,103.88132215113495
63329,347.8,0.25991949396204717,0.1702127659574468,7,AM-peak boarding,Opp Blk 627,Hougang Ave 2,1.36862870083779,103.882008479663
63331,858.05,0.3238739001223705,0.12097197133034207,7,AM-peak boarding,Blk 615,Hougang Ave 2,1.36836866548657,103.88492703491212
63339,459.49999999999994,0.28269858541893367,0.16735582154515782,7,AM-peak boarding,Opp Blk 615,Hougang Ave 2,1.36811854812783,103.88451259380585
63341,2373.0999999999995,0.29056929754329786,0.1529012683831276,8,AM-peak boarding,Opp Blk 709,Hougang Ave 2,1.36751402871615,103.88882988119938
63349,2374.1,0.1499304999789394,0.24249189166420962,18,PM-peak boarding,Blk 708,Hougang Ave 2,1.36687207146588,103.88923358520269
63351,466.3500000000001,0.2269754476251742,0.16264608126943278,7,balanced,Opp Hougang Swim Cplx,Hougang Ave 10,1.36922638899711,103.88786388897049
63359,236.65,0.11683921402915698,0.2607225860976125,18,PM-peak boarding,Hougang Swim Cplx,Hougang Ave 10,1.36936804895468,103.88779233654836
63361,1106.6,0.11824507500451835,0.22144406289535515,14,PM-peak boarding,Opp S'goon Sports Cplx,Yio Chu Kang Link,1.35744648841295,103.87383985365209
63369,982.6,0.24928760431508243,0.19097292896397314,8,balanced,S'goon Sports Cplx,Yio Chu Kang Link,1.356702,103.874108
63371,363.79999999999995,0.2413413963716328,0.17014843320505776,7,balanced,Blk 679,Hougang Ave 8,1.37115666339413,103.88514405987183
63379,832.7499999999998,0.3436205343740619,0.09972981086760736,7,AM-peak boarding,Blk 608,Hougang Ave 8,1.370839,103.885214
63381,1116.5999999999997,0.11172308794554903,0.18901128425577654,13,PM-peak boarding,Xinmin Pr Sch,Hougang Ave 8,1.37095163322641,103.88239574095121
63389,1469.8999999999999,0.2977413429484999,0.11582420572828085,7,AM-peak boarding,Opp Xinmin Pr Sch,Hougang Ave 8,1.37063835467565,103.882445169636
63391,670.75,0.1659336563548267,0.1976891539321655,7,balanced,Blk 639,Hougang Ave 8,1.3708774514093,103.88018734514235
63399,1612.1000000000001,0.3019353638111779,0.12927237764406674,8,AM-peak boarding,Blk 632,Hougang Ave 8,1.37022333300436,103.8802849999831
64009,14739.650000000001,0.0920476402085531,0.3030940354757406,18,PM-peak boarding,Hougang Ctrl Int,Hougang Ctrl,1.37060695394614,103.89266808874676
64011,482.75,0.12739513205592956,0.1511134127395132,13,balanced,Naung Residence,Upp S'goon Rd,1.36756333302324,103.8927594439902
64019,1606.8000000000002,0.2573126711476226,0.12649365197908885,7,AM-peak boarding,Blk 302,Upp S'goon Rd,1.368308353364,103.89393838248249
64021,742.45,0.23873661526028686,0.1837834197589063,7,balanced,Blk 458,Hougang Ave 10,1.37788950153352,103.89663845377325
64029,904.65,0.30177416680484165,0.13358757530536672,7,AM-peak boarding,Opp Blk 458,Hougang Ave 10,1.37781617357511,103.89688283812272
64031,1216.3499999999997,0.16286430714843594,0.22522300324742062,13,balanced,Blk 436,Hougang Ave 8,1.37699995735935,103.893660799245
64039,1311.05,0.291674611952252,0.1232981198276191,7,AM-peak boarding,Blk 434,Hougang Ave 8,1.37668753222312,103.89393761218089
64041,2218.6,0.053885333092941495,0.32128369241864235,18,PM-peak boarding,The Midtown,Upp S'goon Rd,1.37016500002901,103.89535999996711
64049,1103.3999999999999,0.32943628783759293,0.12302882001087549,7,AM-peak boarding,Opp The Midtown,Upp S'goon Rd,1.3703713899857,103.89603248614272
64051,1428.5000000000002,0.16062303115155754,0.14137206860343016,13,balanced,Blk 465A,Upp S'goon Rd,1.37239666924933,103.89777362456783
64059,1624.8500000000001,0.3210450195402652,0.12071883558482321,7,AM-peak boarding,Blk 355,Upp S'goon Rd,1.37249135705281,103.89837470452339
64061,1470.0500000000002,0.1414237610965613,0.191320023128465,14,balanced,Opp S'goon Sec Sch,Upp S'goon Rd,1.37557886299976,103.90111900001394
64069,1198.45,0.2803204138679127,0.13429846885560517,7,AM-peak boarding,S'goon Sec Sch,Upp S'goon Rd,1.37526504951859,103.90134716214978
64071,1536.8000000000002,0.24733211868818322,0.14640812077043205,7,AM-peak boarding,Opp Punggol Pk,Hougang Ave 8,1.37514056376267,103.89724811886428
64079,738.0500000000001,0.20906442652936794,0.20317051690264884,7,balanced,Punggol Pk,Hougang Ave 8,1.37500833299826,103.89774777801168
64081,469.95,0.06192148100861794,0.3288647728481754,18,PM-peak boarding,Hougang 1/Opp Blk 931A,Hougang St 91,1.37602972196856,103.880089999971
64089,125.89999999999998,0.2744241461477363,0.1338363780778396,8,AM-peak boarding,Opp Hougang 1,Hougang St 91,1.376101,103.8802
64091,341.99999999999994,0.09546783625730995,0.20643274853801172,13,PM-peak boarding,Hougang Pr Sch,Hougang St 93,1.37748777797023,103.88149277798507
64099,141.15,0.1462982642578817,0.22529224229543038,15,PM-peak boarding,Hougang Sec Sch,Hougang St 93,1.377877,103.8815677
64101,2029.3000000000002,0.14056571231459122,0.21877001921844969,18,PM-peak boarding,Opp Gracehaven S Army,Yio Chu Kang Rd,1.37212119701131,103.87653938842564
64109,2342.8,0.3163949120710261,0.15626600648796313,7,AM-peak boarding,Gracehaven S Army,Yio Chu Kang Rd,1.37202330151763,103.87690900449827
64111,2112.0,0.22878787878787882,0.31626420454545456,18,balanced,Opp Blk 953,Yio Chu Kang Rd,1.37594188334629,103.87684285462154
64119,3277.9,0.23676744256993806,0.29055187772659324,7,balanced,Blk 953,Yio Chu Kang Rd,1.37679164872283,103.87713655364794
64121,637.4500000000002,0.1465212957879049,0.3571260491018902,18,PM-peak boarding,Aft Ang Mo Kio Ave 5,Yio Chu Kang Rd,1.37974139718092,103.87650111729936
64129,1175.3,0.34859184888964523,0.13681613205139115,7,AM-peak boarding,Blk 988B,Yio Chu Kang Rd,1.37995970749936,103.87686804999332
64131,57.050000000000004,0.24627519719544258,0.31025416301489916,18,balanced,Bef KPE,Tampines Rd,1.3630249842487,103.9035055135566
64139,14.7,0.08503401360544217,0.3775510204081633,17,PM-peak boarding,Bef KPE,Tampines Rd,1.363239,103.906656
64141,145.5,0.059450171821305846,0.5508591065292096,18,PM-peak boarding,Aft Jln Telawi,Tampines Rd,1.36467309909964,103.90820496724626
64149,151.50000000000003,0.04389438943894388,0.533003300330033,18,PM-peak boarding,LP 137,Tampines Rd,1.36508805596971,103.90890305599302
64151,189.14999999999998,0.06952154374834787,0.44012688342585254,18,PM-peak boarding,Aft Greenwich Dr,Tampines Rd,1.36812309444086,103.90984810962769
64159,373.45000000000005,0.0919801847636899,0.33739456419868785,18,PM-peak boarding,Bef Greenwich Dr,Tampines Rd,1.36751138265993,103.9099923734176
64161,172.25,0.19796806966618288,0.45050798258345426,17,PM-peak boarding,Schenker,Tampines Rd,1.37190805558492,103.91142888889905
64169,241.99999999999997,0.14462809917355374,0.5537190082644629,17,PM-peak boarding,Opp Schenker,Tampines Rd,1.37131499866835,103.91146527121292
64171,2.2500000000000004,0.33333333333333326,0.13333333333333333,14,AM-peak boarding,Aft Buangkok East Dr,Tampines Rd,1.37400500001195,103.91234999996988
64179,10.2,0.02450980392156863,0.7843137254901962,18,PM-peak boarding,Bef Buangkok East Dr,Tampines Rd,1.37420776153231,103.91287632675001
64181,1.0499999999999998,0.0,0.5714285714285715,18,PM-peak boarding,Bef TPE,Tampines Rd,1.37652001172486,103.913361893323
64189,1.8,0.08333333333333334,0.5,17,PM-peak boarding,Aft Old Tampines Rd,Tampines Rd,1.37693109577247,103.91392221641736
64191,4.1499999999999995,0.02409638554216868,0.30120481927710846,17,PM-peak boarding,Aft Goldhill Memorial Ctr,Tampines Rd,1.37946639129442,103.91593239926291
64199,1.6000000000000003,0.06249999999999999,0.21874999999999994,16,PM-peak boarding,Bef Goldhill Memorial Ctr,Tampines Rd,1.37918375863113,103.91568109069192
64201,1858.5000000000002,0.19026096314231905,0.23475921442023132,7,balanced,Aft Hougang Ave 3,Tampines Rd,1.36172833297814,103.89420777799334
64209,1182.95,0.22410076503656115,0.22655226340927342,7,balanced,Aft Defu Ave 1,Tampines Rd,1.36146974234447,103.89452504836862
64211,21.699999999999996,0.16820276497695855,0.3894009216589862,18,PM-peak boarding,Aft Hougang Ave 7,Tampines Rd,1.36219637653141,103.89765089844938
64219,31.749999999999996,0.08976377952755905,0.33070866141732286,18,PM-peak boarding,Aft Defu Ave 2,Tampines Rd,1.36194642289744,103.89836719781479
64221,4.999999999999999,0.13000000000000003,0.33000000000000007,18,PM-peak boarding,Opp Defu Ave 2,Tampines Rd,1.36263972024077,103.90086280526522
64229,67.55,0.11176905995558846,0.389341228719467,17,PM-peak boarding,Bef Defu Ave 2,Tampines Rd,1.36242315234874,103.90226237890849
64231,602.4499999999999,0.2537969956012947,0.17877002240849868,7,balanced,Blk 316,Hougang Ave 7,1.36479332441286,103.8968501202605
64239,332.55,0.397985265373628,0.08509998496466696,8,AM-peak boarding,Opp Blk 316,Hougang Ave 7,1.36439805444874,103.89682349089492
64241,1041.5,0.2917426788286126,0.1214114258281325,7,AM-peak boarding,Blk 308,Hougang Ave 5,1.36712666702422,103.89641722203109
64249,891.6999999999999,0.4240776045755299,0.07760457552988674,7,AM-peak boarding,Blk 327,Hougang Ave 5,1.36809355475239,103.89589220748978
64251,67.85,1.0,0.0,7,AM-peak boarding,Hougang Sec Sch,Hougang St 91,1.37719,103.88271
64259,0.0,,,0,balanced,Blk 925A CP,Hougang St 91,1.37706,103.88323
64301,145.74999999999997,0.30120068610634654,0.11526586620926246,7,AM-peak boarding,Blk 325,Hougang Ave 7,1.36722334223088,103.89904601013104
64309,126.4,0.26068037974683544,0.11669303797468354,8,AM-peak boarding,Opp Blk 321,Hougang Ave 7,1.3670813438207,103.89926444088415
64311,247.34999999999994,0.4071154234889833,0.10390135435617548,8,AM-peak boarding,Riverfront Residences,Hougang Ave 7,1.370275,103.900361
64319,131.95000000000002,0.3080712391057219,0.12769988632057597,7,AM-peak boarding,Opp Riverfront Residences,Hougang Ave 7,1.36984558380582,103.90037616571983
64321,581.5499999999997,0.4197403490671483,0.09139368927865192,8,AM-peak boarding,Opp Rio Vista,Hougang Ave 7,1.37229075864076,103.90046238900685
64329,290.1,0.2785246466735608,0.11185798000689418,7,AM-peak boarding,Rio Vista,Hougang Ave 7,1.37240520198465,103.90067635112096
64331,1147.5,0.2912418300653595,0.13407407407407407,8,AM-peak boarding,Blk 508,Hougang Ave 4,1.37143555507852,103.88805955105329
64339,604.0,0.1745860927152318,0.20902317880794702,7,balanced,Blk 602,Hougang Ave 4,1.37136834322266,103.88702988625133
64341,1202.8500000000001,0.1312715633703288,0.18672319906887805,10,balanced,Bef Blk 683,Hougang Ave 8,1.3729130421635,103.88633750747994
64349,1070.1,0.22824969629006636,0.1445192038127278,7,AM-peak boarding,Blk 502,Hougang Ave 8,1.37291834719604,103.88673982857989
64351,1094.45,0.20951162684453378,0.1602174608250719,7,balanced,Opp Montfort Sch,Hougang Ave 8,1.374811,103.888082
64359,1389.7999999999997,0.20082026190818827,0.14800690746870054,7,balanced,Montfort Sch,Hougang Ave 8,1.37528677811119,103.88918760776436
64361,930.7999999999998,0.30135367425870224,0.16625483455092396,7,AM-peak boarding,Blk 535,Hougang Ave 8,1.37634509209583,103.89054894445846
64369,663.1499999999999,0.2583125989595115,0.14295408278669988,7,AM-peak boarding,Blk 532,Hougang Ave 8,1.376302,103.891097
64371,130.85,0.25257928926251433,0.13335880779518533,8,AM-peak boarding,Opp Punggol CC,Hougang Ave 6,1.37453017,103.8928777
64379,287.40000000000003,0.20076548364648572,0.19189283228949197,7,balanced,Punggol CC,Hougang Ave 6,1.374683,103.892704
64381,1091.4000000000003,0.2501832508704415,0.14989921202125706,7,AM-peak boarding,Hougang Stn Exit C,Hougang Ave 10,1.37299,103.891721
64389,1344.15,0.10742848640404716,0.2538035189524978,18,PM-peak boarding,Blk 522,Hougang Ave 10,1.37313809346006,103.89156818388481
64391,568.0000000000002,0.28556338028169,0.13283450704225347,8,AM-peak boarding,Blk 831,Hougang Ave 10,1.37145414929063,103.88976573946181
64397,324.05000000000007,0.16694954482332972,0.1607776577688628,6,balanced,Blk 513,Hougang Ave 10,1.371948,103.890003
64399,281.15,0.11861995376133738,0.25004446025253424,19,PM-peak boarding,Blk 512,Hougang Ave 10,1.37121818386818,103.8892571932248
64401,1462.95,0.3089305854608838,0.14392152841860625,7,AM-peak boarding,Opp Blk 477A,Upp S'goon Rd,1.37839309319848,103.9032366204475
64409,1409.1500000000003,0.29006848099918386,0.13862967036866194,7,AM-peak boarding,Blk 477A,Upp S'goon Rd,1.37820165544364,103.90352727356866
64411,2231.25,0.15710924369747897,0.15388235294117647,7,balanced,Blk 670,Hougang Ave 4,1.37353273194871,103.88503406200056
64419,3119.7499999999995,0.18987098325186316,0.1325106178379678,8,balanced,Blk 681,Hougang Ave 4,1.37339164793235,103.88521854859373
64421,609.6,0.2204724409448819,0.20111548556430445,7,balanced,Blk 421,Hougang Ave 10,1.37505042808455,103.89511829229477
64429,506.50000000000006,0.3421520236920039,0.10266535044422508,7,AM-peak boarding,Blk 412,Hougang Ave 10,1.37481689904602,103.8952195672541
64431,208.20000000000005,0.26657060518731984,0.1822766570605187,7,balanced,Blk 568,Hougang St 51,1.37809447450304,103.88930278976599
64439,240.7,0.3163689239717491,0.11944329040299129,8,AM-peak boarding,Blk 537,Hougang St 51,1.3779797322129,103.88952155230182
64441,368.35,0.11266458531288176,0.25111985882991716,18,PM-peak boarding,Hougang G. Shop Mall,Hougang St 51,1.37980640697067,103.88818499902484
64449,354.74999999999994,0.20747004933051447,0.16955602536997885,7,balanced,Opp Hougang G. Shop Mall,Hougang St 51,1.37973333296925,103.88860666697411
64461,1099.2000000000003,0.19891739446870446,0.19727983988355163,7,balanced,Blk 579,Buangkok Green,1.37938472998807,103.88640309201648
64469,1641.1999999999996,0.14425420424079946,0.31336826712161836,17,PM-peak boarding,Opp Blk 579,Buangkok Green,1.3795683329839,103.88576472203239
64471,1897.35,0.25100798482093445,0.14709990249558597,7,AM-peak boarding,Blk 917,Hougang Ave 9,1.37454805598778,103.8839677779891
64479,1236.0999999999997,0.19998382007928167,0.17272065366879708,7,balanced,Blk 665,Hougang Ave 9,1.374401340713,103.88353995121632
64481,1549.1999999999996,0.3276207074619159,0.12222437387038475,7,AM-peak boarding,Bet Blks 930/931,Hougang Ave 9,1.37514474329335,103.8807864140804
64489,1330.7,0.2605019914330803,0.13376418426392125,7,AM-peak boarding,Blk 946A,Hougang Ave 9,1.37488764981722,103.88067688397112
64491,2013.4,0.18476209397039833,0.20626800437071616,7,balanced,Hougang 1,Hougang Ave 9,1.37513027801163,103.87905166700338
64499,1065.6999999999998,0.22562634887867133,0.1661818523036502,7,balanced,Regentville,Hougang Ave 9,1.3748828566071,103.87828864496953
64509,104.69999999999999,0.19102196752626555,0.17191977077363899,7,balanced,Blk 941A,Hougang St 92,1.37423994629457,103.87882971768626
64519,91.44999999999997,0.2504100601421542,0.14324767632586116,8,AM-peak boarding,Blk 943,Hougang St 92,1.37380837246167,103.88110955631065
64521,381.0,0.08818897637795275,0.11443569553805774,11,balanced,Blk 834,Hougang Ave 4,1.36983992146019,103.88956725593734
64529,676.8,0.11879432624113477,0.11399231678486997,11,balanced,Hougang Polyclinic,Hougang Ave 4,1.3699286957754,103.88933520735068
64541,4431.5,0.10936477490691639,0.28778066117567414,18,PM-peak boarding,Hougang Ctrl Int,Hougang Ctrl,1.371235,103.8928055
64549,2666.95,0.21567708430979213,0.2411556272146085,7,balanced,Opp Hougang Ctrl Int,Hougang Ctrl,1.3714805,103.8922875
64551,321.35,0.17582075618484516,0.19262486385560915,8,balanced,Blk 836,Hougang Ctrl,1.3703455,103.890922
64559,63.59999999999999,0.14308176100628933,0.16194968553459124,9,balanced,Blk 830A,Hougang Ctrl,1.370551,103.8909115
64561,713.2499999999999,0.33459516298633024,0.11019978969505784,7,AM-peak boarding,Blk 574,Hougang St 51,1.37715998902026,103.88690877548076
64571,168.20000000000002,0.1935196195005945,0.18311533888228299,8,balanced,Blk 438,Hougang Ave 6,1.37811157042732,103.89296494237695
64579,1075.9999999999998,0.32932156133829005,0.10757434944237919,7,AM-peak boarding,Bet Blks 544/546,Hougang Ave 6,1.37820828048176,103.89268060309126
64601,926.6,0.18697388301316642,0.1504424778761062,6,balanced,Blk 919,Hougang Ave 4,1.37548640364406,103.8845866729986
64609,705.5,0.30517363571934797,0.12657689581856837,7,AM-peak boarding,Blk 687,Hougang Ave 4,1.37595638900393,103.884701388976
64611,1263.25,0.18547397585592718,0.19695230556105284,7,balanced,Blk 913,Hougang Ave 4,1.37837333826782,103.88445923003084
64619,1063.9,0.19973681737005355,0.1479932324466585,13,balanced,Opp Blk 913,Hougang Ave 4,1.37809338718149,103.88468027114665
64621,309.35,0.29432681428802326,0.14239534507839016,7,AM-peak boarding,Blk 565,Buangkok Green,1.38133333296872,103.88821499999295
64629,548.0000000000001,0.19361313868613134,0.2284671532846715,7,balanced,Opp Blk 565,Buangkok Green,1.38153999996628,103.88805638900106
65009,15446.900000000001,0.09564054923641635,0.31371990496475016,18,PM-peak boarding,Punggol Int,Punggol Pl,1.40370629859822,103.90224337575333
65011,864.65,0.16885444977736658,0.18440987682877466,7,balanced,Blk 266/Opp The Rivervale,Punggol Rd,1.38159696830765,103.89720951783346
65019,1200.75,0.26237768061628153,0.1230064542993962,7,AM-peak boarding,Opp Blk 266/The Rivervale,Punggol Rd,1.38151407829697,103.89749237919405
65021,865.8000000000001,0.2732732732732732,0.1507276507276507,7,AM-peak boarding,Opp Blk 110,Punggol Rd,1.38403136207098,103.89961345545082
65029,1741.45,0.23035401533205085,0.13824686324614546,7,AM-peak boarding,Blk 111,Punggol Rd,1.38461500003195,103.90061583298267
65031,1495.55,0.2606733308816155,0.14238908762662567,7,AM-peak boarding,Blk 227D,Punggol Rd,1.387135,103.901618
65039,582.7500000000001,0.2841698841698841,0.10948090948090945,7,AM-peak boarding,Blk 124,Punggol Rd,1.38732058981564,103.90185567950667
65041,757.1500000000001,0.2491580268110678,0.15637588324638443,7,AM-peak boarding,Blk 231,Punggol Rd,1.389877,103.901631
65049,628.4499999999999,0.22364547696714143,0.1589625268517782,7,balanced,Blk 126A,Punggol Rd,1.38993499998792,103.90187166698628
65059,762.3000000000001,0.27777777777777773,0.15164633346451528,7,AM-peak boarding,St. Anne's Ch,Punggol Rd,1.39269,103.901269
65061,4344.200000000001,0.28101836932001284,0.1651051977349109,7,AM-peak boarding,Blk 298A,Punggol Rd,1.39490129020977,103.9018594759131
65069,3228.05,0.1732160282523505,0.26079211908117905,18,PM-peak boarding,Blk 190C,Punggol Rd,1.39504382175966,103.90236824858533
65071,757.4499999999999,0.24120403987061853,0.19684467621625196,7,balanced,Blk 203A,Punggol Rd,1.39845074063981,103.90416383740006
65079,807.3999999999999,0.25860787713648753,0.153083973247461,7,AM-peak boarding,Blk 102C,Punggol Rd,1.398951,103.904753
65081,76.49999999999999,0.3339869281045752,0.1712418300653595,7,AM-peak boarding,Opp Blk 199C,Punggol Rd,1.40092158845981,103.90531038561681
65089,387.70000000000005,0.35478462728914106,0.09917461955119938,7,AM-peak boarding,Opp Blk 296,Punggol Rd,1.4013394838038,103.90580511592151
65091,409.5499999999999,0.13368331095104385,0.2461237944084972,18,PM-peak boarding,Blk 301A,Punggol Rd,1.4039796271467,103.90655641325277
65099,326.7000000000001,0.4623507805325986,0.07667584940312211,7,AM-peak boarding,Blk 604A,Punggol Rd,1.40446781720997,103.90711426733175
65101,112.29999999999998,0.23820124666073023,0.41273374888691006,17,PM-peak boarding,Opp My First Skool PCC10,New Punggol Rd,1.407889,103.908735
65109,45.3,0.217439293598234,0.4757174392935983,17,PM-peak boarding,My First Skool PCC10,New Punggol Rd,1.407697,103.908819
65141,1845.7000000000003,0.2948474833396543,0.12323237795958171,7,AM-peak boarding,Aft Soo Teck Stn,Punggol Way,1.40454805557377,103.89716388800268
65149,764.9999999999998,0.3130065359477125,0.16379084967320268,7,AM-peak boarding,Bef Soo Teck Stn,Punggol Way,1.40444046572287,103.89692479945528
65151,489.2499999999999,0.1794583546244252,0.2158405723045478,7,balanced,Cove Stn Exit B,Punggol Field,1.39885650320272,103.90662105241732
65159,499.7,0.2437462477486492,0.1542925755453272,7,AM-peak boarding,Cove Stn Exit A,Punggol Field,1.39856872266182,103.90665292741664
65161,652.0,0.1906441717791411,0.18144171779141105,7,balanced,Meridian Stn Exit B,Punggol Field,1.39735631138291,103.90859112878573
65169,967.2499999999999,0.21457741018350998,0.13326440940811582,7,AM-peak boarding,Meridian Stn Exit A,Punggol Field,1.39645725997371,103.90932129998102
65171,1468.0500000000002,0.14386430979871256,0.20534041756070975,7,balanced,Coral Edge Stn Exit B,Punggol Field,1.39452041732154,103.91205304613206
65179,1274.2499999999998,0.21530311948204833,0.15479693937610361,7,balanced,Coral Edge Stn Exit A,Punggol Field,1.39429582834351,103.91190241454986
65181,54.900000000000006,0.1867030965391621,0.2477231329690346,6,balanced,Aft Punggol Ctrl,Punggol East,1.39681388886675,103.91754694442001
65189,334.80000000000007,0.25925925925925924,0.15576463560334525,7,AM-peak boarding,Bef Punggol Ctrl,Punggol East,1.397182,103.918161
65191,13131.6,0.1431318346583813,0.29607968564379056,18,PM-peak boarding,Bef Punggol Rd,TPE,1.39527356921611,103.90539999997036
65199,13247.699999999999,0.3023430482272395,0.15070917970666609,7,AM-peak boarding,Aft Punggol Rd,TPE,1.39591721161169,103.90542736761212
65201,535.6999999999999,0.24453985439611725,0.1774313981706179,7,balanced,Opp Blk 201A,Punggol Field,1.40083471013366,103.903580214986
65209,481.8,0.3955998339559983,0.10107928601079286,8,AM-peak boarding,Blk 201A,Punggol Field,1.40040560689368,103.90387509832152
65211,44.15000000000001,0.3046432616081539,0.20271800679501692,7,AM-peak boarding,Bef Punggol Int,Punggol Pl,1.402691,103.902709
65219,165.1,0.3455481526347668,0.10932768019382191,7,AM-peak boarding,Opp Punggol Int,Punggol Pl,1.403538,103.903422
65221,872.7499999999999,0.2613577771412203,0.1702663993125179,7,AM-peak boarding,Blk 303D,Punggol Ctrl,1.40402842836975,103.90480763848863
65229,867.6,0.326417704011065,0.13739050253573076,7,AM-peak boarding,Blk 298,Punggol Ctrl,1.403199,103.9054445
65231,439.7500000000001,0.1473564525298465,0.25844229675952235,17,PM-peak boarding,Riviera Stn Exit B,Punggol East,1.3942824799683,103.91576531457447
65239,685.3000000000002,0.19983948635634022,0.18590398365679262,7,balanced,Riviera Stn Exit A,Punggol East,1.39410461413829,103.91603484855351
65241,272.55,0.2770133920381581,0.12107870115575123,7,AM-peak boarding,Blk 196C,Edgefield Plains,1.39917246521216,103.90767172209786
65249,255.89999999999995,0.2334896443923408,0.1359906213364596,7,AM-peak boarding,Blk 178,Edgefield Plains,1.39963747797366,103.90824975943016
65251,2539.6499999999996,0.08820113007697912,0.3236666469789145,18,PM-peak boarding,Punggol Stn/Waterway Pt,Punggol Ctrl,1.40502618974463,103.90299618971393
65259,1458.6000000000001,0.10945427121897708,0.30193336075689015,18,PM-peak boarding,Punggol Stn/Int,Punggol Ctrl,1.4053405,103.9014515
65261,1374.8500000000004,0.31094301196494156,0.14336109393752042,7,AM-peak boarding,Blk 649,Punggol Ctrl,1.3968515,103.914998
65269,1018.8000000000002,0.29201020808794653,0.1666175893207695,7,AM-peak boarding,Blk 162B,Punggol Ctrl,1.396356,103.915423
65271,1116.5,0.2949843260188088,0.15423197492163007,7,AM-peak boarding,Bet Blks 622A/622B,Punggol Ctrl,1.400166,103.910274
65279,1804.0500000000002,0.3097752279593137,0.14004600759402452,7,AM-peak boarding,Bet Blks 187/188,Punggol Ctrl,1.39929726136961,103.91103404530959
65281,1032.6,0.22690296339337598,0.19121634708502808,7,balanced,Punggol Sec/Blk 601B,Punggol Ctrl,1.40201165055481,103.90783309940194
65289,1668.9999999999998,0.2977231875374476,0.15440383463151588,7,AM-peak boarding,Opp Punggol Sec/Blk 195E,Punggol Ctrl,1.40173746082241,103.90762981656073
65301,331.4,0.62990343995172,0.08614966807483404,7,AM-peak boarding,Damai Stn Exit B,Punggol Dr,1.404519,103.9093865
65309,203.50000000000003,0.20417690417690412,0.16658476658476656,7,balanced,Damai Stn Exit A,Punggol Dr,1.40494388890828,103.90913500001737
65311,492.6000000000001,0.3441940722695899,0.1444376776289078,7,AM-peak boarding,Oasis Stn Exit B/Blk 617D,Punggol Dr,1.40201500002599,103.91285694443438
65319,705.35,0.12313036081378038,0.23137449493159423,18,PM-peak boarding,Oasis Stn Exit A,Punggol Dr,1.40257805553795,103.91244500001986
65321,181.65000000000003,0.2821359757775942,0.21249655931736852,7,balanced,Kadaloor Stn Exit B,Punggol Dr,1.3992735,103.9167155
65329,489.65,0.24405187378739918,0.16154395997140814,7,AM-peak boarding,Kadaloor Stn Exit A,Punggol Dr,1.39988799999567,103.91612399998853
65331,684.5,0.17092768444119796,0.1617238860482104,13,balanced,Opp Blk 268D,Punggol Field,1.4028650002354,103.89851804993967
65339,606.15,0.4099645302317908,0.11119359894415574,7,AM-peak boarding,Blk 268C,Punggol Field,1.4031330662473,103.8980438895579
65341,934.9999999999999,0.18342245989304815,0.18502673796791447,7,balanced,Opp Blk 272C,Punggol Field,1.40194694990354,103.9009230492748
65349,247.65,0.23581667676155868,0.16293155663234404,7,balanced,Blk 272C,Punggol Field,1.40222088604884,103.90077963354756
65351,467.79999999999995,0.19153484395040615,0.16962377084224028,13,balanced,Punggol View Pr Sch,Punggol Pl,1.40589404110743,103.90472620505594
65359,522.0500000000001,0.13782204769658077,0.30811224978450336,18,PM-peak boarding,Opp Punggol View Pr Sch,Punggol Pl,1.40552300002668,103.90435300000112
65371,198.95000000000002,0.3385272681578285,0.12616235234983664,7,AM-peak boarding,Blk 682A,Edgedale Plains,1.40288670334271,103.91626762051331
65379,523.5499999999998,0.29003915576353745,0.11307420494699649,7,AM-peak boarding,Blk 661A,Edgedale Plains,1.40280775893278,103.91633762054916
65381,72.8,0.17857142857142858,0.24725274725274726,14,balanced,Punggol Sec Sch,Edgefield Plains,1.40206799999564,103.90976700000783
65389,204.29999999999995,0.26431718061674014,0.22001957905041608,8,balanced,Opp Punggol Sec Sch,Edgefield Plains,1.40225699999819,103.91007199999862
65391,237.35000000000002,0.2791236570465557,0.154202654307984,7,AM-peak boarding,Blk 672A,Edgefield Plains,1.40587968028504,103.91251694444946
65399,920.1999999999999,0.3491632253857857,0.09438165616170398,7,AM-peak boarding,Blk 670A,Edgefield Plains,1.40580472725369,103.91259546667418
65401,585.05,0.2299803435603795,0.17707888214682507,7,balanced,Opp Blk 264A,Punggol Ctrl,1.40653182138609,103.89871180015278
65409,842.6500000000001,0.2653533495520085,0.14181451373642676,7,AM-peak boarding,Bef Blk 264,Punggol Ctrl,1.40624496856359,103.89957451783918
65411,140.90000000000003,0.06600425833924768,0.2157558552164655,14,PM-peak boarding,Horizon Pr Sch,Edgedale Plains,1.39944781445392,103.91384912994876
65419,121.84999999999998,0.1403364792778006,0.2314320886335659,13,PM-peak boarding,Opp Horizon Pr Sch,Edgedale Plains,1.39946209125417,103.91395382625832
65429,103.0,0.06504854368932039,0.11941747572815535,13,PM-peak boarding,Greendale Pr Sch,Edgedale Plains,1.39678724110144,103.912022758935
65431,2970.149999999999,0.3185192667037019,0.14229921047758534,7,AM-peak boarding,Twin Waterfalls,Punggol Way,1.40238938083661,103.89673562171807
65439,1523.75,0.3068416735028712,0.17184577522559477,7,AM-peak boarding,Blk 220C,Punggol Way,1.40172529138051,103.89631809709375
65441,164.55,0.07869948343968397,0.17502278942570645,15,PM-peak boarding,Opp Blk 315B,Sumang Walk,1.40817769231202,103.89579264867245
65449,580.1500000000001,0.08506420753253467,0.23709385503749028,15,PM-peak boarding,Blk 315B,Sumang Walk,1.40804081420589,103.89593121183572
65451,657.7499999999999,0.25716457620676547,0.16069935385784875,8,AM-peak boarding,Blk 322 CP,Sumang Walk,1.41068999997892,103.89759188105812
65459,761.75,0.29176238923531345,0.15694125369215622,7,AM-peak boarding,Opp Blk 322 CP,Sumang Walk,1.41060953055987,103.8977216527095
65461,270.99999999999994,0.3291512915129152,0.11162361623616239,7,AM-peak boarding,Blk 312 CP,Sumang Link,1.40985888889928,103.90129988103229
65469,97.00000000000001,0.19896907216494844,0.23402061855670098,7,balanced,Blk 310B,Sumang Link,1.40982305558831,103.90097793657458
65481,263.85,0.0468068978586318,0.351335986355884,18,PM-peak boarding,Opp One Punggol,Sentul Cres,1.40886523796853,103.90603964310132
65489,475.09999999999997,0.05093664491685962,0.3866554409597979,18,PM-peak boarding,One Punggol,Sentul Cres,1.40819500002156,103.90566900789092
65491,42.199999999999996,0.2274881516587678,0.2713270142180095,7,balanced,Opp Blk 259 CP,Sumang Walk,1.40456320178872,103.89496045471951
65499,41.949999999999996,0.2753277711561383,0.16805721096543505,7,AM-peak boarding,Blk 259 CP,Sumang Walk,1.40455142766372,103.89497063575236
65521,408.24999999999994,0.15884874464176363,0.1383955909369259,15,balanced,Waterwoods,Punggol East,1.39031766666667,103.912942666667
65529,942.3999999999999,0.16824066213921904,0.15396859083191852,15,balanced,Aft Punggol Field,Punggol East,1.39161433333333,103.914103333333
65531,533.5500000000002,0.2524599381501264,0.1799269046949676,7,balanced,Blk 226A,Sumang Lane,1.4024,103.8936
65539,1366.05,0.32853848687822557,0.11580835254932104,7,AM-peak boarding,Blk 224A,Sumang Lane,1.402291,103.8937
65541,314.09999999999997,0.3454313912766635,0.13944603629417385,7,AM-peak boarding,Blk 228B,Sumang Crescent,1.403562,103.8912
65549,907.5,0.36143250688705236,0.12336088154269972,7,AM-peak boarding,Opp Blk 228B,Sumang Crescent,1.403521,103.8912
65551,58.04999999999998,0.2825150732127477,0.11714039621016369,7,AM-peak boarding,Blk 227A,Punggol Field,1.40374,103.8933695
65559,354.2999999999999,0.37679932260795945,0.08904882867626307,7,AM-peak boarding,Opp Blk 227A,Punggol Field,1.404046,103.8925
65561,214.25000000000006,0.20140023337222865,0.11645274212368727,6,AM-peak boarding,Blk 659A,Punggol East,1.40046,103.920181
65569,408.6499999999999,0.30270402544965136,0.09286675639300135,7,AM-peak boarding,Blk 656A,Punggol East,1.400196,103.920347
65571,147.99999999999997,0.10270270270270272,0.2547297297297298,17,PM-peak boarding,Blk 218,Punggol Field,1.403478611,103.895535
65579,165.95000000000002,0.284423018981621,0.16691774630912926,7,AM-peak boarding,Blk 258A,Punggol Field,1.403556111,103.8960314
65581,7.4,1.0,0.0,7,AM-peak boarding,Opp Blk 683A,Punggol North Avenue,1.4046835,103.9162165
65589,0.0,,,0,balanced,Blk 683A,Punggol North Avenue,1.404972,103.9154735
65591,7.3,1.0,0.0,7,AM-peak boarding,Opp Blk 662A,Punggol North Avenue,1.4027295,103.9187425
65599,0.0,,,0,balanced,Blk 662A,Punggol North Avenue,1.4028335,103.918333
65601,187.10000000000002,0.2501336183858899,0.18038482095136288,7,balanced,Sumang Stn Exit B,Punggol Ctrl,1.407698056,103.89849
65609,82.85000000000001,0.15872057936028966,0.30476765238382614,18,PM-peak boarding,Sumang Stn Exit A,Punggol Ctrl,1.407746111,103.8981261
65611,260.09999999999997,0.2654748173779316,0.11937716262975781,7,AM-peak boarding,Nibong Stn Exit B,Punggol Way,1.41138059190012,103.9003025582472
65619,364.1000000000001,0.1771491348530623,0.19623729744575663,13,balanced,Nibong Stn Exit A,Punggol Way,1.4115376363476,103.9000027461105
65621,466.45000000000005,0.17997641762246755,0.21824418480008573,7,balanced,Samudera Stn Exit B,Punggol Way,1.416165,103.902557
65629,371.54999999999995,0.20199165657381243,0.20723994078858837,7,balanced,Samudera Stn Exit A,Punggol Way,1.41645968650579,103.90252132088521
65631,173.04999999999998,0.2689973995954926,0.13955504189540596,7,AM-peak boarding,Aft Punggol Pt Stn,Punggol Way,1.41730626833353,103.90541762051286
65639,271.0,0.2706642066420664,0.1793357933579336,13,AM-peak boarding,Bef Punggol Pt Stn,Punggol Way,1.41755237944481,103.90530849057907
65641,172.64999999999998,0.2096727483347814,0.36490008688097314,18,PM-peak boarding,Marina Country Club,Northshore Dr,1.415276389,103.8998269
65651,402.20000000000005,0.2420437593237195,0.18224763799104923,7,balanced,Blk 413C,Northshore Dr,1.417212,103.9013
65661,1096.9499999999998,0.25511645927344007,0.12398012671498247,7,AM-peak boarding,Blk 421C,Northshore Dr,1.418851944,103.9057239
65669,177.35,0.1869185226952354,0.1511136171412461,13,balanced,Northshore Pr Sch,Northshore Dr,1.41874,103.905114
65671,267.1500000000001,0.36870671907168245,0.11547819577016652,7,AM-peak boarding,Punggol Cove Pr Sch,Sumang Link,1.411223,103.898788
65679,359.1,0.2832080200501253,0.11180729601782233,13,AM-peak boarding,Opp Punggol Cove Pr Sch,Sumang Link,1.410983,103.898983
65681,24.9,0.29718875502008035,0.25903614457831325,7,balanced,Bef Northshore Cres,Northshore Dr,1.418239,103.907934
65689,34.65,0.2813852813852814,0.2481962481962482,17,balanced,Aft Northshore Cres,Northshore Dr,1.418378,103.907847
65691,321.25,0.2532295719844358,0.16871595330739297,7,AM-peak boarding,Opp Blk 437B,New Punggol Rd,1.420151,103.911959
65699,248.6,0.2077634754625905,0.16251005631536608,7,balanced,Blk 437B,New Punggol Rd,1.419958,103.912031
65701,5.85,0.4615384615384615,0.1452991452991453,8,AM-peak boarding,Opp SIT Punggol,New Punggol Rd,1.411694,103.911075
65709,3.1,0.38709677419354843,0.14516129032258063,8,AM-peak boarding,Bef SIT Punggol,New Punggol Rd,1.411316,103.910496
65711,377.4,0.21369899311075785,0.12917329093799682,7,AM-peak boarding,Blk 446B,New Punggol Rd,1.417097,103.91168
65719,394.6499999999999,0.2868364373495503,0.19042189281641964,7,AM-peak boarding,Blk 432B,New Punggol Rd,1.416996944,103.911575
65721,99.45,0.017094017094017092,0.38712921065862244,19,PM-peak boarding,Opp Punggol Coast Stn,New Punggol Rd,1.414944,103.911686
65729,499.6500000000001,0.04943460422295606,0.35124587211047725,18,PM-peak boarding,Punggol Coast Stn,New Punggol Rd,1.414675,103.911277
65731,0.1,0.0,0.5,11,PM-peak boarding,Teck Lee Stn Exit B,Sentul Wk,1.413252,103.906819
65739,18.0,0.09166666666666666,0.2777777777777778,17,PM-peak boarding,Teck Lee Stn Exit A,Sentul Wk,1.413142,103.906954
65791,6.0,0.39999999999999997,0.08333333333333333,7,AM-peak boarding,Waterway Pr Sch,Punggol East,1.398805,103.919084
65799,446.5,0.23169092945128777,0.11926091825307951,7,AM-peak boarding,Blk 654D,Punggol East,1.398633889,103.9191989
65801,473.8999999999999,0.2163958641063516,0.16480270099177044,8,balanced,Blk 309D,Anchorvale Rd,1.3904399999914,103.88569800003212
65809,422.4,0.34505208333333337,0.11103219696969696,7,AM-peak boarding,Anchor Green Pr Sch,Anchorvale Rd,1.390669,103.886047
66009,11141.699999999999,0.06839171760144323,0.3138165630020554,18,PM-peak boarding,Serangoon Int,S'goon Ave 2,1.35046610176969,103.87168992264617
66011,170.39999999999998,0.04430751173708921,0.18075117370892022,15,PM-peak boarding,Aft Braddell Rd,Lor Chuan,1.34716997902419,103.8599767808637
66019,135.95000000000002,0.13497609415226186,0.10334681868333946,15,balanced,Bef Braddell Rd,Lor Chuan,1.34602837489201,103.86040421534554
66021,308.4,0.09954604409857329,0.25437743190661477,16,PM-peak boarding,New Tech Pk,Lor Chuan,1.350294,103.8611675
66029,289.59999999999997,0.14450966850828728,0.2358425414364641,16,PM-peak boarding,St. Gabriel's Pr Sch,Lor Chuan,1.350163,103.861409
66031,1002.9499999999998,0.19632085348222744,0.1864998255147316,13,balanced,Cardiff Residence,Lor Chuan,1.35465640659199,103.86572364607075
66039,809.75,0.20524853349799319,0.17517752392713803,7,balanced,Blk 307,Lor Chuan,1.35475138514216,103.86668854745251
66041,991.7999999999998,0.2768703367614439,0.13344424279088526,8,AM-peak boarding,Blk 230,Boundary Rd,1.3557230306281,103.8697219448858
66049,401.65,0.2537034731731607,0.12523341217477904,7,AM-peak boarding,Blk 233,Boundary Rd,1.35535475300084,103.86896493522666
66051,2224.75,0.2714237554781436,0.136284975839982,8,AM-peak boarding,Opp Blk 257,Boundary Rd,1.35585499445871,103.87196190877665
66059,810.6,0.22107081174438686,0.15809277078707132,7,balanced,Blk 257A,Boundary Rd,1.35553141738293,103.87212299732872
66061,257.94999999999993,0.18259352587710803,0.2798992052723397,18,PM-peak boarding,Aft Lynwood Gr,Braddell Rd,1.34405111099275,103.86346055601665
66069,160.2,0.17322097378277154,0.23314606741573035,18,balanced,Bef Braddell Flyover,Braddell Rd,1.34350264971893,103.86263251306754
66071,228.7,0.23393091386095322,0.20266724967205949,8,balanced,Opp PUB Recreation Club,Braddell Rd,1.34375516528836,103.86737312632222
66079,126.25000000000001,0.16079207920792077,0.2689108910891089,18,PM-peak boarding,PUB Recreation Club,Braddell Rd,1.34326097186022,103.86743994816177
66081,130.05,0.3271818531334102,0.16532103037293347,8,AM-peak boarding,Opp S'pore Power Trg Inst,Braddell Rd,1.34302188357133,103.86962821126625
66089,222.64999999999998,0.3388726701100382,0.14821468672804852,8,AM-peak boarding,S'pore Power Trg Inst,Braddell Rd,1.34238715725246,103.86947751046722
66091,584.65,0.24296587702043962,0.18575215941161377,8,balanced,Golden Hill Est,Ang Mo Kio Ave 1,1.35454666698201,103.86145166702076
66099,650.05,0.20706099530805322,0.2071379124682717,8,balanced,Opp Golden Hill Est,Ang Mo Kio Ave 1,1.35427474694456,103.86142199387719
66101,1241.9999999999998,0.29609500805152983,0.1390096618357488,7,AM-peak boarding,Blk 516,Ang Mo Kio Ave 3,1.37094045484466,103.87325896613375
66109,992.5499999999998,0.2571155105536245,0.15928668580927918,7,AM-peak boarding,Blk 151,Ang Mo Kio Ave 3,1.369659,103.875269
66111,79.00000000000001,0.18860759493670884,0.22088607594936704,8,balanced,Opp Grace Wk,Lor Chuan,1.35848277799301,103.86823666699911
66119,284.7,0.2843343870741131,0.15718299964875307,8,AM-peak boarding,Summer Pl,Lor Chuan,1.35683000003038,103.86812666696963
66121,53.349999999999994,0.1190253045923149,0.27085285848172447,17,PM-peak boarding,Chuan Terr,Lor Chuan,1.36239972197855,103.86776000002241
66129,297.55,0.28230549487481094,0.16081330868761554,8,AM-peak boarding,Aft Chuan Gdn,Lor Chuan,1.36149111,103.8680175
66131,230.74999999999997,0.27128927410617554,0.20888407367280606,8,balanced,Aft Trinity Meth Ch,S'goon Gdn Way,1.36346698150382,103.87019205208469
66139,154.4,0.2266839378238342,0.2253886010362694,7,balanced,Opp Trinity Meth Ch,S'goon Gdn Way,1.36357778856307,103.86929111065648
66141,145.3,0.20887818306951134,0.1913282863041982,8,balanced,Bef Yio Chu Kang Rd,S'goon Gdn Way,1.36311828855893,103.87239656838271
66149,118.55000000000003,0.18304512863770558,0.2032897511598481,7,balanced,Aft Yio Chu Kang Rd,S'goon Gdn Way,1.36291833299844,103.87236222198605
66151,40.3,0.14516129032258066,0.16997518610421836,12,balanced,Opp Penshurst Pl,Chartwell Dr,1.36306633208702,103.86588376967377
66161,17.799999999999997,0.10955056179775283,0.16292134831460675,16,balanced,Opp Crowhurst Dr,Chartwell Dr,1.36123776322522,103.86464333342467
66171,128.8,0.19293478260869565,0.17857142857142855,8,balanced,Bef Cooling Cl,Chartwell Dr,1.35976302696107,103.86361193890139
66181,61.59999999999999,0.19642857142857148,0.11525974025974028,13,AM-peak boarding,Aft Chartwell Rd,Burghley Dr,1.35878665442309,103.86185764149462
66191,194.6,0.10123329907502569,0.2733812949640288,18,PM-peak boarding,Aft Corfe Pl,Burghley Dr,1.36065611099902,103.85983944399274
66201,94.25000000000001,0.21856763925729442,0.21114058355437662,8,balanced,Opp Brockhampton Dr,Berwick Dr,1.36208638896684,103.85966527802135
66211,117.95000000000002,0.23908435777871975,0.1750741839762611,8,balanced,Opp Bloxhome Dr,Berwick Dr,1.36412138937997,103.86103467229529
66221,40.64999999999999,0.13653136531365317,0.21402214022140223,9,PM-peak boarding,Opp Portchester Ave,Tavistock Ave,1.36834972197817,103.86262638902237
66231,103.1,0.19544131910766246,0.3215324927255092,18,PM-peak boarding,Bef Huddington Ave,Tavistock Ave,1.36994831751271,103.86438051938194
66241,25.900000000000006,0.29536679536679533,0.12162162162162161,8,AM-peak boarding,Hemsley Ave,Hemsley Ave,1.36890803491379,103.86562505721909
66251,129.19999999999996,0.2724458204334366,0.1652476780185759,8,AM-peak boarding,Opp Kingswear Ave,Kensington Pk Rd,1.36724305880207,103.86653816215
66261,78.05,0.1447789878283152,0.2786675208199872,18,PM-peak boarding,S'goon Gdns Country Club,Kensington Pk Rd,1.36555110748973,103.86640982940798
66271,3116.4499999999994,0.09831699529913845,0.22472685266890216,21,PM-peak boarding,S'goon Gdn Circus,S'goon Gdn Way,1.36398333300081,103.86578916701893
66291,153.05,0.15746488075792225,0.19078732440378962,6,balanced,Aft Medway Dr,Berwick Dr,1.3659363788285,103.86192411659012
66301,969.75,0.20309358081979892,0.12085589069347769,7,AM-peak boarding,Blk 152,S'goon Nth Ave 1,1.36937136450503,103.87207688842045
66309,511.65000000000003,0.15958174533372424,0.14472784129776214,12,balanced,Blk 112,S'goon Nth Ave 1,1.36927306510786,103.8719488184558
66311,276.44999999999993,0.16386326641345636,0.15988424669922233,8,balanced,Blk 141A,S'goon Nth Ave 1,1.36766470740207,103.87429104816339
66319,123.15000000000002,0.27811611855460816,0.1522533495736906,7,AM-peak boarding,Bet Blks 142/148,S'goon Nth Ave 1,1.36821833817676,103.8739176208251
66321,251.65,0.21915358633022053,0.14623484999006556,7,balanced,Opp Blk 127,S'goon Nth Ave 1,1.36514638903186,103.87249027797797
66329,138.95000000000002,0.34724721122706004,0.09895645915797048,7,AM-peak boarding,Blk 126,S'goon Nth Ave 1,1.36602172246077,103.8722863800345
66331,3322.15,0.1383441446051503,0.3057959453968063,18,PM-peak boarding,Blk 554,Ang Mo Kio Ave 3,1.371636,103.870361
66339,3641.75,0.2666300542321686,0.24556875128715588,8,balanced,Blk 101,Ang Mo Kio Ave 3,1.37125183222903,103.87055805068519
66341,673.5500000000001,0.04906836908915447,0.6122782273030954,18,PM-peak boarding,Daikin S'pore,Ang Mo Kio Ave 3,1.37114196132937,103.86525341485559
66349,638.85,0.09344916647100258,0.5239101510526728,18,PM-peak boarding,Opp Daikin S'pore,Ang Mo Kio Ave 3,1.37082760014108,103.86541771672718
66351,11932.6,0.10584868343864706,0.3394314734425021,18,PM-peak boarding,S'goon Stn Exit E,S'goon Ctrl,1.35049831450162,103.87324486521683
66359,6896.25,0.10528910639840493,0.32435019032082657,18,PM-peak boarding,S'goon Stn Exit C/Blk 201,S'goon Ctrl,1.35080698547823,103.87328604946424
66361,419.25000000000006,0.19200954084675012,0.19236732259988074,7,balanced,Blk 319,S'goon Ave 2,1.35258501828366,103.86824850324253
66369,1260.2,0.28539120774480237,0.14668306617997146,8,AM-peak boarding,Blk 238,S'goon Ave 2,1.35355301663986,103.86822572103661
66371,2443.6,0.10138729743002128,0.2169954165984613,19,PM-peak boarding,Blk 261,S'goon Ctrl,1.353767301605,103.87268543240587
66379,1480.95,0.16874303656436745,0.19760964245923224,8,balanced,Blk 206,S'goon Ctrl,1.35339155862192,103.87285801649963
66381,1955.2,0.11438727495908348,0.3120396890343699,18,PM-peak boarding,Opp S'goon Stn Exit F,S'goon Ave 2,1.35020472222222,103.8712252777778
66389,1314.25,0.13129161118508656,0.27627924671866083,18,PM-peak boarding,S'goon Stn Exit F,S'goon Ave 2,1.35092163758707,103.8710690514159
66391,214.10000000000002,0.17702008407286313,0.2508173750583839,7,balanced,Lor Chuan Stn Exit A,S'goon Ave 3,1.351021,103.86481
66399,77.45,0.28857327307940606,0.2220787604906391,7,balanced,Opp Lor Chuan Stn Exit B,S'goon Ave 3,1.351539,103.863131
66401,163.2,0.23897058823529413,0.14889705882352944,8,AM-peak boarding,Golden Hts,S'goon Ave 3,1.34937635159369,103.86604085565898
66409,117.74999999999999,0.2777070063694268,0.11549893842887475,7,AM-peak boarding,Opp Golden Hts,S'goon Ave 3,1.34926598081238,103.86593883283692
66411,271.54999999999995,0.2916589946602836,0.14233106241944396,8,AM-peak boarding,Blk 326,S'goon Ave 3,1.35002972706339,103.86903123228186
66419,318.35,0.18376001256478716,0.1991518768650856,7,balanced,Blk 330,S'goon Ave 3,1.35021638901553,103.86930944403264
66421,656.5499999999998,0.14789429594090323,0.17668113624247966,13,balanced,Blk 537,S'goon Nth Ave 4,1.37365500000249,103.87340722201968
66429,1624.0,0.28171182266009853,0.1566810344827586,7,AM-peak boarding,Blk 530,S'goon Nth Ave 4,1.37352182697727,103.87243744452265
66431,719.4,0.1754239644147901,0.16214901306644425,13,balanced,Opp Blk 506A,S'goon Nth Ave 4,1.37297644274866,103.87526422817183
66439,1066.55,0.24255777975716095,0.19070835872673572,7,balanced,Blk 504A CP,S'goon Nth Ave 4,1.37393762072692,103.87551294197841
66451,580.7999999999998,0.07231404958677688,0.5759297520661159,18,PM-peak boarding,Aft AMK Ind Pk 2,Ang Mo Kio Ave 5,1.37872496881803,103.86854361874474
66459,744.4999999999999,0.10805910006715917,0.5957689724647415,18,PM-peak boarding,Opp Ang Mo Kio Linear Pk,Ang Mo Kio Ave 5,1.37848946701219,103.87075091953804
66461,466.25,0.09222520107238606,0.5463806970509384,18,PM-peak boarding,Ang Mo Kio Linear Pk,Ang Mo Kio Ave 5,1.37889000002038,103.87128027800178
66471,339.05,0.13729538416162806,0.45804453620409963,18,PM-peak boarding,Bef Yio Chu Kang Rd,Ang Mo Kio Ave 5,1.37895833299995,103.8743605559661
66479,840.0,0.09577380952380951,0.5417261904761904,18,PM-peak boarding,Aft Yio Chu Kang Rd,Ang Mo Kio Ave 5,1.37863834733323,103.87430288480033
66481,1440.55,0.2754156398597758,0.1880184651695533,7,balanced,Opp Blk 968,Buangkok Green,1.3791866640778,103.8783096213561
66489,1761.7499999999998,0.34624662977153403,0.10645664821910034,7,AM-peak boarding,Blk 969,Buangkok Green,1.37889334025536,103.8789799431682
66491,871.6,0.1598783845800826,0.22952042221202387,15,balanced,Opp Blk 910,Buangkok Green,1.37936944398935,103.88260194401967
66499,1360.9999999999998,0.26212343864805293,0.1576781778104335,7,AM-peak boarding,Blk 911,Buangkok Green,1.37912306945844,103.88326933020046
66509,333.05,0.14397237652004205,0.3688635340039033,17,PM-peak boarding,Blk 546,S'goon Nth Ave 5,1.37528324399418,103.87015339999972
66511,388.44999999999993,0.0677049813360793,0.443042862659287,17,PM-peak boarding,Yio Chu Kang Amenity Ctr,S'goon Nth Ave 6,1.37665021193432,103.87172116805385
66519,90.19999999999997,0.12694013303769405,0.46951219512195136,17,PM-peak boarding,Ang Mo Kio TechLink,S'goon Nth Ave 6,1.3773461218142,103.87159967372142
66521,145.65000000000003,0.07998626845176791,0.31925849639546844,17,PM-peak boarding,Ban Teck Han Bldg,S'goon Nth Ave 5,1.37522304448462,103.87393140656636
66529,566.7000000000002,0.1731956943709193,0.2556026116110816,17,balanced,Blk 538,S'goon Nth Ave 5,1.37512174055594,103.87318199195964
66531,174.04999999999998,0.07756391841424878,0.24188451594369437,11,PM-peak boarding,Opp Blk 531,S'goon Nth Ave 5,1.37519277744949,103.87488352078606
66539,563.1999999999999,0.2580788352272728,0.21448863636363638,7,balanced,Blk 531,S'goon Nth Ave 5,1.37500340591534,103.8750162086281
66541,276.84999999999997,0.15134549394979235,0.1919812172656674,9,balanced,Blk 980C,Buangkok Link,1.37977511312504,103.88135493816362
66549,103.10000000000002,0.3520853540252181,0.13530552861299705,7,AM-peak boarding,Opp Blk 980C,Buangkok Link,1.38028167,103.8815267
66551,173.05000000000004,0.16989309448136372,0.15544640277376479,6,balanced,Blk 984,Buangkok Link,1.38172111,103.8814381
66559,235.44999999999993,0.2478233170524528,0.12146952643873436,6,AM-peak boarding,Opp Blk 984A,Buangkok Link,1.381952,103.881758
66561,167.24999999999997,0.2017937219730942,0.19192825112107628,7,balanced,Blk 991B,Buangkok Link,1.3834275,103.882464
66569,214.05,0.24667133847231953,0.17589348283111425,7,balanced,Opp Blk 991B,Buangkok Link,1.383197,103.882529
66571,546.8500000000001,0.21157538630337383,0.16759623297065004,7,balanced,Buangkok Sq,Buangkok Cres,1.384484444,103.8813056
66579,1295.85,0.2807037851603195,0.1360111123972682,7,AM-peak boarding,Blk 998B,Buangkok Cres,1.38402973472559,103.88070409002009
66581,269.59999999999997,0.28894658753709207,0.13223293768545996,7,AM-peak boarding,Blk 986B,Buangkok Cres,1.382511944,103.8797475
66589,711.25,0.31543057996485063,0.13532513181019332,7,AM-peak boarding,Buangkok Sports Pk,Buangkok Cres,1.381992,103.8794283
66599,303.74999999999994,0.068641975308642,0.5208230452674898,19,PM-peak boarding,KLA Corporation,S'goon Nth Ave 5,1.37284849802167,103.868436813377
66601,198.85000000000002,0.35453859693236106,0.1176766406839326,7,AM-peak boarding,Blk 991A,Buangkok Cres,1.38486,103.882346
66609,1649.2500000000002,0.3361224799151129,0.12208579657420039,7,AM-peak boarding,Opp Blk 991A,Buangkok Cres,1.385071,103.882087
66701,375.79999999999995,0.10404470463012243,0.388770622671634,18,PM-peak boarding,Goldenhill Pk Condo,Lor Chuan,1.352218,103.862853
66709,124.65,0.2222222222222222,0.31046931407942235,7,balanced,Lor Chuan Stn Exit B,Lor Chuan,1.352149,103.863065
67009,8121.1,0.04261737941904422,0.44455800322616396,18,PM-peak boarding,Sengkang Int,Sengkang Sq,1.39178060381601,103.89588499436073
67011,104.05,0.11580970687169631,0.3493512734262374,19,PM-peak boarding,Bef Begonia Rd,Yio Chu Kang Rd,1.39009747909366,103.86263251348234
67019,153.99999999999994,0.18084415584415592,0.3009740259740261,17,PM-peak boarding,Aft Begonia Rd,Yio Chu Kang Rd,1.38976371710347,103.86253811109862
67021,151.64999999999998,0.17045829212001323,0.32673920211012203,18,PM-peak boarding,Opp Dedap Rd,Yio Chu Kang Rd,1.389306388988,103.86548666703128
67029,88.44999999999999,0.2832108535895987,0.19672131147540983,8,balanced,Aft Dedap Rd,Yio Chu Kang Rd,1.38906690681702,103.86517736947857
67039,277.6,0.25414265129682995,0.23739193083573487,7,balanced,Aft Seletar Rd,Yio Chu Kang Rd,1.38831000001759,103.86800750000182
67041,1378.0500000000002,0.32745546242879425,0.1641087043285802,7,AM-peak boarding,Opp The Greenwich,Yio Chu Kang Rd,1.38802587904105,103.87037184486725
67049,1036.55,0.13979065168105737,0.2831990738507549,18,PM-peak boarding,The Greenwich,Yio Chu Kang Rd,1.38773464426252,103.869986495669
67051,1521.5499999999995,0.3582859583976867,0.09943807301764652,7,AM-peak boarding,Opp Seletar Hills Est,Yio Chu Kang Rd,1.3873944756683,103.87302341120069
67059,408.04999999999995,0.20965567945104768,0.23992157823796106,7,balanced,Seletar Hills Est,Yio Chu Kang Rd,1.38705245959807,103.87298447808229
67061,206.60000000000005,0.3272023233301064,0.1444820909970958,7,AM-peak boarding,Aft Jln Selaseh,Yio Chu Kang Rd,1.38580333301583,103.8753413890144
67069,123.30000000000003,0.205596107055961,0.24817518248175177,8,balanced,Bef Jln Selaseh,Yio Chu Kang Rd,1.385515,103.875233
67071,577.0000000000001,0.2676776429809358,0.20502599653379544,7,balanced,Bef Gerald Dr,Yio Chu Kang Rd,1.38224166699882,103.87700083300696
67079,366.65,0.1625528433110596,0.25637528978589935,18,PM-peak boarding,Ch of St. Vincent de Paul,Yio Chu Kang Rd,1.38256500000442,103.87673500001087
67081,130.00000000000003,0.11615384615384612,0.3134615384615384,18,PM-peak boarding,Aft Yio Chu Kang Rd,Sengkang West Rd,1.38990180700693,103.86883700264016
67089,437.3499999999999,0.30684806219275185,0.17846118669258035,7,AM-peak boarding,Bef Fernvale Lane,Sengkang West Rd,1.39029406445756,103.86916019529639
67091,43.800000000000004,0.15753424657534246,0.35958904109589035,17,PM-peak boarding,Opp Blk 459B,Sengkang West Rd,1.392881,103.869086
67099,373.8999999999999,0.32161005616475,0.1353303022198449,7,AM-peak boarding,Blk 459B,Sengkang West Rd,1.3937,103.869287
67101,635.1500000000001,0.25088561757065253,0.17885538849090762,7,balanced,Blk 250A,Sengkang East Way,1.39143144034973,103.89956953538392
67109,991.35,0.2551571089927876,0.17148333081151965,7,balanced,Blk 235,Sengkang East Way,1.39102885574104,103.89998669813552
67111,489.8500000000001,0.10840053077472694,0.2361947534959681,14,PM-peak boarding,CHIJ St. Joseph's Convent,Sengkang East Way,1.39105369405739,103.90237246307768
67119,1177.15,0.23030200059465658,0.14862167098500614,7,AM-peak boarding,Blk 128,Sengkang East Way,1.39050824371994,103.90323582065614
67121,412.0,0.2854368932038835,0.1785194174757282,7,AM-peak boarding,Blk 142A,Sengkang East Way,1.38949805550873,103.90518999989366
67129,609.7,0.272019025750369,0.14416926357224866,7,AM-peak boarding,Blk 137,Sengkang East Way,1.38936844113699,103.90498892005203
67131,596.9500000000002,0.33352877125387376,0.11625764301867826,7,AM-peak boarding,Bakau Stn/Blk 122F,Rivervale Dr,1.38767805568948,103.90527388892869
67139,880.8499999999998,0.2145087131747744,0.1559289322813192,7,balanced,Nth Spring Pr Sch,Rivervale Dr,1.38715714684677,103.90417577185805
67141,742.1500000000003,0.25803409014350187,0.12638954389274398,7,AM-peak boarding,Blk 119D,Rivervale Dr,1.38602111109914,103.90353194446361
67151,437.90000000000003,0.3630965973966659,0.12514272664992004,7,AM-peak boarding,Kangkar Stn Exit B,Rivervale Dr,1.38353305558266,103.90215499999188
67159,389.9,0.1391382405745063,0.1846627340343678,12,balanced,Kangkar Stn Exit A,Rivervale Dr,1.38436793782529,103.90225602044251
67161,89.1,0.16049382716049385,0.17003367003367006,14,balanced,Opp Blk 101,Sengkang East Ave,1.38212499997742,103.89926833301193
67169,132.95000000000002,0.11432869499811958,0.20872508461827752,14,PM-peak boarding,Blk 101,Sengkang East Ave,1.38253470078472,103.89922222337448
67171,648.25,0.18542229078287698,0.18789047435403008,7,balanced,Blk 225A,Compassvale Dr,1.38731209583307,103.89897692182004
67179,653.2499999999999,0.21507845388442406,0.16310753922694224,7,balanced,Opp Blk 225A,Compassvale Dr,1.38741393896265,103.8979957397525
67181,466.8,0.12350042844901456,0.30784061696658094,18,PM-peak boarding,Blk 240,Compassvale Rd,1.39101786005668,103.89778017996501
67189,1388.0499999999995,0.2284499837902094,0.1918158567774937,7,balanced,Opp Blk 241,Compassvale Rd,1.39059955869523,103.89742612835978
67191,810.6500000000001,0.2213038919385678,0.16190711157712945,7,balanced,Blk 223D,Compassvale Rd,1.389133,103.897095
67199,606.05,0.35236366636416144,0.11467700684761985,7,AM-peak boarding,Opp Blk 223D,Compassvale Rd,1.388736,103.896814
67201,1055.55,0.30297001563166126,0.14911657429775949,8,AM-peak boarding,Blk 206A,Compassvale Rd,1.38669709800422,103.89628892246895
67209,970.7500000000001,0.31326294102498065,0.1322688642801957,7,AM-peak boarding,Blk 203,Compassvale Rd,1.386926667,103.8962474
67211,656.7000000000002,0.3044769301050707,0.14382518653875434,7,AM-peak boarding,Ranggung Stn Exit A,Sengkang East Ave,1.38393828115359,103.89765917692944
67219,1031.0,0.21260911736178467,0.16721629485935985,7,balanced,Ranggung Stn Exit B,Sengkang East Ave,1.38368835333684,103.89751366061326
67221,297.8,0.38616521155137673,0.15715245130960376,7,AM-peak boarding,Rumbia Stn Exit B/Blk 153,Rivervale Dr,1.391389,103.9062225
67229,275.0999999999999,0.3007997091966559,0.10305343511450385,8,AM-peak boarding,Rumbia Stn Exit A,Rivervale Dr,1.39105777803334,103.90614361099206
67231,453.59999999999997,0.22255291005291009,0.2253086419753087,13,balanced,Rivervale Pr Sch,Rivervale Dr,1.39322205615326,103.90395664347085
67239,947.1500000000001,0.21812806841577362,0.17494589030248642,7,balanced,Opp Rivervale Pr Sch,Rivervale Dr,1.3930503019817,103.90373341553943
67241,389.29999999999995,0.23054199845877218,0.15296686360133574,13,AM-peak boarding,Blk 248A,Compassvale Rd,1.39299612191324,103.89844142173672
67249,787.0999999999998,0.2947528903570068,0.11771058315334776,7,AM-peak boarding,Blk 259C,Compassvale Rd,1.39376571527248,103.89850423466406
67251,627.3,0.18125298900047826,0.20014347202295554,8,balanced,Compassvale Stn Exit A,Compassvale St,1.39442862205324,103.9003121852631
67259,1742.9,0.295513225084629,0.13038613804578575,7,AM-peak boarding,Compassvale Stn Exit B,Compassvale St,1.39465386086721,103.90046238900585
67261,577.6500000000002,0.30727949450359204,0.137453475287804,7,AM-peak boarding,Blk 203B,Sengkang East Ave,1.38657611,103.8946458
67269,355.5,0.23066104078762306,0.2268635724331927,7,balanced,Opp Blk 203A,Sengkang East Ave,1.386147,103.8951088
67271,469.75,0.25545502927088876,0.15039914848323577,7,AM-peak boarding,Blk 201 CP,Sengkang East Rd,1.388381,103.8921
67279,978.9499999999998,0.24255579958118395,0.1539404463966495,7,AM-peak boarding,Blk 301D,Sengkang East Rd,1.3882215,103.891787
67281,288.74999999999994,0.3163636363636364,0.11290043290043293,7,AM-peak boarding,Blk 403A,Fernvale Lane,1.38925023527794,103.87298584005708
67289,259.2,0.19425154320987656,0.15952932098765432,7,balanced,Opp Blk 405C,Fernvale Lane,1.38966431065207,103.8732873820409
67291,555.05,0.5013962706062517,0.06792180884604991,7,AM-peak boarding,Renjong Stn Exit B,Sengkang East Ave,1.38717956363215,103.88971793853818
67299,244.5,0.19652351738241308,0.2852760736196319,17,balanced,Renjong Stn Exit A,Sengkang East Ave,1.38683575602542,103.88973216030708
67301,942.4999999999999,0.5808488063660479,0.03994694960212202,7,AM-peak boarding,Blk 305D,Sengkang East Ave,1.38888930138858,103.88694431255796
67309,117.24999999999997,0.24434968017057576,0.15607675906183374,7,AM-peak boarding,Opp Blk 305 CP,Sengkang East Ave,1.38813799869207,103.88759103191384
67311,295.59999999999997,0.12922868741542629,0.35571718538565633,19,PM-peak boarding,Farmway Stn Exit B,Anchorvale St,1.39695849054084,103.88980246889258
67319,589.9,0.2879301576538396,0.13273436175622988,7,AM-peak boarding,Farmway Stn Exit A,Anchorvale St,1.39738047818719,103.8888966274991
67321,436.8,0.23431776556776554,0.1617445054945055,7,balanced,Blk 311A,Sengkang East Ave,1.39056792623455,103.88425489183726
67329,399.99999999999994,0.37350000000000005,0.1305,7,AM-peak boarding,Opp Blk 310B,Sengkang East Ave,1.39001974230515,103.88460168183559
67331,180.6,0.30647840531561465,0.1569767441860465,8,AM-peak boarding,Blk 200B,Sengkang East Ave,1.3867745,103.8925445
67339,381.8,0.22564169722367733,0.18478260869565216,7,balanced,Opp Blk 200B,Sengkang East Ave,1.38648038153055,103.89269086108794
67341,333.8500000000001,0.3660326493934401,0.20443312865059154,8,AM-peak boarding,Opp Blk 204 CP,Compassvale Dr,1.38864779457077,103.89505169031366
67349,515.8000000000001,0.2999224505622334,0.16217526172935245,7,AM-peak boarding,Blk 204 CP,Compassvale Dr,1.38837810902521,103.8953369095349
67351,294.75000000000006,0.16183206106870227,0.1908396946564885,14,balanced,Blk 321 CP,Anchorvale Dr,1.38995158321899,103.89134430221003
67359,584.15,0.19524094838654454,0.20491312162971842,14,balanced,Nan Chiau High Sch,Anchorvale Dr,1.39008740102191,103.89042014225743
67361,558.3,0.30440623320795274,0.11785778255418237,7,AM-peak boarding,Blk 313B,Anchorvale Dr,1.39099505909557,103.88834913656447
67369,1270.6000000000001,0.2545254210609161,0.1393042657012435,7,AM-peak boarding,Blk 306 CP,Anchorvale Dr,1.39071731059511,103.88853458899818
67371,894.8499999999999,0.2449013801195731,0.16382633960999052,7,balanced,Blk 313 CP,Anchorvale Rd,1.39259972198676,103.88713972197542
67379,2766.5,0.2869148743900235,0.1244894270739201,7,AM-peak boarding,Opp Blk 313 CP,Anchorvale Rd,1.3929735,103.8871335
67381,1131.9000000000003,0.2643784786641929,0.1588037812527608,7,AM-peak boarding,Blk 326 CP,Sengkang East Way,1.39459040201234,103.88844266691056
67389,656.1500000000002,0.27028880591328197,0.14325992532195378,7,AM-peak boarding,Blk 317B,Sengkang East Way,1.39424377787036,103.88869095686496
67391,1275.2,0.2695655583437892,0.17875627352572143,7,AM-peak boarding,Blk 333B,Sengkang East Way,1.39425676218487,103.89144488028346
67399,1024.25,0.15987307786185012,0.28708811325360023,18,PM-peak boarding,Blk 325 CP,Sengkang East Way,1.39385005995777,103.89167010585574
67401,4066.9,0.1271484423024908,0.2824633012859918,18,PM-peak boarding,Opp Sengkang Stn/Blk 260A,Sengkang East Way,1.39290842289238,103.89531738456282
67409,11389.9,0.062428116137981896,0.331324243408634,18,PM-peak boarding,Sengkang Stn,Sengkang East Way,1.392423,103.896122
67411,917.95,0.08213955008442726,0.2426602756141402,17,PM-peak boarding,Opp Sengkang General Hosp,Sengkang East Rd,1.39495624396821,103.89436833778728
67419,1650.5500000000002,0.08645602980824572,0.29699191178698003,17,PM-peak boarding,Sengkang General Hosp,Sengkang East Rd,1.39451056390105,103.89388277014375
67421,161.95,0.08243284964495215,0.4112380364309972,17,PM-peak boarding,Cheng Lim Stn Exit B,Anchorvale St,1.396636,103.892236
67429,208.35000000000002,0.3098152147828173,0.22798176145908325,7,balanced,Cheng Lim Stn Exit A,Anchorvale St,1.397015278,103.8919331
67431,26.0,0.08076923076923077,0.14038461538461539,12,PM-peak boarding,Opp Blk 291A,Compassvale St,1.39521359607395,103.89739500115256
67439,156.1,0.4067905188981422,0.13196668802049968,7,AM-peak boarding,Blk 291A,Compassvale St,1.39549374900087,103.89737027918684
67441,2107.2,0.17789009111617315,0.2055808656036447,7,balanced,Sengkang Community Hub,Sengkang East Rd,1.392382,103.893479
67449,2228.5999999999995,0.15204612761374858,0.2487211702414072,18,PM-peak boarding,Blk 323B,Sengkang East Rd,1.39203289077574,103.89307115004729
67451,208.45,0.1681458383305349,0.16718637562964742,13,balanced,Bef Buangkok Dr,Sengkang East Rd,1.383046111,103.88960583301704
67459,124.15,0.202577527184857,0.1554571083366895,6,balanced,Aft Buangkok Dr,Sengkang East Rd,1.38288638899819,103.88911083301012
67461,486.59999999999997,0.2710645293875873,0.15269214960953556,7,AM-peak boarding,Aft Sengkang East Ave,Sengkang East Rd,1.38575273465234,103.89121528705635
67469,316.55,0.10646027483809825,0.332964776496604,17,PM-peak boarding,Bef Sengkang East Ave,Sengkang East Rd,1.38533638989648,103.8907421565758
67471,1465.2000000000003,0.44168031668031665,0.10906360906360903,7,AM-peak boarding,Layar Stn Exit B,Sengkang West Ave,1.39218567915754,103.88018144124133
67479,1058.25,0.3706118592015119,0.11717458067564374,7,AM-peak boarding,Layar Stn Exit A/Blk 417A,Sengkang West Ave,1.39198203746983,103.88019668070044
67481,2076.2999999999997,0.26520733997977175,0.1864614940037567,7,balanced,Fernvale Stn/Blk 439A,Sengkang West Ave,1.3914815,103.877678
67489,1349.15,0.27165252195827,0.12155801801134046,7,AM-peak boarding,Opp Fernvale Stn,Sengkang West Ave,1.39100245036434,103.87708498686095
67491,972.9499999999999,0.19194203196464363,0.20170615139524128,7,balanced,Opp Fernvale Pr Sch,Sengkang West Ave,1.39087538517899,103.87466488789592
67499,1057.85,0.29801011485560336,0.1404736021175025,7,AM-peak boarding,Fernvale Pr Sch,Sengkang West Ave,1.39068028707514,103.87467870992985
67501,86.3,0.3765932792584009,0.1853997682502897,8,AM-peak boarding,Blk 117C,Sengkang East Dr,1.38354973187936,103.903650012666
67509,31.449999999999996,0.21462639109697937,0.151033386327504,8,balanced,Opp Blk 119A,Sengkang East Dr,1.38409640027402,103.9043380418217
67511,53.4,0.3539325842696629,0.09269662921348314,7,AM-peak boarding,Blk 121E,Sengkang East Dr,1.38603041619808,103.90624523161839
67519,68.4,0.25073099415204675,0.12426900584795321,7,AM-peak boarding,Opp Blk 121E,Sengkang East Dr,1.38565333297959,103.9062883329725
67521,783.4,0.22044932346183302,0.19919581312228749,7,balanced,Blk 160,Sengkang East Dr,1.38710967446608,103.90839913039454
67529,2257.85,0.32362645879930024,0.11094625417986138,7,AM-peak boarding,Opp Blk 157A,Sengkang East Dr,1.38731666838873,103.9092635072425
67531,181.25,0.24524137931034484,0.17710344827586208,8,balanced,Blk 158C,Sengkang East Way,1.38786807176296,103.90676693747147
67539,400.80000000000007,0.3012724550898203,0.13335828343313372,7,AM-peak boarding,Blk 122C,Sengkang East Way,1.38772020397705,103.90661294770753
67541,133.25,0.13320825515947468,0.299812382739212,18,PM-peak boarding,Hockey Stadium,Sengkang East Way,1.3947805,103.886529
67549,664.8499999999999,0.22358426712792362,0.20282770549748066,7,balanced,Opp Hockey Stadium,Sengkang East Way,1.39454660425441,103.88618230819876
67551,1621.9,0.30217645970775014,0.14587829089339663,7,AM-peak boarding,Blk 471A,Sengkang West Way,1.395806,103.8804
67559,632.0,0.30419303797468356,0.14042721518987342,7,AM-peak boarding,Opp Blk 471A,Sengkang West Way,1.3954939065925,103.88094503218825
67561,905.1499999999999,0.29293487267303764,0.14152350439153732,6,AM-peak boarding,Opp Blk 432A,Sengkang West Way,1.39545828505824,103.87697696683591
67569,726.1500000000002,0.3069613716174343,0.17744267713282375,7,AM-peak boarding,Bet Blks 430D/433A,Sengkang West Way,1.39504999232889,103.87700000087196
67571,191.05000000000004,0.2729651923580214,0.20884585187123786,7,balanced,Aft Lor Tanggam,Sengkang West Way,1.3950407,103.874442
67579,619.0999999999999,0.35172023905669525,0.1439993539008238,7,AM-peak boarding,Bef Jln Kayu,Sengkang West Way,1.3947623,103.874852
67591,1485.7999999999995,0.2649750975905237,0.1708843720554584,7,AM-peak boarding,Blk 286B,Sengkang East Rd,1.39790048032037,103.8953647897483
67599,1354.8500000000001,0.24201941174299735,0.20603756873454623,7,balanced,Opp Blk 293D,Sengkang East Rd,1.3972004371065,103.89490664468322
67601,6017.8,0.08789757054072918,0.3315331184153677,18,PM-peak boarding,Buangkok Stn Exit B,Sengkang Ctrl,1.38334470717282,103.8932683273077
67609,3609.5499999999993,0.09269853582856591,0.32232549763820983,18,PM-peak boarding,Buangkok Stn Exit A,Sengkang Ctrl,1.38393305306468,103.89303978530081
67611,1072.5500000000002,0.405855204885553,0.11276863549484871,8,AM-peak boarding,Blk 204C,Sengkang Ctrl,1.38776293807936,103.89426271274473
67619,245.70000000000002,0.20614570614570615,0.20695970695970695,7,balanced,Blk 201C,Sengkang Ctrl,1.38776797851536,103.89401435851151
67621,406.74999999999994,0.39938537185003076,0.11259987707437001,8,AM-peak boarding,Blk 278 CP,Buangkok Dr,1.38095802621952,103.89025132744938
67629,242.79999999999998,0.28233113673805604,0.15362438220757826,7,AM-peak boarding,Blk 557,Buangkok Dr,1.38027975053648,103.89060499842181
67631,690.4500000000002,0.18256209718299654,0.19284524585415305,7,balanced,Blk 441D,Fernvale Rd,1.392329,103.87567
67639,376.99999999999994,0.11657824933687005,0.22652519893899206,18,PM-peak boarding,Blk 436A,Fernvale Rd,1.393047,103.875914
67641,257.65,0.3366970696681545,0.15524936929943722,7,AM-peak boarding,Opp Treasure Crest,Anchorvale Cres,1.398044,103.8934405
67649,142.55,0.4286215363030515,0.16169764994738686,7,AM-peak boarding,Treasure Crest,Anchorvale Cres,1.398051,103.8933425
67651,146.65,0.29048755540402316,0.13365155131264916,7,AM-peak boarding,Bef Sengkang West Rd,Fernvale Lane,1.389341,103.871222
67659,244.05000000000004,0.2435976234378201,0.1598033189920098,7,AM-peak boarding,Aft Sengkang West Rd,Fernvale Lane,1.38980594691547,103.87074360172006
67661,1427.5999999999997,0.29633650882600177,0.13669795460913425,7,AM-peak boarding,Opp Blk 178A,Rivervale Cres,1.38889400053531,103.90878400579224
67671,292.70000000000005,0.20413392552101126,0.16245302357362484,8,balanced,Blk 156A CP,Rivervale Cres,1.39200512922492,103.90712750531712
67689,5.599999999999999,0.2321428571428572,0.20535714285714288,7,balanced,Sengkang Stn Exit C,Sengkang Sq,1.39071,103.895137
67691,679.3999999999999,0.27465410656461586,0.15992051810420962,6,AM-peak boarding,Blk 338A,Anchorvale Cres,1.39899,103.8887775
67699,260.69999999999993,0.4090909090909092,0.1302263137706176,7,AM-peak boarding,Blk 334A,Anchorvale Cres,1.3988295,103.889524
67701,198.6,0.24697885196374625,0.14501510574018125,7,AM-peak boarding,Aft Blk 467B,Fernvale St,1.3984935,103.877445
67708,50.75,0.6039408866995074,0.13399014778325122,7,AM-peak boarding,Opp Fernvale Plains,Fernvale St,1.398254,103.8804
67709,0.0,,,0,balanced,Opp Blk 465A,Fernvale St,1.398734,103.87682
67711,42.900000000000006,0.41958041958041953,0.11888111888111885,7,AM-peak boarding,Bef Sengkang Fire Stn,Buangkok Dr,1.38013294516415,103.8947798896038
67719,302.09999999999997,0.28417742469381,0.14730221780867264,7,AM-peak boarding,Opp Sengkang Fire Stn,Buangkok Dr,1.37972132476485,103.89527238603087
67721,48.14999999999999,0.46625129802699905,0.09449636552440292,7,AM-peak boarding,The Rivervale,Buangkok Dr,1.37971349716278,103.89819238601865
67729,149.70000000000002,0.23647294589178358,0.1843687374749499,7,balanced,Opp The Rivervale,Buangkok Dr,1.37948933048443,103.89872566951759
67731,266.59999999999997,0.4028507126781696,0.09602400600150039,8,AM-peak boarding,Bef Sengkang East Dr,Buangkok Dr,1.38018738604916,103.90138066955191
67739,472.99999999999994,0.32695560253699796,0.1396405919661734,8,AM-peak boarding,Aft Sengkang East Dr,Buangkok Dr,1.37998423176832,103.90195091871207
67741,125.64999999999999,0.39952248308794275,0.1671309192200557,7,AM-peak boarding,Thanggam Stn Exit B,Fernvale Rd,1.3967915,103.875701
67749,0.0,,,0,balanced,Thanggam Stn Exit A,Fernvale Rd,1.396944,103.8755543
67759,2569.1000000000004,0.09958740414931298,0.2987816745163675,18,PM-peak boarding,Compassvale Int,Compassvale Rd,1.3912175,103.8971153
67761,531.0000000000001,0.1466101694915254,0.27419962335216563,18,PM-peak boarding,Opp Blk 326D,Anchorvale Rd,1.396006,103.887595
67769,723.35,0.07506739476048939,0.3025506324739061,18,PM-peak boarding,Blk 326D,Anchorvale Rd,1.39607378603056,103.88766378607079
67771,178.80000000000004,0.23154362416107377,0.1728187919463087,6,balanced,Blk 995B,Buangkok Dr,1.386549,103.8833
67779,219.45000000000005,0.2772841193893825,0.12440191387559804,8,AM-peak boarding,Opp Blk 995C,Buangkok Dr,1.386616,103.8835
67781,214.39999999999998,0.3127332089552239,0.14155783582089554,7,AM-peak boarding,Opp Blk 408A,Buangkok Dr,1.388311,103.87674
67789,375.15,0.3551912568306011,0.14807410369185658,7,AM-peak boarding,Blk 409A,Buangkok Dr,1.388633,103.877235
67791,248.50000000000003,0.29496981891348084,0.1295774647887324,7,AM-peak boarding,Opp Blk 415A,Buangkok Dr,1.388434,103.8798
67799,633.9999999999999,0.3617507886435332,0.12263406940063094,8,AM-peak boarding,Blk 415A,Buangkok Dr,1.388615,103.8798
67991,35.15,0.310099573257468,0.16500711237553342,7,AM-peak boarding,Opp Blk 461B,Sengkang West Way,1.395245,103.871524
67999,278.0,0.36205035971223026,0.09964028776978417,7,AM-peak boarding,Blk 461B,Sengkang West Way,1.39506,103.871495
68009,858.95,0.057337446882822045,0.3472262646254147,18,PM-peak boarding,Woodleigh Int,Bidadari Pk Dr,1.340141,103.871449
68011,1537.1,0.17441936113460416,0.2170320733849457,7,balanced,Bef Jln Kayu,Sengkang West Ave,1.3913169267408,103.8701030697383
68019,1142.45,0.3181758501466147,0.1330473981355858,7,AM-peak boarding,Aft Jln Kayu,Sengkang West Ave,1.39106694073297,103.87060612962611
68021,643.0999999999998,0.21816202767843268,0.18045405069196085,7,balanced,Opp Blk 448A,Jln Kayu,1.39317909764213,103.8724709608888
68029,1073.6000000000004,0.29927347242921004,0.09570603576751115,7,AM-peak boarding,Blk 448A,Jln Kayu,1.39312162118162,103.87264955115819
68031,747.4000000000002,0.2604361787530104,0.21601552047096595,7,balanced,Jln Kayu Shophouse,Jln Kayu,1.39705024252478,103.87307298530668
68039,621.7000000000002,0.19647740067556696,0.234518256393759,7,balanced,Aft Abundant Grace Ch,Jln Kayu,1.39652972197871,103.87311388899468
68049,139.00000000000003,0.1492805755395683,0.24892086330935248,18,PM-peak boarding,Opp Jln Tari Lilin,Jln Kayu,1.39851660309414,103.8729604565282
68051,105.59999999999998,0.24621212121212127,0.21354166666666674,8,balanced,Bef TPE,Jln Kayu,1.39955011852479,103.87232065200857
68059,101.85000000000002,0.1654393716249386,0.28129602356406475,7,PM-peak boarding,Aft TPE,Jln Kayu,1.39978638898633,103.87243527803194
68061,16.0,0.04375,0.3625,18,PM-peak boarding,Aft Mornington Cres,Piccadilly,1.40719212135322,103.87206315994297
68069,92.3,0.0514626218851571,0.5054171180931745,17,PM-peak boarding,Aft Battersea Rd,Piccadilly,1.40757217631739,103.87228032413654
68081,47.400000000000006,0.026371308016877634,0.32067510548523204,17,PM-peak boarding,Bef Seletar A'space Rise,Seletar Aerospace Dr,1.40559323576727,103.86681241814273
68089,74.80000000000001,0.03609625668449198,0.5327540106951871,17,PM-peak boarding,Aft Seletar A'space Rise,Seletar Aerospace Dr,1.40570196065228,103.86666745163518
68091,144.40000000000003,0.058171745152354556,0.3981994459833794,18,PM-peak boarding,Aft Baker St,Seletar Aerospace Dr,1.40885699822728,103.8711692911676
68099,218.39999999999998,0.029532967032967036,0.43108974358974367,18,PM-peak boarding,Bef Baker St,Seletar Aerospace Dr,1.40885009957996,103.87095311541565
68101,72.99999999999999,0.0363013698630137,0.32808219178082204,16,PM-peak boarding,Rolls Royce Pte Ltd,Seletar Aerospace Dr,1.40378584520974,103.86344710129676
68109,155.00000000000003,0.03548387096774193,0.43967741935483867,16,PM-peak boarding,Opp Rolls Royce Pte Ltd,Seletar Aerospace Dr,1.40400332581506,103.86349233396736
68111,3153.7999999999993,0.2525049147060689,0.2714344600164881,7,balanced,Bef Piccadilly Circus/TPE,Jln Kayu,1.40222194447692,103.87138805557646
68119,2874.0499999999997,0.1840782171500148,0.2892086080617944,18,PM-peak boarding,Aft Piccadilly Circus/TPE,Jln Kayu,1.402186,103.872168
68121,117.60000000000001,0.03571428571428571,0.3443877551020408,20,PM-peak boarding,Bef West Camp Rd,Seletar Aerospace Dr,1.40580853768965,103.85999518683653
68129,225.65000000000003,0.014402836250830931,0.5142920452027475,17,PM-peak boarding,Aft West Camp Rd,Seletar Aerospace Dr,1.40606522969086,103.86016462232045
68131,25.2,0.01984126984126984,0.6547619047619048,17,PM-peak boarding,Opp Youth Flying Club,West Camp Rd,1.41460695862945,103.86188939696589
68139,15.600000000000001,0.041666666666666664,0.42948717948717946,17,PM-peak boarding,Youth Flying Club,West Camp Rd,1.4144389729383,103.86207999648197
68141,234.8,0.033006814310051105,0.6524701873935265,17,PM-peak boarding,Opp JTC Aviation Two,West Camp Rd,1.42043301652737,103.86347697141191
68149,306.75,0.03602281988590057,0.6888345558272209,17,PM-peak boarding,ST Aerospace,West Camp Rd,1.41891604556531,103.86279700000911
68151,83.14999999999999,0.060733613950691524,0.6476247745039087,17,PM-peak boarding,Bef Shell Aviation,West Camp Rd,1.42333311184046,103.86619112165944
68159,100.1,0.007992007992007994,0.7567432567432568,17,PM-peak boarding,Aft Shell Aviation,West Camp Rd,1.42306890210566,103.86626907370781
68161,46.900000000000006,0.06289978678038378,0.5191897654584221,17,PM-peak boarding,Aft Seletar A'space Lane,West Camp Rd,1.41076903489058,103.86179481507453
68169,40.0,0.01,0.6112500000000001,17,PM-peak boarding,Bef Seletar A'space Lane,West Camp Rd,1.4107138403801,103.86188409763393
68171,97.99999999999997,0.24693877551020418,0.15867346938775514,7,AM-peak boarding,Opp Blk 475A,Yishun Ave 1,1.426761,103.854462
68179,20.999999999999996,0.3690476190476191,0.14523809523809525,7,AM-peak boarding,Aft Yishun Ave 8,Piccadilly,1.42698397142724,103.85550329736579
68181,49.15,0.09257375381485249,0.8514750762970498,17,PM-peak boarding,Bef JTC Aerospace,Seletar Aerospace Link,1.40407,103.858281
68189,39.0,0.11410256410256411,0.844871794871795,18,PM-peak boarding,Aft JTC Aerospace,Seletar Aerospace Link,1.403739,103.858254
68191,1.5,0.10000000000000002,0.8999999999999999,18,PM-peak boarding,Bef Seletar A'space Lk,Seletar Aerospace Crescent,1.402289,103.85963
68199,0.5,0.0,1.0,17,PM-peak boarding,Aft Seletar A'space Lk,Seletar Aerospace Crescent,1.402553,103.859906
68201,138.70000000000002,0.021989906272530637,0.4924297043979813,17,PM-peak boarding,Aft Seletar Camp,Seletar Aerospace Dr,1.409829,103.872581
68209,33.39999999999999,0.01796407185628743,0.4730538922155689,17,PM-peak boarding,Opp Seletar Camp,Seletar Aerospace Dr,1.4113435,103.873544
68239,142.04999999999998,0.09362900387187612,0.33790918690601907,19,PM-peak boarding,Seletar Airport,Seletar Aerospace View,1.41360008537368,103.87287372479017
69009,2262.95,0.05002319980556353,0.3716608851278199,18,PM-peak boarding,Punggol Coast Int,Sentul Wk,1.414795,103.908557
69091,39.60000000000001,0.19318181818181815,0.1843434343434343,7,balanced,Opp Blk 227,Sang Nila Utama,1.339526,103.8761675
69099,99.45000000000003,0.3061840120663649,0.19105077928607334,8,AM-peak boarding,Blk 227,Sang Nila Utama,1.339846,103.8765295
70011,402.49999999999994,0.15875776397515529,0.35366459627329194,18,PM-peak boarding,Opp Blk 125,Aljunied Rd,1.32317687661433,103.88116008329277
70019,1338.3000000000002,0.1801539266233281,0.3634835238735709,18,PM-peak boarding,Blk 125,Aljunied Rd,1.32322990499562,103.88145725676175
70021,740.8999999999999,0.07450398164394657,0.41510325280064786,18,PM-peak boarding,Opp Canossa Catholic Pr,Aljunied Rd,1.32640814876454,103.88033937941422
70029,261.25,0.10430622009569378,0.356555023923445,18,PM-peak boarding,Canossa Catholic Pr,Aljunied Rd,1.32662552821417,103.88054354805391
70031,1396.9000000000003,0.067864557233875,0.44222922184837843,18,PM-peak boarding,Opp Aljunied Pk,Aljunied Rd,1.3292670732562,103.87941087761011
70039,1197.3499999999997,0.15041550089781605,0.33807992650436397,18,PM-peak boarding,Aljunied Pk,Aljunied Rd,1.32930256265165,103.87975573742911
70041,978.6,0.16411199673002247,0.2667586347843859,18,PM-peak boarding,Opp Blk 4,Upp Aljunied Rd,1.33340805598283,103.87841250002135
70049,766.3499999999999,0.25321328374763497,0.1779213153258955,8,balanced,Aft Blk 4,Upp Aljunied Rd,1.33290666703267,103.87871499999147
70051,1420.8999999999999,0.16880146386093325,0.1844253642057851,6,balanced,Aft Joo Seng Rd,Upp Aljunied Rd,1.33627202154131,103.87777948299751
70059,1275.5500000000002,0.2325271451530712,0.15659911410763983,8,balanced,Blk 7,Upp Aljunied Rd,1.33477611102342,103.87831166701761
70061,461.2,0.30680832610581094,0.19210754553339116,8,AM-peak boarding,Bef Bidadari Pk Dr,Upp Aljunied Rd,1.337594,103.874302
70069,663.1499999999999,0.24737992912614046,0.23878458870542119,7,balanced,Aft Bidadari Pk Dr,Upp Aljunied Rd,1.337778056,103.8736111
70071,213.40000000000003,0.08411433926897843,0.39573570759137766,18,PM-peak boarding,Cycle & Carriage,Ubi Ave 3,1.33377161253401,103.89841293744438
70079,182.9,0.1249316566429743,0.4073264078731547,18,PM-peak boarding,Aft Regent Motors,Ubi Ave 3,1.33372166698373,103.89851833301576
70081,548.85,0.055570738817527554,0.5406759588229935,18,PM-peak boarding,Opp HDB CP,Ubi Ave 3,1.33227580149459,103.89497442435284
70089,862.5000000000001,0.02359420289855072,0.5815072463768115,18,PM-peak boarding,HDB CP,Ubi Ave 3,1.33187702164512,103.89443953236938
70091,169.20000000000002,0.14066193853427894,0.47281323877068554,18,PM-peak boarding,Opp Traffic Police,Ubi Ave 3,1.33071735944004,103.89091372491255
70099,115.05,0.0686657974793568,0.5106475445458496,17,PM-peak boarding,Traffic Police,Ubi Ave 3,1.33063155191578,103.89132142065273
70101,848.5500000000002,0.16752106534676794,0.3966177597077366,18,PM-peak boarding,Bef Jln Wangi,MacPherson Rd,1.3296996501314,103.87395296821519
70109,1524.0500000000002,0.12214166201896262,0.4817099176536203,18,PM-peak boarding,Gulab Bldg,MacPherson Rd,1.32946242383323,103.874037265782
70111,494.69999999999993,0.18516272488376795,0.3036183545583182,18,PM-peak boarding,Opp Cencon Bldg,MacPherson Rd,1.3307766855737,103.87714812684305
70119,1173.6,0.14204158145875936,0.38241308793456036,18,PM-peak boarding,Cencon Bldg,MacPherson Rd,1.33075033509776,103.8777335022986
70121,709.65,0.23095892341295007,0.3279081237229621,18,balanced,Aft Jln Muhibbah,MacPherson Rd,1.3319080537309,103.88114282141879
70129,485.0000000000001,0.31474226804123706,0.17927835051546384,8,AM-peak boarding,Opp Jln Muhibbah,MacPherson Rd,1.33157543468156,103.88058185579888
70131,553.75,0.14203160270880363,0.3779683972911964,17,PM-peak boarding,Bef Davidson Rd,MacPherson Rd,1.3327616336301,103.88503448837113
70139,599.75,0.12763651521467279,0.4385994164235098,18,PM-peak boarding,Aft Jln Belangkas,MacPherson Rd,1.33218202150261,103.88328460405727
70141,575.8000000000002,0.4104723862452239,0.17349774227162204,7,AM-peak boarding,Grantral Mall Macpherson,MacPherson Rd,1.33325940650465,103.88723373413463
70149,885.7499999999999,0.17036409822184592,0.312108382726503,18,PM-peak boarding,Sky Green Condo,MacPherson Rd,1.33291249995394,103.88646305557553
70151,252.55,0.05325678083547812,0.3902197584636706,18,PM-peak boarding,Aft Jln Anggerek,Merpati Rd,1.32768374279565,103.8809633442231
70161,247.65,0.09166161922067435,0.30446194225721784,18,PM-peak boarding,Opp Mattar Stn Exit A,Merpati Rd,1.327297,103.882484
70171,813.8000000000002,0.16318505775374784,0.21473334971737523,8,balanced,Blk 77,Circuit Rd,1.32833666697134,103.88547138902759
70181,1947.6499999999996,0.2556670859754063,0.13608707930069572,8,AM-peak boarding,Blk 36,Circuit Rd,1.32886177068404,103.88691723349123
70191,515.6,0.20636152055857254,0.1730023273855702,7,balanced,Opp Blk 66,Circuit Rd,1.327333,103.887875
70201,650.65,0.22892492123261354,0.15684315684315686,7,balanced,Opp MacPherson Stn Exit D,Circuit Rd,1.32461138902969,103.88885416699938
70211,1511.7999999999997,0.21758830533139306,0.1330533139304141,8,AM-peak boarding,Blk 90,Pipit Rd,1.32362166702646,103.88696166698931
70221,1820.8000000000002,0.1838477592267135,0.19689147627416517,8,balanced,Blk 79 FC,Circuit Rd,1.32620809233247,103.88512100988676
70231,1449.8000000000002,0.2777279624775831,0.2680369706166367,8,balanced,Opp Mattar Stn Exit B,Mattar Rd,1.325842,103.884002
70241,275.34999999999997,0.09587797348828764,0.3816960232431451,18,PM-peak boarding,Aft Grace Baptist Ch,Mattar Rd,1.32525399997752,103.88199999996775
70251,1446.1,0.1410345066039693,0.3393264642832446,18,PM-peak boarding,MacPherson Stn Exit C,Paya Lebar Rd,1.32497158481981,103.89037074589527
70259,1328.4500000000003,0.1805863976815085,0.2776920471225864,18,PM-peak boarding,MacPherson Stn Exit B,Paya Lebar Rd,1.32498730068675,103.89080428753108
70261,791.2499999999998,0.18060031595576623,0.3474249605055293,18,PM-peak boarding,Opp Orion @ Paya Lebar,Paya Lebar Rd,1.328998,103.889692
70269,773.5499999999998,0.12494344256996966,0.34574364940857094,18,PM-peak boarding,Citipoint Ind Cplx,Paya Lebar Rd,1.32824611112671,103.89014388885742
70271,1088.85,0.13027506084400975,0.410387105661937,18,PM-peak boarding,Le Crescendo,Paya Lebar Rd,1.33078171512111,103.88931512831826
70279,1610.6000000000001,0.10517819446169127,0.4398981745933192,18,PM-peak boarding,Opp Trinity Paya Lebar,Paya Lebar Rd,1.33155751923227,103.88951499040957
70281,2561.0499999999997,0.08734698658753247,0.42408387184943674,18,PM-peak boarding,Aft Tai Seng Stn,Upp Paya Lebar Rd,1.3354935,103.8879965
70289,1942.8,0.20480749433806875,0.35814288655548693,18,PM-peak boarding,Aft Tai Seng Stn Exit C,Upp Paya Lebar Rd,1.335054333,103.8885833
70291,929.0000000000001,0.10683530678148545,0.4602798708288482,18,PM-peak boarding,Asiawide Ind Bldg,Upp Paya Lebar Rd,1.33743499996855,103.88713611112668
70299,687.5500000000001,0.18325939931641333,0.36084648389208057,18,PM-peak boarding,Opp Asiawide Ind Bldg,Upp Paya Lebar Rd,1.3374750000156,103.88758305557131
70301,1022.6500000000001,0.1423263090989097,0.3311983572092113,6,PM-peak boarding,Aft Paya Lebar St,Upp Paya Lebar Rd,1.33965760027057,103.88575915318087
70309,702.2499999999999,0.15300818796724813,0.3231043075827697,17,PM-peak boarding,Opp Paya Lebar St,Upp Paya Lebar Rd,1.33965000001824,103.88639700003634
70311,53.5,0.05046728971962617,0.508411214953271,18,PM-peak boarding,Aft Genting Lane,Kallang Way,1.32335569812186,103.87901421599854
70319,38.949999999999996,0.014120667522464702,0.5827984595635431,18,PM-peak boarding,Aft Kallang Way 4,Kallang Way,1.32319846234081,103.87904763225207
70321,128.5,0.03346303501945526,0.5381322957198444,18,PM-peak boarding,Aft Kallang Way 1,Kallang Way,1.32247982189668,103.87674093245458
70329,135.54999999999998,0.13094798967170787,0.5263740317226117,18,PM-peak boarding,Aft Kallang Way 2,Kallang Way,1.32229748021835,103.87682676312598
70341,341.00000000000006,0.017448680351906155,0.6303519061583577,17,PM-peak boarding,Tannery Blk,Tannery Rd,1.32626471325242,103.87490379761162
70349,318.85,0.03575348910145836,0.5378704720087816,17,PM-peak boarding,Bef Lor Bakar Batu,Tannery Rd,1.32598493140196,103.87447469442839
70359,32.99999999999999,0.02272727272727273,0.5484848484848487,17,PM-peak boarding,Aft Kallang Sector,Lor Bakar Batu,1.32768812063773,103.87256886396422
70361,62.89999999999999,0.03656597774244833,0.5715421303656598,18,PM-peak boarding,Bef Genting Lk,Genting Lane,1.32859972197494,103.87346222198977
70371,1484.6999999999998,0.2887115242136459,0.19748097258705463,8,balanced,MacPherson Stn Exit A,Circuit Link,1.32623288866609,103.88932330108935
70379,298.3,0.13342272879651357,0.2815957090177673,18,PM-peak boarding,Opp MacPherson Stn Exit A,Circuit Link,1.32604294133609,103.88933975894
70401,22.6,0.04867256637168141,0.47345132743362833,18,PM-peak boarding,Bef Ubi Rd 4,Ubi Rd 3,1.33088230075978,103.89811560002391
70409,45.550000000000004,0.11964873765093303,0.3743139407244785,18,PM-peak boarding,Blk 3032A,Ubi Rd 3,1.33094654621155,103.89789906902672
71011,616.65,0.27689937565880157,0.3123327657504257,8,balanced,Aft Paya Lebar Rd,Airport Rd,1.33411688207761,103.89054392713261
71021,165.0,0.11484848484848484,0.5254545454545454,18,PM-peak boarding,Opp Comfort Test Ctr,Airport Rd,1.33655775095595,103.89468782549605
71029,517.6,0.09862828438948994,0.4956530139103555,18,PM-peak boarding,Comfort Test Ctr,Airport Rd,1.33654331402892,103.89504292943955
71031,252.49999999999997,0.6073267326732674,0.02910891089108911,7,AM-peak boarding,Opp Gordon Warehse Bldg,Airport Rd,1.33913918063035,103.8968074607421
71041,242.39999999999995,0.004744224422442245,0.7691831683168318,17,PM-peak boarding,Opp Air Force Museum,Airport Rd,1.34652497125332,103.89845248326446
71049,394.84999999999997,0.0505255160187413,0.5995947828289224,17,PM-peak boarding,Air Force Museum,Airport Rd,1.3461065,103.898851
71051,207.25,0.07261761158021714,0.4998793727382389,18,PM-peak boarding,Aft Kim Chuan Rd,Hougang Ave 3,1.34151105876514,103.89189250385124
71059,345.45000000000005,0.03994789405123751,0.6439426834563612,18,PM-peak boarding,Bef Kim Chuan Rd,Hougang Ave 3,1.34065465828861,103.89195372882892
71061,243.95,0.04960032793605248,0.5372002459520393,18,PM-peak boarding,Bef Airport Rd,Hougang Ave 3,1.33901443022109,103.89506854137488
71069,448.2499999999999,0.0585610708310095,0.5760178471834915,18,PM-peak boarding,Aft Airport Rd,Hougang Ave 3,1.3385251356058,103.89512258677937
71071,1152.4999999999998,0.04559652928416487,0.4213449023861172,18,PM-peak boarding,Opp Comfort Driving Ctr,Eunos Link,1.33638181561906,103.89785574766542
71079,1768.55,0.05091741822396879,0.48172231489072964,18,PM-peak boarding,Comfort Driving Ctr,Eunos Link,1.33554558497215,103.89825312082961
71081,1246.4499999999998,0.20141201010870877,0.4147378555096475,18,PM-peak boarding,Eunos Technolink,Eunos Link,1.33375855817569,103.9005998503616
71089,1839.25,0.20568166372162563,0.42990349327171407,18,PM-peak boarding,Opp Eunos Technolink,Eunos Link,1.33291479894363,103.90097214917817
71091,3301.0,0.17252347773402,0.29641017873371706,18,PM-peak boarding,Blk 637,Eunos Link,1.33073374785934,103.90373154551283
71099,2821.3,0.3004643249565803,0.18170701449686313,8,AM-peak boarding,Blk 311,Eunos Link,1.33022638900189,103.9038336109893
71101,701.8499999999997,0.25033839139417263,0.15387903398162006,8,AM-peak boarding,Blk 318,Ubi Ave 1,1.3283069439771,103.90283722202501
71109,348.99999999999994,0.15014326647564474,0.14426934097421207,13,balanced,Maha Bodhi Sch,Ubi Ave 1,1.32831828375817,103.90256616022272
71111,1130.0,0.28314159292035396,0.1393362831858407,8,AM-peak boarding,Blk 343,Ubi Ave 1,1.3267052749653,103.90058695177659
71119,646.1500000000001,0.22208465526580512,0.14547705641105005,7,AM-peak boarding,Opp Blk 343,Ubi Ave 1,1.32680124825187,103.90021869264116
71121,909.05,0.11259006655299489,0.3572960783235246,18,PM-peak boarding,Ubi Stn Exit B,Ubi Ave 2,1.330081111,103.8994169
71129,720.1999999999998,0.29158567064704255,0.2291724520966399,8,balanced,Ubi Stn Exit A,Ubi Ave 2,1.329761944,103.8991489
71131,587.6500000000001,0.09486939504807282,0.31872713349783033,18,PM-peak boarding,Automobile Megamart,Ubi Ave 2,1.33127510693644,103.90140378909662
71139,1140.3999999999999,0.1720010522623641,0.266266222378113,8,PM-peak boarding,Blk 302,Ubi Ave 2,1.33054224737538,103.90087888738246
71141,168.24999999999997,0.03150074294205053,0.5563150074294205,17,PM-peak boarding,Blk 3023,Ubi Ave 2,1.32917333299413,103.89706805602555
71149,315.1499999999999,0.04410598127875615,0.5773441218467399,18,PM-peak boarding,Blk 3024,Ubi Ave 2,1.32886553888796,103.89713767691656
71151,467.8500000000001,0.04338997541947204,0.4143422036977663,17,PM-peak boarding,Blk 3021,Ubi Ave 2,1.32814305145316,103.8944494102938
71159,309.4,0.04541047188106012,0.42372333548804136,17,PM-peak boarding,Blk 3026,Ubi Ave 2,1.32787641919412,103.89457489895001
71161,671.35,0.20548149251508152,0.2958963282937365,18,balanced,Blk 3019,Ubi Ave 2,1.32732994325917,103.89209147524538
71169,681.6999999999999,0.09608332110899223,0.38690039606865195,18,PM-peak boarding,Aztech Bldg,Ubi Ave 2,1.32706502989935,103.89217317535862
71171,83.44999999999999,0.06231276213301378,0.6027561414020373,18,PM-peak boarding,Opp SCDF HQ,Airport Rd,1.33497828854869,103.89238738026172
71179,471.8,0.03635014836795252,0.5613607460788469,18,PM-peak boarding,Aft SCDF HQ,Airport Rd,1.334175,103.891169
71181,142.85000000000002,0.011900595029751486,0.7644382219110955,17,PM-peak boarding,Opp Paya Lebar Air Base,Airport Rd,1.34332868665716,103.8989460984825
71189,574.3000000000001,0.02603169075396134,0.34598641824830223,17,PM-peak boarding,Paya Lebar Air Base,Airport Rd,1.344908,103.8991505
71191,98.14999999999999,0.028527763627101375,0.6760061130922058,18,PM-peak boarding,Aft Defu Lane 12,Airport Rd,1.34114100497371,103.89814797322435
71201,640.6,0.07477364970340307,0.5155323134561348,18,PM-peak boarding,Paya Ubi Ind Pk,Ubi Ave 1,1.32612447781531,103.89795152582765
71209,366.00000000000006,0.03729508196721311,0.4413934426229507,18,PM-peak boarding,Opp Paya Ubi Ind Pk,Ubi Ave 1,1.32608112825105,103.89720788120638
71211,508.25,0.02872602065912445,0.525233644859813,18,PM-peak boarding,Ubi 55,Ubi Ave 1,1.32546235545492,103.89525403753592
71219,267.95000000000005,0.01903340175405859,0.49412203769359947,18,PM-peak boarding,Ubi Techpark,Ubi Ave 1,1.32554207103,103.89505220634288
71221,84.85000000000001,0.026517383618149672,0.2940483205657041,17,PM-peak boarding,Meiban Ind Bldg,Ubi Rd 1,1.32632177179998,103.89318347862555
71229,89.1,0.08529741863075196,0.44051627384960723,18,PM-peak boarding,Opp Meiban Ind Bldg,Ubi Rd 1,1.32623562632795,103.8933485973626
71291,149.9,0.21914609739826546,0.38492328218812544,18,PM-peak boarding,The Leo,Kaki Bt Rd 3,1.33709007875103,103.90374749997088
71299,340.9000000000001,0.23965972425931353,0.35215605749486645,18,balanced,Empire Technocentre,Kaki Bt Rd 3,1.33675693078428,103.9040176205713
71331,35.8,0.06284916201117319,0.4301675977653632,18,PM-peak boarding,Kaki Bt Autohub,Kaki Bt Ave 2,1.33683480070641,103.90096749998749
71339,58.25000000000001,0.02060085836909871,0.49785407725321884,18,PM-peak boarding,Opp Kaki Bt Autohub,Kaki Bt Ave 2,1.33681468016557,103.90112122053516
72011,1822.2999999999997,0.2979202107227131,0.18218734566207542,7,AM-peak boarding,Blk 322,Jln Eunos,1.32816499999482,103.90548361097667
72019,3052.45,0.28226506576684307,0.17499058133630363,8,AM-peak boarding,Opp Blk 322,Jln Eunos,1.32884628389091,103.90546507501655
72021,488.35,0.23200573359271012,0.18204156854714856,7,balanced,Blk 646,Bedok Reservoir Rd,1.33096531210116,103.9063218660858
72029,545.25,0.32994039431453465,0.14681338835396607,8,AM-peak boarding,Opp Blk 646,Bedok Reservoir Rd,1.33086398684,103.90655207721196
72031,723.0499999999998,0.2725261046953877,0.30620289053315825,7,balanced,Bef Kaki Bt Stn Exit B,Kaki Bt Ave 1,1.33521859078695,103.9099203114682
72039,1856.8000000000002,0.21429340801378713,0.3424439896596294,18,PM-peak boarding,Kaki Bt Stn Exit A,Kaki Bt Ave 1,1.33546648279458,103.90985114690736
72041,1408.4499999999998,0.30814015407007705,0.2653626326813164,8,balanced,Blk 660A CP,Kaki Bt Ave 1,1.33470286981513,103.90743417265202
72049,639.3000000000001,0.15462224307836694,0.3684498670420773,18,PM-peak boarding,Opp Blk 660A CP,Kaki Bt Ave 1,1.33490332816583,103.90747460787432
72051,911.35,0.10478959784934437,0.5706369671366653,18,PM-peak boarding,Kaki Bt Ind Est,Kaki Bt Ave 1,1.33343973211343,103.90412516288117
72059,958.8,0.1199415936587401,0.5670108468919483,18,PM-peak boarding,Opp Kaki Bt Ind Est,Kaki Bt Ave 1,1.333808,103.904357
72061,1425.25,0.18052973162603048,0.14657077705665672,7,balanced,Blk 122,Bedok Reservoir Rd,1.33177922756641,103.9098393917043
72069,2156.3,0.28008625886935956,0.13444325928674117,7,AM-peak boarding,Blk 121,Bedok Reservoir Rd,1.33150994155892,103.90977961908514
72071,517.6500000000001,0.20129431082777935,0.152033227083937,6,balanced,Blk 133,Bedok Reservoir Rd,1.33219165087886,103.91184110459187
72079,1389.4999999999995,0.30723281756027354,0.12051097517092482,8,AM-peak boarding,Blk 609,Bedok Reservoir Rd,1.33201510811169,103.91201112281274
72131,66.85,0.14360508601346297,0.3836948391922214,6,PM-peak boarding,Opp Tech View,Kaki Bt Ave 3,1.33791126455323,103.90994099232343
72139,51.6,0.21996124031007755,0.25484496124031003,7,balanced,Tech View,Kaki Bt Ave 3,1.337282,103.909145
72141,33.60000000000001,0.08482142857142855,0.544642857142857,18,PM-peak boarding,Bartley Biz Ctr,Kaki Bt Ave 3,1.33860729777301,103.91150189998882
72149,33.949999999999996,0.0736377025036819,0.3402061855670104,18,PM-peak boarding,Shun Li Ind Pk,Kaki Bt Ave 3,1.33834674682355,103.91170534393189
72151,154.35,0.07871720116618076,0.4366699060576612,18,PM-peak boarding,Autobay @ Kaki Bt,Kaki Bt Ave 6,1.34084789558521,103.91301810001244
72159,120.45000000000002,0.07762557077625569,0.4811124948111249,18,PM-peak boarding,Opp Autobay @ Kaki Bt,Kaki Bt Ave 6,1.340359,103.912709
72161,30.35,0.024711696869851727,0.41186161449752884,18,PM-peak boarding,Aft Bartley Viaduct,Kaki Bt Rd 5,1.34114935376337,103.916355499978
72169,14.55,0.05154639175257732,0.5257731958762886,17,PM-peak boarding,Bef Bartley Viaduct,Kaki Bt Rd 5,1.34105,103.916208
72171,426.85,0.17078599039475226,0.298114091601265,18,PM-peak boarding,Opp HomeTeamNS,Bedok Nth Rd,1.342458,103.918549
72179,473.1500000000001,0.1839797104512311,0.2791926450385712,18,PM-peak boarding,HomeTeamNS,Bedok Nth Rd,1.342322,103.918768
73019,76.45,0.10202746893394375,0.4375408763897973,17,PM-peak boarding,Bef RSAF Roundabout,Airport Rd,1.35196515809661,103.8994408560332
73021,80.24999999999999,0.036137071651090355,0.5003115264797509,17,PM-peak boarding,Bef Tampines Ind Dr,Tampines Rd,1.37990824811851,103.91860651287472
73029,77.55000000000001,0.03739522888459058,0.5731785944551901,17,PM-peak boarding,Aft Tampines Ind Dr,Tampines Rd,1.37988665914102,103.91817387962283
73031,132.85000000000002,0.018441851712457658,0.5814828754234098,17,PM-peak boarding,Aft Tampines Ind Dr,Tampines Rd,1.37606329708152,103.920020388391
73039,188.54999999999995,0.07451604348979052,0.5468045611243704,17,PM-peak boarding,Bef Tampines Ind Dr,Tampines Rd,1.37605781654383,103.919840609252
73041,444.45000000000005,0.018112273596580044,0.7553155585555179,17,PM-peak boarding,ST Aero,Airport Rd,1.35049911274132,103.89882183551578
73049,397.85,0.02237024004021616,0.5714465250722633,17,PM-peak boarding,Air Force Trg Cmd,Airport Rd,1.35075966304764,103.89911545547028
74009,537.65,0.23584116060634241,0.22784339254161634,6,balanced,Tampines Nth Int,Tampines St 62,1.368916,103.939651
74011,43.2,0.10648148148148147,0.4282407407407407,17,PM-peak boarding,Aft Tampines Ind Ave 5,Tampines Rd,1.37329165833159,103.92045032835671
74019,15.700000000000001,0.012738853503184714,0.60828025477707,17,PM-peak boarding,Bef Tampines Ind Ave 5,Tampines Rd,1.37358500000858,103.92015138898552
74021,12.0,0.049999999999999996,0.5458333333333333,17,PM-peak boarding,Bef Tampines Ind Ave 4,Tampines Rd,1.37042803443167,103.92278161130189
74029,19.6,0.012755102040816325,0.5076530612244897,18,PM-peak boarding,Aft Tampines Ind Ave 4,Tampines Rd,1.3700705233294,103.92288994719686
74031,85.0,0.17705882352941174,0.41058823529411764,19,PM-peak boarding,Bef Tampines Lk,Tampines Rd,1.367627,103.925697
74039,101.35000000000001,0.14948199309324123,0.34731129748396644,19,PM-peak boarding,Aft Tampines Ind Ave 2,Tampines Rd,1.367076,103.925908
74041,35.050000000000004,0.035663338088445073,0.1925820256776034,12,PM-peak boarding,Opp Golden Pagoda Tp,Tampines Link,1.36850444400102,103.92978611099927
74051,251.35,0.31450169086930574,0.18897951064253035,7,AM-peak boarding,Tampines Dormitory,Tampines Rd,1.366363,103.929336
74059,211.85000000000008,0.3205097946660372,0.19565730469671927,7,AM-peak boarding,Opp Tampines Dormitory,Tampines Rd,1.366122,103.929222
74919,24.95,0.09218436873747494,0.3687374749498998,17,PM-peak boarding,Blk 951A,Tampines St 96,1.344284,103.93562
74929,33.199999999999996,0.2394578313253012,0.21234939759036145,7,balanced,Blk 953C,Tampines St 96,1.34218,103.935758
74941,630.2,0.280704538241828,0.18152967311964452,7,AM-peak boarding,Opp Blk 961A,Bedok Reservoir Rd,1.3402645,103.9361875
74949,1417.5,0.40014109347442683,0.1279365079365079,8,AM-peak boarding,Blk 961A,Bedok Reservoir Rd,1.340276,103.936345
74951,65.60000000000001,0.3193597560975609,0.11966463414634144,7,AM-peak boarding,Blk 962A,Tampines St 96,1.3396495,103.9380655
74959,95.75,0.191644908616188,0.16971279373368145,7,balanced,Blk 969C,Tampines St 96,1.340033,103.937911
74961,520.0499999999998,0.30650898952023853,0.22305547543505438,7,balanced,Blk 966,Tampines St 96,1.338423,103.939921
74969,38.3,0.22845953002610966,0.3433420365535248,18,PM-peak boarding,Opp Blk 966,Tampines St 96,1.3384905,103.9401585
74979,16.399999999999995,0.16158536585365857,0.2987804878048781,18,PM-peak boarding,Blk 967A,Tampines St 95,1.341129,103.9396815
75009,44106.59999999999,0.10271478644919356,0.3011431395754831,18,PM-peak boarding,Tampines Int,Tampines Ctrl 1,1.35407552367477,103.94339098473914
75019,66.84999999999998,0.21615557217651465,0.16978309648466722,6,balanced,Tampines Concourse Int,Tampines Concourse,1.35737133106172,103.9416488042812
75021,339.65000000000003,0.3543353452083026,0.12056528779626086,8,AM-peak boarding,Blk 879B,Tampines Street 86,1.35168445182114,103.92851745350569
75031,1187.55,0.1557408109132247,0.24154772430634502,17,PM-peak boarding,Opp Springfield Sec Sch,Tampines Ave 8,1.35080696753697,103.92946243284943
75039,575.8999999999999,0.2770446258030909,0.14950512241708636,7,AM-peak boarding,Springfield Sec Sch,Tampines Ave 8,1.3506577199911,103.92956819494434
75041,242.79999999999998,0.28583196046128506,0.16783360790774302,8,AM-peak boarding,Blk 875B,Tampines Street 86,1.352932,103.929146
75051,5222.400000000001,0.1698069852941176,0.2695695465686274,18,PM-peak boarding,Tampines West Stn Exit B,Tampines Ave 1,1.3450165,103.940188
75059,2786.2,0.14561050893690333,0.2720371832603546,18,PM-peak boarding,Bef Tampines West Stn,Tampines Ave 1,1.34471168546511,103.9402168928283
75061,1745.0,0.27346704871060173,0.19461318051575932,7,balanced,Blk 954D,Bedok Reservoir Rd,1.342039,103.937243
75069,1136.1499999999999,0.2867579104871716,0.1591339171764292,7,AM-peak boarding,Blk 970A,Bedok Reservoir Rd,1.341667,103.937323
75071,643.1999999999999,0.10408893034825872,0.13992537313432837,13,balanced,Opp Blk 819,Tampines Ave 3,1.34893303477474,103.93654250213598
75079,450.85000000000014,0.09415548408561604,0.22579571919707214,13,PM-peak boarding,Blk 819,Tampines Ave 3,1.34858249441921,103.9370121634589
75081,2164.5,0.14663894663894664,0.15865095865095863,9,balanced,Blk 831,Tampines Ave 3,1.34986941891093,103.93426738811776
75089,2014.7000000000003,0.09661488062738867,0.21834516305157092,11,PM-peak boarding,Blk 827,Tampines Ave 3,1.34977145890473,103.93404731779178
75099,271.3499999999999,0.15164916159941041,0.1905288372950065,7,balanced,Blk 897,Tampines St 81,1.34810640028821,103.93423427925954
75101,726.75,0.2295837633298934,0.14674922600619195,6,AM-peak boarding,Blk 880,Tampines Ave 3,1.35109968413462,103.93150144928326
75109,266.85,0.21285366310661416,0.15832864905377553,7,balanced,Blk 888,Tampines Ave 3,1.35115140327554,103.93102423699943
75111,605.0,0.27247933884297526,0.14066115702479337,7,AM-peak boarding,Blk 874A,Tampines St 84,1.35304499998303,103.93201333297846
75121,1236.3999999999999,0.2779440310579101,0.13587835651892594,7,AM-peak boarding,Opp Darul Ghufran Mque,Tampines Ave 5,1.35593392058986,103.93903255460283
75129,1312.55,0.1524132414003276,0.2285627214201364,18,balanced,Darul Ghufran Mque,Tampines Ave 5,1.35563642049496,103.93936521711959
75131,2045.3000000000002,0.3141348457439006,0.12440717743118367,7,AM-peak boarding,Bet Blks 701/702,Tampines Ave 5,1.35594818346107,103.93709646027764
75139,761.7499999999999,0.2263866097801116,0.1638332786347227,7,balanced,Blk 863,Tampines Ave 5,1.35563964372785,103.93612503756641
75141,1558.1000000000001,0.2658686862203966,0.12852191772030036,7,AM-peak boarding,Blk 730,Tampines Ave 5,1.35625000000112,103.93377888890949
75149,587.3000000000001,0.19359782053465008,0.19104375957772854,15,balanced,Blk 867A,Tampines Ave 5,1.35597194444127,103.93366388890493
75151,1409.6999999999998,0.24391714549194868,0.16492870823579486,7,balanced,Opp Blk 871A,Tampines Ave 8,1.35451781224143,103.93145206236657
75159,2050.15,0.2779796600248763,0.12784430407531155,7,AM-peak boarding,Blk 874,Tampines Ave 8,1.35405115206724,103.93146643451303
75161,449.60000000000014,0.23509786476868322,0.16047597864768676,7,balanced,Blk 855,Tampines St 83,1.35324997143303,103.93456070784656
75169,1392.2999999999995,0.24484665661136257,0.14364720247073193,7,AM-peak boarding,Opp Blk 853,Tampines St 83,1.35327639994383,103.93440612457627
75171,418.95,0.21482277121374865,0.19560806778851894,7,balanced,UWCSEA,Tampines Ave 5,1.3575,103.9313
75179,479.80000000000007,0.2476031679866611,0.1877865777407253,7,balanced,Blk 871C,Tampines Ave 5,1.357,103.9317
75201,307.55,0.26889936595675495,0.12176881807836125,7,AM-peak boarding,Blk 833,Tampines St 83,1.35078500992301,103.93353377368994
75209,120.95000000000002,0.22157916494419175,0.17321207110376186,7,balanced,Blk 882A,Tampines St 83,1.35145000000178,103.93361000002287
75219,236.84999999999994,0.13595102385476043,0.15579480683977204,6,balanced,Blk 889,Tampines St 81,1.34971138040971,103.9321567318492
75221,976.45,0.19755235803164525,0.20011265297762304,8,balanced,Opp Temasek Poly East G,Tampines Ave 1,1.34567355960876,103.93595044893453
75229,1469.0000000000002,0.1777739959155888,0.28601089176310407,18,PM-peak boarding,Temasek Poly East G,Tampines Ave 1,1.34499782605889,103.93676608938834
75231,3276.3499999999995,0.11789033528163965,0.2553298640255162,17,PM-peak boarding,Opp Temasek Poly,Tampines Ave 1,1.34707779444929,103.93265533979496
75239,3524.6999999999994,0.08875932703492498,0.28165517632706333,17,PM-peak boarding,Temasek Poly,Tampines Ave 1,1.34675259898315,103.93257655832721
75241,1107.3999999999996,0.2753296008668955,0.16832219613509125,7,AM-peak boarding,Opp Temasek Poly West G,Tampines Ave 1,1.34844803009871,103.92980219657613
75249,1192.05,0.22918501740698796,0.20141772576653663,7,balanced,Temasek Poly West G,Tampines Ave 1,1.34791499671757,103.93017010145029
75251,1524.6000000000001,0.2779745507018234,0.19631378722287812,8,balanced,Opp Tropica Condo,Tampines Ave 1,1.3494983330038,103.92783361101397
75259,1908.4000000000005,0.3709914064137496,0.12796059526304754,8,AM-peak boarding,Tropica Condo,Tampines Ave 1,1.34913805600656,103.92798027801848
75261,435.8500000000001,0.30216817712515764,0.16232648847080414,7,AM-peak boarding,Blk 709,Tampines Ave 6,1.35801998380195,103.93796778680796
75269,560.8000000000002,0.2976105563480741,0.14693295292439368,7,AM-peak boarding,Blk 522 CP,Tampines Ave 6,1.35917286418935,103.93814214622792
75271,777.2499999999997,0.3201672563525251,0.16982952717915736,7,AM-peak boarding,Blk 721,Tampines Ave 9,1.36024833439953,103.93601495043112
75279,2591.8,0.30868508372559605,0.14802453893047302,7,AM-peak boarding,Opp Blk 721,Tampines Ave 9,1.3604749400553,103.93620400344062
75281,689.9,0.24757211190027542,0.16770546456008117,7,balanced,Blk 742A,Tampines Ave 9,1.36022789260467,103.93363809095122
75289,648.1499999999997,0.2649849571858367,0.1481138625318214,7,AM-peak boarding,Opp Blks 741/742,Tampines Ave 9,1.36045667202312,103.93331674675824
75291,1015.55,0.19206341391364287,0.3819605140071882,18,PM-peak boarding,Aft Tampines Ave 9,Tampines Ave 10,1.364015,103.930753
75299,844.7500000000001,0.19857946137910623,0.3698135543060076,18,PM-peak boarding,Bef Tampines Ave 9,Tampines Ave 10,1.364115,103.931119
75311,873.5000000000001,0.17069261591299367,0.3943903835145964,18,PM-peak boarding,Bef Tampines Lk,Tampines Ave 10,1.367478,103.930734
75319,562.8000000000001,0.25577469793887697,0.2547085998578536,7,balanced,Aft Tampines Lk,Tampines Ave 10,1.367593,103.931091
75329,272.5,0.1706422018348624,0.14256880733944954,13,balanced,Poi Ching Sch,Tampines St 71,1.35775471736024,103.93627195175705
75339,677.1999999999999,0.2059214412285883,0.13947135262847016,7,balanced,Blk 734,Tampines St 71,1.35846309875614,103.93415212517196
75341,1318.4,0.21283373786407767,0.20828276699029122,7,balanced,Opp The Clearwater Condo,Bedok Reservoir Rd,1.33832204097015,103.933861255669
75349,1284.75,0.20579879353959912,0.19435687877018876,7,balanced,The Clearwater Condo,Bedok Reservoir Rd,1.33811824869625,103.9339578151498
75351,2791.7999999999997,0.06610430546600761,0.44876065620746475,18,PM-peak boarding,Tampines Wafer Fab Pk,Tampines Ave 10,1.37333,103.9305775
75359,2287.1,0.17305758383979714,0.30613003366708935,18,PM-peak boarding,IKEA Tampines/Aft TPE,Tampines Ave 10,1.374303,103.931336
75361,780.9000000000002,0.22326802407478544,0.38967857600204875,18,PM-peak boarding,Bef Tampines Ind Ave 5,Tampines Ave 10,1.370387,103.930339
75369,321.40000000000003,0.15930304915992533,0.42143746110765395,18,PM-peak boarding,Bef Tampines Lk,Tampines Ave 10,1.370271,103.930686
75371,363.04999999999995,0.09502823302575404,0.5134279024927697,18,PM-peak boarding,Aft Tampines Ave 5,Tampines Ave 10,1.35909826524265,103.93052373888251
75379,341.45,0.24205593791184657,0.24820617952848148,7,balanced,Bef Tampines Ave 5,Tampines Ave 10,1.35943002306953,103.9309897702735
75381,177.19999999999996,0.023984198645598198,0.5474040632054177,18,PM-peak boarding,T5@Tampines,Tampines Ind Ave 5,1.373188889,103.9266
75391,219.00000000000003,0.18242009132420087,0.4098173515981734,17,PM-peak boarding,Opp Siltronic,Tampines Ind Ave 5,1.37507,103.9213
75401,177.65,0.2828595553053757,0.36054038840416547,8,balanced,Aft Tampines Ave 1,Tampines Ave 10,1.35169889,103.926635
75409,287.2,0.2421657381615599,0.33791782729805014,8,balanced,The Santorini,Tampines Ave 10,1.35220889,103.92732
75411,126.85000000000001,0.17461568782026013,0.35080804099329915,18,PM-peak boarding,Bef Tampines Fire Stn,Tampines Ave 10,1.35660663,103.9293749
75419,720.4,0.3753470294280955,0.13895058300943922,8,AM-peak boarding,The Alps Residences Condo,Tampines Ave 10,1.35557389,103.92911
75461,63.94999999999999,0.25488663017982804,0.2017200938232995,7,balanced,Reebonz Bldg,Tampines Avenue 11,1.365944,103.933409
75469,51.70000000000001,0.17698259187620888,0.32398452611218564,18,PM-peak boarding,Opp Reebonz Bldg,Tampines Avenue 11,1.36626888891089,103.93315812393162
75471,409.65000000000003,0.19626510435737823,0.19699743683632367,8,balanced,Blk 602B,Tampines Ave 6,1.361598056,103.9379408
75479,1341.9,0.34141888367240475,0.1370444891571652,7,AM-peak boarding,Blk 619A,Tampines Ave 6,1.361776111,103.9381889
75481,430.8500000000001,0.15481025879076243,0.2413833120575606,17,PM-peak boarding,Blk 609D,Tampines Ave 6,1.363804,103.93794
75489,1039.1499999999999,0.24486359043448974,0.13390752056969638,7,AM-peak boarding,Opp Blk 609D,Tampines Ave 6,1.363941111,103.9381689
75491,409.0,0.1795843520782396,0.26772616136919314,7,balanced,Blk 614,Tampines Ave 6,1.365746,103.936676
75499,661.4999999999999,0.2581254724111867,0.30544217687074837,7,balanced,Opp Blk 614,Tampines Ave 6,1.366074,103.936768
75501,299.09999999999997,0.4657305249080576,0.10815780675359413,7,AM-peak boarding,Blk 604A,Tampines Nth Dr 1,1.361552,103.934734
75509,22.699999999999996,0.4493392070484582,0.14537444933920707,7,AM-peak boarding,Opp Blk 604A,Tampines Nth Dr 1,1.361373,103.934576
75511,828.0500000000002,0.3661010808526054,0.16212789082784854,7,AM-peak boarding,Blk 610C,Tampines Nth Dr 1,1.364262,103.934773
75519,28.650000000000002,0.42408376963350786,0.1343804537521815,8,AM-peak boarding,Opp Blk 610C,Tampines Nth Dr 1,1.364004,103.934527
75521,325.25000000000006,0.38308993082244425,0.13589546502690233,7,AM-peak boarding,Blk 660 CP,Tampines Nth Dr 1,1.367719,103.933654
75529,25.999999999999993,0.23269230769230775,0.2038461538461539,7,balanced,Opp Blk 660 CP,Tampines Nth Dr 1,1.367119,103.933765
75531,673.2500000000001,0.40787226141849237,0.1224656516895655,7,AM-peak boarding,Opp Blk 662B,Tampines St 64,1.36908,103.935023
75539,197.74999999999997,0.2591656131479141,0.14513274336283188,6,AM-peak boarding,Blk 662B,Tampines St 64,1.369246,103.935001
75541,615.5000000000002,0.38229082047116153,0.1823720552396425,7,AM-peak boarding,Opp Blk 648A,Tampines St 62,1.368309,103.941523
75549,1.2000000000000002,0.0,0.16666666666666666,6,PM-peak boarding,Blk 648A,Tampines St 62,1.368246,103.941407
75551,608.4500000000002,0.34990549757580724,0.15564138384419424,7,AM-peak boarding,Blk 641A,Tampines St 62,1.366268,103.943413
75559,5.0,0.27999999999999997,0.22000000000000003,6,balanced,Blk 646B,Tampines St 62,1.36642,103.943193
75561,1714.8499999999997,0.3204945038924688,0.14642680117794563,7,AM-peak boarding,Blk 648C,Tampines Nth Dr 2,1.366506,103.941333
75569,367.5,0.22544217687074827,0.16938775510204082,7,balanced,Blk 636C,Tampines Nth Dr 2,1.365866,103.941721
75571,1329.3499999999997,0.3954564260728929,0.11881746718320986,7,AM-peak boarding,Blk 637B,Tampines Nth Dr 2,1.36378,103.943296
75579,186.50000000000003,0.2750670241286863,0.2241286863270777,7,balanced,Blk 630B,Tampines Nth Dr 2,1.363603,103.94323
75581,628.0,0.29156050955414015,0.2070063694267516,7,balanced,Blk 637 CP,Tampines Ave 12,1.363484,103.944546
75589,125.74999999999997,0.3244532803180915,0.1260437375745527,8,AM-peak boarding,Opp Blk 638A,Tampines Ave 12,1.364117,103.945427
75591,335.4,0.3033691115086464,0.21317829457364343,7,balanced,Bef Blk 631B,Tampines Ave 12,1.362079,103.942426
75599,145.3,0.26875430144528556,0.1486579490708878,8,AM-peak boarding,Opp Blk 631B,Tampines Ave 12,1.362446,103.943349
75601,264.65,0.07009257509918762,0.33931607783865486,18,PM-peak boarding,IKEA Tampines,Tampines Nth Dr 2,1.373503,103.931982
75609,134.0,0.018656716417910446,0.29029850746268654,18,PM-peak boarding,Giant Hypermarket,Tampines Nth Dr 2,1.373449,103.932049
75611,181.9,0.016767454645409564,0.528587135788895,18,PM-peak boarding,BHCC Space,Tampines Nth Dr 2,1.372567,103.93426
75619,103.80000000000001,0.008670520231213872,0.6392100192678227,17,PM-peak boarding,T-Space,Tampines Nth Dr 2,1.372262,103.934647
76031,4111.5,0.1686002675422595,0.3199927033929223,18,PM-peak boarding,Tampines East Stn Exit B,Tampines Ave 2,1.35507956918888,103.95529781026745
76039,3243.7000000000003,0.1274162222153713,0.30542281961957024,18,PM-peak boarding,Tampines East Stn Exit C,Tampines Ave 2,1.35506418976437,103.9555498102644
76041,230.4,0.09874131944444445,0.13172743055555555,13,balanced,Blk 842C,Tampines St 82,1.35122178461773,103.9365069000221
76049,693.8000000000001,0.23328048428942055,0.13447679446526375,7,AM-peak boarding,Opp Blk 842C,Tampines St 82,1.35118252345739,103.93633200959248
76051,2177.4999999999995,0.04000000000000001,0.29648679678530426,18,PM-peak boarding,Our Tampines Hub,Tampines Ave 5,1.35313809279079,103.9412639409046
76059,4360.1,0.11099516066145272,0.27148459897708765,18,PM-peak boarding,Opp Our Tampines Hub,Tampines Ave 5,1.35296163572491,103.94165154852797
76061,2382.15,0.17039229267678357,0.22551056818420337,7,balanced,Blk 938,Tampines Ave 5,1.3482019444416,103.94189805552267
76069,3526.2999999999993,0.23584210078552598,0.15591413095879536,7,AM-peak boarding,Blk 147,Tampines Ave 5,1.348675,103.942076
76071,1416.3000000000002,0.19300289486690672,0.16387770952481817,7,balanced,Blk 141,Tampines Ave 2,1.34802638899143,103.94517805600674
76079,1935.55,0.2457441037431221,0.15336725995195166,7,AM-peak boarding,Blk 101,Tampines Ave 2,1.34794388891649,103.94563500000055
76081,1840.55,0.25364700768791937,0.1525359267610225,7,AM-peak boarding,Opp The Holy Trinity Ch,Tampines Ave 2,1.34950194446778,103.94932305553937
76089,1807.3999999999996,0.23542104680756892,0.14921987385194205,7,AM-peak boarding,The Holy Trinity Ch,Tampines Ave 2,1.34916805553714,103.94923388889873
76091,1589.1499999999999,0.2582512664002769,0.13183148223893276,13,AM-peak boarding,Blk 206,Tampines Ave 2,1.35071636446812,103.95275166965992
76099,1971.3999999999999,0.22935477325758344,0.14568327077204019,7,AM-peak boarding,Blk 285,Tampines Ave 2,1.35026359502623,103.95249172187374
76101,4084.1999999999985,0.17797855149111216,0.1992556681847119,7,balanced,Tampines East CC,Tampines Ave 2,1.35303315550855,103.95480210652737
76109,3512.7499999999995,0.20042701587075654,0.18114013237491994,7,balanced,Blk 302,Tampines Ave 2,1.35296639979416,103.9551184525466
76111,690.6,0.14067477555748625,0.23486823052418185,18,PM-peak boarding,Blk 945,Tampines Ave 4,1.35157455446947,103.94023387732626
76119,473.35,0.18411323544945601,0.19499313404457588,7,balanced,Opp Blk 945,Tampines Ave 4,1.35188664573357,103.94009028016603
76121,690.05,0.20447793638142164,0.13687413955510472,13,balanced,Opp St. Hilda's Sec Sch,Tampines Ave 4,1.35003333718868,103.93817517168992
76129,950.1499999999999,0.1436615271272957,0.14592432773772565,13,balanced,St. Hilda's Sec Sch,Tampines Ave 4,1.34988214931301,103.93791583710507
76131,2090.65,0.05663310453686652,0.39595341161839614,18,PM-peak boarding,UOB Tampines Ctr,Tampines Ave 4,1.35184112001279,103.94254133694142
76139,2720.0000000000005,0.09185661764705881,0.2673897058823529,18,PM-peak boarding,Opp Century Sq,Tampines Ave 4,1.35162691843499,103.94385009279503
76141,4522.700000000001,0.06821146660180864,0.34966944524288585,18,PM-peak boarding,Tampines Stn/Int,Tampines Ave 4,1.35366689109025,103.94609060451609
76149,2003.1999999999998,0.16119209265175719,0.24266174121405754,18,PM-peak boarding,Opp Tampines Stn/Int,Tampines Ave 4,1.35370728527221,103.94636710560508
76151,446.1,0.14626765299260255,0.21306881865052676,7,balanced,Blk 237,Tampines St 21,1.355263,103.946998
76159,164.55,0.10179276815557581,0.17411121239744756,15,PM-peak boarding,Opp Blk 237,Tampines St 21,1.35517831738683,103.94720149012322
76161,166.20000000000002,0.29001203369434414,0.10709987966305654,7,AM-peak boarding,Opp Blk 248,Tampines St 21,1.35258745876643,103.94758343695361
76169,72.4,0.17541436464088395,0.14917127071823202,8,balanced,Blk 248,Tampines St 21,1.3524530559991,103.9474516670289
76171,143.39999999999998,0.3340306834030684,0.11959553695955373,7,AM-peak boarding,Blk 266,Tampines St 21,1.35177947844792,103.95042351024047
76179,321.95000000000005,0.16462183568877153,0.1703680695760211,13,balanced,Opp Blk 266,Tampines St 21,1.35172938925372,103.95069571840816
76181,384.6,0.12389495579823191,0.2158086323452938,18,PM-peak boarding,Blk 216,Tampines St 23,1.35384110037439,103.95308027923268
76189,1133.6500000000003,0.132889339743307,0.1718343404048868,12,balanced,Opp Blk 216,Tampines St 23,1.3537000000187,103.95279611102576
76191,5660.450000000001,0.20862298933830348,0.18480862828927025,7,balanced,Blk 401,Tampines Ave 7,1.3569438864901,103.94477445426702
76199,4395.599999999999,0.1391732641732642,0.26626626626626626,18,PM-peak boarding,Blk 503,Tampines Ave 7,1.35660016333768,103.94535428432116
76201,782.9,0.25731255588197727,0.1313705454080981,7,AM-peak boarding,Blk 423,Tampines Ave 7,1.35687499368341,103.9479674220669
76209,667.8,0.26325247079964065,0.1275831087151842,13,AM-peak boarding,Blk 233,Tampines Ave 7,1.35660332787929,103.94766913185744
76211,1140.85,0.319805408248236,0.12030503571898148,7,AM-peak boarding,Blk 449,Tampines Ave 7,1.35674667237884,103.95100259167165
76219,767.9000000000001,0.25472066675348354,0.15067066024221903,7,AM-peak boarding,Blk 230E,Tampines Ave 7,1.35644168689504,103.95114418566536
76221,2782.8,0.23102630444156966,0.27069857697283306,7,balanced,Tampines East Stn Exit A,Tampines Ave 7,1.3563896244901,103.95390226733993
76229,617.1000000000001,0.24234321827904712,0.16885431858693886,7,balanced,Opp Tampines East Stn,Tampines Ave 7,1.35614001051089,103.95353851635838
76231,2098.9999999999995,0.27787041448308725,0.15752739399714155,7,AM-peak boarding,Opp Blk 390,Tampines Ave 7,1.35666908955685,103.95736200626966
76239,2634.0,0.19506454062262715,0.22913819286256643,7,balanced,Blk 390,Tampines Ave 7,1.3564927293972,103.95754826481253
76241,2709.1499999999996,0.24086890722182236,0.17595924921100717,7,balanced,Blk 497D,Tampines Ave 7,1.35845802746258,103.95917058122039
76249,2373.2000000000003,0.2698676891960222,0.1825594134501938,7,balanced,Blk 370,Tampines Ave 7,1.35836639849151,103.95947435534286
76251,488.79999999999995,0.20662847790507366,0.1586538461538462,7,balanced,Blk 487B,Tampines St 45,1.35970826873107,103.95823716945422
76259,410.75,0.26086427267194157,0.14254412659768714,6,AM-peak boarding,Opp Blk 487B,Tampines St 45,1.35967015846114,103.95842446373796
76261,740.75,0.218022274721566,0.15565305433682078,7,balanced,Blk 489B,Tampines St 45,1.36164005637877,103.95740032197719
76269,632.75,0.3077044646384828,0.1119715527459502,7,AM-peak boarding,Opp Blk 489A,Tampines St 45,1.36187820405808,103.95739818627865
76271,1046.3,0.16180827678486095,0.16916754276976012,14,balanced,Dunman Sec Sch,Tampines St 45,1.36181167182029,103.95518343875231
76279,803.5500000000001,0.22612158546450123,0.1586708978906104,7,balanced,Blk 491C,Tampines St 45,1.3618856073242,103.95504580030337
76281,671.3500000000003,0.18708572279734856,0.19319282043643396,13,balanced,Junyuan Pr Sch,Tampines Ave 4,1.34758373789104,103.93848632286071
76289,930.6500000000001,0.12023854295384945,0.2928598291516682,13,PM-peak boarding,Blk 801,Tampines Ave 4,1.3471495,103.9382105
76291,40.95,0.16483516483516483,0.17094017094017092,5,balanced,Opp Blk 273,Tampines St 22,1.3488330441336,103.95120760822915
76301,207.25,0.20048250904704462,0.13558504221954162,7,balanced,Blk 283,Tampines St 22,1.34907001187678,103.95354386528878
76311,212.95,0.10800657431321907,0.3374031462784691,18,PM-peak boarding,Blk 460,Tampines Ave 9,1.35791501506433,103.95535655821823
76319,324.44999999999993,0.32424102327014953,0.2485745107104331,7,balanced,Tampines East Stn Exit D,Tampines Ave 9,1.357643,103.955554
76321,107.1,0.353874883286648,0.10037348272642391,7,AM-peak boarding,Opp Blk 124,Tampines St 11,1.345967,103.949073
76329,328.3,0.26530612244897955,0.139506548888212,7,AM-peak boarding,Blk 125,Tampines St 11,1.34644501660314,103.94989623103628
76339,1327.1,0.2959460477733404,0.15575314595735062,8,AM-peak boarding,Opp Tampines Changkat CC,Tampines St 11,1.34547166699324,103.94698416699394
76341,444.45000000000005,0.20677241534480817,0.1714478569017887,7,balanced,Blk 464,Tampines Ave 9,1.35976305104284,103.95535006454477
76349,344.59999999999997,0.3016540917005223,0.16627974463145678,7,AM-peak boarding,Dunman Sec Sch,Tampines Ave 9,1.3603851367314,103.95556569101933
76351,2107.0500000000006,0.2264777769867824,0.15011508981751734,7,AM-peak boarding,Blk 484,Tampines Ave 9,1.36213822350227,103.95309131019367
76359,1216.6999999999998,0.26193802909509334,0.1301882140215337,7,AM-peak boarding,Blk 493B,Tampines Ave 9,1.36209168075863,103.95217875196944
76361,1574.3500000000001,0.2332708736939054,0.14729888525423188,13,AM-peak boarding,Blk 430,Tampines Ave 9,1.36002524992852,103.95032266084807
76369,582.2000000000002,0.22011336310546198,0.09713156990724835,13,AM-peak boarding,Blk 496F,Tampines Ave 9,1.36025642698418,103.95022273065783
76371,91.85,0.18671747414262385,0.11431682090364725,6,AM-peak boarding,Blk 459,Tampines St 42,1.35852839462785,103.95427534853701
76391,695.05,0.26106035537011724,0.12732896913891087,7,AM-peak boarding,Blk 418,Tampines St 41,1.35844376751138,103.947541136035
76399,426.09999999999997,0.14538840647735277,0.18704529453180002,7,balanced,Blk 417,Tampines St 41,1.3586225675181,103.94723337005571
76401,90.85000000000001,0.21959273527793066,0.2333516785910842,7,balanced,Blk 230B,Tampines St 21,1.35501333299594,103.95086166698833
76409,400.15,0.28564288391853054,0.14519555166812445,8,AM-peak boarding,Blk 259,Tampines St 21,1.35484670853897,103.9507954515594
76411,215.20000000000005,0.09665427509293678,0.2734665427509293,18,PM-peak boarding,Ngee Ann Sec Sch,Tampines St 32,1.35385001382018,103.95742752062093
76419,437.5999999999999,0.17058957952468012,0.1857861060329068,7,balanced,Blk 307A,Tampines St 32,1.35366243500181,103.95648530342
76421,1297.9500000000003,0.0844408490311645,0.21491582880696478,13,PM-peak boarding,Opp Blk 331,Tampines St 32,1.35384124345467,103.95987193850509
76429,554.6499999999999,0.1571261155683765,0.18137564229694406,13,balanced,Blk 331,Tampines St 32,1.35369222069272,103.9595890045465
76431,178.6,0.1433370660694289,0.15229563269876822,13,balanced,Blk 333,Tampines St 33,1.353726389,103.9612131
76439,879.9999999999999,0.2739772727272728,0.13306818181818184,7,AM-peak boarding,Blk 351,Tampines St 33,1.35288166702581,103.96260527798987
76441,109.75,0.2460136674259681,0.09749430523917994,13,AM-peak boarding,Opp Blk 345,Tampines St 33,1.35219503409437,103.96105194447786
76449,793.7,0.26307168955524757,0.1087942547562051,7,AM-peak boarding,Blk 343,Tampines St 33,1.35207508249597,103.96113006140774
76451,51.600000000000016,0.24418604651162787,0.13275193798449608,7,AM-peak boarding,Blk 324,Tampines St 33,1.35220340979899,103.95928609997816
76459,704.85,0.27317869050152516,0.13591544300205716,7,AM-peak boarding,Blk 323,Tampines St 33,1.35208003080961,103.95873194771903
76461,324.75,0.10130869899923017,0.21262509622786757,14,PM-peak boarding,Eden Condo,Tampines St 34,1.35610972200156,103.95981833302024
76469,323.6000000000001,0.14647713226205186,0.17058096415327562,6,balanced,East Spring Sec Sch,Tampines St 34,1.35630339357193,103.95985048163843
76471,293.7,0.29468845760980594,0.1397684712291454,8,AM-peak boarding,Blk 444,Tampines St 42,1.35855302099722,103.95134500001934
76481,143.79999999999995,0.20827538247566071,0.13769123783031995,7,AM-peak boarding,Blk 136,Tampines Lane,1.3448265,103.945919
76511,1028.6,0.3669064748201439,0.11992027999222245,7,AM-peak boarding,The Tampines Trilliant,Tampines Concourse,1.359138,103.939389
76519,276.70000000000005,0.29906035417419585,0.1881098662811709,7,AM-peak boarding,Bet Blks 524B/523D,Tampines Concourse,1.35920624506603,103.93921870101352
76521,159.89999999999998,0.2445278298936836,0.1529080675422139,6,AM-peak boarding,Opp Blk 519A,Tampines Concourse,1.357468889,103.940775
76529,545.05,0.1317310338501055,0.3532703421704431,18,PM-peak boarding,Blk 519A,Tampines Concourse,1.35741,103.940604
76541,952.6500000000001,0.31816511835406497,0.15588096362777515,7,AM-peak boarding,Citylife @ Tampines,Tampines Ave 9,1.360247,103.940633
76549,1914.8,0.30057969500731146,0.16785042824315854,7,AM-peak boarding,Opp Citylife @ Tampines,Tampines Ave 9,1.360559,103.940515
76551,1709.55,0.06928723933198795,0.43122459126670765,18,PM-peak boarding,Tampines Stn Exit D,Tampines Ctrl 1,1.355401,103.943599
76559,308.2,0.036340038935756,0.4782608695652174,18,PM-peak boarding,Aft Tampines Stn Exit E,Tampines Ctrl 1,1.355625,103.943569
77009,23170.35,0.10829788932838737,0.3029086742323703,18,PM-peak boarding,Pasir Ris Int,Pasir Ris Dr 3,1.373696,103.94845
77011,854.2999999999998,0.2847360412033244,0.17130984431698468,7,AM-peak boarding,Opp Blk 515,Pasir Ris Dr 1,1.37376489998905,103.94266590001561
77019,1312.75,0.3131593982098648,0.13445058084174444,8,AM-peak boarding,Blk 515,Pasir Ris Dr 1,1.3737108000359,103.94351079998545
77021,1057.45,0.32469620313017167,0.1727741264362381,7,AM-peak boarding,Opp Blk 571,Pasir Ris Dr 1,1.3726630000055,103.94557280001845
77029,1453.85,0.2870653781339203,0.1392509543625546,8,AM-peak boarding,Blk 571,Pasir Ris Dr 1,1.373014,103.945543
77031,4258.8,0.1313632948248333,0.3106626279703203,18,PM-peak boarding,Opp Pasir Ris Int/Mall,Pasir Ris Ctrl,1.372262,103.948468
77039,4419.05,0.09720415021328113,0.3188241816680056,18,PM-peak boarding,Pasir Ris Int/Mall,Pasir Ris Ctrl,1.37241,103.948657
77041,521.0,0.2554702495201535,0.1890595009596929,7,balanced,Blk 541,Pasir Ris Dr 1,1.36944854648197,103.95130450100082
77049,288.95000000000005,0.268212493510988,0.13756705312337772,7,AM-peak boarding,Pasir Ris Town Pk,Pasir Ris Dr 1,1.36963556960047,103.95158314847573
77051,2136.1499999999996,0.2926526695222715,0.1537345223884091,7,AM-peak boarding,Blk 115,Pasir Ris Dr 1,1.36908504460753,103.95508527984948
77059,835.55,0.28179043743641913,0.1282987253904614,7,AM-peak boarding,Blk 425,Pasir Ris Dr 1,1.36936138996292,103.95506338293471
77061,299.0,0.2615384615384615,0.1526755852842809,8,AM-peak boarding,Ris Grandeur,Elias Rd,1.37377216806532,103.94041320097696
77069,170.4,0.2775821596244131,0.17781690140845072,8,AM-peak boarding,Opp Ris Grandeur,Elias Rd,1.37414972830656,103.94081177255107
77071,937.3,0.3063053451402966,0.1231195988477542,7,AM-peak boarding,Blk 633,Elias Rd,1.37810945408117,103.94127900809487
77079,284.65,0.13086246267345863,0.21956789039170913,18,PM-peak boarding,Elias Mall,Elias Rd,1.37728664750339,103.94145255170352
77081,8.2,0.3536585365853659,0.26829268292682934,8,balanced,Aft Pasir Ris Dr 3,Elias Rd,1.38026998386867,103.94265250854711
77089,14.55,0.24742268041237112,0.1993127147766323,8,balanced,Bef Pasir Ris Dr 3,Elias Rd,1.38005668836989,103.9426864870342
77091,5.049999999999998,0.07920792079207924,0.23762376237623775,17,PM-peak boarding,Aft Pasir Ris Ave,Elias Rd,1.38042637835149,103.94547139015036
77099,48.99999999999999,0.22653061224489798,0.12346938775510205,8,AM-peak boarding,Bef Pasir Ris Ave,Elias Rd,1.38042138903141,103.94637916697367
77101,31.3,0.09265175718849841,0.42971246006389774,17,PM-peak boarding,Bef Pasir Ris Rd,Elias Rd,1.380642,103.948183
77109,56.35,0.15705412599822538,0.32475598935226263,17,PM-peak boarding,Aft Pasir Ris Rd,Elias Rd,1.3805263866174,103.94826215873827
77111,16.65,0.06306306306306307,0.3123123123123123,18,PM-peak boarding,Bef Pasir Ris Way,Pasir Ris Rd,1.38219835929252,103.94638094436415
77119,39.15,0.14559386973180075,0.26309067688378035,18,PM-peak boarding,Aft Pasir Ris Way,Pasir Ris Rd,1.38222775917912,103.94657905489993
77129,127.55,0.08349666797334379,0.30419443355546844,17,PM-peak boarding,Pasir Ris Pk,Pasir Ris Rd,1.38396304779096,103.94374627572016
77131,103.7,0.29122468659594986,0.14657666345226614,7,AM-peak boarding,Blk 502,Pasir Ris St 52,1.3755835643888,103.94652128223
77139,360.3000000000001,0.25714682209270046,0.11990008326394667,13,AM-peak boarding,Blk 582,Pasir Ris St 52,1.37518089319612,103.94649798163485
77141,61.2,0.24673202614379086,0.14705882352941177,7,AM-peak boarding,Blk 519,Pasir Ris St 52,1.37380309020358,103.9452981948771
77161,147.70000000000002,0.2640487474610697,0.13981042654028436,7,AM-peak boarding,Blk 741,Pasir Ris Dr 10,1.37752492323898,103.93657565115056
77169,394.65000000000003,0.20043076143418215,0.12403395413657671,13,AM-peak boarding,Opp Blk 742,Pasir Ris Dr 10,1.37694324707892,103.9363320444146
77171,308.49999999999994,0.18460291734197734,0.20972447325769858,7,balanced,Aft Pasir Ris Stn Exit A,Pasir Ris Ctrl,1.37276133738912,103.95064755544978
77179,770.45,0.0597702641313518,0.3420079174508404,18,PM-peak boarding,Opp Pasir Ris Stn Exit A,Pasir Ris Ctrl,1.37254332490473,103.95081255052568
77181,285.99999999999994,0.3463286713286714,0.12569930069930074,7,AM-peak boarding,Blk 638,Elias Rd,1.37591147273628,103.94109934608323
77189,102.8,0.25243190661478604,0.17363813229571987,7,balanced,Blk 613,Elias Rd,1.3755564005294,103.94124910119332
77191,650.3,0.22904813163155466,0.1850684299554052,7,balanced,Blk 500A,Pasir Ris Dr 3,1.37654807606486,103.94602815996554
77199,858.7999999999998,0.3507801583605031,0.1147531439217513,7,AM-peak boarding,Opp Blk 500A,Pasir Ris Dr 3,1.376671,103.94637
77201,898.1,0.18750695913595364,0.17269791782652263,7,balanced,Pasir Ris Elias CC,Pasir Ris Dr 3,1.37864001176536,103.94276350247947
77209,1254.95,0.24546794693015653,0.15897047691143074,8,AM-peak boarding,Opp Pasir Ris Elias CC,Pasir Ris Dr 3,1.37902915784394,103.94271591238348
77211,610.6499999999999,0.27004012118234677,0.1835748792270532,7,balanced,Blk 626,Pasir Ris Dr 3,1.37999169580419,103.94094544562029
77219,773.3500000000001,0.21749531260102148,0.16919893967802413,15,balanced,Opp Blk 626,Pasir Ris Dr 3,1.3805766269449,103.94064766803564
77221,283.5,0.3037037037037037,0.14850088183421517,7,AM-peak boarding,Blk 651,Pasir Ris Dr 10,1.37954502345926,103.93830035527515
77231,707.6,0.11065573770491803,0.24802148106274727,16,PM-peak boarding,Tampines Meridian JC,Pasir Ris Dr 1,1.37670503142246,103.93844026085439
77239,1087.45,0.18851441445583705,0.1726056370407835,13,balanced,Blk 643,Pasir Ris Dr 1,1.37741830757924,103.93793201117523
77241,650.6999999999998,0.17896111879514373,0.20401106500691568,7,balanced,Opp Blk 640,Pasir Ris Dr 1,1.37531331487507,103.940272636011
77249,1147.1499999999999,0.23484287146406313,0.14906507431460578,7,AM-peak boarding,Blk 640,Pasir Ris Dr 1,1.37599439507295,103.939861116152
77251,230.45000000000005,0.3647211976567585,0.15708396615317854,7,AM-peak boarding,Blk 713,Pasir Ris Dr 3,1.382905,103.937814
77259,397.50000000000006,0.32327044025157226,0.16113207547169808,7,AM-peak boarding,Opp Blk 713,Pasir Ris Dr 3,1.3827163599648,103.93855855739126
77261,242.29999999999998,0.293437886917045,0.15394139496491951,7,AM-peak boarding,Blk 717,Pasir Ris Dr 12,1.38285811735056,103.93615875590504
77269,226.24999999999997,0.28176795580110503,0.15955801104972375,7,AM-peak boarding,Opp Blk 717,Pasir Ris Dr 12,1.38289337444624,103.9357870042478
77271,679.4,0.27126876655872834,0.31564615837503684,18,balanced,Aft Pasir Ris St 72,Pasir Ris Dr 12,1.38058998439068,103.9349613837619
77279,472.24999999999994,0.1581789306511382,0.3306511381683431,18,PM-peak boarding,Aft Pasir Ris Ind Dr 1,Pasir Ris Dr 12,1.38079641020594,103.9346621770568
77281,1939.95,0.22668110002835123,0.1789736848887858,7,balanced,Blk 740,Pasir Ris Dr 1,1.37837166677052,103.93618729229594
77289,3184.2500000000005,0.19775457329041374,0.2009578393656277,7,balanced,Blk 738,Pasir Ris Dr 1,1.37889759950996,103.93596534133927
77291,711.6000000000001,0.25379426644182124,0.13399381675098368,7,AM-peak boarding,Blk 753,Pasir Ris St 71,1.37746279073187,103.93476034022859
77301,214.79999999999998,0.27211359404096835,0.13617318435754192,7,AM-peak boarding,Blk 778,Pasir Ris St 71,1.37419765728407,103.93864478052231
77309,354.05000000000007,0.3137974862307583,0.12625335404603868,7,AM-peak boarding,Opp Blk 778,Pasir Ris St 71,1.37437639672106,103.93874482147835
77311,631.7499999999999,0.2033240997229917,0.18535813217253663,7,balanced,Bet Blks 771/772,Pasir Ris St 71,1.37581953068998,103.936865329717
77319,638.35,0.21007284405106919,0.20216182345108483,7,balanced,Opp Blks 771/772,Pasir Ris St 71,1.37554666701554,103.93754166696733
77321,1474.7000000000003,0.06130060351257882,0.3682782938902827,18,PM-peak boarding,Pasir Ris Int/Polyclinic,Pasir Ris Dr 8,1.37313477197799,103.94802646457005
77329,37.45,0.26435246995994655,0.17489986648865152,7,AM-peak boarding,Opp Pasir Ris Int/Polyclinic,Pasir Ris Dr 8,1.37283117687855,103.94765867700548
77331,2778.6499999999996,0.23990067118924657,0.27095891889946566,7,balanced,Blk 747A,Pasir Ris Dr 12,1.3782973982979,103.93338764757789
77339,1296.25,0.18985535197685632,0.30310511089681774,18,PM-peak boarding,Opp Blk 756,Pasir Ris Dr 12,1.3780301775267,103.93278653475954
77341,259.9,0.142170065409773,0.17487495190457872,14,balanced,Opp Blk 569,Pasir Ris St 51,1.36973888889645,103.94849805552538
77349,220.99999999999997,0.26561085972850684,0.18257918552036198,7,balanced,Blk 569,Pasir Ris St 51,1.37000783675508,103.94874237905681
77351,340.05,0.25481546831348334,0.15115424202323188,7,AM-peak boarding,Blk 562,Pasir Ris St 51,1.36789609661968,103.95008847029645
77359,172.10000000000002,0.15136548518303308,0.15601394538059266,6,balanced,Blk 564,Pasir Ris St 51,1.36808803474125,103.95001861343128
77361,606.8499999999999,0.30666556809755297,0.15918266457938537,7,AM-peak boarding,Blk 555,Pasir Ris St 51,1.36800665136778,103.95173655442387
77369,153.74999999999997,0.28585365853658545,0.10406504065040652,7,AM-peak boarding,Opp Blk 555,Pasir Ris St 51,1.36836666126193,103.95166401714877
77379,32.75,0.16793893129770993,0.1465648854961832,6,balanced,Blk 586,Pasir Ris Dr 8,1.374679,103.948026
77381,587.1999999999998,0.26464577656675753,0.15803814713896464,8,AM-peak boarding,Blk 524B,Pasir Ris Dr 8,1.370821,103.94712
77389,104.65,0.3755375059722885,0.1137123745819398,7,AM-peak boarding,Opp Blk 525B,Pasir Ris Dr 8,1.369597,103.946715
77401,355.49999999999994,0.06596343178621661,0.6507735583684952,18,PM-peak boarding,UMC,Pasir Ris Ind Dr 1,1.381097,103.932503
77409,214.49999999999997,0.051748251748251754,0.5881118881118882,18,PM-peak boarding,Opp UMC,Pasir Ris Ind Dr 1,1.381426,103.932338
78031,861.0500000000001,0.2825039196330062,0.12868009987805587,7,AM-peak boarding,Blk 191,Pasir Ris St 12,1.366365,103.958641
78039,1100.65,0.2639349475310044,0.15990551038022985,7,AM-peak boarding,Blk 104,Pasir Ris St 12,1.367181,103.959
78049,1326.5999999999997,0.32327001356852114,0.12558420021106592,7,AM-peak boarding,Blk 612,Pasir Ris Dr 1,1.3744627816256,103.94180578126523
78061,1733.7999999999997,0.18318145114776796,0.18906448263928943,7,balanced,Blk 104,Pasir Ris Dr 1,1.36824361151738,103.95848117561664
78069,2025.9000000000003,0.1696529937311812,0.15765832469519717,7,balanced,Blk 442,Pasir Ris Dr 1,1.36869168470813,103.95815838787027
78071,777.7,0.17493892246367496,0.18355406969268354,7,balanced,Blk 446,Pasir Ris Dr 6,1.37031163160495,103.95718010428234
78079,788.0000000000002,0.1971446700507614,0.20285532994923855,7,balanced,Blk 429,Pasir Ris Dr 6,1.36995048419615,103.95691414168428
78081,737.4499999999998,0.191809614211133,0.16475693267340163,7,balanced,Blk 467,Pasir Ris Dr 6,1.37368803498525,103.95635599319583
78089,993.6499999999999,0.2698133145473759,0.15734916721179495,7,AM-peak boarding,Blk 405,Pasir Ris Dr 6,1.37361141865113,103.95608873577847
78091,297.0,0.16195286195286196,0.36632996632996634,19,PM-peak boarding,Opp Downtown East,Pasir Ris Cl,1.37681617858505,103.95624713617742
78099,62.70000000000001,0.08054226475279105,0.2886762360446571,18,PM-peak boarding,Aft Loyang Gdns,Jln Loyang Besar,1.37740660071471,103.95708795238238
78101,1889.0,0.10571731074642668,0.2566701958708311,18,PM-peak boarding,Opp Downtown East,Pasir Ris Dr 3,1.375053,103.954039
78109,1718.7499999999998,0.12058181818181819,0.21492363636363637,18,PM-peak boarding,Downtown East,Pasir Ris Dr 3,1.375403,103.954556
78111,1703.85,0.29914605158904833,0.1488393931390674,7,AM-peak boarding,Blk 476,Pasir Ris Dr 3,1.37545781179514,103.95798631897796
78119,821.1500000000002,0.2889240699019667,0.10716677829872737,7,AM-peak boarding,Opp Blk 476,Pasir Ris Dr 3,1.37568,103.957966
78121,438.95,0.33500398678665,0.16300261988836998,7,AM-peak boarding,Bet Blks 232/233,Pasir Ris Dr 3,1.37485968829133,103.96200053620825
78129,265.25,0.3283694627709708,0.13006597549481622,7,AM-peak boarding,Opp Blk 233,Pasir Ris Dr 3,1.375132,103.962121
78131,585.0999999999999,0.16168176380105967,0.3580584515467442,18,PM-peak boarding,Pasir Ris Pr Sch,Pasir Ris Dr 3,1.37308472383764,103.9637271722912
78139,99.75,0.2451127819548872,0.17393483709273183,7,balanced,Opp Pasir Ris Pr Sch,Pasir Ris Dr 3,1.37321804486777,103.9639885558376
78141,654.35,0.19186979445251012,0.21548101169099104,7,balanced,Blk 249,Pasir Ris Dr 3,1.370066,103.963665
78149,310.75,0.2675784392598552,0.1329042638777152,7,AM-peak boarding,NTUC Health Pasir Ris,Pasir Ris Dr 3,1.36970105283111,103.96411887211589
78151,323.4,0.22124304267161415,0.18011750154607298,7,balanced,Blk 230,Pasir Ris Dr 4,1.37239496316057,103.96078021168164
78159,693.25,0.24918860439956725,0.18391633609808872,7,balanced,Opp Blk 230,Pasir Ris Dr 4,1.37246473904375,103.96053778303401
78161,335.3,0.28377572323292577,0.11198926334625707,7,AM-peak boarding,Blk 216,Pasir Ris Dr 4,1.36900499745113,103.96052175997124
78169,760.4000000000001,0.2659126775381378,0.1394003156233561,7,AM-peak boarding,Opp Blk 216,Pasir Ris Dr 4,1.36906973013181,103.96024801184656
78171,251.75,0.2480635551142006,0.10744786494538233,7,AM-peak boarding,Blk 108,Pasir Ris St 11,1.36780002450028,103.95673805301494
78179,294.7,0.14149983033593486,0.17390566677977606,14,balanced,Opp Blk 108,Pasir Ris St 11,1.36767,103.95648
78181,1230.5500000000002,0.27211409532322944,0.1285197675836008,7,AM-peak boarding,Bef Blk 187,Pasir Ris St 11,1.36476141959655,103.95905802330991
78189,1155.1,0.26067007185525065,0.16548350792139208,7,AM-peak boarding,Opp Blk 187,Pasir Ris St 11,1.3648,103.958657
78191,935.1,0.24703240295155598,0.10988129611806223,13,AM-peak boarding,Aft Blk 182,Pasir Ris St 11,1.36488943048941,103.96176906896966
78199,985.3000000000001,0.21871511214858416,0.15710950979397134,13,balanced,Opp White Sands Pr Sch,Pasir Ris St 11,1.36477,103.96189
78201,588.5500000000001,0.2200322827287401,0.13261405148245686,7,AM-peak boarding,Opp Blk 242,Pasir Ris St 21,1.37134689166636,103.96205663680765
78209,697.7500000000001,0.23633106413471872,0.14618416338230025,7,AM-peak boarding,Blk 242,Pasir Ris St 21,1.3713650312338,103.96221418839181
78211,451.45,0.24975080296821353,0.1593753461069886,7,AM-peak boarding,Blk 204,Pasir Ris St 21,1.36790255939851,103.96243675215658
78219,385.3999999999999,0.23910223144784645,0.13959522573949146,8,AM-peak boarding,Opp Blk 204,Pasir Ris St 21,1.36725694472542,103.96327818546209
78221,752.9500000000002,0.23554020851318141,0.15445912743210036,7,AM-peak boarding,Blk 231A CP,Pasir Ris Dr 4,1.37417517709229,103.96122560227602
78229,694.1000000000003,0.22626422705662003,0.14680881717331792,7,AM-peak boarding,Blk 485,Pasir Ris Dr 4,1.37411139885456,103.96093853137384
78231,300.05000000000007,0.13214464255957337,0.2141309781703049,17,PM-peak boarding,Opp Blk 482,Pasir Ris St 41,1.373443032341,103.95986036196572
78241,465.15000000000003,0.3189293776201225,0.127163280662152,7,AM-peak boarding,Bet Blks 453/454,Pasir Ris St 41,1.37212,103.957637
78251,93.64999999999999,0.3390282968499733,0.1014415376401495,8,AM-peak boarding,Lighthouse,Jln Loyang Besar,1.37824090541171,103.9595522242097
78259,493.4000000000001,0.31039724361572757,0.13457640859343328,7,AM-peak boarding,Opp Lighthouse,Jln Loyang Besar,1.37802115263457,103.95936584739643
78261,203.75000000000003,0.3320245398773006,0.14993865030674844,8,AM-peak boarding,Opp Ripple Bay,Jln Loyang Besar,1.37865831081472,103.9606174383779
78269,400.45000000000005,0.2957922337370458,0.15357722562117615,7,AM-peak boarding,Ripple Bay,Jln Loyang Besar,1.37861875398733,103.96096176266686
78271,112.64999999999996,0.3146915224145585,0.17709720372836227,7,AM-peak boarding,Casa Pasir Ris,Jln Loyang Besar,1.37922254801698,103.96383348445823
78279,192.55000000000004,0.3110880290833549,0.12048818488704231,7,AM-peak boarding,Opp Loyang Townhse,Jln Loyang Besar,1.37923567744466,103.96426677704831
80009,264.6499999999999,0.16644624976383907,0.25921027772529764,18,PM-peak boarding,Lor 1 Geylang Ter,Lor 1 Geylang,1.3111642220841,103.87216341433337
80011,893.2500000000001,0.11396585502378952,0.3841589700531765,18,PM-peak boarding,Aft Padang Jeringau,Kallang Rd,1.30972720802554,103.86737828692955
80029,387.25,0.16668818592640416,0.23318269851517107,8,balanced,Bef Kg Bugis,Kallang Rd,1.3094187398083,103.86753497349068
80031,3033.3500000000004,0.09751594771457298,0.3258608469184235,19,PM-peak boarding,Kallang Stn,Sims Ave,1.31107705658993,103.8713149052975
80039,235.79999999999998,0.15330788804071246,0.21055979643765907,8,balanced,Opp Lor 1 Geylang Ter,Geylang Rd,1.30992336177794,103.87144344651483
80049,2283.5999999999995,0.2220178665265371,0.17487738658258895,7,balanced,Aft Sims Way,Geylang Rd,1.31077707819718,103.87363663982293
80051,2833.45,0.16661666872540545,0.2340962430958725,7,balanced,Aft Lor 1 Geylang,Sims Ave,1.31251499997324,103.87326194447365
80069,4340.599999999999,0.2720015666036954,0.1399230521126112,7,AM-peak boarding,Opp Mohd Salleh Mque,Geylang Rd,1.31214703288286,103.87715016317217
80071,1933.5,0.22966123610033615,0.221748125161624,7,balanced,Yi Xiu Fty Bldg,Sims Ave,1.31380009198455,103.87655394006379
80089,2996.95,0.2204574650895077,0.16962244949031516,7,balanced,Bef Lor 18 Geylang,Geylang Rd,1.31275356421909,103.88079905478979
80091,2316.0999999999995,0.2103536116747982,0.21760718449117056,7,balanced,Bef Lor 23 Geylang,Sims Ave,1.31489775184137,103.88095141640784
80101,4266.150000000001,0.18598736565756008,0.22094863049822436,8,balanced,Kallang Stn/Opp Blk 2C,Lor 1 Geylang,1.31251933500742,103.87153830811837
80109,644.3000000000001,0.19059444358218222,0.18407574111438768,8,balanced,Opp Kallang Stn/Blk 2C,Lor 1 Geylang,1.31324473748019,103.871430158598
80111,260.65000000000003,0.20928448110492995,0.17264530980241702,7,balanced,Bef Geylang Rd,Sims Way,1.30987138105238,103.87551499911487
80119,559.05,0.23674089974063145,0.17171988194258117,7,balanced,Aft Geylang Rd,Sims Way,1.30992065473549,103.87599804972949
80141,661.9999999999999,0.2160876132930514,0.18474320241691847,8,balanced,Opp S.A. Deaf,Mountbatten Rd,1.30711835522323,103.87989373246151
80149,830.9499999999999,0.11823816114086287,0.3054335399241832,18,PM-peak boarding,S.A. Deaf,Mountbatten Rd,1.3074963710946,103.8798058337351
80151,1292.1,0.009867657302066405,0.4954337899543379,18,PM-peak boarding,Opp Suntec City,Nicoll Highway,1.296265,103.857666
80159,906.5,0.06243794815223387,0.3345835631549917,18,PM-peak boarding,Suntec City,Nicoll Highway,1.294924,103.857158
80161,579.35,0.06101665659791145,0.35626132734961596,18,PM-peak boarding,Opp Nicoll Highway Stn,Nicoll Highway,1.30032715605093,103.8624541086332
80169,516.1500000000001,0.18492686234621714,0.24886176499079718,8,balanced,Nicoll Highway Stn,Nicoll Highway,1.30070547633658,103.86336013257065
80171,9.05,0.0718232044198895,0.26519337016574585,16,PM-peak boarding,CP F,Stadium Walk,1.30084075195035,103.87715353250198
80179,2.05,0.0731707317073171,0.34146341463414637,20,PM-peak boarding,Opp CP F,Stadium Cres,1.30059405278951,103.87712870384925
80181,8.4,0.1845238095238095,0.30952380952380953,8,PM-peak boarding,Kallang Squash Ctr,Stadium Blvd,1.30508439498564,103.87969842035083
80189,9.7,0.03608247422680413,0.2989690721649485,18,PM-peak boarding,Opp Kallang Squash Ctr,Stadium Blvd,1.3050374120041,103.88107698307338
80191,89.89999999999998,0.031701890989988886,0.274749721913237,19,PM-peak boarding,Opp S'pore Indoor Stadium,Stadium Walk,1.30160887226464,103.87540590231113
80199,371.15000000000003,0.0933584803987606,0.3202209349319682,18,PM-peak boarding,Stadium Stn,Stadium Cres,1.30155838525089,103.87513532479657
80211,111.70000000000002,0.03312444046553267,0.31915846016114585,19,PM-peak boarding,Opp Natl Stadium,Nicoll Highway,1.30712803633755,103.87548108759093
80219,131.04999999999995,0.24723388019839762,0.18733307897748955,7,balanced,Natl Stadium,Nicoll Highway,1.30674381370885,103.875264139574
80229,335.95,0.19809495460634022,0.2271171305253758,8,balanced,Blk 45,Sims Dr,1.3172897212662,103.87810554835914
80231,545.7,0.2510536925050394,0.2373098772219168,8,balanced,Opp Blk 53,Sims Dr,1.31856503177728,103.88010860959606
80239,25.899999999999995,0.27220077220077227,0.19691119691119696,7,balanced,Bef Blk 53,Sims Dr,1.31846350927886,103.88051104388848
80249,1129.95,0.1781052258949511,0.1439886720651356,8,balanced,Blk 49 Mkt/FC,Sims Pl,1.31693643112186,103.87985994146072
80251,1053.6,0.2297835990888383,0.1707953682611997,7,balanced,Aft Lor 14 Geylang,Guillemard Rd,1.31009487384598,103.87992501726275
80259,697.7000000000002,0.3092303282212985,0.17701017629353585,8,AM-peak boarding,Aft Chen Li Presby Ch,Guillemard Rd,1.30989499998519,103.87988833298908
80269,82.19999999999999,0.20742092457420927,0.3321167883211679,18,PM-peak boarding,Bef Sims Ave,Lor 17 Geylang,1.31501452983156,103.8783609867014
80271,135.25,0.06284658040665435,0.3027726432532347,18,PM-peak boarding,Opp Mountbatten Stn,Mountbatten Rd,1.30511398524943,103.8831203007559
80279,990.3500000000001,0.3028222345635381,0.22229514817993634,7,balanced,Mountbatten Stn Exit B,Mountbatten Rd,1.30514903438296,103.88342000727887
80289,517.6,0.17880602782071098,0.2751159196290572,18,PM-peak boarding,Sims Pl Ter,Sims Pl,1.31607500002964,103.8793280559861
80291,89.74999999999999,0.1253481894150418,0.3621169916434541,17,PM-peak boarding,Blk 82,Geylang Bahru,1.3195596877041,103.87229334189442
80299,30.849999999999998,0.03889789303079417,0.34846029173419774,17,PM-peak boarding,Opp Blk 82,Geylang Bahru,1.31954835158003,103.87197222899434
80301,50.400000000000006,0.25,0.16269841269841268,8,AM-peak boarding,Bef Blk 19,Upp Boon Keng Rd,1.31643329020681,103.87348616263843
80309,79.60000000000002,0.18592964824120597,0.18278894472361804,6,balanced,Aft Geylang West CC,Upp Boon Keng Rd,1.31723134728621,103.87298911852837
80311,8.4,0.08928571428571429,0.11904761904761904,16,balanced,Blk 3B,Upp Boon Keng Rd,1.31443333298525,103.87260027800174
80319,583.4999999999999,0.20445586975149962,0.13419023136246788,8,AM-peak boarding,Geylang West CC,Upp Boon Keng Rd,1.31484297001272,103.87262229395158
81011,1517.15,0.1601687374353228,0.255149457865076,19,PM-peak boarding,Aft Aljunied Stn,Sims Ave,1.31532318660502,103.88335173265862
81029,1577.85,0.2550305795861457,0.15879202712551893,8,AM-peak boarding,Aft Lor 28 Geylang,Geylang Rd,1.313616389,103.8849306
81031,1294.8000000000002,0.23957367933271548,0.15056379363608277,7,AM-peak boarding,Blk 134,Sims Ave,1.31580283030533,103.88604854571838
81049,1400.8999999999999,0.2726104647012635,0.1562210007852095,7,AM-peak boarding,Aft Lor 34 Geylang,Geylang Rd,1.314075556,103.8873525
81051,692.7000000000002,0.17994802944997831,0.1701313700014436,7,balanced,Sims Ville,Sims Ave,1.31662343087312,103.89033436777706
81069,1084.3000000000002,0.15060407636263026,0.2799040855851701,19,PM-peak boarding,Opp Lor 39 Geylang,Geylang Rd,1.314729,103.89069
81081,3820.3500000000004,0.25199261847736465,0.24293585666234765,8,balanced,Opp Aljunied Stn,Aljunied Rd,1.31621665907428,103.88168156879213
81089,2551.0999999999995,0.12188859707577125,0.30022343302888954,18,PM-peak boarding,Aljunied Stn,Aljunied Rd,1.31628194302502,103.88202243551633
81091,1063.05,0.21038521236066038,0.22313155543013027,8,balanced,Sims Urban Oasis,Aljunied Rd,1.31935333297674,103.88173111103306
81099,1275.4500000000003,0.28738876474969616,0.10643302363871572,8,AM-peak boarding,Blk 102,Aljunied Rd,1.31982276662398,103.88194665985091
81101,195.64999999999998,0.055967288525428066,0.37337081523128035,17,PM-peak boarding,Paya Lebar Green,Paya Lebar Rd,1.32111522416649,103.89152220076973
81109,556.6,0.07357168523176429,0.4418792669780812,18,PM-peak boarding,Opp Paya Lebar Green,Paya Lebar Rd,1.3209137166719,103.89117183414866
81111,7532.900000000001,0.12632585060202578,0.2701350077659334,18,PM-peak boarding,Paya Lebar Stn Exit B,Paya Lebar Rd,1.31860238558389,103.89211689790608
81119,3851.2500000000005,0.09805907172995779,0.2851282051282051,18,PM-peak boarding,Paya Lebar Stn Exit C,Paya Lebar Rd,1.31856724602339,103.89169495502705
81129,1796.3999999999999,0.12135381874860833,0.2729069249610332,18,PM-peak boarding,Paya Lebar Stn Exit D,Paya Lebar Rd,1.31631147367096,103.89217268755989
81131,319.30000000000007,0.373160037582211,0.12402129658628247,8,AM-peak boarding,Opp Grandlink Sq,Guillemard Rd,1.31431505362846,103.89221613925537
81139,237.04999999999998,0.13562539548618435,0.24825986078886314,19,PM-peak boarding,Grandlink Sq,Guillemard Rd,1.31435328604306,103.89191764014708
81141,413.3000000000001,0.38991047665134276,0.0887974836680377,8,AM-peak boarding,Versailles Condo,Guillemard Rd,1.31200805596649,103.89035749999957
81149,580.4499999999999,0.25049530536652603,0.12714273408562324,7,AM-peak boarding,The Sunny Spring Condo,Guillemard Rd,1.31212569246254,103.88966028743648
81151,767.5499999999997,0.38030095759233934,0.09549866458211197,8,AM-peak boarding,Kong Hwa Sch,Guillemard Rd,1.31153305600814,103.88784583298123
81159,877.0,0.25307867730900796,0.16795895096921323,7,AM-peak boarding,Opp Kong Hwa Sch,Guillemard Rd,1.31167873834387,103.8874161243355
81161,1046.95,0.34299632265151153,0.11433210755050384,8,AM-peak boarding,Blk 56,Guillemard Rd,1.31054638768125,103.88318148792811
81169,746.85,0.23552252795072634,0.18678449487848964,8,balanced,Opp Blk 56,Guillemard Rd,1.31078371924435,103.88313174959588
81171,1639.55,0.1344271293952609,0.21060656887560614,18,PM-peak boarding,Blk 39,Old Airport Rd,1.30751703730041,103.88500750064323
81179,1005.8000000000001,0.22683436070789417,0.14655000994233447,8,AM-peak boarding,Blk 22,Old Airport Rd,1.30726086825664,103.88490711001795
81181,2783.3,0.1729781194984371,0.2222541587324399,7,balanced,Dakota Stn Exit A/Blk 99,Old Airport Rd,1.30845544825732,103.88847214403829
81189,1054.1999999999998,0.26750142287990897,0.15319673686207552,8,AM-peak boarding,Dakota Stn Exit B/Blk 60,Old Airport Rd,1.308338,103.888514
81191,65.0,0.08615384615384615,0.3038461538461538,19,PM-peak boarding,Aft Old Airport Rd,Dunman Rd,1.30913166702397,103.89180000002517
81199,171.79999999999998,0.32974388824214207,0.20576251455180444,8,AM-peak boarding,Bef Old Airport Rd,Dunman Rd,1.308682,103.890231
81201,540.5,0.17030527289546718,0.16845513413506016,13,balanced,Opp Geylang Meth Sec Sch,Geylang East Ctrl,1.31869302203322,103.88300679740438
81209,419.8500000000001,0.1888769798737644,0.1669643920447779,13,balanced,Geylang Meth Pr Sch,Geylang East Ctrl,1.31843612461246,103.88429716458627
81211,2248.65,0.13625953349787648,0.18833522335623595,17,balanced,Geylang Polyclinic,Geylang East Ctrl,1.31904666371972,103.88666750777982
81219,873.15,0.10679722842581459,0.14613754795854092,12,balanced,Opp Geylang Polyclinic,Geylang East Ctrl,1.31877141262042,103.8866869928233
81221,140.8,0.044744318181818184,0.38813920454545453,18,PM-peak boarding,Opp Blk 1015,Geylang East Ctrl,1.31976331280568,103.89015111975269
81229,113.95000000000002,0.08863536638876698,0.26853883282141283,18,PM-peak boarding,Blk 1015,Geylang East Ctrl,1.31946112797115,103.89018804743054
81231,42.35,0.14403778040141677,0.19126328217237307,21,balanced,Opp KH Plaza,Aljunied Rd,1.31389305598354,103.88189611100506
82009,1927.85,0.14044142438467724,0.24034546256192132,18,PM-peak boarding,Eunos Int,Eunos Rd 2,1.31933717157385,103.90180834139497
82011,2434.8500000000004,0.05659486210649526,0.3257079491549787,18,PM-peak boarding,Aft Paya Lebar Quarter,Sims Ave,1.31736957951855,103.89480000904068
82029,3584.999999999999,0.1770013947001395,0.19001394700139476,8,balanced,Blk 14 Mkt/FC,Geylang Rd,1.31569833821527,103.89559528546464
82032,1871.6000000000001,0.12299636674503098,0.18599059628125666,11,PM-peak boarding,Blk 416,Sims Ave,1.31776416388008,103.89719868894
82033,508.95,0.10364475881717261,0.20335985853227234,17,PM-peak boarding,Blk 414,Sims Ave,1.31798449318919,103.898237229405
82049,3553.3,0.15603804913742156,0.19431232938395296,8,balanced,Joo Chiat Cplx,Changi Rd,1.31634170548514,103.89891621295058
82051,65.39999999999998,0.20948012232415908,0.21024464831804288,7,balanced,Aft Tg Katong Stn Exit 2,Tg Katong Rd Sth,1.300222,103.897362
82059,423.05000000000007,0.26758066422408694,0.22432336603238387,8,balanced,Bef Tg Katong Stn Exit 3,Tg Katong Rd Sth,1.301242,103.8974605
82061,5923.1,0.14007023349259679,0.26330806503351284,18,PM-peak boarding,Eunos Stn/Int,Sims Ave,1.31876162629115,103.9022689641617
82069,2271.999999999999,0.19128521126760573,0.24691901408450714,18,balanced,Aft Lor 106 Changi,Changi Rd,1.31709537499354,103.90295147896967
82071,1725.9500000000003,0.1796691677047423,0.21675019554448272,8,balanced,Opp Tg Katong Girls' Sch,Tg Katong Rd,1.307258,103.895454
82079,615.25,0.07395367736692401,0.22885006095083302,14,PM-peak boarding,Tg Katong Girls' Sch,Tg Katong Rd,1.30801114591342,103.8951960850957
82081,644.8,0.20083746898263027,0.30629652605459057,19,PM-peak boarding,Aft Dunman Rd,Tg Katong Rd,1.31037284851913,103.89412794527634
82089,358.5,0.304323570432357,0.15285913528591352,8,AM-peak boarding,Aft Ipoh Lane,Tg Katong Rd,1.310947,103.894254
82091,932.0999999999998,0.2828559167471302,0.14456603368737264,8,AM-peak boarding,Aft Queen of Peace Ch,Tg Katong Rd,1.31264667096781,103.89411050584133
82099,846.4999999999999,0.15694034258712347,0.20543414057885415,8,balanced,CDAC Bldg,Tg Katong Rd,1.31299461549467,103.89427184817765
82109,921.8499999999999,0.05646254813689863,0.3050387807126973,18,PM-peak boarding,City Plaza,Geylang Rd,1.3151892235607,103.89331774481381
82111,123.5,0.018623481781376516,0.38299595141700404,19,PM-peak boarding,Opp Tg Katong Cplx,Tg Katong Rd,1.3161193086354,103.89379978179137
82119,921.2000000000002,0.10513460703430307,0.28935084672166733,18,PM-peak boarding,Tg Katong Cplx,Tg Katong Rd,1.31619210726015,103.8940879247112
82121,417.3,0.13455547567697101,0.18152408339324227,14,balanced,Questa @ Dunman,Dunman Rd,1.30965150589688,103.8965764453886
82129,1055.2999999999997,0.15365298967118357,0.19041978584288835,14,balanced,Tg Katong Sec Sch,Dunman Rd,1.309501,103.896589
82131,229.55,0.1653234589414071,0.1611849270311479,13,balanced,Opp Maranatha Hall,Dunman Rd,1.30955979607535,103.90034889101835
82139,621.2,0.27615904700579524,0.17192530585962648,8,AM-peak boarding,Maranatha Hall,Dunman Rd,1.30938972202558,103.89936888898059
82141,288.75,0.09731601731601731,0.1929004329004329,13,PM-peak boarding,Aft Koon Seng Rd,Tembeling Rd,1.31084210669638,103.90248369965865
82149,591.75,0.13713561470215463,0.17405999155048585,13,balanced,Bef Koon Seng Rd,Joo Chiat Rd,1.31101372476887,103.90136361120997
82151,217.1,0.12298479963150621,0.21096269000460616,18,PM-peak boarding,Bef Joo Chiat Pl,Tembeling Rd,1.31310616198244,103.9009112063053
82159,251.85000000000002,0.2495533055390113,0.1629938455429819,8,AM-peak boarding,Aft Tembeling Rd,Joo Chiat Pl,1.31327026591962,103.90049572645528
82171,64.25,0.18988326848249026,0.1556420233463035,6,balanced,Bef Mangis Rd,Joo Chiat Pl,1.31382614901728,103.90306992679919
82179,149.85000000000002,0.411745078411745,0.10744077410744074,7,AM-peak boarding,Aft Rambutan Rd,Joo Chiat Pl,1.31383213839694,103.90453211897777
82181,58.8,0.23724489795918366,0.13860544217687074,6,AM-peak boarding,Flora East,Joo Chiat Pl,1.31422806856846,103.905891658307
82221,681.05,0.1871375082593055,0.17149988987592688,8,balanced,Blk 3A,Jln Turi,1.31760511655727,103.89900705591394
82229,153.0,0.07222222222222223,0.2833333333333333,16,PM-peak boarding,Kg Ubi CC,Jln Ubi,1.31753161766428,103.90052963468462
82231,73.95,0.17241379310344826,0.19134550371872885,8,balanced,Opp City Plaza,Guillemard Rd,1.3142010130892,103.8936761363468
82241,124.25,0.1336016096579477,0.16901408450704225,14,balanced,Opp Tg Katong Sec Sch,Haig Rd,1.307747,103.8985
82249,256.8,0.2521417445482866,0.16218847352024923,8,AM-peak boarding,Tg Katong Sec Sch,Haig Rd,1.307375,103.898635
82251,165.25,0.1485627836611195,0.124357034795764,13,balanced,Tg Katong Pr Sch,Haig Rd,1.305103,103.899669
82259,224.64999999999998,0.1159581571333185,0.26062764300022256,13,PM-peak boarding,Opp Tg Katong Pr Sch,Haig Rd,1.303918,103.900094
83011,596.25,0.2893081761006289,0.1669601677148847,8,AM-peak boarding,Casa Sarina,Sims Ave East,1.31971491091921,103.90725404505461
83029,645.45,0.17166318072662484,0.21589588659075065,8,balanced,Aft Kg Eunos,Changi Rd,1.31774429797349,103.90635251996308
83031,461.65,0.2673020686667389,0.16993393263294707,8,AM-peak boarding,Opp Hong San Si Tp,Sims Ave East,1.32027026937212,103.91000032422843
83049,663.3,0.2951153324287653,0.1785768129051711,7,AM-peak boarding,Bef Lor 110 Changi,Changi Rd,1.318489754773,103.91002178191968
83059,1114.9500000000003,0.1642674559397282,0.20476254540562353,7,balanced,Mjd Kassim,Changi Rd,1.31888900641724,103.91222670426201
83062,4554.200000000001,0.19234991875631283,0.2612533485573756,8,balanced,Kembangan Stn,Sims Ave East,1.32096859171096,103.9133277893385
83063,8.899999999999999,0.022471910112359557,0.12359550561797755,11,PM-peak boarding,The Buddhist Union,Sims Ave East,1.32120137837522,103.91485250081533
83079,277.15000000000003,0.17283059714955798,0.24661735522280348,18,balanced,Bef Siglap Plain,Changi Rd,1.31976833302337,103.91505416701378
83081,805.8500000000003,0.16485698330954887,0.17528075944654706,13,balanced,Opp Perpetual Succour Ch,Sims Ave East,1.32138694232025,103.91736615804473
83099,731.5500000000002,0.1987560658874991,0.23040120292529556,13,balanced,Aft Perpetual Succour Ch,Changi Rd,1.32076378388187,103.91810427638708
83101,5393.1,0.18272422169067884,0.2569672359125549,18,balanced,Eunos Stn,Jln Eunos,1.32066709057479,103.90489836683336
83109,1371.6499999999999,0.17974702001239384,0.2284839426967521,18,balanced,Opp Eunos Stn,Jln Eunos,1.32135678897249,103.90537221650075
83111,1502.1500000000003,0.2525380288253503,0.18986119894817424,7,balanced,Blk 17,Jln Eunos,1.32346854012914,103.90527311322877
83119,1447.2999999999997,0.22275962136391905,0.18959441719063086,8,balanced,Opp Blk 16,Jln Eunos,1.32306974700238,103.90560762847845
83121,512.3000000000001,0.28742924067928943,0.18709740386492285,8,AM-peak boarding,Bef Lor K Telok Kurau,Telok Kurau Rd,1.31260836391216,103.91063424326731
83129,243.8,0.20836751435602952,0.1511484823625923,7,balanced,Aft Ji Xiang Ct,Telok Kurau Rd,1.31306365118709,103.91061094817724
83131,204.35000000000002,0.24908245656961095,0.18179593834108146,8,balanced,Aft Lor H Telok Kurau,Telok Kurau Rd,1.31631138897106,103.90907722199168
83139,211.45,0.17474580279025775,0.1910617167179002,7,balanced,Aft Joo Chiat Pl,Telok Kurau Rd,1.31451138900044,103.90997555601626
83141,147.55,0.2815994578109115,0.17180616740088106,7,AM-peak boarding,Aft Lor G Telok Kurau,Telok Kurau Rd,1.31763611995973,103.90845006395246
83149,69.05000000000001,0.22157856625633596,0.14699493120926863,8,AM-peak boarding,Aft Changi Rd,Telok Kurau Rd,1.31745755005277,103.90875486321198
83151,392.54999999999995,0.12724493695070693,0.20366832250668707,17,PM-peak boarding,Parkway East Hosp,Joo Chiat Pl,1.31488002411227,103.90911503893872
83159,511.7499999999999,0.1631656082071324,0.2343917928676112,17,balanced,Opp Parkway East Hosp,Joo Chiat Pl,1.31480354064185,103.90947767042405
83169,209.45,0.18954404392456436,0.12150871329672955,11,AM-peak boarding,Bef Still Rd,Joo Chiat Pl,1.31428121358171,103.90687033808844
83171,145.34999999999997,0.11730306157550743,0.29102167182662547,18,PM-peak boarding,Bef Roseburn Ave,Frankel Ave,1.3147363890036,103.91900527803291
83179,108.9,0.18089990817263546,0.1859504132231405,8,balanced,Aft Siglap Dr,Frankel Ave,1.31460443311119,103.91922466611177
83181,131.25000000000003,0.16876190476190472,0.27466666666666656,17,PM-peak boarding,Aft Bethesda Frankel Ch,Frankel Ave,1.31662343088137,103.91755342481619
83189,153.09999999999997,0.16459830176355328,0.09764859568909211,13,AM-peak boarding,Bef Bethesda Frankel Ch,Frankel Ave,1.31683972198045,103.91749277802164
83191,31.950000000000006,0.1877934272300469,0.2097026604068857,9,balanced,Bef Frankel Dr,Frankel Ave,1.31729916899357,103.91597628595028
83199,38.74999999999999,0.1470967741935484,0.09806451612903228,13,balanced,Aft Frankel Dr,Frankel Ave,1.31733638898862,103.91628277801507
83201,7.9,0.18987341772151897,0.22151898734177214,13,balanced,Bef Frankel Terr,Frankel Ave,1.31860774070821,103.91440987586641
83209,117.79999999999998,0.21052631578947373,0.23896434634974537,7,balanced,Aft Frankel Terr,Frankel Ave,1.31870305598811,103.91459583301028
83219,150.65,0.2940590773315632,0.16196481911715896,6,AM-peak boarding,Bef Frankel Ave,Siglap Dr,1.31587375170111,103.9191305648774
83229,47.35,0.3907074973600845,0.12671594508975711,8,AM-peak boarding,Bef Carlton Ave,Siglap Dr,1.31661259109687,103.92083645128875
83231,109.7,0.20419325432999086,0.19781221513217867,8,balanced,Bef Siglap Dr,Siglap Rd,1.31726812920156,103.92214229972099
83239,82.2,0.33454987834549876,0.121654501216545,7,AM-peak boarding,Opp Cheviot Hill,Siglap Rd,1.3169597007985,103.92246139079549
83249,145.64999999999998,0.3539306556814281,0.11088225197391009,7,AM-peak boarding,Flamingo Valley,Siglap Rd,1.31786650545216,103.92174594601859
83251,29.250000000000004,0.14529914529914528,0.22393162393162389,13,PM-peak boarding,Bef Jln Khairuddin,Fidelio St,1.31923829366992,103.92199914721091
83261,91.59999999999998,0.030567685589519656,0.06386462882096071,13,PM-peak boarding,Opera Est Pr Sch,Fidelio St,1.3190690667828,103.9242469847813
83269,65.39999999999999,0.27370030581039756,0.16819571865443428,7,AM-peak boarding,Opp Opera Est Pr Sch,Fidelio St,1.31895097253228,103.92346501346623
83271,22.349999999999998,0.23937360178970918,0.1498881431767338,7,AM-peak boarding,Aft Swan Lake Ave,Fidelio St,1.31928964158986,103.92588543589487
83279,183.8,0.29542981501632204,0.13737758433079433,8,AM-peak boarding,Aft Carmen St,Fidelio St,1.3188308339316,103.92510530820441
83281,53.75000000000001,0.28279069767441856,0.17023255813953486,8,AM-peak boarding,Bef Tosca St,Fidelio St,1.31965172299504,103.9270176945798
83291,922.6499999999999,0.25388825665203496,0.17650246572373057,7,balanced,Aft Joo Chiat Pl,Still Rd,1.31473309387158,103.90589521764187
83299,546.4500000000002,0.2002012992954524,0.20825327111355105,8,balanced,Aft Lor G Telok Kurau,Still Rd,1.31574389673514,103.90586328314893
83301,669.8500000000001,0.15421362991714563,0.26311860864372616,18,PM-peak boarding,Aft East Coast Rd,Still Rd,1.30887166700305,103.90817888897894
83309,149.6,0.2807486631016043,0.11697860962566846,8,AM-peak boarding,Aft Still Lane,Still Rd,1.31045482788745,103.90806851700533
83311,558.5000000000001,0.287018800358102,0.18531781557743954,8,AM-peak boarding,Aft Lor Nangka,Still Rd,1.31241970275404,103.90692990251455
83319,230.75000000000003,0.2786565547128927,0.14149512459371613,8,AM-peak boarding,Aft Lor J Telok Kurau,Still Rd,1.31268833645873,103.90714010649674
83321,1676.8499999999997,0.07484271103557266,0.3058114917851925,18,PM-peak boarding,Kembangan Stn,Jln Kembangan,1.32168778524368,103.9136543376456
83329,832.15,0.13393018085681668,0.27945682869674937,18,PM-peak boarding,Opp Kembangan Stn,Jln Kembangan,1.32198642679896,103.91379833222052
83331,22.150000000000006,0.07449209932279909,0.17607223476297965,12,PM-peak boarding,Kg Kembangan CC,Lengkong Tiga,1.32349513640884,103.91271655859842
83341,221.20000000000002,0.24932188065099456,0.13494575045207957,8,AM-peak boarding,Blk 102,Lengkong Tiga,1.32539968158209,103.91109803643086
83351,180.40000000000006,0.35199556541019944,0.15382483370288244,8,AM-peak boarding,Grosvenor View,Lengkong Empat,1.32765583299859,103.91213111102074
83361,592.0,0.34628378378378377,0.11604729729729728,8,AM-peak boarding,Hua Yu Mansions,Lengkong Empat,1.32850781433023,103.914495706562
83371,155.75000000000006,0.21733547351524873,0.19004815409309786,7,balanced,Aft Jln Paras,Jln Selamat,1.32624566683557,103.91537946119738
83381,15.399999999999999,0.21753246753246752,0.17207792207792208,8,balanced,Bef Jln Kembangan,Taman Kembangan,1.32466780744529,103.91452207182714
84009,28402.050000000003,0.08778063555271537,0.26558822338528376,18,PM-peak boarding,Bedok Int,Bedok Nth Dr,1.32453874317344,103.92903818515839
84011,2629.25,0.11050679851668725,0.39958162974232203,18,PM-peak boarding,Chai Chee Ind Pk,New Upp Changi Rd,1.32257749632692,103.92233358172962
84019,1265.7500000000002,0.18309302784910128,0.29824214892356304,18,PM-peak boarding,Opp Chai Chee Ind Pk,New Upp Changi Rd,1.32221972730517,103.92262015530929
84021,2616.4,0.2352277939153035,0.1848341232227488,7,balanced,Blk 32,New Upp Changi Rd,1.32338320435233,103.92508721683168
84029,1994.4999999999995,0.21865129105038864,0.19338179994986218,7,balanced,Opp Blk 32,New Upp Changi Rd,1.32295305994698,103.92517704260585
84031,13041.4,0.09988574846258838,0.28837011363810633,18,PM-peak boarding,Bedok Stn Exit B,New Upp Changi Rd,1.32428292329305,103.93003627080394
84039,4251.0,0.18028699129616563,0.2558809691837215,18,balanced,Bedok Stn Exit A,New Upp Changi Rd,1.32353645344906,103.92886300203479
84041,1709.15,0.24763771465348272,0.16903138987215865,7,balanced,Blk 221A,New Upp Changi Rd,1.3246905167586,103.93468799273933
84049,3370.2999999999997,0.2972584042963535,0.13439456428211138,7,AM-peak boarding,Blk 27,New Upp Changi Rd,1.32432719820227,103.93471220144858
84051,1080.8500000000001,0.26937132812138587,0.13193320072165424,7,AM-peak boarding,Bedok Sports Cplx,New Upp Changi Rd,1.325207,103.938755
84059,2980.4999999999995,0.25480624056366385,0.15306156685119948,7,AM-peak boarding,Blk 65,New Upp Changi Rd,1.32493504095045,103.93953481204565
84061,2393.35,0.297637203083544,0.12373869262748866,7,AM-peak boarding,The Tanamera Condo,New Upp Changi Rd,1.32584790501258,103.94223128727671
84069,2538.4500000000003,0.1732750300380153,0.1961827099214087,7,balanced,Blk 55,New Upp Changi Rd,1.32548742810424,103.94219019887281
84071,494.59999999999997,0.23726243429033564,0.12767893247068338,7,AM-peak boarding,Blk 71,Bedok Sth Rd,1.32067138376849,103.9426000755741
84079,458.69999999999993,0.3063004142140833,0.1170699803793329,8,AM-peak boarding,Opp Blk 71,Bedok Sth Rd,1.32099303797206,103.94325305782594
84081,405.20000000000005,0.278381046396841,0.13548864758144127,7,AM-peak boarding,Opp Blk 40,Bedok Sth Rd,1.3204380811482,103.94022038903293
84089,605.1,0.3116840191703851,0.1041976532804495,7,AM-peak boarding,Blk 40,Bedok Sth Rd,1.3206814195738,103.9400309260245
84101,934.1499999999999,0.2738318257239202,0.20965583685703584,7,balanced,ECO Condo,Bedok Sth Ave 3,1.32298200464523,103.94421518494586
84109,1326.3999999999999,0.20197527141133897,0.2190892641737033,8,balanced,Bef Bedok View Sec Sch,Bedok Sth Ave 3,1.32350836424044,103.9441209521673
84111,933.6,0.18144815766923736,0.12403598971722364,7,balanced,Opp Blk 17,Bedok Sth Rd,1.31958802627855,103.93574197184712
84119,1094.85,0.21852308535415813,0.1499292140475864,7,balanced,Blk 18,Bedok Sth Rd,1.31964,103.935232
84121,727.6,0.048103353490929084,0.5402006597031336,17,PM-peak boarding,Aft Bedok Sth Ave 1,Bedok Sth Rd,1.318437,103.931033
84129,193.74999999999997,0.08258064516129034,0.42941935483870974,17,PM-peak boarding,Fujitec S'pore Ltd,Bedok Sth Rd,1.31875790465263,103.93158674239623
84131,213.95,0.13087169899509232,0.28815143725169434,17,PM-peak boarding,Opp Panasonic,Bedok Sth Rd,1.3214133317439,103.92757312069912
84139,327.75,0.21189931350114413,0.26361556064073227,17,balanced,Panasonic,Bedok Sth Rd,1.321745,103.92772
84141,345.69999999999993,0.23936939542956326,0.15201041365345677,7,AM-peak boarding,Opp Lion Hme for Elders,Bedok Sth Rd,1.32021707852141,103.93816948878941
84149,418.4499999999999,0.2754211972756603,0.12904767594694708,7,AM-peak boarding,Lion Hme For Elders,Bedok Sth Rd,1.32047933475714,103.93839375752798
84151,599.35,0.2505213981813631,0.21731876199215816,7,balanced,Casafina,Bedok Sth Ave 1,1.31656999665769,103.93334015990408
84159,1391.55,0.14077826883690847,0.35528726959146273,19,PM-peak boarding,Opp Casafina/Temasek JC,Bedok Sth Ave 1,1.31664972197451,103.93304055596909
84161,81.94999999999999,0.3398413666870043,0.1940207443563149,7,AM-peak boarding,Blk 3,Bedok Sth Ave 1,1.321651111,103.9324025
84169,45.65,0.11500547645125958,0.3428258488499452,18,PM-peak boarding,Opp Blk 3,Bedok Sth Ave 1,1.322133056,103.9321144
84191,603.5500000000001,0.23668295915831328,0.16046723552315464,7,balanced,Blk 220 CP,Bedok Nth Ave 3,1.32566318975139,103.93533757051014
84199,419.3999999999999,0.33857892226990943,0.15188364329995235,7,AM-peak boarding,Opp Blk 220 CP,Bedok Nth Ave 3,1.32553283664673,103.9355563841307
84201,2439.15,0.08591107557960766,0.4032962302441424,18,PM-peak boarding,Bedok Resvr Stn Exit A,Bedok Nth Ave 3,1.336576,103.933159
84209,4050.9,0.14817694833246933,0.29945197363548837,18,PM-peak boarding,Bedok Resvr Stn Exit B,Bedok Nth Ave 3,1.33702513693776,103.93333589306084
84211,1886.3999999999999,0.2924088210347752,0.13533715012722647,7,AM-peak boarding,Blk 403,Bedok Nth Ave 3,1.33012,103.93447
84219,1701.9499999999998,0.26028966773406975,0.14879990599018775,7,AM-peak boarding,Blk 139,Bedok Nth Ave 3,1.32940888887166,103.9348130555732
84221,1761.25,0.2440028388928318,0.16908445706174594,7,balanced,Blk 109,Bedok Nth Rd,1.33185798500032,103.93512740972372
84229,1255.8,0.19238732282210544,0.17375378244943462,7,balanced,Blk 111,Bedok Nth Rd,1.3315995317556,103.93531396427683
84231,2772.3,0.2591350142480972,0.13301230025610503,7,AM-peak boarding,Blk 85,Bedok Nth Rd,1.33173871602405,103.93855496527853
84239,1300.1499999999999,0.18755528208283662,0.16048148290581857,8,balanced,Opp Blk 85,Bedok Nth Rd,1.33151836127292,103.9383568845181
84241,1131.5999999999997,0.326219512195122,0.11209791445740547,7,AM-peak boarding,Blk 81,Bedok Nth Rd,1.32861392886029,103.94004872476815
84249,1098.95,0.26734610309841206,0.15150825788252423,7,AM-peak boarding,Blk 124,Bedok Nth Rd,1.32941668893627,103.93960622332179
84251,650.8,0.19890903503380455,0.13644744929317765,8,balanced,Blk 99,Bedok Nth Ave 4,1.33346832060545,103.93883800719165
84259,1081.8000000000002,0.23687372897023476,0.14267886855241263,7,AM-peak boarding,Blk 88,Bedok Nth Ave 4,1.33328807616427,103.93910677080204
84261,500.8,0.11311900958466453,0.17492012779552718,14,PM-peak boarding,St. Anthony's Cano Sch,Bedok Nth Ave 4,1.334189,103.941658
84269,1212.25,0.16634357599505054,0.1583419261703444,14,balanced,Blk 95,Bedok Nth Ave 4,1.33402333297056,103.94185027798375
84271,161.15,0.03599131244182439,0.5085324232081911,18,PM-peak boarding,Aft Bedok Ind Pk E,Bedok Nth Ave 4,1.336735,103.94411
84279,516.3,0.03970559752082123,0.45738911485570405,17,PM-peak boarding,Aft Bedok Nth St 5,Bedok Nth Ave 4,1.33664160677812,103.94439635871171
84281,484.6000000000001,0.2796120511762278,0.14723483285183653,7,AM-peak boarding,Blk 180,Bedok Nth Rd,1.32657714220068,103.9403951168328
84289,428.95,0.1898822706609162,0.1635388739946381,6,balanced,Opp Blk 180,Bedok Nth Rd,1.32663077053638,103.94017072989195
84299,0.0,,,0,balanced,Bedok Nth Depot,Bedok Nth Ave 4,1.33800081413595,103.94750053856653
84301,1000.3000000000001,0.2714185744276717,0.12861141657502748,7,AM-peak boarding,Blk 41,Bedok Nth Ave 1,1.32782140214678,103.92656628872025
84309,483.04999999999995,0.29148121312493536,0.12317565469413105,8,AM-peak boarding,Blk 423,Bedok Nth Ave 1,1.32802803259661,103.92687404688121
84311,588.6999999999999,0.31518600305758454,0.11440462034992356,7,AM-peak boarding,Blk 521,Bedok Nth Rd,1.330067,103.927858
84319,352.0999999999999,0.3474865095143426,0.12084635046861689,7,AM-peak boarding,Blk 428,Bedok Nth Rd,1.32980564460578,103.92771515822335
84321,358.2,0.26353992183137914,0.12227805695142378,7,AM-peak boarding,Blk 516,Bedok Nth Rd,1.33060063600662,103.92977387914273
84329,391.2,0.33844580777096117,0.13484151329243355,7,AM-peak boarding,Blk 414,Bedok Nth Rd,1.33029323198176,103.92970061275057
84331,386.4500000000001,0.28153706818475865,0.12446629576918097,7,AM-peak boarding,Opp Blk 416,Bedok Nth Ave 2,1.32898829919632,103.93099993868753
84339,273.2,0.1425695461200586,0.25201317715959004,13,PM-peak boarding,Blk 416,Bedok Nth Ave 2,1.3289,103.930777
84341,498.84999999999997,0.2201062443620327,0.14673749624135513,7,balanced,Opp Fengshan Pr Sch,Bedok Nth Rd,1.33110349338955,103.93198370934411
84349,589.8500000000003,0.24056963634822404,0.1752140374671526,7,balanced,Fengshan Pr Sch,Bedok Nth Rd,1.33091748609947,103.93233223449336
84351,875.6999999999998,0.284058467511705,0.13794678542879985,8,AM-peak boarding,Bedok Ctrl PO,Bedok Nth St 1,1.32766562447954,103.93409675152876
84359,2067.1,0.16097431183784047,0.17785786851144114,8,balanced,Opp Bedok Ctrl PO,Bedok Nth St 1,1.32787704925987,103.934076210002
84361,889.9,0.2834026295089336,0.15012922800314643,7,AM-peak boarding,Blk 547,Bedok Nth Rd,1.32936638901809,103.92462499999526
84369,2281.6,0.38589147966339415,0.12219495091164097,7,AM-peak boarding,Blk 45,Bedok Nth Rd,1.329162,103.924608
84371,226.75,0.20044101433296582,0.1448732083792723,7,balanced,Blk 546,Bedok Nth Ave 1,1.33055000001009,103.9262383330096
84379,1250.8,0.29409178125999363,0.12831787655900223,8,AM-peak boarding,Opp Blk 546,Bedok Nth Ave 1,1.33041495636834,103.92645503858006
84381,360.45000000000005,0.18837564155916214,0.13552503814676098,8,balanced,Blk 544,Bedok Nth St 3,1.33078667404046,103.92426011381585
84391,1084.5,0.24112494236975565,0.11793453204241587,7,AM-peak boarding,Blk 534,Bedok Nth St 3,1.33274999618407,103.92447655289592
84401,761.1500000000001,0.22282073178742692,0.16179465282795766,8,balanced,Opp Blk 550,Bedok Nth St 3,1.33316500001136,103.9269811109948
84409,828.4499999999999,0.31697748808014975,0.113585611684471,7,AM-peak boarding,Blk 550,Bedok Nth St 3,1.33291002440884,103.92669166477268
84411,768.15,0.2635552951897416,0.13799388140337174,7,AM-peak boarding,Blk 526,Bedok Nth St 3,1.33383806396564,103.92928425024714
84419,518.45,0.3034043784357219,0.10984665830841932,7,AM-peak boarding,Blk 512,Bedok Nth St 3,1.33361648978155,103.9292288767243
84421,1019.3999999999999,0.2240533647243477,0.14557582891897197,7,AM-peak boarding,Blk 510,Bedok Nth Ave 2,1.33232270053889,103.93032045625178
84429,154.25,0.35559157212317666,0.14230145867098865,7,AM-peak boarding,Blk 515,Bedok Nth Ave 2,1.33222526253562,103.93014326693238
84431,239.6,0.04590984974958264,0.3549666110183639,18,PM-peak boarding,Blk 3014,Bedok Nth Ave 4,1.33513644378005,103.9502227306511
84439,290.9,0.08508078377449296,0.24630457201787556,18,PM-peak boarding,Opp Blk 3014,Bedok Nth Ave 4,1.33474732352614,103.95024017522437
84449,423.7,0.1378333726693415,0.15081425536936513,13,balanced,Blk 509,Bedok Nth St 3,1.33322170084132,103.93155200621871
84451,1169.3,0.2023005216796374,0.29868297271872063,8,balanced,Bedok Nth Stn Exit A,Bedok Nth Rd,1.335644,103.918055
84459,880.6499999999999,0.22920570033497986,0.20604099244875945,8,balanced,Bet Blks 705/706,Bedok Nth Rd,1.336324,103.918288
84461,369.6500000000001,0.2030298931421615,0.1789530637089138,7,balanced,Opp Blk 701,Bedok Reservoir Rd,1.33807138901241,103.91939027798064
84469,674.9500000000002,0.27016816060448917,0.14408474701829763,7,AM-peak boarding,Blk 703,Bedok Reservoir Rd,1.3375152915469,103.9197283469228
84471,1990.4,0.13859023311897106,0.20626507234726685,13,balanced,Blk 745,Bedok Reservoir Rd,1.3373330466218,103.92199745160043
84479,1255.3499999999997,0.2162345162703629,0.18883179989644325,8,balanced,Blk 713,Bedok Reservoir Rd,1.33742106440195,103.92253160478627
84481,1461.75,0.21210877373011802,0.2729946981357961,18,balanced,Aft Bedok Ind Pk C,Bedok Reservoir Rd,1.33753167256033,103.91532871743395
84489,1612.75,0.20319330336381955,0.28913346767942955,18,balanced,Opp Bedok Ind Pk C,Bedok Reservoir Rd,1.33804722197723,103.91618833296936
84491,862.55,0.2584198017506232,0.16584545823430527,8,AM-peak boarding,Blk 629,Bedok Reservoir Rd,1.33463946695939,103.91413940065628
84499,1401.1000000000001,0.20109199914353007,0.15409321247591176,7,balanced,Blk 140,Bedok Reservoir Rd,1.33520779235718,103.91401580602559
84501,765.7999999999998,0.20077043614520768,0.14122486288848268,7,balanced,Christ Ch,Bedok Reservoir Rd,1.33319499998844,103.91598944400951
84511,1026.5499999999997,0.1936096634357801,0.11850372607276805,7,AM-peak boarding,Blk 608,Bedok Reservoir Rd,1.33206972200071,103.91329416702288
84521,2683.8499999999995,0.22361532872552498,0.16219237289714405,7,balanced,Blk 506,Bedok Nth Ave 3,1.33230500002897,103.93393805556471
84529,1287.8999999999999,0.18227346843699047,0.165385511297461,7,balanced,Blk 109,Bedok Nth Ave 3,1.33213305553955,103.93431305555218
84539,2294.7499999999995,0.11227802592875043,0.3433053709554419,18,PM-peak boarding,Bedok Nth Stn Exit B,Bedok Nth Rd,1.3350342184363,103.91851751540032
84541,776.1000000000001,0.3115577889447236,0.14263625821414763,7,AM-peak boarding,Blk 42,Chai Chee St,1.32761801937398,103.92519155563974
84549,433.09999999999997,0.2620641884091434,0.16208727776495038,7,AM-peak boarding,Opp Blk 42,Chai Chee St,1.32720168851924,103.92512088883021
84551,581.95,0.2327519546352779,0.14313944496949907,8,AM-peak boarding,Blk 51,Chai Chee St,1.32853887137542,103.9225201285922
84559,823.65,0.2452498027074607,0.16080859588417412,8,AM-peak boarding,Opp Blks 50/51,Chai Chee St,1.32833305090006,103.92287121813423
84561,321.5,0.1469673405909798,0.2772939346811819,17,PM-peak boarding,Blk 53,Chai Chee St,1.32804725721627,103.91973825722668
84569,648.5500000000001,0.18232981265900855,0.2786215403592629,17,PM-peak boarding,Opp Blk 53,Chai Chee St,1.3279697494091,103.92011115886494
84571,116.80000000000001,0.07063356164383561,0.2791095890410959,18,PM-peak boarding,Opp Blk 55,Chai Chee Dr,1.32653228537615,103.9187401751097
84579,1177.4,0.22452012909801258,0.24065738066927128,7,balanced,Aft Chai Chee St,Chai Chee Dr,1.32584772443012,103.91948961283839
84581,25.400000000000002,0.06299212598425197,0.3405511811023622,18,PM-peak boarding,Opp Bedok Sth NPC,Chai Chee Dr,1.3238068248883,103.91945047474212
84589,230.25,0.09402823018458197,0.40803474484256247,16,PM-peak boarding,Bef New Upp Changi Rd,Chai Chee Dr,1.32311277295983,103.91954371811282
84591,190.85,0.026722556981922975,0.34189153785695575,17,PM-peak boarding,SBST Bedok Nth Depot,Bedok Nth Ave 4,1.33774805557922,103.94699472223161
84599,690.5999999999999,0.020417028670721118,0.3625108601216334,17,PM-peak boarding,Opp SBST Bedok Nth Depot,Bedok Nth Ave 4,1.33772607555094,103.94646797815965
84601,268.05000000000007,0.26375676179817187,0.16862525648199958,8,AM-peak boarding,Opp Waterfront Key,Bedok Reservoir Rd,1.338186,103.931113
84609,267.6499999999999,0.17952549971978335,0.20679992527554647,7,balanced,Waterfront Key,Bedok Reservoir Rd,1.337912,103.931388
84611,344.75000000000006,0.29688179840464096,0.15765047135605506,8,AM-peak boarding,Opp Waterfront Isle,Bedok Reservoir Rd,1.33922469822607,103.92795482353951
84619,267.75,0.2905695611577964,0.13090569561157794,8,AM-peak boarding,Waterfront Isle,Bedok Reservoir Rd,1.33896501379939,103.92746694275839
84621,835.2499999999998,0.14091589344507635,0.201915594133493,15,balanced,Opp Blk 716,Bedok Reservoir Rd,1.33831497804809,103.9249204585602
84629,617.3000000000001,0.2966142880285112,0.14215130406609428,7,AM-peak boarding,Blk 716,Bedok Reservoir Rd,1.33815749250804,103.92537872720727
84631,330.95,0.24731832603112253,0.1436772926423931,7,AM-peak boarding,Opp Waterfront Waves,Bedok Reservoir Rd,1.33879275233871,103.92948245969215
84639,440.2499999999999,0.25440090857467357,0.14094264622373653,7,AM-peak boarding,Aft Waterfront Waves,Bedok Reservoir Rd,1.33857139776249,103.92937717202952
84641,751.2,0.16886315228966983,0.19089456869009586,8,balanced,Blk 24,Chai Chee Rd,1.32460611097515,103.92299333298999
84649,215.99999999999997,0.24097222222222225,0.1479166666666667,7,AM-peak boarding,Opp Blk 24,Chai Chee Rd,1.32477805597156,103.92314916696681
84651,165.8,0.1764173703256936,0.19119420989143546,8,balanced,Aft Heartbeat @ Bedok,Bedok Nth St 1,1.327057,103.930691
84659,1923.55,0.09661823191494892,0.2467053104936186,18,PM-peak boarding,Bef Heartbeat @ Bedok,Bedok Nth St 1,1.327201,103.93063
84661,528.7499999999999,0.2540898345153665,0.14222222222222222,7,AM-peak boarding,Blk 168,Bedok Sth Ave 3,1.31992811557233,103.94438908816849
84669,1517.1999999999996,0.270696018982336,0.15442921170577384,7,AM-peak boarding,Blk 73,Bedok Sth Ave 3,1.31994111212465,103.94418156021838
84671,280.5,0.25133689839572193,0.11301247771836007,13,AM-peak boarding,Aft Blk 156,Bedok Sth Ave 3,1.31759333301805,103.94509555597209
84679,783.5000000000001,0.23835354179961707,0.1430759412890874,13,AM-peak boarding,Opp Blk 156,Bedok Sth Ave 3,1.31804305599346,103.94476555602924
84681,147.55,0.23415791257200946,0.1436801084378177,6,AM-peak boarding,Blk 164,Bedok Sth Rd,1.32021834435842,103.94705927934717
84691,93.5,0.24331550802139038,0.16149732620320856,8,AM-peak boarding,Blk 171,Bedok Sth Rd,1.32111805602717,103.94595750002355
84701,1065.8499999999997,0.2850307266500915,0.25186470891776525,8,balanced,Blk 151,Kaki Bt Ave 1,1.33601304352046,103.91214210205735
84709,524.4,0.14797864225781845,0.3957856598016781,18,PM-peak boarding,Opp Blk 150,Kaki Bt Ave 1,1.33644333039135,103.91242511468805
85019,295.85,0.23762041575122525,0.16275139428764576,7,balanced,Eastwood Ctr,Bedok Rd,1.321288333018,103.95534472201146
85021,814.4000000000001,0.1973231827111984,0.18037819253438112,8,balanced,Country Pk,Bedok Rd,1.32190305598591,103.95468472199643
85029,107.9,0.24281742354031513,0.08619091751621873,12,AM-peak boarding,Aft Bedok Meth Ch,Bedok Rd,1.32261805599904,103.95429972202514
85031,337.45000000000005,0.20921618017484067,0.17498888724255443,8,balanced,Excelsior Gdns,Bedok Rd,1.32501115145725,103.95232021806196
85039,65.49999999999999,0.2748091603053436,0.10610687022900765,8,AM-peak boarding,Opp Excelsior Gdns,Bedok Rd,1.32442497435966,103.95298594261581
85041,928.6999999999998,0.05825347259610209,0.19683428448368692,14,PM-peak boarding,Man Fatt Lam Tp,Bedok Rd,1.3264647104527,103.95116420801885
85049,321.3500000000001,0.09522327680099577,0.18733468181110932,13,PM-peak boarding,Opp Man Fatt Lam Tp,Bedok Rd,1.32671998700111,103.95124872703616
85051,66.8,0.32110778443113774,0.156437125748503,7,AM-peak boarding,Aft Jln Chempaka Kuning,Bedok Rd,1.32956968334939,103.94880115987219
85059,184.90000000000003,0.21552190373174682,0.17793401838831796,8,balanced,Bef Jln Chempaka Kuning,Bedok Rd,1.32950222197902,103.94906611097686
85061,540.2,0.08561643835616438,0.20131432802665677,13,PM-peak boarding,Opp Bedok Mkt Pl,Bedok Rd,1.33146,103.94739
85069,1009.8999999999999,0.1573918209723735,0.19308842459649472,8,balanced,Bedok Mkt Pl,Bedok Rd,1.3318,103.94738
85071,277.85,0.08925679323375922,0.4174914522224221,18,PM-peak boarding,Bef Changi Fire Stn,Upp Changi Rd,1.33407653133395,103.9498516702887
85079,516.15,0.03652039135910104,0.5059575704736995,18,PM-peak boarding,Flextronic,Upp Changi Rd,1.33394889968504,103.9501523198666
85081,196.55,0.17832612566776898,0.2292037649453065,7,balanced,Bef Jln Pari Burong,Upp Changi Rd,1.33292331447242,103.94719977411023
85089,287.0,0.24477351916376305,0.23641114982578396,7,balanced,Aft Sungei Bedok,Upp Changi Rd,1.33338002405472,103.94880327361744
85091,6028.999999999999,0.2959031348482336,0.18885387294742081,7,AM-peak boarding,Tanah Merah Stn Exit 2,New Upp Changi Rd,1.32754912682416,103.94636119805759
85099,6073.400000000001,0.13151611947179503,0.2999720090888135,18,PM-peak boarding,Tanah Merah Stn Exit 1,New Upp Changi Rd,1.32684437763421,103.94645987386455
85101,167.60000000000002,0.25805489260143194,0.16974940334128877,8,AM-peak boarding,Aft Bedok Rd,Upp Changi Rd East,1.329286,103.950691
85109,388.54999999999995,0.21798996268176554,0.2693347059580492,8,balanced,Bef Bedok Rd,Upp Changi Rd East,1.32945523179761,103.95134864429271
90011,303.9,0.1750575847318197,0.24876604146100692,21,balanced,Bef Tg Rhu View,Tg Rhu Rd,1.29711286404721,103.86924820515104
90019,21.6,0.16666666666666666,0.29166666666666663,17,PM-peak boarding,Pk Shore Condo,Tg Rhu Rd,1.29697091533768,103.86961360282373
90021,283.15,0.19265407028076992,0.19247748543174995,8,balanced,Pebble Bay,Tg Rhu Rd,1.29717611,103.8712881
90029,63.0,0.1984126984126984,0.1634920634920635,8,balanced,Opp Pebble Bay,Tg Rhu Rd,1.29709111,103.8707989
90031,40.35,0.11648079306071871,0.29987608426270135,18,PM-peak boarding,Camelot By-The-Water,Tg Rhu Rd,1.29656022698907,103.87500520610656
90039,15.849999999999998,0.09148264984227131,0.3217665615141956,17,PM-peak boarding,Opp Camelot By-The-Water,Tg Rhu Rd,1.29663305723862,103.87539308856654
90041,220.75000000000003,0.22310305775764436,0.177123442808607,8,balanced,Tanjong Rhu Stn Exit 2,Tg Rhu Rd,1.297196,103.873691
90049,323.04999999999995,0.11391425475932519,0.3578393437548368,18,PM-peak boarding,Tanjong Rhu Stn Exit 1,Tg Rhu Rd,1.297117,103.873563
90051,89.95000000000002,0.05503057254030016,0.33852140077821,19,PM-peak boarding,Opp S'pore Swim Club,Tg Rhu Rd,1.29765944,103.8791731
90059,4.2,0.08333333333333333,0.2976190476190476,12,PM-peak boarding,S'pore Swim Club,Tg Rhu Rd,1.29757861,103.8791081
90061,495.8499999999999,0.03388121407683775,0.3020066552384794,15,PM-peak boarding,Dunman High Sch,Tg Rhu Rd,1.2981225,103.8824094
90069,69.8,0.02507163323782235,0.47707736389684813,19,PM-peak boarding,Opp Dunman High Sch,Tg Rhu Rd,1.29795473961403,103.88258182953015
90079,482.65,0.2642701750751062,0.18657412203460064,8,balanced,Opp Costa Rhu Condo,Rhu Cross,1.29760718196372,103.86732745550238
91041,223.70000000000002,0.12606168976307555,0.24474742959320517,16,PM-peak boarding,KiddiWinkie S/H @ Mountbatten,Mountbatten Rd,1.30100303875383,103.8865107850326
91049,149.1,0.2622401073105299,0.2012072434607646,8,balanced,Bef Fort Rd,Mountbatten Rd,1.30069808015377,103.88643299699929
91051,141.89999999999995,0.13002114164904868,0.21035940803382672,16,PM-peak boarding,Opp Santa Fe Mansions,Mountbatten Rd,1.30046470843446,103.88946922448878
91059,360.95,0.28175647596620035,0.16858290621969804,8,AM-peak boarding,Aft Margate Rd,Mountbatten Rd,1.30052638901127,103.88831333297796
91061,108.99999999999999,0.12385321100917433,0.2674311926605505,17,PM-peak boarding,Bet Hse No. 767/767A,Mountbatten Rd,1.30060777798346,103.89256694398647
91069,244.64999999999998,0.2088698140200286,0.21520539546290623,8,balanced,Bef Walton Rd,Mountbatten Rd,1.30061892627157,103.89304722999233
91071,49.95,0.09509509509509509,0.25725725725725723,19,PM-peak boarding,Bef Tg Katong Rd,Mountbatten Rd,1.30171305700998,103.89599084091456
91079,67.89999999999999,0.21060382916053022,0.22827687776141387,8,balanced,Aft Tg Katong Rd,Mountbatten Rd,1.3013063985688,103.8952666584497
91081,453.0,0.13068432671081678,0.26699779249448125,16,PM-peak boarding,Aft Katong Pk Stn Exit 2,Fort Rd,1.29930499999248,103.88533388902762
91089,192.75000000000003,0.2778210116731517,0.14137483787289232,8,AM-peak boarding,Opp Katong Pk Stn,Fort Rd,1.29913832558004,103.88553021350832
91091,1727.5499999999997,0.23620155711846258,0.1752481838441724,8,balanced,Bef Kg Kayu Rd,Mountbatten Rd,1.303159444,103.8843669
91099,519.5999999999999,0.17041955350269442,0.21266358737490382,7,balanced,Bef Wilkinson Rd,Mountbatten Rd,1.30320972763591,103.88471920227425
92041,3923.1,0.04346052866355688,0.30545996788254187,18,PM-peak boarding,Marine Pde Stn Exit 2,Marine Parade Rd,1.302345,103.904508
92049,5258.949999999999,0.06454710541077592,0.2774793447361166,18,PM-peak boarding,Marine Pde Stn/Parkway Pde,Marine Parade Rd,1.302999,103.905955
92051,1086.8,0.13585756348914244,0.22492638940007362,17,PM-peak boarding,Marine Pde Stn Exit 4,Marine Parade Rd,1.304585,103.907913
92059,1239.3500000000001,0.2390365917618106,0.1674264735546859,8,balanced,Marine Pde Stn Exit 6,Marine Parade Rd,1.3043585,103.907884
92061,1183.6499999999999,0.1611962995818021,0.1780509441135471,13,balanced,CHIJ Katong Convent (Pr),Marine Parade Rd,1.30585304722559,103.91059595623031
92069,1084.6499999999996,0.224634674779883,0.11787212464850416,13,AM-peak boarding,Tao Nan Sch,Marine Parade Rd,1.30566306799291,103.9110051545323
92071,1770.3000000000004,0.15604699768400832,0.21903067276732752,18,balanced,Marine Terr Stn Exit 4,Marine Parade Rd,1.306815,103.914746
92079,1843.65,0.18550158652672685,0.1686057548884007,8,balanced,Marine Terr Stn Exit 1,Marine Parade Rd,1.3066285,103.9148705
92081,957.7,0.08943301660227629,0.21071316696251435,14,PM-peak boarding,St. Patrick's Sch,Marine Parade Rd,1.30751338586806,103.91754269765207
92089,634.0999999999999,0.07964043526257689,0.22315092256741842,16,PM-peak boarding,Marine Terr Stn/Katong Convent,Marine Parade Rd,1.3071917122941,103.91764721757994
92091,141.55,0.1684916990462734,0.2529141646061462,17,PM-peak boarding,Opp One Amber,Mountbatten Rd,1.30270333303256,103.89931388900563
92099,751.3499999999999,0.3397218340320756,0.150928329007786,8,AM-peak boarding,One Amber,Mountbatten Rd,1.3023783312326,103.89900426571224
92101,621.6999999999999,0.06626990509892232,0.3259610744732186,18,PM-peak boarding,Katong Shop Ctr,Mountbatten Rd,1.30370246223719,103.90129169936806
92109,362.4,0.1782560706401766,0.315673289183223,18,PM-peak boarding,Opp Katong Shop Ctr,Mountbatten Rd,1.30356602776936,103.90145614778639
92111,1072.65,0.06917447443248029,0.30555167109495174,18,PM-peak boarding,Opp Roxy Sq,East Coast Rd,1.30477657929676,103.90293341562067
92119,1553.9,0.11052834802754359,0.2569663427504987,18,PM-peak boarding,Roxy Sq,East Coast Rd,1.30444500073,103.90277451423108
92121,1198.95,0.0731056340965011,0.25539013303307057,20,PM-peak boarding,Opp The Holy Family Ch,East Coast Rd,1.30720333,103.9067761
92129,768.2,0.24160374902369172,0.18530330643061702,8,balanced,The Holy Family Ch,East Coast Rd,1.30687389,103.9065139
92131,317.55000000000007,0.1612344512675169,0.1607620847110691,13,balanced,Caltex Stn,East Coast Rd,1.30878111099591,103.91089222198016
92139,492.7,0.26770854475339967,0.12928759894459105,8,AM-peak boarding,Opp Caltex Stn,East Coast Rd,1.30853972762017,103.91062932209371
92141,277.95,0.19697787371829467,0.21352761288001437,7,balanced,KiddiWinkie S/H @ East Coast,East Coast Rd,1.30939538245506,103.91428724575974
92149,510.15000000000003,0.26747035185729684,0.1985690483191218,8,balanced,St. Patrick's Green,East Coast Rd,1.30928064742874,103.91434517290193
92151,458.8500000000001,0.09698158439577202,0.21237877301950525,14,PM-peak boarding,Christ Meth Ch,East Coast Rd,1.3098029425373,103.91602380242344
92159,646.5999999999999,0.20955768635941852,0.17329106093411695,8,balanced,St. Patrick's Sch,East Coast Rd,1.309748,103.9166295
92161,937.0000000000001,0.16819637139807894,0.32075773745997854,18,PM-peak boarding,Aft Katong PO,Tg Katong Rd,1.30380001918907,103.89656923070308
92169,515.65,0.11034616503442259,0.2264132648114031,18,PM-peak boarding,Bef Katong PO,Tg Katong Rd,1.303782,103.8967661
92171,570.5,0.20306748466257668,0.18650306748466258,8,balanced,Marshall Lane,Joo Chiat Rd,1.30837865741776,103.90304313394574
92179,175.95,0.16993464052287582,0.17959647627166808,8,balanced,Aft Duku Rd,Joo Chiat Rd,1.30803621256234,103.90349800941955
92181,352.84999999999997,0.04789570639081763,0.30367011477965145,18,PM-peak boarding,i12 Katong,Joo Chiat Rd,1.30528972611328,103.90534997934479
92189,188.3,0.030005310674455655,0.2947424322889007,18,PM-peak boarding,Opp i12 Katong,Joo Chiat Rd,1.3047647219741,103.90592361097
92201,376.4,0.2818809776833156,0.17149309245483532,8,AM-peak boarding,Aft Lor M Telok Kurau,Telok Kurau Rd,1.31117244269722,103.9112378097299
92209,256.75,0.2035053554040896,0.15481986368062317,7,balanced,Aft Jln Baiduri,Telok Kurau Rd,1.31101000002422,103.91147888898843
92211,349.5,0.1351931330472103,0.140343347639485,13,balanced,CHIJ Katong Convent (Sec),Marine Terr,1.30595638898755,103.91698861102066
92219,98.15,0.15078960774325012,0.18390219052470708,14,balanced,Opp CHIJ Katong Convent,Marine Terr,1.306522,103.916675
92221,682.25,0.18761451080982045,0.16797361670941735,8,balanced,Blk 19,Marine Terr,1.30496423786628,103.91493558885941
92229,296.34999999999997,0.14965412518980933,0.1386873629154716,9,balanced,Blk 53,Marine Terr,1.304952,103.916022
92231,990.0500000000002,0.18933387202666527,0.15696176960759553,8,balanced,Blk 34,Marine Cres,1.30425500081318,103.9123223933556
92239,814.2999999999998,0.1804617462851529,0.15375168856686727,13,balanced,Blk 45,Marine Cres,1.30438002120698,103.91266110940761
92241,1580.25,0.27755102040816326,0.1893687707641196,8,balanced,Amber Gdns,Amber Rd,1.301778,103.901024
92249,829.35,0.1929824561403509,0.20425634533068066,7,balanced,Opp Amber Gdns,Amber Rd,1.30166304472072,103.90118149629421
92271,469.5999999999999,0.2099659284497445,0.20059625212947194,13,balanced,Opp D'Ecosia,Still Rd Sth,1.30610999016148,103.90952850508972
92279,112.45,0.20720320142285456,0.23921742996887504,8,balanced,D'Ecosia,Still Rd Sth,1.30633786714639,103.90964863731638
92301,246.65,0.19724305696330832,0.17798499898641798,7,balanced,Bef St. Patrick's Rd,Telok Kurau Rd,1.30793535291547,103.9126288890594
92309,129.4,0.14953632148377125,0.19513137557959814,6,balanced,East Coast Apts,Telok Kurau Rd,1.30827858622776,103.91268253327297
93011,393.04999999999995,0.16918967052537848,0.20124666073018702,16,balanced,Opp Neptune Ct,Marine Parade Rd,1.30822971200422,103.92151900444857
93019,981.8000000000001,0.2573843960073334,0.15303524139335914,8,AM-peak boarding,Neptune Ct,Marine Parade Rd,1.30787614366531,103.92111718654822
93021,505.4,0.21151563118322123,0.1960823110407598,8,balanced,Opp Mandarin Gdns,Marine Parade Rd,1.30867772794032,103.92426998119757
93029,1237.9499999999998,0.28975322105093104,0.15662991235510323,8,AM-peak boarding,Mandarin Gdns,Marine Parade Rd,1.30851455788092,103.92471047692146
93031,1828.65,0.12077215432149399,0.2734257512372515,18,PM-peak boarding,Siglap Stn/Opp Victoria Sch,Marine Parade Rd,1.309633889,103.9286839
93039,498.9,0.2009420725596312,0.20755662457406293,8,balanced,Siglap Stn/Laguna Park,Marine Parade Rd,1.30958474832555,103.92954154203639
93041,314.00000000000006,0.19171974522292992,0.1808917197452229,7,balanced,Hua Xin Ct,Marine Parade Rd,1.31120679321816,103.9333999156994
93049,427.05000000000007,0.23580377005034533,0.14529914529914528,8,AM-peak boarding,Lagoon View,Marine Parade Rd,1.31073016722066,103.9329857782451
93051,230.04999999999995,0.17061508367746145,0.22995001086720282,18,balanced,Aft Dunbar Wk,East Coast Rd,1.31065440276409,103.91866922380741
93059,295.6,0.23376184032476316,0.19824086603518265,8,balanced,Aft Jln Buloh Perindu,East Coast Rd,1.31076138897412,103.91930777802244
93061,646.5999999999999,0.11127435818125582,0.24520569130838235,17,PM-peak boarding,Bef Siglap Rd,East Coast Rd,1.31199515605411,103.92260670662348
93069,625.05,0.20518358531317496,0.2029437644988401,8,balanced,Aft Siglap Rd,East Coast Rd,1.31168943552207,103.92240015622043
93071,537.05,0.14207243273438228,0.21180523228749654,7,balanced,Crescendo Bldg,Upp East Coast Rd,1.31293014528666,103.92634861688488
93079,632.7,0.20602181128496916,0.1660344555081397,8,balanced,Opp Springvale,East Coast Rd,1.31250502315071,103.9250247698478
93081,358.85,0.1311132785286331,0.2605545492545632,17,PM-peak boarding,Opp Chiang Ct,Upp East Coast Rd,1.31342707975776,103.92903327944508
93089,488.05000000000007,0.20571662739473412,0.21985452310214115,8,balanced,Opp Goodwill Ct,Upp East Coast Rd,1.31295810131062,103.92790605020116
93091,223.90000000000003,0.15073693613220185,0.2273336310853059,18,PM-peak boarding,Opp Siglap Sth CC,Upp East Coast Rd,1.31398835332345,103.93157431388184
93099,340.20000000000005,0.17004703115814226,0.22266313932980597,8,balanced,Siglap Sth CC,Upp East Coast Rd,1.31390444400831,103.93171138898548
93101,65.59999999999998,0.1707317073170732,0.2629573170731708,17,PM-peak boarding,Aft Coldstream Ave,Frankel Ave,1.31261779524488,103.91989561129017
93109,33.3,0.2972972972972973,0.1831831831831832,7,AM-peak boarding,Bef Frankel Pl,Frankel Ave,1.31278666699062,103.91998638901408
93111,73.4,0.13010899182561309,0.22479564032697547,18,PM-peak boarding,Bef Elite Pk Ave,Siglap Rd,1.31451280258696,103.92278173877762
93119,37.599999999999994,0.15558510638297873,0.2127659574468085,9,balanced,Aft Elite Pk Ave,Siglap Rd,1.31431984916508,103.92298221289045
93121,108.35,0.15597600369173972,0.12551915089986157,12,balanced,Opp Sekolah Indonesia,Siglap Rd,1.31088501240237,103.92498850824487
93129,145.44999999999996,0.14678583705740808,0.17463045720178763,15,balanced,Bef Sekolah Indonesia,Siglap Rd,1.31135799079971,103.92481225868325
93131,523.2500000000001,0.33387482083134246,0.13893932154801714,8,AM-peak boarding,Opp Eastern Lagoon II,Bedok Sth Ave 1,1.31277833350682,103.93415826027375
93139,334.45000000000005,0.254447600538197,0.1867244730153984,8,balanced,Eastern Lagoon II,Bedok Sth Ave 1,1.31278641539067,103.9338525622476
93149,168.84999999999997,0.11548711874444775,0.09949659461060115,6,balanced,Seaside Residences,Siglap Link,1.30742050291938,103.9278209209607
93199,52.400000000000006,0.13454198473282442,0.2032442748091603,13,PM-peak boarding,Bef Seaside Residences,Siglap Rd,1.30794833296674,103.92628500000932
93201,665.95,0.1337938283654929,0.2172084991365718,14,PM-peak boarding,Victoria Sch,Marine Parade Rd,1.30920003741893,103.92781269211483
94009,433.95,0.04113377117179399,0.3779237239313285,17,PM-peak boarding,Upp East Coast Ter,Upp East Coast Rd,1.31795981372922,103.95256713632443
94011,138.25,0.26907775768535264,0.20470162748643758,7,balanced,Evergreen Gdn,Upp East Coast Rd,1.31438169513219,103.9351058006447
94019,433.20000000000005,0.2046398891966759,0.25738688827331485,18,balanced,Opp Evergreen Ave,Upp East Coast Rd,1.3142851610342,103.93574953076752
94021,169.90000000000003,0.24426133019423185,0.24926427310182456,8,balanced,Bef Sennett Rd,Upp East Coast Rd,1.31475174256228,103.93834590911955
94029,367.84999999999997,0.1980426804403969,0.21680032621992662,8,balanced,Aft Sennett Rd,Upp East Coast Rd,1.31453305602342,103.93750499997167
94031,1159.55,0.19779224699236772,0.31952050364365486,7,PM-peak boarding,Opp Bayshore Stn Exit 3,Upp East Coast Rd,1.31504670788151,103.94089937209914
94039,647.0999999999999,0.16743934476896927,0.22546747025189307,8,balanced,Bef Bayshore Stn Exit 3,Upp East Coast Rd,1.31485363967239,103.94066333773824
94041,144.95,0.35805450155225943,0.19385995170748538,7,AM-peak boarding,Aft Parbury Ave,Upp East Coast Rd,1.31619439069366,103.94430577752213
94049,299.29999999999995,0.2841630471099232,0.1404944871366522,8,AM-peak boarding,Aft Bedok Sth Ave 3,Upp East Coast Rd,1.31616443335073,103.94482108127718
94051,1008.9,0.13009217960154623,0.23530577857072058,17,PM-peak boarding,Opp Temasek Sec Sch,Upp East Coast Rd,1.31710244970995,103.94737959133388
94059,1511.3499999999997,0.14371257485029942,0.25100076090912105,17,PM-peak boarding,Temasek Sec Sch,Upp East Coast Rd,1.31707137658578,103.94798092494041
94061,108.05000000000001,0.2674687644608977,0.21193891716797775,7,balanced,Kew Green Condo,Upp East Coast Rd,1.318036,103.950595
94069,162.04999999999998,0.21505708114779393,0.2428262881826597,7,balanced,Opp Kew Green Condo,Upp East Coast Rd,1.317869,103.950869
94071,258.40000000000003,0.103328173374613,0.36919504643962847,17,PM-peak boarding,Opp Bedok Camp 2,Upp East Coast Rd,1.319835,103.955091
94079,60.24999999999999,0.15684647302904564,0.3012448132780083,17,PM-peak boarding,Bedok Camp 2,Upp East Coast Rd,1.319473,103.955231
94089,233.15,0.24340553291872186,0.1681321037958396,7,balanced,Calvary Ably of God Ch,Upp East Coast Rd,1.31536333302999,103.94294138900047
94099,37.050000000000004,0.08097165991902833,0.34008097165991896,17,PM-peak boarding,Aft E.C. Sea Sports Club,ECP,1.31149001305165,103.95030071791084
95011,49.24999999999999,0.04162436548223351,0.25177664974619296,20,PM-peak boarding,Aft Aircraft Flyover,Airport Blvd,1.3461185,103.9836085
95019,634.9999999999999,0.17433070866141737,0.37574803149606306,20,PM-peak boarding,Aft Changi Airport Ter 2,Airport Blvd,1.3479795,103.984849
95029,6742.300000000001,0.04930809960992539,0.2428325645551221,22,PM-peak boarding,Changi Airport Ter 1,PTB1 Basement,1.361057,103.990812
95039,365.9,0.09128177097567644,0.20319759497130363,9,PM-peak boarding,AirFreight Ter Bldg,Airport Cargo Rd,1.372277,103.99465
95041,305.6,0.06904450261780104,0.49623691099476436,18,PM-peak boarding,CIAS Cargo Ters,Airport Cargo Rd,1.372739,103.995714
95049,508.6,0.09309870232009436,0.4039520251671254,18,PM-peak boarding,SATS Cargo Ter,Airport Cargo Rd,1.373575,103.994414
95051,647.65,0.04138037520265576,0.629815486759824,18,PM-peak boarding,3rd Cargo Agents,Airport Cargo Rd,1.375293,103.996226
95061,556.7499999999999,0.010058374494836105,0.586259541984733,17,PM-peak boarding,Airline Hse,Airline Rd,1.378238,103.996862
95069,1669.5499999999997,0.029409122218561894,0.5370309364798899,17,PM-peak boarding,Opp Airline Hse,Airline Rd,1.378218,103.996517
95071,7.6499999999999995,0.5490196078431373,0.16339869281045752,8,AM-peak boarding,Changi Beach CP 4,Nicoll Dr,1.389939,103.995119
95079,55.65,0.02605570530098832,0.31266846361185985,20,PM-peak boarding,Opp Changi Beach CP 3,Nicoll Dr,1.39019416668503,103.99252027779501
95081,0.9000000000000001,0.1111111111111111,0.2222222222222222,13,PM-peak boarding,Changi Beach CP 5,Nicoll Dr,1.389422,103.997946
95089,23.099999999999994,0.0865800865800866,0.17532467532467536,16,PM-peak boarding,Opp Changi Beach CP 5,Nicoll Dr,1.389665,103.995899
95091,4.75,0.2526315789473685,0.12631578947368421,13,AM-peak boarding,SAF Ferry Ter,Nicoll Dr,1.387294,103.999644
95099,619.6,0.051323434473854096,0.40832795351839896,17,PM-peak boarding,Opp SAF Ferry Ter,Nicoll Dr,1.388248,103.998803
95109,4575.8,0.054143537742034176,0.2512784649678744,22,PM-peak boarding,Changi Airport Ter 3,PTB3 Basement,1.357429,103.987082
95129,3441.95,0.08252589375208821,0.2674356106276965,18,PM-peak boarding,Changi Airport Ter 2,PTB2 Basement,1.355348,103.9886095
95131,619.15,0.44286521844464194,0.11200839861099894,7,AM-peak boarding,Police Pass Off,Airline Rd,1.385586,103.999695
95139,1030.9,0.06993888834998543,0.44790959355902604,18,PM-peak boarding,Police Pass Off,Airline Rd,1.385469,103.999182
95141,218.1,0.030490600641907385,0.5985786336542871,18,PM-peak boarding,Aft Cargo Bldg D,Airline Rd,1.381475,103.998213
95149,493.95,0.08634477173803017,0.36481425245470195,18,PM-peak boarding,Bef Cargo Bldg D,Airline Rd,1.381045,103.997657
95151,126.2,0.04992076069730586,0.2737717908082409,17,PM-peak boarding,Airport Police Stn,Airport Blvd,1.34209640049942,103.98181795541137
95159,2180.15,0.15115932389973166,0.25956929569066345,17,PM-peak boarding,Near SATS Flight Kitchen,Airport Blvd,1.341239,103.981954
95161,8.15,0.17791411042944785,0.36809815950920244,16,PM-peak boarding,Bef Changi Ferry Rd,Changi Coast Rd,1.3725170000281,104.00455640513198
95169,84.24999999999999,0.09317507418397629,0.4462908011869437,17,PM-peak boarding,Aft Changi Ferry Rd,Changi Coast Rd,1.37262300000012,104.0046664051527
95171,71.6,0.11522346368715085,0.2430167597765363,9,PM-peak boarding,Prologis,Alps Ave,1.37462795179536,104.0020734051487
95179,190.9,0.06338397066526977,0.6016238868517548,17,PM-peak boarding,DHL,Alps Ave,1.37635787246647,104.00221640515575
95181,52.75,0.021800947867298578,0.6672985781990521,17,PM-peak boarding,Menlo Worldwide,Alps Ave,1.37700618973294,104.00189840513904
95189,111.19999999999999,0.057104316546762596,0.6119604316546763,17,PM-peak boarding,Expeditors,Alps Ave,1.3787447073172,104.0014724782864
95191,136.75,0.062157221206581355,0.6186471663619745,18,PM-peak boarding,Opp DB Schenker,Alps Ave,1.38009118975333,104.00092640513972
95209,1226.25,0.10768603465851173,0.20933741080530072,15,PM-peak boarding,Changi Airport Ter 4,T4 CRESCENT,1.33899412275069,103.98206408704047
95901,125.89999999999999,0.32724384432088965,0.16957903097696586,7,AM-peak boarding,Bef Simei Rd,Upp Changi Rd East,1.33857587129254,103.96020709087523
95909,133.54999999999998,0.10632721827031075,0.40097341819543253,18,PM-peak boarding,Aft Somapah Rd,Upp Changi Rd East,1.33849391556302,103.96049907137146
96011,257.9,0.02462194649088794,0.35420705699883676,17,PM-peak boarding,Bef Simei Ave,Upp Changi Rd East,1.33167675245972,103.9535299850262
96019,166.14999999999998,0.027384893168823355,0.4210051158591635,17,PM-peak boarding,Aft Simei Ave,Upp Changi Rd East,1.33138833299802,103.95370361097966
96021,83.45,0.11324146195326541,0.26602756141402034,16,PM-peak boarding,Opp Expo Halls 1/2/3,Upp Changi Rd East,1.333937,103.956569
96029,86.15,0.008705745792222866,0.3372025536854324,17,PM-peak boarding,Expo Halls 1/2/3,Upp Changi Rd East,1.33371794723789,103.95679798964366
96031,87.4,0.03775743707093821,0.2608695652173913,17,PM-peak boarding,Opp Expo Halls 4/5/6,Upp Changi Rd East,1.33590500003397,103.95837000001772
96039,154.35,0.03498542274052478,0.3482345319080013,18,PM-peak boarding,Expo Halls 4/5/6,Upp Changi Rd East,1.33560833298198,103.95843416703279
96041,2201.4999999999995,0.20322507381330915,0.31489893254599144,18,PM-peak boarding,Upp Changi Stn/Opp SUTD,Upp Changi Rd East,1.34153333,103.9612189
96049,461.25000000000006,0.14471544715447152,0.31447154471544714,18,PM-peak boarding,Upp Changi Stn/SUTD,Upp Changi Rd East,1.3408744614671,103.96143293297968
96051,184.2,0.24104234527687302,0.15960912052117265,7,AM-peak boarding,Opp Changi Ct,Upp Changi Rd East,1.34372664222741,103.96192069089285
96059,301.80000000000007,0.20493704440026503,0.24204771371769376,17,balanced,Changi Ct,Upp Changi Rd East,1.34351280089212,103.96217940266345
96061,513.8499999999999,0.17310499172910385,0.3242191300963317,17,PM-peak boarding,Opp Mera Terr P/G,Upp Changi Rd East,1.34695398893694,103.96294329979929
96069,781.8000000000001,0.2503197748784855,0.2274238935789204,8,balanced,Mera Terr P/G,Upp Changi Rd East,1.34665000850794,103.96311235602505
96071,25.25,0.09504950495049506,0.1524752475247525,16,PM-peak boarding,Opp ITE Coll East Tec Blk,Upp Changi Rd,1.33552793998608,103.9532750845244
96079,181.09999999999997,0.00662617338487024,0.23605742683600225,16,PM-peak boarding,ITE Coll East Tec Blk,Upp Changi Rd,1.33542124082545,103.95353854906277
96081,75.65,0.12359550561797754,0.19563780568407138,16,PM-peak boarding,Grace Independent Ch,Upp Changi Rd,1.33650217158472,103.95548614472102
96089,131.05000000000004,0.10072491415490267,0.20526516596718802,16,PM-peak boarding,Opp Grace Independent Ch,Upp Changi Rd,1.33646502628787,103.95594670662865
96091,18.150000000000002,0.30578512396694213,0.23415977961432505,7,balanced,Aft Upp Changi Rd,Upp Changi Link,1.33683617019201,103.95794150619416
96099,24.549999999999997,0.09775967413441958,0.18329938900203668,12,PM-peak boarding,Aft Upp Changi Rd East,Upp Changi Link,1.33666533266027,103.95786100711895
96101,1681.1,0.07123312117066206,0.3346915709951817,17,PM-peak boarding,Blk 3012,Simei Ave,1.33638500905398,103.9510568939649
96109,883.1,0.2497452157173593,0.16804438908390895,7,balanced,Opp Blk 3012,Simei Ave,1.33737118239889,103.95067333143491
96111,2683.4500000000003,0.007136335687268254,0.23167936797778974,16,PM-peak boarding,Opp ITE Coll East Adm Blk,Simei Ave,1.33365307929022,103.95337833802823
96119,1858.3000000000004,0.024027336813216376,0.1807566054996502,16,PM-peak boarding,ITE Coll East Adm Blk,Simei Ave,1.33373145315305,103.9537488312858
96121,1779.5500000000002,0.2993172431232615,0.15040319181815626,7,AM-peak boarding,Metta Welfare Assn,Simei Rd,1.34719360554366,103.95776019526973
96129,1328.4,0.2875639867509786,0.1472071665161096,8,AM-peak boarding,Melville Pk,Simei Rd,1.3474583546739,103.95795115114063
96131,339.05000000000007,0.22194366612594008,0.12387553458192005,6,AM-peak boarding,Blk 130,Simei St 1,1.34639164071686,103.95526044455801
96139,494.54999999999995,0.337680719846325,0.1156607016479628,8,AM-peak boarding,Blk 148,Simei St 1,1.34646413372668,103.95585291875304
96141,512.5,0.10351219512195121,0.2695609756097561,18,PM-peak boarding,Blk 120/Opp Simei Stn,Simei St 1,1.34470972121071,103.95324349664256
96149,125.74999999999999,0.32485089463220673,0.12365805168986085,8,AM-peak boarding,Simei Stn/Blk 247,Simei St 1,1.34448666696732,103.95318111098746
96151,348.6,0.14945496270797476,0.2246127366609294,18,PM-peak boarding,Blk 106,Simei St 1,1.34232997550862,103.95121028080379
96159,109.60000000000001,0.2896897810218978,0.11906934306569342,8,AM-peak boarding,Blk 254,Simei St 1,1.34192167463909,103.9517629482475
96161,1674.6,0.12928460527887256,0.2573151797444166,18,PM-peak boarding,Opp Simei Stn,Simei St 3,1.34211893867102,103.95354015150029
96169,4710.700000000001,0.1323264058420192,0.2901479610249007,18,PM-peak boarding,Simei Stn,Simei St 3,1.34226222202581,103.95346611100372
96171,168.3,0.34997029114676176,0.09744503862150919,8,AM-peak boarding,Bet Blks 227/228,Simei St 4,1.34223585449884,103.9559270984333
96179,108.65,0.1679705476300046,0.15692590888173033,6,balanced,Modena Condo/Opp Blk 228,Simei St 4,1.3426613811598,103.95530716615029
96181,333.7000000000001,0.3130056937368893,0.1251123763859754,7,AM-peak boarding,Blk 151,Simei Rd,1.34563053684832,103.95770528781159
96189,741.6,0.26550701186623515,0.13619201725997843,7,AM-peak boarding,Blk 166,Simei Rd,1.3452978033151,103.95793622236005
96191,271.35,0.3357287635894601,0.13635526073337018,7,AM-peak boarding,Blk 224,Simei Rd,1.34285666698806,103.95774638900882
96199,113.69999999999999,0.2933157431838171,0.18777484608619177,7,AM-peak boarding,Opp Blk 224,Simei Rd,1.34304235304377,103.9579441304978
96201,295.45000000000005,0.22880352005415464,0.20714164833305126,8,balanced,Simei Green Condo,Simei Rd,1.34068848247811,103.95925914106326
96209,298.25000000000006,0.3654652137468566,0.15255658005029335,7,AM-peak boarding,Opp Simei Green Condo,Simei Rd,1.340611,103.959694
96219,758.0,0.13298153034300794,0.28337730870712396,19,PM-peak boarding,Tanah Merah Ferry Ter,Tanah Merah Ferry Rd,1.31520306285456,103.98889428788505
96221,396.1,0.0456955314314567,0.45026508457460235,17,PM-peak boarding,Opp S'pore Expo,Xilin Ave,1.33090140156137,103.95796397863708
96229,226.35,0.35741108902142704,0.18489065606361826,8,AM-peak boarding,S'pore Expo,Xilin Ave,1.331224,103.95799
96231,49.150000000000006,0.08545269582909458,0.686673448626653,18,PM-peak boarding,DB Schenker,Xilin Ave,1.3300314164688,103.96086883190902
96239,10.400000000000004,0.2644230769230768,0.09615384615384612,6,AM-peak boarding,CEVA Freight,Xilin Ave,1.33007025409204,103.96193922509366
96241,152.75,0.02716857610474632,0.6896890343698854,17,PM-peak boarding,Laguna Natl Country Club,Xilin Ave,1.32746975992942,103.96702744644506
96249,8.75,0.14857142857142855,0.18857142857142856,20,balanced,Builders Ctr,Xilin Ave,1.32823969887083,103.96653156328907
96251,574.05,0.13761867433150424,0.18735301802978832,13,balanced,Bef Changi General Hosp,Simei St 3,1.34026697859529,103.95138028105873
96259,980.5,0.13222845486996432,0.2911269760326364,17,PM-peak boarding,Aft Changi General Hosp,Simei St 3,1.34043019344412,103.95124680626643
96261,329.30000000000007,0.2979046462192529,0.14394169450349226,7,AM-peak boarding,Blk 233,Simei St 3,1.34404967237603,103.95585935578698
96269,224.14999999999998,0.34909658710684816,0.15748382779388803,7,AM-peak boarding,Blk 146,Simei St 3,1.34431781695634,103.95588755609721
96271,41.25,0.027878787878787878,0.6096969696969696,17,PM-peak boarding,Opp Global Logistics Ctr,Xilin Ave,1.32913596796858,103.96366258799002
96281,3091.7999999999997,0.08202341677986934,0.3698654505466072,17,PM-peak boarding,Opp Changi General Hosp,Simei Ave,1.339714,103.94825
96289,1845.1000000000001,0.13497913392228061,0.2518833667551894,17,PM-peak boarding,Changi General Hosp,Simei Ave,1.34004,103.948359
96291,189.2,0.3147463002114165,0.11046511627906977,8,AM-peak boarding,Blk 223,Simei St 4,1.34193564484603,103.95772034392319
96299,462.4,0.3133650519031142,0.126189446366782,8,AM-peak boarding,Opp Blk 222,Simei St 4,1.34126498344514,103.95716526054423
96301,430.25000000000006,0.1279488669378268,0.2950610110400929,18,PM-peak boarding,Expo Stn Exit B,Changi Sth Ave 1,1.33450022538919,103.9617438259165
96309,1966.8,0.23398413666870044,0.26883770591824285,8,balanced,Expo Stn Exit E,Changi Sth Ave 1,1.33427655612286,103.96175810276951
96311,6.300000000000001,0.25396825396825395,0.1825396825396825,8,balanced,Bef Changi Sth St 2,Changi Sth Ave 1,1.3329118846906,103.9607070021467
96319,262.65,0.05406434418427565,0.5528269560251285,18,PM-peak boarding,Yusen Logistics,Changi Sth Ave 1,1.33311988623192,103.96095897791456
96321,6.05,0.07438016528925619,0.2644628099173554,12,PM-peak boarding,DBS Asia Hub,Changi Sth Ave 2,1.332136,103.965498
96329,176.85,0.02233531241164829,0.541419281877297,18,PM-peak boarding,DHL,Changi Sth Ave 2,1.33202391003542,103.96526335898176
96331,83.7,0.03225806451612903,0.49641577060931896,18,PM-peak boarding,Strides Premier,Changi Sth Ave 2,1.331357,103.967556
96341,88.49999999999999,0.024293785310734468,0.677401129943503,17,PM-peak boarding,Aft Sunny Metal & Engrg,Changi Sth Ave 2,1.332935,103.970388
96351,313.9,0.029149410640331313,0.581076776043326,18,PM-peak boarding,Bef Changi Sth St 1,Changi Sth Ave 4,1.33529647913206,103.97039204168856
96361,926.65,0.017158581988884692,0.692710300544974,18,PM-peak boarding,Aft Akzonobel,Changi Business Pk Ctrl 2,1.33649110063455,103.96643704167043
96371,97.35,0.005136106831022086,0.5269645608628659,18,PM-peak boarding,Standard Chartered Bank,Changi Business Pk Ctrl 2,1.33433369984263,103.9664670131305
96381,68.65,0.49016751638747263,0.07428987618353969,8,AM-peak boarding,Changi City Pt,Changi Sth Ave 2,1.3332723569143,103.96209564305455
96389,598.95,0.01152016028049086,0.5128140913264879,18,PM-peak boarding,Opp Changi City Pt,Changi Sth Ave 2,1.33316035695047,103.96219500000879
96391,27.200000000000006,0.04227941176470587,0.4136029411764705,17,PM-peak boarding,Aft Changi Biz Pk Cres,Changi Business Pk Vista,1.336856,103.967921
96401,2.0000000000000004,0.0,0.09999999999999998,12,PM-peak boarding,Honeywell Bldg,Changi Business Pk Ctrl 1,1.33678578456278,103.96599671694322
96411,84.39999999999999,0.051540284360189585,0.553909952606635,18,PM-peak boarding,Opp Eightrium,Changi Sth Ave 1,1.338128,103.964
96419,41.150000000000006,0.21628189550425272,0.47144592952612385,18,PM-peak boarding,Eightrium,Changi Sth Ave 1,1.338026,103.964172
96421,34.199999999999996,0.3304093567251462,0.20467836257309943,7,AM-peak boarding,Opp Changi Lodge 2,Tanah Merah Coast Rd,1.313621111,103.99655
96429,302.65,0.18751032545845037,0.31604163224847187,6,PM-peak boarding,Changi Lodge 2,Tanah Merah Coast Rd,1.313721111,103.9953811
96431,6.899999999999999,0.5072463768115943,0.20289855072463772,7,AM-peak boarding,Opp Changi Naval Base,Tanah Merah Coast Rd,1.318286944,104.0152631
96439,503.85,0.042274486454301874,0.26545598888558103,16,PM-peak boarding,Changi Naval Base,Tanah Merah Coast Rd,1.317708,104.015614
96441,37.099999999999994,0.02291105121293801,0.362533692722372,17,PM-peak boarding,Opp SUTD,Somapah Rd,1.33954269927544,103.96290652054516
96449,16.249999999999996,0.08923076923076925,0.1753846153846154,12,PM-peak boarding,SUTD,Somapah Rd,1.33980186622645,103.96388189995498
96461,96.94999999999999,0.06756059824651883,0.5420319752449717,19,PM-peak boarding,Bef Aviation Pk Rd,Tanah Merah Coast Rd,1.352485,104.030008
96471,3.6,0.041666666666666664,0.08333333333333334,16,PM-peak boarding,Bef Changi Coast Rd,Aviation Pk Rd,1.367866,104.009977
96479,173.49999999999997,0.138328530259366,0.4002881844380404,18,PM-peak boarding,Aft Changi Coast Rd,Aviation Pk Rd,1.367858,104.010442
97009,104.49999999999999,0.09952153110047848,0.3047846889952154,19,PM-peak boarding,Changi Business Pk Ter,Changi Sth Ave 1,1.34188800000174,103.96713700000154
97011,436.5,0.2656357388316151,0.23012600229095076,7,balanced,The Japanese Sch,Upp Changi Rd Nth,1.35332331548207,103.96595966764757
97019,1335.1499999999999,0.06332621802793695,0.5389656592892185,17,PM-peak boarding,Opp Salvation Army,Upp Changi Rd Nth,1.3529227886583,103.96544071070835
97031,84.25,0.20593471810089023,0.1596439169139466,12,balanced,Aft Jln Bena,Upp Changi Rd Nth,1.35474723326023,103.96851979269732
97039,538.15,0.23636532565269905,0.29554956796432225,17,balanced,Bef Jln Bena,Upp Changi Rd Nth,1.35535232677111,103.96894056406585
97041,83.55000000000001,0.291442250149611,0.10173548773189706,7,AM-peak boarding,Ballota Pk Condo,Upp Changi Rd Nth,1.35785139360852,103.96938267040976
97049,408.55,0.10268021050055073,0.27401786807000367,17,PM-peak boarding,Changi Prison,Upp Changi Rd Nth,1.35817903735465,103.96973879358464
97051,303.5,0.13739703459637562,0.3082372322899506,17,PM-peak boarding,Komo Shoppes,Upp Changi Rd Nth,1.36044412865764,103.9703768491515
97059,463.25000000000006,0.2085267134376686,0.21446303291958985,7,balanced,Changi Women's Prison,Upp Changi Rd Nth,1.36075141209876,103.97097232582753
97061,11.5,0.2260869565217391,0.30434782608695654,18,balanced,Changi Baptist Ch,Upp Changi Rd Nth,1.36590356071338,103.975349664689
97069,122.75,0.2065173116089613,0.25213849287169043,7,balanced,Lloyd Leas Work Rel Camp,Upp Changi Rd Nth,1.3651566598248,103.9752874368773
97071,158.75,0.037165354330708666,0.4047244094488189,12,PM-peak boarding,Aft St. John's Cres,Upp Changi Rd Nth,1.36855806171082,103.97786417344932
97079,552.3,0.09170740539561834,0.22949483976099946,17,PM-peak boarding,Opp St. John's Cres,Upp Changi Rd Nth,1.36810642046998,103.97758382793815
97081,52.150000000000006,0.02876318312559923,0.34515819750719073,12,PM-peak boarding,Selarang Pk Drug Reh.,Loyang Way,1.37137551310062,103.97986770359047
97089,252.45000000000002,0.022776787482669834,0.5276292335115864,19,PM-peak boarding,Opp Selarang Pk Drug Reh.,Loyang Way,1.3708213292446,103.98008108137569
97091,12.85,0.058365758754863814,0.17509727626459146,11,PM-peak boarding,Bef Selarang Way,Loyang Way,1.37304817069239,103.97614190842204
97099,167.9,0.012507444907683145,0.4889815366289457,17,PM-peak boarding,Aft Loyang Ave,Loyang Way,1.37318166697573,103.97643861099502
97101,7.9,0.3481012658227848,0.13924050632911392,7,AM-peak boarding,Bef Jln Mariam,Old Tampines Rd,1.36321195503241,103.96739806471844
97109,58.95000000000001,0.34096692111959287,0.12892281594571667,7,AM-peak boarding,Aft Jln Mariam,Old Tampines Rd,1.36281875953495,103.96702623375789
97111,48.30000000000001,0.32401656314699784,0.18219461697722564,7,AM-peak boarding,Bef Toh Cl,Old Tampines Rd,1.36331111102284,103.97038833297182
97119,105.15000000000002,0.12743699476937703,0.2700903471231573,18,PM-peak boarding,Aft Toh Cl,Old Tampines Rd,1.36337227349683,103.96996378901376
97121,18.499999999999996,0.4054054054054055,0.12972972972972974,7,AM-peak boarding,Bef Old Tampines Rd,New Loyang Link,1.364444,103.968095
97129,36.29999999999999,0.2176308539944904,0.20798898071625352,7,balanced,Bef Loyang Ave,New Loyang Link,1.36461847541947,103.96762195035996
97141,61.099999999999994,0.20294599018003273,0.39770867430441903,17,PM-peak boarding,Aft Upp Changi Rd Nth,Changi Nth St 1,1.35231360645922,103.96793511086432
97149,233.49999999999997,0.0398286937901499,0.6942184154175589,17,PM-peak boarding,Aft VICOM,Changi Nth St 1,1.35180572395974,103.96795596081698
97151,26.700000000000003,0.054307116104868915,0.7528089887640449,17,PM-peak boarding,Aft Changi Nth St 2,Changi Nth Cres,1.34957475260085,103.96705688688903
97159,219.70000000000002,0.04050978607191625,0.793582157487483,17,PM-peak boarding,Bef VICOM,Changi Nth Cres,1.350271,103.967723
97161,82.3,0.0018226002430133661,0.3547995139732685,15,PM-peak boarding,Edwards Lifesciences,Changi Nth Cres,1.34716828634192,103.96759395445096
97169,160.40000000000003,0.03241895261845386,0.5311720698254363,17,PM-peak boarding,Opp Edwards Lifesciences,Changi Nth Cres,1.346812,103.967663
97171,222.35,0.029008320215875873,0.32313919496289634,16,PM-peak boarding,Opp SATS Catering,Changi Nth Cres,1.34566460198537,103.96993803786681
97179,433.2,0.16424284395198524,0.37280701754385964,16,PM-peak boarding,SATS Catering,Changi Nth Cres,1.34529387211141,103.9698135852748
97181,73.05,0.04175222450376454,0.44490075290896647,17,PM-peak boarding,Seamap,Changi Nth Cres,1.34784936649026,103.97214908694973
97189,301.8,0.024850894632206758,0.5483764082173624,17,PM-peak boarding,SATS Maintenance Ctr 2,Changi Nth Cres,1.34674882374419,103.97146767080093
97201,18.5,0.12972972972972974,0.2,16,PM-peak boarding,Opp Changi Chapel Museum,Upp Changi Rd Nth,1.36265900778926,103.97370278833513
97209,79.25000000000001,0.1842271293375394,0.14069400630914822,7,balanced,Changi Chapel Museum,Upp Changi Rd Nth,1.36229421254534,103.97331639977371
97301,241.65,0.045727291537347406,0.622387750879371,17,PM-peak boarding,Aft Changi Nth St 1,Changi Nth Way,1.35182434688859,103.96979848322833
97311,197.00000000000003,0.09923857868020304,0.4591370558375633,19,PM-peak boarding,Zuellig Pharma,Changi Nth Way,1.35255805555221,103.97290111112585
97321,314.59999999999997,0.19167196439923714,0.12889383343928798,6,balanced,Aft Compass Green,Tanah Merah Besar Rd,1.36060285135304,103.97464120182451
97331,220.7,0.08337109198006343,0.4139102854553693,17,PM-peak boarding,Bef Changi Prison Cplx,Changi Nth Way,1.3556366037228,103.97509801681349
98011,865.3499999999999,0.22366672444675567,0.19541226093488184,7,balanced,Blk 149A,Loyang Ave,1.36221388889515,103.96291600002557
98019,1726.1000000000001,0.3178842477260877,0.1592897282892069,7,AM-peak boarding,Opp Blk 149A,Loyang Ave,1.3622609999684,103.96338699998489
98021,320.84999999999997,0.28549166277076515,0.14523920835281284,7,AM-peak boarding,Blk 275,Loyang Ave,1.36473730490409,103.96537675659532
98029,203.2,0.22908464566929135,0.187992125984252,7,balanced,Opp Blk 275,Loyang Ave,1.36438833297951,103.96545638898216
98041,157.29999999999995,0.5270184361093454,0.054672600127145594,7,AM-peak boarding,Opp Loyang Valley,Loyang Ave,1.368079,103.968974
98049,369.1499999999999,0.23405119869971563,0.16971420831640258,7,balanced,Loyang Valley,Loyang Ave,1.368333,103.969362
98061,214.70000000000005,0.5423847228691197,0.08709827666511409,7,AM-peak boarding,Opp Engine Test Facility,Loyang Ave,1.37652810391204,103.977166226331
98069,569.1,0.04647689334036197,0.5349674925320681,18,PM-peak boarding,Aft Engine Test Facility,Loyang Ave,1.3757102208247,103.976778734029
98071,32.8,0.08841463414634147,0.3094512195121952,20,PM-peak boarding,Loyang Way 4/Soxal,Loyang Ave,1.37965443818622,103.97838930249063
98079,218.6,0.03270814272644099,0.5269899359560842,18,PM-peak boarding,Opp Loyang Way 4/Soxal,Loyang Ave,1.37859016739254,103.97870069719525
98081,52.99999999999999,0.30094339622641514,0.09245283018867927,7,AM-peak boarding,Aft Jln Batalong,Old Tampines Rd,1.36189974501014,103.96453090144483
98089,30.049999999999997,0.21630615640599005,0.1813643926788686,7,balanced,Bef Jln Batalong,Old Tampines Rd,1.36163640696695,103.96414293864342
98091,545.5000000000001,0.2048579285059578,0.18698441796516954,7,balanced,Blk 156,Pasir Ris Dr 1,1.36432808773556,103.9631266198707
98099,1320.9,0.25637822696646223,0.14554470436823377,7,AM-peak boarding,Blk 269A,Pasir Ris Dr 1,1.36457166700645,103.96328361098551
98101,1197.7,0.08261668197378308,0.27907656341320863,18,PM-peak boarding,Loyang Pt,Pasir Ris Dr 3,1.36705781222851,103.96535083584567
98109,584.4999999999999,0.2505560307955518,0.1503849443969205,7,AM-peak boarding,Opp Loyang Pt,Pasir Ris Dr 3,1.366943,103.965843
98111,192.45,0.18394388152766952,0.1213302156404261,13,AM-peak boarding,Blk 256/Opp Loyang Pt,Pasir Ris Dr 2,1.367282,103.964295
98119,915.65,0.06885818817233659,0.26363785289138864,18,PM-peak boarding,Loyang Pt/Opp Blk 256,Pasir Ris Dr 2,1.3671897219745,103.96432861100051
98121,756.3,0.5615496496099431,0.06049186830622769,7,AM-peak boarding,Krislite Bldg,Loyang Way,1.37205479195352,103.97023200986916
98129,1420.1500000000003,0.056085624757948094,0.49487730169348293,17,PM-peak boarding,Opp Krislite Bldg,Loyang Way,1.372043,103.970477
98131,117.55,0.2973202892386219,0.1939600170140366,7,AM-peak boarding,Bef Loyang Way 1,Loyang Way,1.3741140347487,103.97225879434563
98139,1513.5,0.04086554344235216,0.5950115626032376,18,PM-peak boarding,Aft Loyang Way 1,Loyang Way,1.37394091672222,103.97236010514752
98141,66.2,0.030211480362537763,0.20543806646525678,16,PM-peak boarding,GE Aircraft Engines,Loyang Way,1.37600551742745,103.974121669607
98149,156.95,0.0532016565785282,0.5686524370818733,17,PM-peak boarding,Wacker Chemicals,Loyang Way,1.37583493620324,103.974255326806
98151,28.450000000000003,0.16871704745166957,0.49912126537785584,17,PM-peak boarding,Opp Loyang Way 4,Loyang Way,1.37772871219159,103.97590756415319
98161,145.29999999999998,0.03888506538196835,0.571920165175499,17,PM-peak boarding,Composite Tech,Loyang Way,1.37986849530321,103.9759182930092
98171,230.50000000000003,0.01301518438177874,0.47028199566160517,17,PM-peak boarding,Opp SIA Supplies Ctr,Loyang Way,1.38209408212027,103.97466838363384
98181,225.9,0.0635236830455954,0.552456839309429,17,PM-peak boarding,Opp Loyang Way 6,Loyang Way,1.38434111832012,103.97345066073454
98199,130.70000000000002,0.04820198928844682,0.6346595256312164,17,PM-peak boarding,Aft Loyang Way,Loyang Cres,1.38495784630142,103.97185206410448
98209,291.70000000000005,0.015598217346588962,0.5524511484401782,17,PM-peak boarding,Encompass Digital Media,Loyang Cres,1.38155828919575,103.97266651518974
98219,168.54999999999998,0.02580836547018689,0.7027588252743994,19,PM-peak boarding,Pratt & Whitney Canada,Loyang Cres,1.38022304984,103.97340977330899
98229,56.55,0.01945181255526083,0.6542882404951371,17,PM-peak boarding,Honey Well,Loyang Cres,1.37796803000431,103.97468689087003
98281,208.20000000000005,0.24423631123919304,0.17819404418828047,7,balanced,Estella Gdns,Flora Rd,1.3595735,103.966599
98289,722.8000000000002,0.3464305478693967,0.11365522966242389,8,AM-peak boarding,Opp Estella Gdns,Flora Rd,1.359593,103.966128
98291,1126.75,0.3338362547148879,0.15123141779454183,8,AM-peak boarding,Opp Palm Isles,Flora Dr,1.3569495,103.9652145
98299,324.15,0.19713095788986582,0.20916242480333183,6,balanced,Parc Olympia,Flora Dr,1.356011,103.965559
98301,72.44999999999999,0.4499654934437544,0.11387163561076606,7,AM-peak boarding,Avila Gdns,Flora Rd,1.3601325,103.9643955
98309,724.4,0.22522087244616232,0.14425731639977912,8,AM-peak boarding,Carissa Pk,Flora Rd,1.360039,103.964436
98311,239.45000000000002,0.23574859051994151,0.2223846314470662,7,balanced,Bef Mariam Wk,Mariam Way,1.359254,103.9685985
98319,756.4999999999999,0.2284203569068077,0.20092531394580307,8,balanced,Aft Ballota Pk,Flora Rd,1.359214,103.968401
99009,1250.75,0.05780531680991405,0.23957625424745152,13,PM-peak boarding,Changi Village Ter,Changi Village Rd,1.38969812175274,103.98762553601895
99011,4.85,0.26804123711340205,0.13402061855670103,8,AM-peak boarding,Bef Hendon Camp,Loyang Ave,1.38328110134472,103.97812168830427
99019,10.450000000000003,0.047846889952153096,0.2392344497607655,16,PM-peak boarding,Aft Hendon Camp,Loyang Ave,1.3837089764569,103.97844860768319
99021,45.00000000000001,0.3988888888888888,0.12888888888888886,8,AM-peak boarding,Bef Cranwell Rd,Loyang Ave,1.38667053181061,103.97916912424074
99029,463.44999999999993,0.02276405221706765,0.37749487539108867,17,PM-peak boarding,Aft Cranwell Rd,Loyang Ave,1.38664086819653,103.97959306203218
99031,40.400000000000006,0.30940594059405935,0.07549504950495048,6,AM-peak boarding,Opp Maranatha B-P Ch,Loyang Ave,1.387925,103.981799
99039,188.2,0.09962805526036132,0.38390010626992566,18,PM-peak boarding,St. George Chapel,Loyang Ave,1.38768581439487,103.98202131073424
99041,192.2,0.3563995837669095,0.07544224765868887,8,AM-peak boarding,Aft Changi Golf Course,Loyang Ave,1.387809,103.985447
99049,583.5000000000001,0.07609254498714653,0.3431876606683804,18,PM-peak boarding,Changi Golf Course,Loyang Ave,1.38749994542049,103.98573364026825
99071,16.049999999999997,0.009345794392523367,0.604361370716511,18,PM-peak boarding,Aft Old Pier Rd,Cranwell Rd,1.38768333301182,103.97832722200666
99079,34.35000000000001,0.05822416302765646,0.40029112081513823,17,PM-peak boarding,Opp Old Pier Rd,Cranwell Rd,1.38759303713073,103.9791471471214
99081,16.150000000000002,0.01857585139318885,0.1764705882352941,22,PM-peak boarding,Aft Cranwell Rd,Netheravon Rd,1.38939876912039,103.97862661282434
99089,13.15,0.07224334600760456,0.20152091254752855,12,PM-peak boarding,Bef Cranwell Rd,Netheravon Rd,1.38909485885165,103.97849220206042
99091,2.95,0.01694915254237288,0.3220338983050847,17,PM-peak boarding,Bef Turnhouse Rd,Netheravon Rd,1.39096634300286,103.97976929995467
99099,1.8,0.19444444444444442,0.4444444444444445,18,PM-peak boarding,Aft Turnhouse Rd,Netheravon Rd,1.39085926684364,103.97992778639245
99101,28.4,0.03345070422535211,0.30457746478873243,16,PM-peak boarding,Govt Chalets,Netheravon Rd,1.39138333298306,103.98170083301015
99109,46.85,0.08004268943436499,0.3372465314834578,17,PM-peak boarding,Opp Govt Chalets,Netheravon Rd,1.39120638899594,103.98181999999792
99111,17.0,0.12941176470588237,0.3382352941176471,19,PM-peak boarding,Changi Golf Club,Netheravon Rd,1.39175111102446,103.98415750002044
99119,36.35,0.13067400275103164,0.29573590096286106,15,PM-peak boarding,Opp Changi Golf Club,Netheravon Rd,1.39154974647967,103.98437037471184
99129,80.89999999999999,0.10444993819530285,0.26205191594561195,20,PM-peak boarding,Village Hotel Changi,Changi Village Rd,1.3900050122734,103.98675461297464
99131,812.2,0.09147993105146515,0.23374784535828616,13,PM-peak boarding,Blk 4,Changi Village Rd,1.38894186746545,103.98734296938127
99139,1.25,0.0,0.4,19,PM-peak boarding,Blk 5,Changi Village Rd,1.38819494717642,103.98723382929484
99161,5.45,0.2201834862385321,0.2018348623853211,7,balanced,Aft Changi Beach CP 3,Nicoll Dr,1.390303,103.992975
99171,21.050000000000008,0.08313539192399047,0.178147268408551,13,PM-peak boarding,Changi Beach CP 2,Nicoll Dr,1.391161,103.990992
99181,529.5,0.31218130311614734,0.09046270066100096,7,AM-peak boarding,Bef S'pore Aviation Ac,Telok Paku Rd,1.387793,103.988393
99189,82.85000000000002,0.031985515992757986,0.39649969824984904,18,PM-peak boarding,S'pore Aviation Ac,Telok Paku Rd,1.3884141666958,103.9897163888532
