stop,2026-02,2026-08,log_ratio,pct_change,network_shift,robust_z,vs_network,flag,Description,RoadName,Latitude,Longitude
02051,448.3888888888889,16.55,-3.242834685209913,-0.9609469650142168,0.024132291477376125,-57.01060240434123,-0.9618671969326866,drop,The Float @ Marina Bay,Raffles Ave,1.289503056,103.8590339
67301,139.83333333333334,942.5,1.902019206679486,5.699408284023669,0.024132291477376125,32.77816914602703,5.541545794205303,surge,Blk 305D,Sengkang East Ave,1.38888930138858,103.88694431255796
67291,103.83333333333333,555.05,1.6684864307924654,4.304133545310016,0.024132291477376125,28.70251967098576,4.179148816466342,surge,Renjong Stn Exit B,Sengkang East Ave,1.38717956363215,103.88971793853818
16031,152.11111111111111,564.75,1.3069884102762623,2.6950290275761977,0.024132291477376125,22.393601310600676,2.607960669071261,surge,Opp S'pore Science Pk II,Pasir Panjang Rd,1.28800629048399,103.77846479413628
43551,106.61111111111111,382.2,1.2700331405858742,2.56097057305111,0.024132291477376125,21.748652330991476,2.477061120604041,surge,Opp Blk 435A,Bt Batok West Ave 5,1.359789,103.740915
27439,1437.5,501.65,-1.0514620801401735,-0.6505735140771638,0.024132291477376125,-18.76643486276626,-0.6588072763346167,drop,Blk 861,Jurong West Ave 5,1.349546,103.697197
67471,496.72222222222223,1465.2,1.080387164088072,1.9458198459649498,0.024132291477376125,18.438921944662802,1.876405587910344,surge,Layar Stn Exit B,Sengkang West Ave,1.39218567915754,103.88018144124133
16039,534.9444444444445,1303.45,0.8895062677061913,1.4339276459002788,0.024132291477376125,15.107639548950672,1.3765754347899555,surge,S'pore Science Pk II,Pasir Panjang Rd,1.28799020188116,103.77872029260048
27349,1356.2777777777778,634.3,-0.7591390105241462,-0.531930743727232,0.024132291477376125,-13.664768252168543,-0.5429601623072071,drop,Blk 745,Jurong West St 72,1.34680805601666,103.69781805598312
80199,720.7222222222223,371.15,-0.6623433322936485,-0.48435840197059515,0.024132291477376125,-11.97547537382222,-0.4965087984038087,drop,Stadium Stn,Stadium Cres,1.30155838525089,103.87513532479657
22449,421.22222222222223,813.35,0.6568584806413122,0.9287236842105266,0.024132291477376125,11.04743503325046,0.8832759207584597,surge,Blk 685B,Jurong West St 64,1.343058,103.703812
67799,341.6111111111111,634.0,0.6170289817973638,0.8534133290092432,0.024132291477376125,10.352324569899361,0.8097401521590304,surge,Blk 415A,Buangkok Dr,1.388615,103.8798
67481,1121.888888888889,2076.3,0.6151642440250038,0.8499604195527397,0.024132291477376125,10.319780883069358,0.8063686058410031,surge,Fernvale Stn/Blk 439A,Sengkang West Ave,1.3914815,103.877678
74961,282.94444444444446,520.05,0.6070674055663217,0.8350420661318725,0.024132291477376125,10.178473628495436,0.7918017832293007,surge,Blk 966,Tampines St 96,1.338423,103.939921
27399,754.7777777777778,1333.85,0.5688268167400592,0.7661937665392526,0.024132291477376125,9.511093064105511,0.7245758006432992,surge,Bet Blks 859/860,Jurong West St 82,1.3486765,103.696401
81189,1767.5,1054.2,-0.5164014072424301,-0.4033361605880688,0.024132291477376125,-9.428474731354509,-0.4173957364910293,drop,Dakota Stn Exit B/Blk 60,Old Airport Rd,1.308338,103.888514
75409,476.77777777777777,287.2,-0.5054910407800133,-0.39679069767441894,0.024132291477376125,-9.238065358725077,-0.4110045085528812,drop,The Santorini,Tampines Ave 10,1.35220889,103.92732
16109,232.22222222222223,401.15000000000003,0.5448334108656638,0.7243211052882315,0.024132291477376125,9.09235650053321,0.6836898119878521,surge,The Alpha,Science Pk Rd,1.28911169277414,103.77950843257454
58369,571.0,350.25,-0.48764077073184264,-0.3859265734265736,0.024132291477376125,-8.926539734645795,-0.40039638269037847,drop,Bef Acacia Hme,Admiralty St,1.46077451756536,103.81206144667213
65801,284.3333333333333,473.9,0.5094461680814444,0.6643691588785057,0.024132291477376125,8.474772964651137,0.6251505520615379,surge,Blk 309D,Anchorvale Rd,1.3904399999914,103.88569800003212
50241,191.72222222222223,318.2,0.5045679765020692,0.6562698183914681,0.024132291477376125,8.389638024280927,0.6172420615721366,surge,Opp S'pore Khalsa Assn,Balestier Rd,1.31724802771626,103.8572754498738
47069,733.9444444444445,1208.8500000000001,0.4984567533978863,0.6461788494973169,0.024132291477376125,8.282984030460064,0.6073888727037391,surge,Nth Tech,Admiralty Rd West,1.45593908069502,103.79877069336828
47061,196.38888888888889,319.84999999999997,0.4857978860716621,0.6254714325921757,0.024132291477376125,8.062059555183401,0.5871693980543564,surge,Aft Attap Valley Rd,Admiralty Rd West,1.45605441023441,103.79808423496016
27469,999.0,648.75,-0.4311676054605371,-0.35024999999999984,0.024132291477376125,-7.940961476871541,-0.36556047943504016,drop,Blk 276B,Jurong West Ave 3,1.352945333,103.7048917
67789,232.83333333333334,375.15,0.47537938913182476,0.6086243763364221,0.024132291477376125,7.880234364169915,0.5707193198799336,surge,Blk 409A,Buangkok Dr,1.388633,103.877235
27461,572.5555555555555,913.75,0.46679600095697626,0.5948760170476557,0.024132291477376125,7.7304357700495725,0.557294922071977,surge,Opp Blk 276B,Jurong West Ave 3,1.353225,103.705048
28211,532.8888888888889,849.95,0.4661656283725124,0.5938709677419356,0.024132291477376125,7.7194344119610045,0.5563135553930001,surge,Bef Jurong East Stn,Jurong Gateway Rd,1.33418677275445,103.74070680700304
46319,208.5,332.7,0.46551864639513596,0.5928400954653938,0.024132291477376125,7.708143184224598,0.5553069742265626,surge,Opp Blk 18,Marsiling Rd,1.44229032785462,103.7802984405171
64389,2022.8333333333333,1344.15,-0.40848787184461255,-0.335345466523923,0.024132291477376125,-7.545151321081944,-0.35100715111983194,drop,Blk 522,Hougang Ave 10,1.37313809346006,103.89156818388481
75541,394.94444444444446,615.5,0.44278441299869264,0.5570366212992839,0.024132291477376125,7.311381889987657,0.5203471604758789,surge,Opp Blk 648A,Tampines St 62,1.368309,103.941523
96439,323.72222222222223,503.85,0.4412912394403259,0.5547134302822925,0.024132291477376125,7.285322798255509,0.5180787123111987,surge,Changi Naval Base,Tanah Merah Coast Rd,1.317708,104.015614
75069,733.0555555555555,1136.1499999999999,0.4376956966523702,0.5491334291985162,0.024132291477376125,7.222572839409007,0.5126301964014752,surge,Blk 970A,Bedok Reservoir Rd,1.341667,103.937323
66701,242.77777777777777,375.8,0.43545747920325173,0.5456700091157702,0.024132291477376125,7.183511128534037,0.5092483871258884,surge,Goldenhill Pk Condo,Lor Chuan,1.352218,103.862853
51051,335.44444444444446,234.9,-0.355025050807491,-0.29884412153236484,0.024132291477376125,-6.612110048110548,-0.3153659109252642,drop,Aft Andrew Rd,Thomson Rd,1.33635352726982,103.83707802024655
14121,2380.5555555555557,1683.7,-0.34616636254456434,-0.29260520668097395,0.024132291477376125,-6.457506875038951,-0.3092740076591434,drop,Opp HarbourFront Int,Telok Blangah Rd,1.26591350024271,103.81925660621779
45271,344.6666666666667,245.0,-0.34014338362905505,-0.2883317261330763,0.024132291477376125,-6.35239293220184,-0.3051012258970013,drop,Blk 560,Choa Chu Kang St 52,1.39569595459867,103.74526443744904
44899,616.6666666666667,440.75,-0.33520482641744476,-0.2848084187803565,0.024132291477376125,-6.266204481649194,-0.3016609405139115,drop,Opp APSN,Choa Chu Kang Gr,1.37432287109092,103.74949989571633
77171,431.6666666666667,308.5,-0.33500951647127497,-0.28466872110939917,0.024132291477376125,-6.262795902803875,-0.3015245346295156,drop,Aft Pasir Ris Stn Exit A,Pasir Ris Ctrl,1.37276133738912,103.95064755544978
18309,309.6666666666667,454.45,0.3825654151733371,0.46604077253218845,0.024132291477376125,6.260430793542174,0.43149550573913764,surge,Blk S17,Lower Kent Ridge Rd,1.29752011664987,103.78134198615086
15221,673.0,983.55,0.3789545730788717,0.46075667655786295,0.024132291477376125,6.19741382887472,0.4263359223354127,surge,Aft Sth Buona Vista Rd,Pasir Panjang Rd,1.27949923466491,103.78548955401584
17139,689.5555555555555,1002.9,0.37415126708888913,0.45375703942075674,0.024132291477376125,6.113585803184631,0.41950122217474417,surge,Aft Clementi Ave 2,AYE,1.307653,103.76674
58581,376.94444444444446,547.7,0.3728046316160336,0.45180067617227687,0.024132291477376125,6.090084116377848,0.4175909579786435,surge,Bef Gambas Cres,Bef Gambas Cres,1.443876,103.813122
03509,694.1666666666666,501.59999999999997,-0.3243569998593987,-0.2770079117717576,0.024132291477376125,-6.076886564929752,-0.29404424189644457,drop,Bayfront Stn Exit B/MBS,Bayfront Ave,1.28314999997332,103.86004388891767
51031,304.6666666666667,220.0,-0.32433248207060306,-0.27699018538713244,0.024132291477376125,-6.0764586767557915,-0.2940269332100839,drop,S'pore Polo Club,Thomson Rd,1.33162906440184,103.83859992029566
67221,411.61111111111114,297.8,-0.32273107651446953,-0.27583142587855125,0.024132291477376125,-6.048510703759739,-0.2928954783011583,drop,Rumbia Stn Exit B/Blk 153,Rivervale Dr,1.391389,103.9062225
25719,273.44444444444446,389.45,0.3525510678228807,0.4226923076923079,0.024132291477376125,5.7366158448354705,0.3891684888091787,surge,The Index,Tuas Sth Ave 5,1.289014,103.624893
67321,307.8333333333333,436.8,0.3489604280314573,0.417593092282784,0.024132291477376125,5.673951453829145,0.384189429509947,surge,Blk 311A,Sengkang East Ave,1.39056792623455,103.88425489183726
67279,693.5,978.95,0.3443093877604708,0.4110151187904971,0.024132291477376125,5.592780792593942,0.37776645706095036,surge,Blk 301D,Sengkang East Rd,1.3882215,103.891787
63351,332.6666666666667,466.35,0.33693595098148155,0.4006493506493507,0.024132291477376125,5.464098454008303,0.36764494421792393,surge,Opp Hougang Swim Cplx,Hougang Ave 10,1.36922638899711,103.88786388897049
27241,361.11111111111114,505.85,0.33626400032706627,0.39970849953973575,0.024132291477376125,5.452371469127833,0.36672626299144134,surge,SPMS,Nanyang Dr,1.33998726585628,103.68089382456998
16159,297.1666666666667,413.45,0.3292997257568713,0.3899944102850758,0.024132291477376125,5.330829891555912,0.35724107310386644,surge,Coll of Design & Engrg,Clementi Rd,1.30060333385651,103.77017032679849
75061,1255.7222222222222,1745.0,0.3288205369378767,0.38932850006631015,0.024132291477376125,5.322467015504947,0.35659085415822134,surge,Blk 954D,Bedok Reservoir Rd,1.342039,103.937243
16061,865.2222222222222,1198.45,0.3254769140846987,0.3846908671113386,0.024132291477376125,5.26411360162319,0.3520625007476658,surge,Opp Heng Mui Keng Terr,Pasir Panjang Rd,1.29046257201356,103.77356171611027
17099,483.6666666666667,669.5,0.3245623332963783,0.3834250343878956,0.024132291477376125,5.24815219879379,0.3508264956592832,surge,UTown - Cendana,Clementi Rd,1.3078304704809,103.77165274445558
18331,466.5555555555556,640.85,0.31683645444960895,0.37277804182509483,0.024132291477376125,5.113318987710386,0.34043038506751405,surge,Kent Ridge Stn Exit A/NUH,Lower Kent Ridge Rd,1.29485266612069,103.78437805999793
07551,787.8333333333334,603.0,-0.2669808627433783,-0.23431227551236022,0.024132291477376125,-5.075549505373132,-0.252354670524951,drop,Fu Lu Shou Cplx,Rochor Rd,1.30171975809706,103.8546132267025
27219,1017.4444444444443,1392.3,0.3133986253866956,0.36806676849225334,0.024132291477376125,5.053321472747763,0.33583012651493477,surge,NIE Blk 2,Nanyang Dr,1.34793269501118,103.68025240016884
46409,291.22222222222223,398.2,0.31194799660171846,0.3660836501901146,0.024132291477376125,5.028004878862748,0.33389373771180664,surge,Blk 701A CP,Woodlands Ave 4,1.440652,103.795673
41009,1015.1111111111111,1383.55,0.30939247259079217,0.36259704756697686,0.024132291477376125,4.983405485676817,0.33048929216101935,surge,Tengah Int,Tengah Blvd,1.3627,103.735967
67769,530.7777777777777,723.35,0.3090490098555616,0.36212912661930663,0.024132291477376125,4.977411321854537,0.3300323971372376,surge,Blk 326D,Anchorvale Rd,1.39607378603056,103.88766378607079
43781,1049.111111111111,1423.75,0.30510038105627224,0.3567611892921384,0.024132291477376125,4.908499252309566,0.324790947988686,surge,Opp Blk 437A,Bt Batok Rd,1.3591085,103.738945
16199,328.0,445.05,0.30437330259442064,0.355775075987842,0.024132291477376125,4.895810168560598,0.32382807110988565,surge,Aft Architecture Dr,Kent Ridge Cres,1.29639303583424,103.77072917887465
94009,320.72222222222223,433.95,0.3015425726239238,0.35194266965981585,0.024132291477376125,4.8464078391684255,0.32008597025053503,surge,Upp East Coast Ter,Upp East Coast Rd,1.31795981372922,103.95256713632443
93011,506.0555555555556,393.05,-0.2521427698210541,-0.22286622110222418,0.024132291477376125,-4.8165928540003895,-0.2411783268968985,,Opp Neptune Ct,Marine Parade Rd,1.30822971200422,103.92151900444857
16141,413.55555555555554,558.45,0.2997471623687913,0.34951755561511605,0.024132291477376125,4.815074066698926,0.3177180007363608,surge,Tentera Diraja Mque,Clementi Rd,1.29786833526113,103.76959523650599
53339,356.33333333333337,479.75,0.2966783315062518,0.3453824626865675,0.024132291477376125,4.7615163643747325,0.3136803456765996,surge,Opp Bright Hill Tp,Sin Ming Ave,1.36312998205072,103.8367836110905
22599,2487.6666666666665,1940.1000000000001,-0.2484922691293736,-0.22002410929547267,0.024132291477376125,-4.752883761470769,-0.23840318560860688,,Blk 678D,Jurong West St 64,1.3443608,103.7034508
40501,365.6111111111111,491.95,0.29610610553379413,0.34461282012426225,0.024132291477376125,4.751529789790529,0.3129288386997079,surge,Blk 131D,Tengah Gdn Ave,1.354773,103.731884
64339,449.6111111111111,604.0,0.2946237718566618,0.3426211317963265,0.024132291477376125,4.725659877312105,0.3109840818118427,surge,Blk 602,Hougang Ave 4,1.37136834322266,103.88702988625133
18041,431.1111111111111,577.95,0.2925333612387542,0.33981743378760615,0.024132291477376125,4.689177713705154,0.30824644915241767,surge,Normanton Pk,AYE,1.28836025261771,103.7931740283919
80229,427.3888888888889,335.95,-0.2400968505445702,-0.2134483205809884,0.024132291477376125,-4.606365641185763,-0.2319823464560807,,Blk 45,Sims Dr,1.3172897212662,103.87810554835914
60181,250.88888888888889,333.90000000000003,0.28484390662884884,0.32955447728275195,0.024132291477376125,4.554980183935817,0.29822532532861046,surge,Aft Moonstone Lane,S'goon Rd,1.32714561804071,103.86738538742665
81181,2094.4444444444443,2783.3,0.2842308190933114,0.32873959382788104,0.024132291477376125,4.5442804871464615,0.2974296434995614,surge,Dakota Stn Exit A/Blk 99,Old Airport Rd,1.30845544825732,103.88847214403829
27379,2049.8888888888887,1618.0,-0.2364646288116674,-0.21058619568750667,0.024132291477376125,-4.542975555821041,-0.2291876636623638,,Blk 755,Jurong West St 75,1.348016,103.7009747
67339,288.3333333333333,381.8,0.27993323358655875,0.32304147465437794,0.024132291477376125,4.46927837214135,0.29186579279304464,surge,Opp Blk 200B,Sengkang East Ave,1.38648038153055,103.89269086108794
42259,339.66666666666663,449.55,0.27956457658550615,0.3225538160469666,0.024132291477376125,4.4628445141652975,0.2913896252007623,surge,Aft Upp Bt Timah Rd,Jln Jurong Kechil,1.34106160633217,103.7770788000345
66349,804.9444444444445,638.85,-0.23078103875913225,-0.20608671675742724,0.024132291477376125,-4.44378467896883,-0.22479420886406945,,Opp Daikin S'pore,Ang Mo Kio Ave 3,1.37082760014108,103.86541771672718
92181,267.94444444444446,352.85,0.27436826247826396,0.31569923569510416,0.024132291477376125,4.372157651120528,0.2846965637585005,surge,i12 Katong,Joo Chiat Rd,1.30528972611328,103.90534997934479
16179,685.0555555555555,901.1,0.27376676944093514,0.31490808972386397,0.024132291477376125,4.361660303274947,0.2839240600714047,surge,Opp Yusof Ishak Hse,Kent Ridge Cres,1.29898164227099,103.7741773272528
64439,301.77777777777777,240.7,-0.2253018420516879,-0.20172477064220193,0.024132291477376125,-4.348160905819544,-0.22053504610597216,,Blk 537,Hougang St 51,1.3779797322129,103.88952155230182
62149,1081.888888888889,863.85,-0.22483156457729958,-0.20134927149599827,0.024132291477376125,-4.339953551908152,-0.22016839508898098,,Forest Woods,Upp S'goon Rd,1.35169173270668,103.87595332312252
16091,1162.611111111111,1525.3,0.271318309436106,0.3116925280496542,0.024132291477376125,4.3189294073849025,0.280784268756387,surge,NUS Sports Ctr,AYE,1.299478,103.779229
65449,442.22222222222223,580.15,0.2709376245205295,0.31119328152419123,0.024132291477376125,4.312285636417712,0.28029678629965993,surge,Blk 315B,Sumang Walk,1.40804081420589,103.89593121183572
44891,413.33333333333337,330.55,-0.22289217502772463,-0.19979887369267887,0.024132291477376125,-4.306107030923664,-0.2186545303117237,,APSN,Choa Chu Kang Gr,1.37409009466488,103.74930160167106
77199,655.7222222222222,858.8,0.26943867220796935,0.3092293376194913,0.024132291477376125,4.286125692989672,0.27837912007524396,surge,Opp Blk 500A,Pasir Ris Dr 3,1.376671,103.94637
64449,443.0,354.75,-0.22159632546226327,-0.19876126126126148,0.024132291477376125,-4.283491667486371,-0.21764136781303853,,Opp Hougang G. Shop Mall,Hougang St 51,1.37973333296925,103.88860666697411
67631,527.6666666666666,690.45,0.26843272838398313,0.3079129886506927,0.024132291477376125,4.268569808585104,0.27709378908846327,surge,Blk 441D,Fernvale Rd,1.392329,103.87567
05649,726.3888888888889,583.7,-0.21836236214996418,-0.19616589017032035,0.024132291477376125,-4.227052048567735,-0.21510715312950665,,Aft Cantonment Rd,Keppel Rd,1.2723842122117,103.84093912218094
64429,629.1666666666666,506.5,-0.21648762374693575,-0.19465749801639803,0.024132291477376125,-4.194333829212355,-0.21363430419536517,,Blk 412,Hougang Ave 10,1.37481689904602,103.8952195672541
62249,274.38888888888886,357.15000000000003,0.2627676529360521,0.3005245107928196,0.024132291477376125,4.169702051424544,0.2698794107123896,surge,Opp SBST Hougang Depot,Hougang Ave 3,1.34421563693504,103.89102556910234
27311,238.22222222222223,308.65,0.25804970735592647,0.294403158383651,0.024132291477376125,4.087363748572294,0.2639022996886387,surge,Hall 2,Lien Ying Chow Dr,1.34902211051484,103.68539285058924
80141,817.1666666666666,662.0,-0.2102910746441351,-0.18965166021593005,0.024132291477376125,-4.086190713103827,-0.20874642218820105,,Opp S.A. Deaf,Mountbatten Rd,1.30711835522323,103.87989373246151
74051,310.38888888888886,251.35,-0.2102255648238236,-0.18959857270294328,0.024132291477376125,-4.085047425769753,-0.20869458561061388,,Tampines Dormitory,Tampines Rd,1.366363,103.929336
16069,1059.0555555555557,1370.45,0.2575472566443686,0.2937529479587028,0.024132291477376125,4.078594902439169,0.26326741059241643,surge,Heng Mui Keng Terr,Pasir Panjang Rd,1.290648611,103.7736967
14129,3584.6666666666665,2907.0499999999997,-0.20946166331057015,-0.18897926931300593,0.024132291477376125,-4.07171570053483,-0.2080898752669492,,HarbourFront Stn Exit A,Telok Blangah Rd,1.26607869101924,103.81977877391114
19059,344.6111111111111,445.5,0.2561252136976986,0.29191448320205743,0.024132291477376125,4.053777192946066,0.2614722667697436,surge,UTown - RC4,Dover Rd,1.30894500001531,103.7727225000061
62131,4460.777777777777,3622.95,-0.2079827003169985,-0.18777891224225532,0.024132291477376125,-4.045904613737867,-0.20691780298611226,,S'Goon Stn Exit B,Upp S'goon Rd,1.3489790064228,103.87277432797597
47621,518.7222222222222,668.55,0.2533113641295497,0.2882843399251735,0.024132291477376125,4.004669462899559,0.25792766290646024,surge,Aft Gambas Ave,Woodlands Ave 7,1.44689218119453,103.80982770058664
18289,686.5555555555555,882.95,0.25125786559529484,0.2856415643180351,0.024132291477376125,3.968831494582929,0.25534716073000213,surge,Opp R'ford/Normanton Pk,Science Pk Dr,1.28738105702672,103.7912059790003
77079,348.55555555555554,284.65,-0.20189522111153213,-0.18281945327399865,0.024132291477376125,-3.939665002043761,-0.20207520695674352,,Elias Mall,Elias Rd,1.37728664750339,103.94145255170352
66021,377.1666666666667,308.4,-0.20070007741282136,-0.18184222124283855,0.024132291477376125,-3.9188071726887674,-0.20112100207589717,,New Tech Pk,Lor Chuan,1.350294,103.8611675
96111,3279.4444444444443,2683.45,-0.20050304930691,-0.18168100528383738,0.024132291477376125,-3.915368608258674,-0.20096358495279426,,Opp ITE Coll East Adm Blk,Simei Ave,1.33365307929022,103.95337833802823
77179,940.1666666666666,770.45,-0.19884837955574675,-0.18032583672746588,0.024132291477376125,-3.8864910604408993,-0.19964034910948675,,Opp Pasir Ris Stn Exit A,Pasir Ris Ctrl,1.37254332490473,103.95081255052568
27071,247.38888888888889,316.65,0.2459545293747265,0.27884142250055943,0.024132291477376125,3.876276865361276,0.24870725505173663,,Nanyang Cres Halls,Nanyang Cres,1.35507533539502,103.68452767084537
21491,300.27777777777777,384.15000000000003,0.24560017985407878,0.2783883459339848,0.024132291477376125,3.8700927037063497,0.2482648546212991,,Bef Intl Rd,Quality Rd,1.3268635454851,103.71082676692178
16169,771.9444444444445,987.1,0.24557673125520463,0.2783583698699053,0.024132291477376125,3.8696834751972937,0.24823558490260264,,NUS Raffles Hall,Kent Ridge Cres,1.30098333297992,103.77270416701658
30031,1163.5,955.65,-0.1966094909933842,-0.17848862172606292,0.024132291477376125,-3.8474176371956617,-0.19784642559326537,,Opp Army Logistics Base,Old Choa Chu Kang Rd,1.37461935383489,103.71983865916742
40421,736.8888888888889,938.5,0.24155456264902586,0.2732269236560761,0.024132291477376125,3.7994879777728525,0.24322505427435073,,Blk 220A,Tengah Garden Walk,1.35938,103.729694
63009,3651.277777777778,4648.65,0.24144092628600156,0.27308224699958744,0.024132291477376125,3.7975047787056275,0.24308378672747938,,Buangkok Int,Sengkang Ctrl,1.383707,103.892257
13091,1047.111111111111,1332.4,0.24074246887032658,0.2721933637231007,0.024132291477376125,3.7853151938016585,0.24221584878246605,,Aft Kim Yam Rd,River Valley Rd,1.295871,103.839349
22191,356.22222222222223,453.40000000000003,0.24061980807144145,0.27203732503888056,0.024132291477376125,3.783174498909109,0.24206348693867044,,Soon Lee Depot,Soon Lee Rd,1.33130584013018,103.69832754842358
70371,1168.111111111111,1484.7,0.2396423156887746,0.2707945257555604,0.024132291477376125,3.76611515337981,0.24084997253856558,,MacPherson Stn Exit A,Circuit Link,1.32623288866609,103.88932330108935
27261,682.8333333333334,563.5,-0.19177383962441485,-0.17450645868876472,0.024132291477376125,-3.7630251150386984,-0.19395809683882906,,Hall 4,Nanyang Dr,1.343777,103.686919
67181,564.7222222222222,466.8,-0.19006233012542229,-0.1730924089168223,0.024132291477376125,-3.7331555913086683,-0.19257736723611094,,Blk 240,Compassvale Rd,1.39101786005668,103.89778017996501
47619,2457.0,3115.3,0.23729838950886162,0.26781936533767337,0.024132291477376125,3.7252085976793827,0.23794491774960347,,Blk 688 CP,Woodlands Ave 7,1.44430697551185,103.80713784459924
67461,587.7222222222223,486.6,-0.18845906567155524,-0.17176559403604824,0.024132291477376125,-3.70517517654703,-0.19128181695240679,,Aft Sengkang East Ave,Sengkang East Rd,1.38575273465234,103.89121528705635
67719,238.55555555555554,302.1,0.23527742937108886,0.26525974025974,0.024132291477376125,3.689938494400271,0.23544560677265838,,Opp Sengkang Fire Stn,Buangkok Dr,1.37972132476485,103.89527238603087
54529,322.8333333333333,408.25,0.23409723610185917,0.2637673700463201,0.024132291477376125,3.669341582211336,0.23398840224367412,,Opp Blk 5043,Ang Mo Kio Ind Pk 2,1.3733597291276,103.86303621815655
28049,758.0555555555555,958.0,0.23381610444111534,0.26341213496303917,0.024132291477376125,3.6644352297681895,0.23364153779438654,,Opp The Synergy,Boon Lay Way,1.33069921313648,103.7481034124348
80279,784.9444444444445,990.35,0.2321815420218023,0.26134869583657366,0.024132291477376125,3.635908598159878,0.23162672081845767,,Mountbatten Stn Exit B,Mountbatten Rd,1.30514903438296,103.88342000727887
46619,313.61111111111114,260.65,-0.18432957539942318,-0.16833833657072197,0.024132291477376125,-3.6331066851077587,-0.18793531817109974,,Opp W'lands Ring Sec Sch,Woodlands Ave 1,1.42907407993851,103.77775112537243
28021,243.5,307.15,0.23137136849332496,0.26032719836400753,0.024132291477376125,3.6217693266872155,0.23062929355142706,,Opp 8 @Tradehub 21,Boon Lay Way,1.32615808379173,103.75545022241596
43111,287.05555555555554,361.5,0.2298711115272667,0.2584378013500485,0.024132291477376125,3.5955866142481683,0.22878441762115687,,Min of Defence,Upp Bt Timah Rd,1.37229972154626,103.76298146518725
47629,243.44444444444446,306.5,0.2294870252363843,0.25795454545454494,0.024132291477376125,3.58888348196252,0.22831254899683448,,Seagate,Woodlands Ave 7,1.44667808186871,103.80985736845511
44321,767.1666666666666,640.85,-0.17965209196151832,-0.16443914081145636,0.024132291477376125,-3.551474533707161,-0.1841280016830698,,Opp Bangkit Stn,Bt Panjang Ring Rd,1.379874,103.772318
43779,631.8888888888889,792.9,0.22666263297547573,0.2544066011235959,0.024132291477376125,3.5395917592406883,0.224848207172566,,Blk 433C,Bt Batok Rd,1.361511,103.741404
72171,340.27777777777777,426.85,0.22607592359630146,0.25367084486407343,0.024132291477376125,3.529352418042645,0.22412978801359074,,Opp HomeTeamNS,Bedok Nth Rd,1.342458,103.918549
46359,767.5555555555555,960.75,0.22424169036803931,0.25137342778661287,0.024132291477376125,3.4973411011494373,0.2218865064604368,,Aft Blk 336,Woodlands Ave 1,1.430947,103.783354
70289,1552.5,1942.8,0.2241343702362686,0.25123913743160664,0.024132291477376125,3.4954681339093945,0.22175538047590942,,Aft Tai Seng Stn Exit C,Upp Paya Lebar Rd,1.335054333,103.8885833
40409,753.2222222222222,942.1999999999999,0.22359130020526408,0.2505598114319393,0.024132291477376125,3.4859903932437972,0.2210920618740837,,Blk 132B,Tengah Blvd,1.357394,103.731808
15191,1057.1666666666667,1321.75,0.22317505184184583,0.2500393762797286,0.024132291477376125,3.478725963583298,0.2205838900719234,,Pasir Panjang Stn/FC,Pasir Panjang Rd,1.27581227029734,103.79263571257981
64397,259.1666666666667,324.05,0.22265656536310097,0.2493914157591291,0.024132291477376125,3.4696772588056235,0.21995119786409853,,Blk 513,Hougang Ave 10,1.371948,103.890003
98129,1689.3333333333333,1420.15,-0.17345934513565187,-0.1592486689015975,0.024132291477376125,-3.4433977755131995,-0.179059836219435,,Opp Krislite Bldg,Loyang Way,1.372043,103.970477
82033,605.3888888888889,508.95,-0.17320882939135274,-0.15903802107191964,0.024132291477376125,-3.439025736693962,-0.17885415202079108,,Blk 414,Sims Ave,1.31798449318919,103.898237229405
62161,405.77777777777777,506.15,0.22053978203798774,0.24674952198852756,0.024132291477376125,3.432734834706886,0.21737155674489267,,St. Gabriel's Sec Sch,S'goon Ave 1,1.34750333302055,103.87601972203167
57111,1127.388888888889,948.35,-0.17276859240589637,-0.15866771700063956,0.024132291477376125,-3.431342653958128,-0.1784925736638135,,Opp Blk 101,Sembawang Rd,1.43123622644607,103.82654938929034
17051,749.7222222222223,932.4,0.21779812737379345,0.24333604676977674,0.024132291477376125,3.3848870610895596,0.21403851545017222,,Opp Regent Pk,Clementi Ave 6,1.31726409983754,103.76240145648879
70259,1574.4444444444443,1328.45,-0.1697720965488223,-0.15614288736864412,0.024132291477376125,-3.3790473531359617,-0.1760272382252119,,MacPherson Stn Exit B,Paya Lebar Rd,1.32498730068675,103.89080428753108
66461,375.0,466.25,0.21727530294577768,0.24268617021276595,0.024132291477376125,3.375762649762337,0.21340395235474113,,Ang Mo Kio Linear Pk,Ang Mo Kio Ave 5,1.37889000002038,103.87128027800178
14189,406.8333333333333,343.65,-0.168329184882956,-0.15492439722108717,0.024132291477376125,-3.3538654395857885,-0.1748374601489839,,Aft Alexandra Rd,Telok Blangah Rd,1.27269303340787,103.80398363214624
28439,501.77777777777777,622.95,0.21592195815605653,0.24100552486187884,0.024132291477376125,3.352143870938566,0.21176290913710888,,Blk 124,Jurong East Ctrl,1.33451434015094,103.7385749816785
92169,416.22222222222223,515.65,0.21374667579834838,0.23830892143808277,0.024132291477376125,3.3141805128378223,0.2091298475236468,,Bef Katong PO,Tg Katong Rd,1.303782,103.8967661
47499,343.05555555555554,424.84999999999997,0.21328402854519357,0.23773615372194404,0.024132291477376125,3.3061063227063183,0.20857057630360498,,Opp Twin Fountains,Woodlands Ave 6,1.430873,103.80047
13099,975.5555555555555,1204.55,0.21065953209841126,0.23449197860962562,0.024132291477376125,3.26030321209391,0.20540284578742482,,Bef Kim Yam Rd,River Valley Rd,1.29578024244395,103.83961272081199
17029,543.6666666666666,670.95,0.21000994624123503,0.2336903304773566,0.024132291477376125,3.248966541051746,0.2046200874085121,,Opp Waseda S Snr High Sch,West Coast Rd,1.29694570097768,103.76710295331488
43453,336.44444444444446,414.3,0.20760026292717804,0.23072110635495502,0.024132291477376125,3.206912381858677,0.20172082903426602,,Bef PIE,Bt Batok Rd,1.3479,103.7385
81169,874.2777777777778,746.85,-0.15733887318987527,-0.14558552840368186,0.024132291477376125,-3.162060850648284,-0.1657186491368505,,Opp Blk 56,Guillemard Rd,1.31078371924435,103.88313174959588
92171,464.72222222222223,570.5,0.20467511649317238,0.22712632709054004,0.024132291477376125,3.155862282004849,0.19821075587835635,,Marshall Lane,Joo Chiat Rd,1.30837865741776,103.90304313394574
85109,316.5,388.55,0.20451440844412083,0.2269291338582677,0.024132291477376125,3.1530575807235666,0.19801820923773844,,Bef Bedok Rd,Upp Changi Rd East,1.32945523179761,103.95134864429271
59779,331.05555555555554,406.35,0.20437047582856138,0.22675255144721443,0.024132291477376125,3.150545646855534,0.19784578775223038,,Opp Blks 469A/469B,Yishun Ave 1,1.424119,103.852562
05013,4763.611111111111,4073.25,-0.1565292394838167,-0.1448934855357205,0.024132291477376125,-3.147931000238465,-0.1650429133225222,,Chinatown Stn Exit C,Eu Tong Sen St,1.28406979945936,103.84299874303983
32089,319.05555555555554,391.4,0.20378713585498964,0.22603714632876246,0.024132291477376125,3.14036510903583,0.19714724018722785,,Aft Sg Gedong Camp,Lim Chu Kang Rd,1.41681891211204,103.7010851003633
24711,291.44444444444446,357.40000000000003,0.20337496599178717,0.22553191489361726,0.024132291477376125,3.133171857980562,0.19665391384711575,,Tuas West Rd Stn Exit B,Pioneer Rd,1.329871,103.639994
16131,500.55555555555554,613.65,0.20333862007208836,0.22548737261852012,0.024132291477376125,3.1325375434695575,0.1966104211504516,,Opp Kent Ridge Ter,Clementi Rd,1.29487639088562,103.76935201010454
59529,376.3888888888889,461.1,0.20250512658108377,0.2244663624319156,0.024132291477376125,3.117991288468904,0.19561346968714832,,Opp Yishun Emerald,Yishun Ave 2,1.44035052900307,103.8318142995419
59139,1478.1666666666667,1266.35,-0.15455075984859779,-0.14319999999999977,0.024132291477376125,-3.113402273142099,-0.16338933248163517,,Aft Chong Pang CC,Yishun Ring Rd,1.43140749331253,103.82955664267413
06031,290.77777777777777,356.1,0.20202337707388018,0.22387661843107334,0.024132291477376125,3.1095837228983836,0.19503762220557783,,The Landmark Condo,Chin Swee Rd,1.28607055552165,103.83879166662209
75419,588.5,720.4,0.20191904849201237,0.22374893977947333,0.024132291477376125,3.107762964641619,0.19491295212861362,,The Alps Residences Condo,Tampines Ave 10,1.35557389,103.92911
04331,605.9444444444445,519.55,-0.15355131714686454,-0.14234324942791782,0.024132291477376125,-3.0959598473105165,-0.16255277007733282,,Bef Fort Canning Stn,River Valley Rd,1.29183939431601,103.84504089382705
17119,532.8888888888889,651.7,0.2009298615729982,0.22253902185223717,0.024132291477376125,3.0904995242877558,0.19373154427993544,,Opp Blk 343,Clementi Rd,1.31728446989719,103.77193266319905
67579,506.27777777777777,619.1,0.2008220166356569,0.22240718431716136,0.024132291477376125,3.0886173980611846,0.19360281331795634,,Bef Jln Kayu,Sengkang West Way,1.3947623,103.874852
62051,1073.5555555555557,1312.3,0.20063591421037064,0.22217971254265353,0.024132291477376125,3.085369510268814,0.19338070160797433,,Aft Jln Chermat,Upp Paya Lebar Rd,1.35170429575719,103.87775496869286
17021,571.4444444444445,490.35,-0.15275898563953394,-0.14166343167701834,0.024132291477376125,-3.082131957500853,-0.16188897131172728,,Waseda S Snr High Sch,West Coast Rd,1.29673702633957,103.76691201794645
51039,296.11111111111114,362.05,0.20043438550058656,0.2219334330590874,0.024132291477376125,3.0818524006163575,0.19314022536714523,,Opp S'pore Polo Club,Thomson Rd,1.33165828742218,103.83888866147537
03501,1076.7777777777778,924.3,-0.1525385779002697,-0.14147422680412325,0.024132291477376125,-3.0782853681584563,-0.1617042247956086,,Marina Bay Sands Theatre,Bayfront Ave,1.28500467671367,103.8606110538643
17129,1088.3333333333333,1328.05,0.1988985129661467,0.22005813953488357,0.024132291477376125,3.055048119868423,0.1913091205969806,,Aft NUS High Sch,AYE,1.30514136653386,103.76985839745124
49251,299.5,365.55,0.19868718369433314,0.21980033277870192,0.024132291477376125,3.051359969318864,0.19105738870811526,,TimMac @ Kranji,Kranji Loop,1.437161,103.756171
43771,455.22222222222223,555.5,0.1986871504729404,0.21980029225523667,0.024132291477376125,3.051359389534072,0.19105734913953062,,Opp Blk 433B,Bt Batok Rd,1.36200917978122,103.74136328540868
65651,329.55555555555554,402.2,0.19865797611364844,0.21976470588235336,0.024132291477376125,3.0508502341845443,0.19102260131136473,,Blk 413C,Northshore Dr,1.417212,103.9013
81179,1168.9444444444446,1005.8,-0.15017928002245284,-0.13944631748895955,0.024132291477376125,-3.037110543251471,-0.1597241004190612,,Blk 22,Old Airport Rd,1.30726086825664,103.88490711001795
14369,395.44444444444446,340.25,-0.14992056986451097,-0.13922365470852005,0.024132291477376125,-3.032595494280727,-0.15950668438571036,,The Interlace,Depot Rd,1.28153635758335,103.80365927155157
77401,291.6111111111111,355.5,0.19748977826712633,0.21834061135371222,0.024132291477376125,3.0304626679346334,0.18963206364304577,,UMC,Pasir Ris Ind Dr 1,1.381097,103.932503
24511,347.5,423.45,0.1971559829833982,0.21793400286944045,0.024132291477376125,3.0246372219443205,0.18923503633743738,,Gul Circle Stn Exit A,Tuas Rd,1.319446944,103.6608911
70341,279.8333333333333,341.0,0.1970493635041981,0.21780415430267072,0.024132291477376125,3.0227764825993586,0.18910824747641788,,Tannery Blk,Tannery Rd,1.32626471325242,103.87490379761162
55229,279.44444444444446,340.4,0.19667916403545593,0.21735340729001595,0.024132291477376125,3.0163157052429095,0.1886681217071147,,Bef Ang Mo Kio St 62,Ang Mo Kio St 64,1.38851043039698,103.84591573293089
82149,485.94444444444446,591.75,0.19662268548634465,0.2172846548773531,0.024132291477376125,3.0153300330255424,0.1886009893520127,,Bef Koon Seng Rd,Joo Chiat Rd,1.31101372476887,103.90136361120997
30021,518.8888888888889,631.45,0.19598605256355395,0.21650993802094473,0.024132291477376125,3.0042194185616387,0.18784452764989137,,Opp Keat Hong Camp,Old Choa Chu Kang Rd,1.3744419562273,103.71705234322658
71209,300.77777777777777,366.0,0.1956709367122036,0.2161266568483072,0.024132291477376125,2.9987199688623187,0.18747027797938773,,Opp Paya Ubi Ind Pk,Ubi Ave 1,1.32608112825105,103.89720788120638
16149,277.8333333333333,337.9,0.19509084685423694,0.21542139868499732,0.024132291477376125,2.9885961525538005,0.1867816382702614,,SDE3,Clementi Rd,1.29781833402646,103.76994027003138
01521,425.0,366.65,-0.14730794762713995,-0.1369718309859162,0.024132291477376125,-2.986999614174486,-0.15730792184170792,,Opp Plaza Parkroyal,Beach Rd,1.30088304437602,103.86066098182194
62079,784.7777777777778,953.25,0.19425166464407884,0.21440186651583673,0.024132291477376125,2.973950617162445,0.1857861299969212,,Aft Bartley Stn Exit B,Bartley Rd,1.34296635529936,103.87976646424752
16011,2550.5,3095.25,0.19351028029954342,0.2135018616500101,0.024132291477376125,2.961011864976022,0.18490733252776975,,Opp Haw Par Villa Stn,Pasir Panjang Rd,1.28277766355314,103.78186930413443
64381,1262.111111111111,1091.4,-0.1452007028411666,-0.13515130190006983,0.024132291477376125,-2.9502236581095835,-0.15553029106002428,,Hougang Stn Exit C,Hougang Ave 10,1.37299,103.891721
11529,407.6666666666667,494.05,0.19175893974047664,0.2113784665579119,0.024132291477376125,2.930447203535813,0.18283397236739915,,Bef IKEA Ind Bldg,Alexandra Rd,1.28903120647732,103.8060909305284
17131,323.44444444444446,391.55,0.19054959971815588,0.2099143835616431,0.024132291477376125,2.909341617784961,0.18140438850557522,,Clementi Flyover,AYE,1.3080413890204,103.76591111102081
84201,2020.3333333333333,2439.15,0.1883021531534501,0.20719821899736143,0.024132291477376125,2.870118838982992,0.17875222668343074,,Bedok Resvr Stn Exit A,Bedok Nth Ave 3,1.336576,103.933159
64561,590.7777777777778,713.25,0.18810185207322405,0.20695644010514427,0.024132291477376125,2.8666231541080416,0.17851614498360624,,Blk 574,Hougang St 51,1.37715998902026,103.88690877548076
22489,299.44444444444446,361.55,0.18789953599096698,0.2067122781065096,0.024132291477376125,2.863092303111596,0.17827773633204186,,Blk 683A,Jurong West Ctrl 1,1.34258460261,103.70536833792208
67099,309.77777777777777,373.9,0.18758120787612587,0.2063282087951375,0.024132291477376125,2.8575367925019384,0.1779027170942263,,Blk 459B,Sengkang West Rd,1.3937,103.869287
50249,417.77777777777777,503.6,0.18642562027604193,0.20493499602016527,0.024132291477376125,2.8373693021881814,0.17654233349284365,,S'pore Khalsa Assn,Balestier Rd,1.317187,103.857005
62241,273.1666666666667,329.35,0.18641650450447766,0.204924012158055,0.024132291477376125,2.8372102123582876,0.17653160845057947,,SBST Hougang Depot,Hougang Ave 3,1.345072,103.891184
11031,630.6666666666666,759.55,0.18568002690933483,0.20403693931398403,0.024132291477376125,2.8243570935075284,0.17566543827759207,,Opp Queen's Cl,Queensway,1.29119666696879,103.80045500000118
64579,893.5,1076.0,0.18566977420761432,0.2040245947456675,0.024132291477376125,2.8241781617998645,0.17565338459232183,,Bet Blks 544/546,Hougang Ave 6,1.37820828048176,103.89268060309126
16081,472.94444444444446,568.75,0.18410755911326326,0.20214511780564962,0.024132291477376125,2.796914146695305,0.17381819498287535,,Aft Palm Green Condo,Pasir Panjang Rd,1.29195777797363,103.76866138900287
99049,485.27777777777777,583.5,0.18397676107584982,0.20198788986633157,0.024132291477376125,2.79463143948003,0.17366467190716878,,Changi Golf Course,Loyang Ave,1.38749994542049,103.98573364026825
70349,265.1666666666667,318.85,0.18372945690918918,0.2016906700062617,0.024132291477376125,2.790315449601532,0.17337445563087,,Bef Lor Bakar Batu,Tannery Rd,1.32598493140196,103.87447469442839
05039,5654.555555555556,4936.85,-0.13570833242936686,-0.12690275049115882,0.024132291477376125,-2.7845613679286747,-0.1474761056021945,,New Bridge Ctr,New Bridge Rd,1.28293819129834,103.84254276754574
20191,345.72222222222223,301.75,-0.13561656460467653,-0.12682262457939422,0.024132291477376125,-2.7829598219139697,-0.1473978677491052,,Blk 407,Pandan Gdns,1.31924166701026,103.74845638901051
58021,539.6666666666666,648.4,0.183245913661497,0.2011097410604192,0.024132291477376125,2.7818765793995617,0.17280721548945774,,Opp The Nautical,Sembawang Rd,1.44324136994568,103.82367863032862
17121,1819.0,2184.55,0.18303101203076988,0.20085164835164834,0.024132291477376125,2.7781260834996533,0.17255520438608893,,Blk 610,AYE,1.30476410258543,103.76944539352431
27101,1737.2222222222222,2085.4,0.18257721319314868,0.2003068268984917,0.024132291477376125,2.7702063172599884,0.1720232209131621,,Opp Westwood Sec Sch,Jln Bahar,1.35259472200365,103.70111638902962
27321,407.77777777777777,489.15,0.18153978893918055,0.1990622451753198,0.024132291477376125,2.752101031609953,0.17080796607398843,,Blk 949,Pioneer Rd Nth,1.34403944399659,103.6917308330011
17109,624.7777777777778,749.1,0.18121121047393185,0.1986683238636366,0.024132291477376125,2.746366630328102,0.17042332698491625,,Opp Blk 352,Clementi Rd,1.31552714122807,103.77218311911328
44511,305.3888888888889,267.25,-0.13293579228063024,-0.12447869446962824,0.024132291477376125,-2.736174576144056,-0.14510916918030534,,Blk 289,Choa Chu Kang Ave 3,1.37948069483064,103.74055530616924
20139,328.3888888888889,393.34999999999997,0.17999975403279667,0.1972170686456398,0.024132291477376125,2.7252241085146474,0.16900626863212936,,Bef West Coast Rise,West Coast Rd,1.31584166892255,103.75204376675156
52561,364.3888888888889,436.25,0.17954287849352468,0.19667021438345694,0.024132291477376125,2.7172506472104665,0.16847230025057006,,Blk 269A,Kim Keat Ave,1.33319,103.859677
46239,721.7777777777777,632.9,-0.13121060032026577,-0.12296694850115314,0.024132291477376125,-2.7060662640199946,-0.14363304545971228,,Larkin Ter,Jln Datin Halimah,1.49390379286364,103.74403292148666
67761,444.1666666666667,531.0,0.1781947454597388,0.19505803070011268,0.024132291477376125,2.693722824742868,0.166898105493935,,Opp Blk 326D,Anchorvale Rd,1.396006,103.887595
01119,1604.111111111111,1407.95,-0.13034823616593894,-0.1222103004291848,0.024132291477376125,-2.6910161538180035,-0.14289422677557836,,Aft Bugis Stn Exit C,Victoria St,1.2996041093804,103.85512934079571
81131,363.72222222222223,319.3,-0.1298779722256196,-0.12179741051028195,0.024132291477376125,-2.682809036105239,-0.14249106604884532,,Opp Grandlink Sq,Guillemard Rd,1.31431505362846,103.89221613925537
64331,960.6666666666667,1147.5,0.17754413185506301,0.19428076256499172,0.024132291477376125,2.682368217295242,0.1661391526305313,,Blk 508,Hougang Ave 4,1.37143555507852,103.88805955105329
92099,855.6111111111111,751.35,-0.12978239507030054,-0.12171347039366982,0.024132291477376125,-2.6811410090738197,-0.1424091038674839,,One Amber,Mountbatten Rd,1.3023783312326,103.89900426571224
64321,487.0,581.55,0.1770996128128024,0.19374999999999934,0.024132291477376125,2.6746104034536775,0.16562089676709527,,Opp Rio Vista,Hougang Ave 7,1.37229075864076,103.90046238900685
46509,363.88888888888886,319.8,-0.12877501724373985,-0.12082825822168072,0.024132291477376125,-2.6635600982385177,-0.1415447505223588,,Marsiling Pk,Woodlands Ctr Rd,1.43804390195153,103.7709643228368
20039,1881.888888888889,2244.1,0.1759428231919795,0.19236988079782827,0.024132291477376125,2.6544219352914147,0.1642732982061904,,Opp The Infiniti,AYE,1.32102499760642,103.75471510655738
46459,666.4444444444445,586.15,-0.12817583370285224,-0.12030131513234589,0.024132291477376125,-2.6531030560756075,-0.14103022413380534,,Blk 872,Woodlands Ave 9,1.4441853308513,103.78940895329838
43439,694.3333333333334,611.1,-0.1274956790355839,-0.11970278044103547,0.024132291477376125,-2.641232893516755,-0.140445793102491,,Blk 242,Bt Batok East Ave 2,1.3512355,103.756353
22509,447.6666666666667,394.05,-0.12726788236782127,-0.11950222882615168,0.024132291477376125,-2.6372573514719324,-0.1402499672150029,,Blk 664C,Jurong West St 63,1.33799405073941,103.70323491142737
58469,254.77777777777777,303.6,0.17469042851545336,0.19087749782797625,0.024132291477376125,2.632564953175989,0.16281608122136207,,Opp Innova Pr Sch,Champions Way,1.429821,103.790446
16089,581.9444444444445,692.8,0.1740918452739022,0.19016487181930716,0.024132291477376125,2.622118387528276,0.1621202472801814,,Aft Clementi Rd,Pasir Panjang Rd,1.29201138346787,103.76908420716119
80161,657.4444444444445,579.35,-0.12624878098265935,-0.11860445494431306,0.024132291477376125,-2.619471839311282,-0.139373348159721,,Opp Nicoll Highway Stn,Nicoll Highway,1.30032715605093,103.8624541086332
17149,842.1666666666666,1002.35,0.17393503516864506,0.18997825657244446,0.024132291477376125,2.6193817137541346,0.16193802936906224,,Blk 426,AYE,1.31171515103681,103.76346179699715
44599,301.11111111111114,358.5,0.17391930986484994,0.18995954394998146,0.024132291477376125,2.619107273363855,0.1619197576842236,,Bet Blks 801B/801C,Choa Chu Kang Ave 6,1.37551323792473,103.7421877620434
20261,669.3333333333334,589.85,-0.12621292301951748,-0.11857284932869193,0.024132291477376125,-2.618846040692223,-0.13934248728765966,,Aft Pandan Gdns,Jurong Town Hall Rd,1.3215997308483,103.74546423225033
68009,721.8333333333334,858.95,0.17369557341519037,0.18969333640765526,0.024132291477376125,2.615202590862056,0.16165982296237022,,Woodleigh Int,Bidadari Pk Dr,1.340141,103.871449
42029,322.27777777777777,383.5,0.17343184218519347,0.18937961849114973,0.024132291477376125,2.6105999133791795,0.16135349738400867,,Aft Swiss Club Rd,Dunearn Rd,1.33325151466609,103.79206171859214
46921,850.8333333333333,1011.35,0.1726387503173008,0.18843670514576424,0.024132291477376125,2.596758753641499,0.16043280251555053,,Opp Blk 22,Woodlands Link,1.4533158942724,103.81089004960499
47041,425.88888888888886,506.25,0.17248021271364156,0.18824830817282667,0.024132291477376125,2.593991931302862,0.1602488448623202,,Opp W'lands Auto Hub,Admiralty Rd West,1.4525686110144,103.79164305597227
65489,399.77777777777777,475.09999999999997,0.17222081263315303,0.18794011644025457,0.024132291477376125,2.5894648416990447,0.15994791525084634,,One Punggol,Sentul Cres,1.40819500002156,103.90566900789092
59589,577.6666666666666,686.4,0.1721897578635474,0.18790322580645122,0.024132291477376125,2.5889228691431154,0.15991189389490404,,Blk 505C,Yishun St 41,1.4196568772859,103.84477283466764
75109,302.3333333333333,266.85,-0.12440518851581661,-0.11697802197802191,0.024132291477376125,-2.5872971835648326,-0.137785239885208,,Blk 888,Tampines Ave 3,1.35115140327554,103.93102423699943
69009,1905.888888888889,2262.9500000000003,0.17163801524270017,0.18724798974478513,0.024132291477376125,2.579293773122342,0.15927209758429176,,Punggol Coast Int,Sentul Wk,1.414795,103.908557
19051,1229.0555555555557,1458.35,0.1709317956247487,0.18640982792105118,0.024132291477376125,2.566968721085277,0.15845368590963907,,New Town Sec Sch,Dover Rd,1.30896444398008,103.77392333299538
66451,489.77777777777777,580.8,0.17013531180079422,0.18546524790581848,0.024132291477376125,2.5530683644152163,0.15753136364415313,,Aft AMK Ind Pk 2,Ang Mo Kio Ave 5,1.37872496881803,103.86854361874474
21069,296.33333333333337,351.45,0.1700549243079852,0.18536995515695098,0.024132291477376125,2.5516654296810124,0.1574383163399518,,Bef Jln Tepong,Jurong Port Rd,1.31237305598007,103.7191852779968
20209,316.27777777777777,374.8,0.16927942621066716,0.184451059359132,0.024132291477376125,2.53813131909964,0.15654107307805507,,Bef Jurong Town Hall Rd,Teban Gdns Rd,1.321453,103.744211
21141,385.72222222222223,457.0,0.1691625208416836,0.1843125987645458,0.024132291477376125,2.5360910688438993,0.1564058751199998,,Aft Jln Buroh,Jurong Port Rd,1.31517431113868,103.71957368500223
44111,801.9444444444445,710.25,-0.12126154111213694,-0.11419774441292495,0.024132291477376125,-2.5324337716011076,-0.1350704757983475,,Opp Blk 203,Choa Chu Kang Ave 1,1.38094121398036,103.74975224203959
77311,713.2777777777778,631.75,-0.12119653176285095,-0.11414015711285701,0.024132291477376125,-2.531299218563386,-0.135014245465072,,Bet Blks 771/772,Pasir Ris St 71,1.37581953068998,103.936865329717
47579,473.0,560.2,0.16887002653322902,0.18396624472573797,0.024132291477376125,2.5309864137470823,0.1560676824453911,,Blk 556,Woodlands Ave 5,1.4333134741952,103.79597019770507
16009,1378.7777777777778,1632.05,0.1685269764066799,0.1835601546142695,0.024132291477376125,2.52499945083418,0.15567116129783246,,Kent Ridge Ter,Clementi Rd,1.29425341056334,103.76988323197696
44661,672.8333333333334,596.2,-0.12073073474768048,-0.11372743012614389,0.024132291477376125,-2.5231700583067815,-0.1346112438312521,,Blk 532,Jelapang Rd,1.38447517162011,103.76499586025828
59671,2247.277777777778,2659.6,0.16838717024282523,0.18339469717561602,0.024132291477376125,2.522559532428048,0.15550960263980515,,Bef Yishun Stn,Yishun Ave 2,1.427779,103.835106
17191,1214.388888888889,1436.8,0.16805006882802864,0.18299584038030745,0.024132291477376125,2.516676387336174,0.15512014436510005,,NUS High Sch,Clementi Rd,1.30566944,103.7698914
71179,398.6666666666667,471.8,0.16804159973248378,0.1829858215179315,0.024132291477376125,2.516528583394392,0.15511036158365735,,Aft SCDF HQ,Airport Rd,1.334175,103.891169
16151,1186.4444444444443,1403.15,0.16762866529718679,0.18249742678020112,0.024132291477376125,2.509321988910803,0.15463347520697077,,The Japanese Pr Sch,Clementi Rd,1.30076138899694,103.76993555602371
23219,254.38888888888889,300.9,0.16730839880272974,0.18211877311289965,0.024132291477376125,2.503732649405676,0.1542637440009024,,Opp Mapletree Log Hub,Benoi Sector,1.31832727349422,103.68852528629336
84261,564.1666666666666,500.8,-0.11891903896526124,-0.1121203184901205,0.024132291477376125,-2.491552068341537,-0.13304200160600693,,St. Anthony's Cano Sch,Bedok Nth Ave 4,1.334189,103.941658
65719,333.94444444444446,394.65,0.16656530146196147,0.18124067009454303,0.024132291477376125,2.4907640017488184,0.15340633229182535,,Blk 432B,New Punggol Rd,1.416996944,103.911575
59521,567.8888888888889,670.6,0.16597778450605105,0.18054687499999927,0.024132291477376125,2.4805105665989164,0.15272888553976277,,Yishun Emerald,Yishun Ave 2,1.44003661278482,103.83171080846517
46281,999.5,888.0,-0.11815791850988333,-0.1114442778610693,0.024132291477376125,-2.4782688785510603,-0.1323818909594849,,Blk 825,Woodlands Ave 7,1.43878695707764,103.79002589502426
81171,1845.111111111111,1639.55,-0.11804977300313091,-0.1113481793560037,0.024132291477376125,-2.476381506741474,-0.13228805688563985,,Blk 39,Old Airport Rd,1.30751703730041,103.88500750064323
15139,1155.5,1363.85,0.1656463297993156,0.18015564202334627,0.024132291477376125,2.474725968713779,0.152346871438744,,Kent Ridge Stn Exit B,Sth Buona Vista Rd,1.29241000003008,103.7845849999835
43541,1120.0,995.55,-0.117677109063413,-0.11101694915254214,0.024132291477376125,-2.469877719063239,-0.13196463167366482,,Blk 510,Bt Batok East Ave 5,1.352905,103.7550445
84121,616.5555555555555,727.6,0.16535585160823363,0.1798128823317739,0.024132291477376125,2.4696564992035683,0.15201218841544245,,Aft Bedok Sth Ave 1,Bedok Sth Rd,1.318437,103.931033
71169,766.7222222222222,681.7,-0.11737245348308445,-0.11074607424560308,0.024132291477376125,-2.4645608236025556,-0.1317001395673293,,Aztech Bldg,Ubi Ave 2,1.32706502989935,103.89217317535862
75299,716.1111111111111,844.75,0.1649930123851302,0.17938487759528984,0.024132291477376125,2.4633241739719214,0.15159426903134943,,Bef Tampines Ave 9,Tampines Ave 10,1.364115,103.931119
26349,334.8888888888889,297.85,-0.11683864217297568,-0.11027125372146891,0.024132291477376125,-2.4552446675402972,-0.13123650754626567,,Tuas Technology Pk,Tuas Sth Ave 4,1.31161056,103.6309569
20059,570.1666666666666,672.0,0.16406427699817439,0.17829004960606995,0.024132291477376125,2.4471157429372563,0.1505252391820508,,Opp Cycle & Carriage,AYE,1.32332108750232,103.74769351004639
82032,2102.0555555555557,1871.6,-0.11606347413645413,-0.10958129705455076,0.024132291477376125,-2.441716317230077,-0.1305628087744763,,Blk 416,Sims Ave,1.31776416388008,103.89719868894
28391,1081.3333333333333,963.05,-0.11573132294933153,-0.10928549430243316,0.024132291477376125,-2.4359195642634375,-0.13027397621389872,,Blk 501,Jurong West St 51,1.34978093237085,103.71937165971983
46931,672.7222222222222,792.25,0.16332053770267763,0.17741403479838352,0.024132291477376125,2.434135891788973,0.14966986647778555,,Opp W'lands Spectrum 1,Woodlands Ave 9,1.45305389773625,103.80789928421208
16189,1456.7222222222222,1715.2,0.1632374486934527,0.17731620869697778,0.024132291477376125,2.432685809779957,0.1495743455160701,,Information Technology,Kent Ridge Cres,1.297228,103.772756
18109,393.55555555555554,463.5,0.16320160264702466,0.17727400732188112,0.024132291477376125,2.4320602191331977,0.14953313855926592,,Blk 55/Opp 5 Sci Pk Dr,Buona Vista Flyover,1.29403436577434,103.78672599789039
96119,2083.777777777778,1858.3,-0.1144621953651388,-0.10815434631988545,0.024132291477376125,-2.4137705569019277,-0.12916948220276275,,ITE Coll East Adm Blk,Simei Ave,1.33373145315305,103.9537488312858
75499,562.4444444444445,661.5,0.161951819401577,0.17580358903569246,0.024132291477376125,2.4102488121095926,0.14809736869005546,,Opp Blk 614,Tampines Ave 6,1.366074,103.936768
75521,276.5,325.25,0.1618430254504144,0.17567567567567616,0.024132291477376125,2.4083501235496705,0.1479724694352612,,Blk 660 CP,Tampines Nth Dr 1,1.367719,103.933654
77231,602.1111111111111,707.6,0.16118974881283155,0.17490788504053095,0.024132291477376125,2.396949040447274,0.1472227707473723,,Tampines Meridian JC,Pasir Ris Dr 1,1.37670503142246,103.93844026085439
05641,855.8333333333333,763.9,-0.11349831649962994,-0.10729430071970489,0.024132291477376125,-2.396948796541767,-0.1283297024132398,,Bef Cantonment Rd,Keppel Rd,1.27272393115133,103.84140618785226
22451,509.94444444444446,599.2,0.1610020679997337,0.17468739806458614,0.024132291477376125,2.3936736063910815,0.1470074792486278,,Opp Blk 643,Pioneer Rd Nth,1.33817022625307,103.69561280580359
60061,380.05555555555554,446.6,0.16095479683461367,0.17463187053506365,0.024132291477376125,2.3928486228375982,0.14695326015019242,,Biotronik,Jln Kolam Ayer,1.32276521075674,103.87402134422791
75371,308.94444444444446,363.05,0.16089815089135673,0.17456533428929952,0.024132291477376125,2.391860029232176,0.14688829174101536,,Aft Tampines Ave 5,Tampines Ave 10,1.35909826524265,103.93052373888251
67609,3073.333333333333,3609.55,0.16077203972517573,0.17441721782500283,0.024132291477376125,2.389659118005518,0.1467436654407519,,Buangkok Stn Exit A,Sengkang Ctrl,1.38393305306468,103.89303978530081
10049,1899.611111111111,1698.35,-0.11192964687959694,-0.10589284148373372,0.024132291477376125,-2.369572136074657,-0.12696126666755161,,Opp Kampong Bahru Ter,Kg Bahru Rd,1.27623302424393,103.83483786772155
28009,9133.944444444445,8166.65,-0.1119258783988446,-0.10588947205176752,0.024132291477376125,-2.3695063679761894,-0.12695797663168978,,Jurong East Int,Jurong Gateway Rd,1.33235,103.740664
28281,1366.611111111111,1602.0,0.15881137034457105,0.17211682983304202,0.024132291477376125,2.3554412181778,0.14449748297867726,,Opp Blk 227,Jurong Town Hall Rd,1.3420603281321,103.73537548132207
23499,1048.7777777777778,1229.2,0.15859825623328838,0.1718670618120229,0.024132291477376125,2.351721918338735,0.14425360040305926,,Joo Koon Stn Exit A,Joo Koon Circle,1.32755092355685,103.67805103515069
42059,1354.7777777777778,1587.5,0.1584148793339928,0.1716521881658748,0.024132291477376125,2.3485215968399213,0.14404378996359138,,Opp King Albert Pk Stn,Dunearn Rd,1.33679896138996,103.78180146215335
64391,484.66666666666663,568.0,0.15835791659923615,0.17158544955387825,0.024132291477376125,2.3475274745411303,0.1439786239566683,,Blk 831,Hougang Ave 10,1.37145414929063,103.88976573946181
67189,1550.388888888889,1388.05,-0.1105305268145429,-0.10464100268576498,0.024132291477376125,-2.345154480193172,-0.1257389257567276,,Opp Blk 241,Compassvale Rd,1.39059955869523,103.89742612835978
12069,549.5,643.65,0.15788057769411257,0.17102633969119055,0.024132291477376125,2.3391968834680177,0.14343268876124432,,Opp Blk 109A,Clementi Rd,1.32143306,103.7710419
47611,916.2222222222222,1072.8999999999999,0.15770238184616225,0.17081768625075763,0.024132291477376125,2.336086982464209,0.1432289519567618,,Northoaks Condo,Woodlands Ave 7,1.44388706173517,103.80622284389754
65091,457.22222222222223,409.55,-0.10985654364583297,-0.10403734238603261,0.024132291477376125,-2.3333920235645222,-0.12514948989501726,,Blk 301A,Punggol Rd,1.4039796271467,103.90655641325277
14119,3944.722222222222,3534.3,-0.10983384897163084,-0.10401700857468706,0.024132291477376125,-2.332995952663353,-0.12512963522241802,,Opp VivoCity,Telok Blangah Rd,1.26592360897281,103.8222827803663
22469,918.2777777777778,1074.15,0.15662712811571833,0.16955943675590762,0.024132291477376125,2.3173214910449658,0.14200035140845288,,Blk 653B,Pioneer Rd Nth,1.33649062479414,103.69631873743737
57119,2121.4444444444443,1902.75,-0.10874283904909188,-0.1030389488011726,0.024132291477376125,-2.313955481786529,-0.1241746221038457,,Blk 101,Sembawang Rd,1.43130257113028,103.82688773076856
01411,509.8333333333333,457.25,-0.10862849242244188,-0.10293637846655747,0.024132291477376125,-2.3119598870906293,-0.12407446870035603,,Opp St. John HQ,Beach Rd,1.30211332865049,103.86295598167331
28051,586.8888888888889,686.1,0.15594187646911806,0.16875826875826888,0.024132291477376125,2.3053623752286545,0.14121806185044763,,Opp Ng Teng Fong Gen Hosp,Boon Lay Way,1.332415,103.745637
03222,1341.888888888889,1204.5,-0.10792876196405832,-0.10230845606486809,0.024132291477376125,-2.299748084851953,-0.12346134244028706,,Hub Synergy Pt,Anson Rd,1.27397836925637,103.84489562922414
21071,503.27777777777777,451.75,-0.10778716586693893,-0.10218133744629206,0.024132291477376125,-2.2972769282586203,-0.12333721919992655,,Jurong Abattoir,Jln Buroh,1.31394221438857,103.72226742161243
18101,597.6666666666666,698.35,0.1554463720312773,0.16817928730512202,0.024132291477376125,2.296714756519479,0.1406527233117012,,5 Sci Pk Dr,Buona Vista Flyover,1.2928415,103.7862945
40059,362.0,422.9,0.15509474409374135,0.1677685950413231,0.024132291477376125,2.2905780923463888,0.14025170845530363,,Chancery Ct,Dunearn Rd,1.31662138896806,103.83634361100417
53261,281.88888888888886,329.1,0.15434143707801518,0.16688923802042455,0.024132291477376125,2.277431263891463,0.13939307229255746,,Opp Bishan Stadium,Bishan St 14,1.35285975794309,103.85179055539538
47201,2994.388888888889,3490.9,0.15337193150516448,0.1657584806276316,0.024132291477376125,2.260511305380157,0.1382889596674573,,W'lands Nth Stn,Nth Woodlands Dr,1.448472,103.7848997
03511,808.2777777777778,727.2,-0.1055664818114499,-0.1001853504496464,0.024132291477376125,-2.2585212128323415,-0.12138826493566215,,Aft Bayfront Stn Exit E,Bayfront Ave,1.28194779470571,103.85897064872482
84439,323.3888888888889,290.9,-0.10553179252730427,-0.10015413598218911,0.024132291477376125,-2.25791581017663,-0.12135778599488756,,Opp Blk 3014,Bedok Nth Ave 4,1.33474732352614,103.95024017522437
67361,479.1111111111111,558.3,0.15266844323182838,0.16493867160379527,0.024132291477376125,2.248233921184171,0.13748846833380965,,Blk 313B,Anchorvale Dr,1.39099505909557,103.88834913656447
95041,339.5,305.59999999999997,-0.10487115915185274,-0.09955947136563827,0.024132291477376125,-2.246386336167567,-0.12077713384525854,,CIAS Cargo Ters,Airport Cargo Rd,1.372739,103.995714
71059,296.44444444444446,345.45,0.15251104188925702,0.1647553231228986,0.024132291477376125,2.2454869290466215,0.1373094402117375,,Bef Kim Chuan Rd,Hougang Ave 3,1.34065465828861,103.89195372882892
03529,877.8333333333334,1022.6,0.1524858339832189,0.16472596245021806,0.024132291477376125,2.245046996841727,0.13728077138357447,,Downtown Stn Exit E,Central Blvd,1.27939957419063,103.85278769921703
27221,745.7222222222222,868.65,0.1523975736791785,0.16462316791905343,0.024132291477376125,2.2435066646101465,0.13718039906642363,,Sch of CEE,Nanyang Dr,1.34623151653928,103.67851763727317
55031,589.3333333333333,686.25,0.15201077793063167,0.16417278373800162,0.024132291477376125,2.236756246457811,0.13674062757908761,,Opp NCS Hub,Yio Chu Kang Rd,1.38944774212221,103.84360331162512
03519,318.77777777777777,287.25,-0.1037981509619259,-0.09859277275886083,0.024132291477376125,-2.227660034262493,-0.11983321418290428,,Bayfront Stn Exit A,Bayfront Ave,1.28124500000125,103.85884799997385
40179,461.77777777777777,537.35,0.15126192899700275,0.16330132052821186,0.024132291477376125,2.2236872211287646,0.13588969922047425,,Env Bldg,Scotts Rd,1.31133173990881,103.83686949960516
16049,639.8888888888889,744.4,0.15106488541659235,0.16307212205270452,0.024132291477376125,2.220248386635364,0.13566590149686503,,Whitehaven,Pasir Panjang Rd,1.28910696351866,103.77738952047318
74949,1218.7222222222222,1417.5,0.15097682914925326,0.1629697107720341,0.024132291477376125,2.2187116152832846,0.13556590339942914,,Blk 961A,Bedok Reservoir Rd,1.340276,103.936345
16099,337.0,392.0,0.1507637163862423,0.16272189349112412,0.024132291477376125,2.2149923389744623,0.1353239255973695,,Opp NUS Sports Ctr,AYE,1.30061249997689,103.77815138886747
27441,310.3888888888889,361.05,0.15073974622473418,0.1626940231935772,0.024132291477376125,2.214574008075101,0.13529671202566704,,Bet Blks 757/758,Jurong West Ave 5,1.35032868767666,103.70079327483805
67559,543.8888888888889,632.0,0.14988852186434798,0.16170473083197362,0.024132291477376125,2.1997183112489354,0.1343307309997427,,Opp Blk 471A,Sengkang West Way,1.3954939065925,103.88094503218825
43789,1628.8333333333333,1892.1000000000001,0.14973793693164428,0.16152980877390338,0.024132291477376125,2.1970902801317105,0.13415993074324664,,Blk 436A,Bt Batok Rd,1.35915702140816,103.73950237742633
27109,902.1666666666666,1047.95,0.14963783647992646,0.1614135449344899,0.024132291477376125,2.1953433118445163,0.13404640650386762,,Westwood Sec Sch,Jln Bahar,1.35309472199852,103.70082305601869
59631,260.8888888888889,303.05,0.14927183596620708,0.1609885447602886,0.024132291477376125,2.1889558152888853,0.13363142088361316,,Opp Blk 445,Yishun Ring Rd,1.42333778088573,103.84397389045573
80289,572.8888888888889,517.6,-0.10130293111295607,-0.0963407550822851,0.024132291477376125,-2.184113078470359,-0.1176342622551928,,Sims Pl Ter,Sims Pl,1.31607500002964,103.8793280559861
96049,510.38888888888886,461.25,-0.1010244655037793,-0.09608908202064095,0.024132291477376125,-2.1792532543640957,-0.11738851952865395,,Upp Changi Stn/SUTD,Upp Changi Rd East,1.3408744614671,103.96143293297968
46309,331.77777777777777,299.9,-0.10069694957733155,-0.09579298831385712,0.024132291477376125,-2.173537396670783,-0.11709940286936306,,Opp Progen Bldg,Riverside Rd,1.44317008649619,103.78254975765708
62091,315.94444444444446,366.55,0.1481328594200848,0.1596669588080625,0.024132291477376125,2.1690782236118467,0.1323409763158322,,Opp Gambir Ridge,Bartley Rd,1.34366730308769,103.8751907687792
77319,705.8888888888889,638.35,-0.10042145971569205,-0.09554385413391951,0.024132291477376125,-2.168729505762513,-0.11685613919921925,,Opp Blks 771/772,Pasir Ris St 71,1.37554666701554,103.93754166696733
55041,486.8333333333333,564.65,0.14800169490864512,0.1595148616330716,0.024132291477376125,2.1667891206362038,0.13219246310493488,,Aft AMK St 64/Apple SG,Yio Chu Kang Rd,1.39122406741106,103.84602799523668
01121,1706.7222222222222,1544.9,-0.09955418376063285,-0.09475910081655178,0.024132291477376125,-2.153593674068109,-0.1160898775317586,,Aft Victoria Ln,Victoria St,1.30393809691048,103.85867999243207
27199,612.3333333333334,709.45,0.14699001014916302,0.15834239130434818,0.024132291477376125,2.149133044553396,0.13104762045278884,,Hall 11,Nanyang Ave,1.35434216792763,103.68685754938303
05189,541.9444444444445,490.75,-0.09903654517350269,-0.09429039189604019,0.024132291477376125,-2.1445597668236767,-0.11563221310264911,,Opp Sri Mariamman Tp,Sth Bridge Rd,1.2820913960391,103.84528061446953
52049,613.6111111111111,710.7,0.14666674616647946,0.15796800144626255,0.024132291477376125,2.1434913924284653,0.1306820525850424,,Blk 19,Jln Tenteram,1.32721151783698,103.85978762051998
13109,1007.9444444444445,1167.25,0.14660222275820178,0.15789328781454776,0.024132291477376125,2.142365320107028,0.13060909947894803,,UE Sq/Bef Mohd Sultan Rd,River Valley Rd,1.29350944398488,103.84272416702719
22499,1122.611111111111,1299.75,0.1463933161398847,0.1576514215080341,0.024132291477376125,2.1387194500742557,0.13037293242462664,,Opp Blk 662C,Jurong West St 64,1.3377065,103.704634
70141,497.27777777777777,575.8000000000001,0.14633787774890106,0.15758724495484464,0.024132291477376125,2.1377519308545168,0.1303102681050621,,Grantral Mall Macpherson,MacPherson Rd,1.33325940650465,103.88723373413463
59319,464.1111111111111,420.45,-0.09857517922623416,-0.09387243191590987,0.024132291477376125,-2.136507938237112,-0.11522410178382,,Blk 729,Yishun Ring Rd,1.42617166698404,103.83201083297399
75531,581.6666666666666,673.25,0.14598569447246845,0.1571796338672771,0.024132291477376125,2.131605574822654,0.12991226182114785,,Opp Blk 662B,Tampines St 64,1.36908,103.935023
99029,511.05555555555554,463.45,-0.09757921626396904,-0.09296951285667726,0.024132291477376125,-2.11912624134725,-0.11434245879028632,,Aft Cranwell Rd,Loyang Ave,1.38664086819653,103.97959306203218
64551,277.77777777777777,321.35,0.14522294272642622,0.15629732961339177,0.024132291477376125,2.1182939154997342,0.1290507478729717,,Blk 836,Hougang Ctrl,1.3703455,103.890922
10391,1208.2777777777778,1096.2,-0.0972618234552245,-0.09268158221160495,0.024132291477376125,-2.1135870538416492,-0.11406131284120495,,Opp Melati Blk 2,Kg Bahru Rd,1.27627105343758,103.8312563936613
78081,812.7222222222223,737.4499999999999,-0.09706566254982363,-0.0925035843517448,0.024132291477376125,-2.1101636239265806,-0.1138875092600256,,Blk 467,Pasir Ris Dr 6,1.37368803498525,103.95635599319583
77009,20056.444444444445,23170.35,0.1443162229175119,0.1552493670956212,0.024132291477376125,2.102469703676898,0.1280274791737114,,Pasir Ris Int,Pasir Ris Dr 3,1.373696,103.94845
28369,465.6111111111111,422.70000000000005,-0.09647051459694911,-0.09196332896773445,0.024132291477376125,-2.0997770114586225,-0.11335998426300498,,Opp Jurong Lake,Boon Lay Way,1.34449722197147,103.72747138899737
60051,873.0555555555555,1008.25,0.1438188213887921,0.15467488717981367,0.024132291477376125,2.0937889766495603,0.12746653609966888,,Opp Kallang Pl,Boon Keng Rd,1.3141464005633,103.86571468040536
77191,563.2222222222222,650.3,0.14352218062395128,0.15433241433635267,0.024132291477376125,2.088611956966104,0.12713213316529115,,Blk 500A,Pasir Ris Dr 3,1.37654807606486,103.94602815996554
27159,740.3333333333334,854.4,0.1431188290904455,0.15386690647482074,0.024132291477376125,2.0815726047400798,0.12667759436653853,,Blk 924,Jurong West St 92,1.34033777802121,103.69005138898682
28409,2583.5,2349.3,-0.09498908607121148,-0.09061714064615994,0.024132291477376125,-2.0739228958198197,-0.11204551704741456,,Blk 454,Jurong West Ave 1,1.35081149361542,103.71793769087185
70069,575.0555555555555,663.15,0.14230392091639832,0.15292699392419648,0.024132291477376125,2.0673507035138083,0.12575982958317408,,Aft Bidadari Pk Dr,Upp Aljunied Rd,1.337778056,103.8736111
55049,306.44444444444446,353.45,0.14227288985031983,0.1528912179255509,0.024132291477376125,2.066809144635435,0.12572489659752045,,Bef AMK St 64/Apple SG,Yio Chu Kang Rd,1.39110547694961,103.84659281119058
10011,522.6666666666666,475.55,-0.09428270020387597,-0.08997453851050227,0.024132291477376125,-2.0615949423732536,-0.111418056961442,,Bef Neil Rd,New Bridge Rd,1.2777380589964,103.83749709165197
78151,355.44444444444446,323.4,-0.09420106940892747,-0.08990024937655824,0.024132291477376125,-2.060170309341272,-0.1113455183504029,,Blk 230,Pasir Ris Dr 4,1.37239496316057,103.96078021168164
67691,589.5,679.4,0.14171122488428978,0.15224386113463176,0.024132291477376125,2.05700688233947,0.1250927938933031,,Blk 338A,Anchorvale Cres,1.39899,103.8887775
20259,304.0,276.65,-0.09395044891979598,-0.0896721311475415,0.024132291477376125,-2.055796442499311,-0.11112277541873763,,C'wealth Sec Sch,Jurong Town Hall Rd,1.320135,103.745076
27411,572.9444444444445,521.6,-0.09371625186676802,-0.08945891007646833,0.024132291477376125,-2.0517091999587116,-0.11091457861364952,,Blk 844A CP,Jurong West St 81,1.34590833297224,103.69273749998102
40329,524.1666666666666,477.25,-0.0935820642088574,-0.08933671850206287,0.024132291477376125,-2.0493673365716853,-0.11079526631833152,,Millennia Institute,Bt Batok West Ave 8,1.35096917519706,103.73961904709157
16041,477.61111111111114,549.8000000000001,0.14048337578863457,0.15082994776552536,0.024132291477376125,2.0355782734295236,0.12371219747927271,,Opp Luxe Ville,Pasir Panjang Rd,1.2893086506189,103.77660095143266
84549,475.22222222222223,433.1,-0.09260967639175455,-0.08845076994866961,0.024132291477376125,-2.0323970766959194,-0.10993019394363349,,Opp Blk 42,Chai Chee St,1.32720168851924,103.92512088883021
46211,1021.4444444444445,931.2,-0.09240416944055418,-0.08826342099543599,0.024132291477376125,-2.028810538170028,-0.10974725961494108,,Johor Bahru Checkpt,Johor Bahru,1.46491732433248,103.76547712149443
55231,412.77777777777777,474.95,0.13998374563657645,0.15025510204081688,0.024132291477376125,2.02685865212919,0.12315089721612095,,Liuxun Sanhemiao Tp,Ang Mo Kio St 63,1.38576093943759,103.84831692135697
13071,848.2777777777778,975.75,0.13984441883031007,0.15009485183489188,0.024132291477376125,2.0244270995444964,0.1229944230894299,,Great World Stn Exit 5,River Valley Rd,1.296373,103.833056
18071,2096.9444444444443,2411.45,0.13968479924986887,0.14991128882768923,0.024132291477376125,2.0216413943827245,0.12281518549607384,,NUH,Buona Vista Flyover,1.295425,103.784491
22051,372.6111111111111,428.45,0.13928987363835876,0.14945724907063218,0.024132291477376125,2.0147490926271447,0.12237184457143405,,Opp Buroh St,Jln Buroh,1.31386916701697,103.7020447220124
92069,1188.7222222222222,1084.65,-0.09154096721352545,-0.08747606817651155,0.024132291477376125,-2.0137458017959524,-0.10897845969965998,,Tao Nan Sch,Marine Parade Rd,1.30566306799291,103.9110051545323
10021,374.1111111111111,341.3,-0.09153473284348834,-0.0874703791469191,0.024132291477376125,-2.013636998623154,-0.10897290472435085,,Blk 3,Neil Rd,1.27744837946643,103.83838894560753
82221,746.3333333333334,681.05,-0.09140834602486603,-0.08735504014272948,0.024132291477376125,-2.011431276668222,-0.1088602835277052,,Blk 3A,Jln Turi,1.31760511655727,103.89900705591394
59811,980.7777777777778,1126.3,0.13821568484669733,0.14822317790855605,0.024132291477376125,1.9960021866812823,0.12116685262620801,,Blk 477B,Yishun St 42,1.427487,103.852056
78201,512.5,588.5500000000001,0.1381095046540688,0.1481012658227841,0.024132291477376125,1.9941491138322889,0.12104781323375205,,Opp Blk 242,Pasir Ris St 21,1.37134689166636,103.96205663680765
15141,501.3333333333333,575.7,0.1380582906629817,0.1480424684804253,0.024132291477376125,1.9932553194811702,0.12099040137119478,,Labrador Pk Stn,Pasir Panjang Rd,1.27275860463579,103.80095947823813
85041,808.9444444444445,928.7,0.13789629525315572,0.14785650593319238,0.024132291477376125,1.9904281509841206,0.12080882077972192,,Man Fatt Lam Tp,Bedok Rd,1.3264647104527,103.95116420801885
92109,315.6666666666667,362.4,0.137654460035594,0.14757894736842106,0.024132291477376125,1.9862076060359515,0.1205378025069059,,Opp Katong Shop Ctr,Mountbatten Rd,1.30356602776936,103.90145614778639
54519,339.0,389.15,0.1375856629525627,0.14749999999999946,0.024132291477376125,1.9850069488936042,0.12046071542638065,,Extra Space,Ang Mo Kio Ind Pk 2,1.372117,103.864539
76419,478.5,437.6,-0.08915605833970552,-0.08529718456725795,0.024132291477376125,-1.9721240098967807,-0.10685091853394749,,Blk 307A,Tampines St 32,1.35366243500181,103.95648530342
22471,606.4444444444445,695.5,0.13680707166108075,0.14660691421254832,0.024132291477376125,1.9714188554178718,0.1195886739968864,,Blk 991B,Upp Jurong Rd,1.33509047686273,103.6931453983202
05631,924.2777777777778,845.65,-0.08880660662026596,-0.08497748423896745,0.024132291477376125,-1.9660253254124447,-0.10653875151123862,,Blk 16,Cantonment Link,1.27346055934188,103.84034718190608
76369,636.2777777777778,582.2,-0.08867545169065494,-0.08485746665504347,0.024132291477376125,-1.9637363896603306,-0.10642156197925848,,Blk 496F,Tampines Ave 9,1.36025642698418,103.95022273065783
70089,752.5555555555555,862.5,0.13619115223736866,0.1459009141846062,0.024132291477376125,1.96066973608597,0.11889930990416393,,HDB CP,Ubi Ave 3,1.33187702164512,103.89443953236938
64609,770.8333333333334,705.5,-0.08844543512811498,-0.08464694450442682,0.024132291477376125,-1.9597221056746843,-0.1062160004982188,,Blk 687,Hougang Ave 4,1.37595638900393,103.884701388976
10331,323.94444444444446,371.3,0.13604575333181046,0.14573431355787356,0.024132291477376125,1.9581322123021712,0.11873663499573744,,Bef Bt Merah Ctrl,Henderson Rd,1.28136306628839,103.81834423228645
81201,590.5,540.5,-0.0883186169773964,-0.08453085376162321,0.024132291477376125,-1.9575088560464955,-0.10610264527666227,,Opp Geylang Meth Sec Sch,Geylang East Ctrl,1.31869302203322,103.88300679740438
50231,434.88888888888886,398.05,-0.08830064655131586,-0.08451440224318175,0.024132291477376125,-1.9571952334410894,-0.10608658141598884,,NorthLight Sch,Balestier Rd,1.31872472201456,103.85492583301323
90061,432.8888888888889,495.85,0.13549968473980556,0.14510883482714487,0.024132291477376125,1.948602140294557,0.11812589482483005,,Dunman High Sch,Tg Rhu Rd,1.2981225,103.8824094
93099,297.0,340.2,0.13537532911211958,0.14496644295302014,0.024132291477376125,1.9464318669923548,0.11798685822251831,,Siglap Sth CC,Upp East Coast Rd,1.31390444400831,103.93171138898548
58299,324.05555555555554,296.8,-0.08757398764216262,-0.08384891471543308,0.024132291477376125,-1.9445134717895374,-0.10543677520121883,,Blk 328,Sembawang Dr,1.44582915331137,103.81968463382916
27539,440.1666666666667,504.05,0.135234701276147,0.14480544012089167,0.024132291477376125,1.943977608639621,0.1178296492042418,,Bef Xingnan Pr Sch,Jurong West St 91,1.34071614464901,103.6868923374865
28041,694.6111111111111,795.15,0.1349968545296525,0.1445331842504597,0.024132291477376125,1.939826671094308,0.11756380867494921,,The Synergy,Boon Lay Way,1.33008349967851,103.74828366332322
51059,387.44444444444446,355.0,-0.08721942858717657,-0.08352402745995455,0.024132291477376125,-1.9383256533095135,-0.10511954347424156,,Aft Toa Payoh Rise,Thomson Rd,1.3370325833883,103.83735019393414
24709,814.2777777777778,931.65,0.13450110969043916,0.1439659284497445,0.024132291477376125,1.9311748568638647,0.11700991948950339,,Tuas Cres Stn Exit A,Pioneer Rd,1.32089,103.649026
73041,484.8333333333333,444.45,-0.0867806223898846,-0.08312178387650052,0.024132291477376125,-1.9306675409060403,-0.10472677821647025,,ST Aero,Airport Rd,1.35049911274132,103.89882183551578
77279,412.72222222222223,472.25,0.1344290022749508,0.14388344299717942,0.024132291477376125,1.9299164272966853,0.11692937769499936,,Aft Pasir Ris Ind Dr 1,Pasir Ris Dr 12,1.38079641020594,103.9346621770568
58151,535.1666666666666,612.25,0.13432762512762775,0.14376748523469116,0.024132291477376125,1.9281471779238766,0.11681615232025705,,Bef Sembawang Stn,Canberra Rd,1.44835904274406,103.82201343608213
01113,3775.0555555555557,3462.1,-0.0865158192811819,-0.08287895952566668,0.024132291477376125,-1.9260461568331875,-0.10448967569284652,,Bugis Stn Exit A,Victoria St,1.30117297541547,103.8561140106393
64081,512.5,469.95,-0.08649809809978759,-0.08286270691334056,0.024132291477376125,-1.925736884083902,-0.10447380605133501,,Hougang 1/Opp Blk 931A,Hougang St 91,1.37602972196856,103.880089999971
20019,1061.388888888889,1213.95,0.1341828824976874,0.1436019453014697,0.024132291477376125,1.9256211075618392,0.11665451311153463,,Blk 431,AYE,1.31357611099308,103.7615108330155
52419,510.77777777777777,468.5,-0.08622220439609318,-0.08260963960052074,0.024132291477376125,-1.920921945262752,-0.10422670192726256,,Opp Blk 105,Jln Rajah,1.32803305599299,103.85391750002599
59189,768.5,705.2,-0.08584246978464805,-0.0822612085769982,0.024132291477376125,-1.9142947591476,-0.10388648120927318,,Blk 245,Yishun Ave 9,1.43425361497792,103.84204166750071
54659,1529.0555555555554,1747.55,0.1334828274860671,0.14280164118949912,0.024132291477376125,1.9134036411707809,0.11587306708290088,,Techplace 2,Ang Mo Kio Ave 5,1.37834008020794,103.86686274044777
65359,456.8888888888889,522.05,0.1330505077871713,0.14230769230769166,0.024132291477376125,1.9058587321225235,0.11539075743802588,,Opp Punggol View Pr Sch,Punggol Pl,1.40552300002668,103.90435300000112
20271,755.7222222222222,863.3,0.13292369020741557,0.14216283679612365,0.024132291477376125,1.9036454924588648,0.11524931525055317,,Opp German Ctr,Jurong Town Hall Rd,1.325103,103.745617
67231,493.8888888888889,453.6,-0.08491535906265035,-0.08140996856757937,0.024132291477376125,-1.8981146820125472,-0.10305529951868235,,Rivervale Pr Sch,Rivervale Dr,1.39322205615326,103.90395664347085
59019,271.1666666666667,309.75,0.13257410664841007,0.14176362522963834,0.024132291477376125,1.8975445070903993,0.11485951056437399,,Aft Sg Seletar Bridge,Lentor Ave,1.403681,103.82751
10041,2103.722222222222,1933.05,-0.08456724763617096,-0.0810901412168398,0.024132291477376125,-1.892039388524523,-0.10274300846663652,,Bef Kampong Bahru Ter,Kg Bahru Rd,1.27605834770353,103.83519065305671
90011,266.22222222222223,303.9,0.13190324879056625,0.14099792099792025,0.024132291477376125,1.8858365938616746,0.114111849116639,,Bef Tg Rhu View,Tg Rhu Rd,1.29711286404721,103.86924820515104
70129,424.94444444444446,485.0,0.13189969823776426,0.14099386983174672,0.024132291477376125,1.8857746290748965,0.11410789341071387,,Opp Jln Muhibbah,MacPherson Rd,1.33157543468156,103.88058185579888
96059,264.38888888888886,301.8,0.13187626606949632,0.14096713418463447,0.024132291477376125,1.885365687315276,0.1140817877529441,,Changi Ct,Upp Changi Rd East,1.34351280089212,103.96217940266345
46469,764.8333333333333,703.05,-0.08411518919841132,-0.080674646354733,0.024132291477376125,-1.884149996007584,-0.10233730417866077,,Blk 759,Woodlands Ave 9,1.44668865905093,103.79491852510797
28401,4860.833333333333,4470.05,-0.08379231549052335,-0.08037777244523518,0.024132291477376125,-1.8785151550176629,-0.10204742570107703,,Blk 502,Jurong West Ave 1,1.3506545513673,103.71861401513462
01112,6027.444444444444,5545.85,-0.08325880898372873,-0.07988701710409815,0.024132291477376125,-1.8692043184291383,-0.10156823434540845,,Opp Bugis Stn Exit C,Victoria St,1.30009212839081,103.85520027125814
21661,455.16666666666663,418.75,-0.08319894385497406,-0.07983193277310942,0.024132291477376125,-1.868159543109462,-0.10151444800213312,,Yuan Ching Sec Sch,Yuan Ching Rd,1.34176560473259,103.72141430185464
44501,467.94444444444446,430.55,-0.08310092742188857,-0.07974173676104719,0.024132291477376125,-1.8664489454319713,-0.10142637733703173,,Blk 426,Choa Chu Kang Ave 4,1.38087128691259,103.73879787160988
76181,417.8333333333333,384.59999999999997,-0.08267250557914707,-0.0793473935535221,0.024132291477376125,-1.8589720623613468,-0.10104132629352228,,Blk 216,Tampines St 23,1.35384110037439,103.95308027923268
71161,728.9444444444445,671.35,-0.08218938947577836,-0.07890250399573777,0.024132291477376125,-1.850540646746987,-0.10060691995609243,,Blk 3019,Ubi Ave 2,1.32732994325917,103.89209147524538
27459,593.7222222222222,546.8,-0.08218418629864122,-0.078897711349837,0.024132291477376125,-1.850449840109302,-0.10060224024240635,,Blk 273B,Jurong West Ave 3,1.35145070001383,103.70399035610369
28689,815.7222222222222,928.95,0.1298317814933343,0.13863682742670572,0.024132291477376125,1.8496850319643718,0.11180639152013212,,Opp Toh Guan Ctr,Toh Guan Rd East,1.33727934409499,103.75440999786483
03381,546.8333333333334,622.6,0.12953803274745734,0.13830240340736266,0.024132291477376125,1.8445584842351288,0.11147984775022461,,The Sail,Marina Blvd,1.28162601329006,103.85306513725685
40451,1106.6666666666667,1259.45,0.12921309935585246,0.13793259103219999,0.024132291477376125,1.8388876973321437,0.11111874950321082,,Blk 306B,Tengah Blvd,1.361662,103.735908
01059,427.27777777777777,393.75,-0.0815193454273464,-0.07828512128680797,0.024132291477376125,-1.8388469362437236,-0.10000408503518667,,Bugis Stn Exit B,Victoria St,1.30075679526626,103.85611040457583
96061,451.5,513.85,0.12908783296277893,0.13779005524861868,0.024132291477376125,1.8367015292140658,0.11097957238247413,,Opp Mera Terr P/G,Upp Changi Rd East,1.34695398893694,103.96294329979929
92081,841.7777777777777,957.7,0.12887488563653804,0.1375477916941336,0.024132291477376125,1.8329851401328818,0.11074301744079211,,St. Patrick's Sch,Marine Parade Rd,1.30751338586806,103.91754269765207
73049,431.55555555555554,397.85,-0.08112536391709746,-0.07792191112252726,0.024132291477376125,-1.8319711110867491,-0.0996494334268903,,Air Force Trg Cmd,Airport Rd,1.35075966304764,103.89911545547028
01211,2053.9444444444443,1893.9,-0.08108274655572778,-0.0778826137500333,0.024132291477376125,-1.831227346423163,-0.09961106204379751,,Opp Blk 461,Victoria St,1.30551803523268,103.8605449516032
14151,596.3888888888889,678.2,0.12834732850277675,0.13694782851297402,0.024132291477376125,1.8237781329061589,0.11015719158005877,,Opp Hotel Faber Pk,Telok Blangah Rd,1.26964765905364,103.8129359412343
59111,4326.444444444444,3993.55,-0.08004623811856959,-0.0769263357896626,0.024132291477376125,-1.8131380437471938,-0.09867731747941977,,Blk 701,Yishun Ave 5,1.43016395103424,103.82888452126694
66479,739.1666666666666,840.0,0.12771627390890128,0.1362305786984919,0.024132291477376125,1.8127648722857514,0.10945684278679159,,Aft Yio Chu Kang Rd,Ang Mo Kio Ave 5,1.37863834733323,103.87430288480033
82139,546.6666666666666,621.2,0.12759475509437834,0.13609251369446143,0.024132291477376125,1.8106441074777417,0.10932203109773599,,Maranatha Hall,Dunman Rd,1.30938972202558,103.89936888898059
20291,640.9444444444445,591.65,-0.07989775928680753,-0.07678926871484258,0.024132291477376125,-1.8105467686234888,-0.09854348020472327,,Opp Blk 501,West Coast Rd,1.31095062259154,103.75771430804498
67401,3580.0,4066.9,0.127484804763645,0.1359676068137393,0.024132291477376125,1.8087252376059135,0.10920006747861999,,Opp Sengkang Stn/Blk 260A,Sengkang East Way,1.39290842289238,103.89531738456282
20151,330.8888888888889,305.45,-0.07974563094814968,-0.07664881151657184,0.024132291477376125,-1.8078918017511312,-0.09840633269024726,,Opp Blk 411,West Coast Rd,1.31829668687275,103.74631047251557
44311,738.6111111111111,682.15,-0.07941006775125636,-0.07633891684819419,0.024132291477376125,-1.8020355018717384,-0.09810374027034553,,Opp Blk 253,Bangkit Rd,1.37930410199585,103.77434920734999
95039,322.1111111111111,365.9,0.12709307004404558,0.13552269601100392,0.024132291477376125,1.8018886237806098,0.10876564039684761,,AirFreight Ter Bldg,Airport Cargo Rd,1.372277,103.99465
74941,554.9444444444445,630.2,0.1269544003373726,0.13536524432896915,0.024132291477376125,1.7994685389978242,0.10861189885061862,,Opp Blk 961A,Bedok Reservoir Rd,1.3402645,103.9361875
70111,435.6111111111111,494.7,0.12692801205651794,0.1353352843873266,0.024132291477376125,1.7990080067123493,0.10858264487445568,,Opp Cencon Bldg,MacPherson Rd,1.3307766855737,103.87714812684305
55039,901.2222222222222,1023.2,0.1268062432089465,0.1351970443349763,0.024132291477376125,1.7968828782896007,0.10844766226185702,,NCS Hub,Yio Chu Kang Rd,1.3891573228776,103.84383135324573
07531,2077.5555555555557,1919.85,-0.07890541162394626,-0.07587266798524625,0.024132291477376125,-1.7932281664879341,-0.09764847793087243,,Rochor Stn,Rochor Canal Rd,1.30365644370093,103.8525732326128
81031,1140.7222222222222,1294.8,0.12659042137110088,0.134952070458858,0.024132291477376125,1.793116322795294,0.10820846086360314,,Blk 134,Sims Ave,1.31580283030533,103.88604854571838
28059,1447.9444444444443,1643.25,0.12644903121384932,0.1347916107511218,0.024132291477376125,1.7906487602958137,0.10805178217172758,,Ng Teng Fong General Hosp,Boon Lay Way,1.33260638902834,103.74580722197156
66499,1472.5,1361.0,-0.07868631546829175,-0.07567017305734647,0.024132291477376125,-1.789404467101905,-0.09745075452190964,,Blk 911,Buangkok Green,1.37912306945844,103.88326933020046
28301,4643.833333333333,5269.5,0.12636974396653322,0.134701639814849,0.024132291477376125,1.7892650272130637,0.10796393127880925,,Blk 131,Jurong Gateway Rd,1.3348645,103.740441
42079,588.5555555555555,543.95,-0.07867491002614457,-0.07565963060685983,0.024132291477376125,-1.7892054175932304,-0.09744046049000148,,Opp Pei Hwa Presby Pr Sch,Upp Bt Timah Rd,1.339255,103.776989
54351,1491.5555555555557,1378.8,-0.07855122761478572,-0.07554529889079152,0.024132291477376125,-1.787046893364621,-0.09732882284609576,,Nanyang Poly,Ang Mo Kio Ave 5,1.37647777885877,103.85003474200923
46161,313.6111111111111,355.9,0.12611832227847408,0.13441638707398873,0.024132291477376125,1.7848771777257268,0.10768540013275119,,GES S'pore,Marsiling Lane,1.44536006142756,103.77556464561282
48131,1533.9444444444443,1740.15,0.12605162661567526,0.1343407289442256,0.024132291477376125,1.7837131948884524,0.1076115247844268,,S'pore Zoo,Mandai Lake Rd,1.40462388269986,103.78935694475769
71029,456.22222222222223,517.6,0.12596333732961273,0.13424058323207724,0.024132291477376125,1.7821723568582197,0.10751373887045672,,Comfort Test Ctr,Airport Rd,1.33654331402892,103.89504292943955
40081,833.3888888888889,945.3,0.12586005620477092,0.13412344363805845,0.024132291477376125,1.780369878980567,0.10739935951244448,,Stevens Stn Exit 1,Bt Timah Rd,1.32012951912406,103.82605259642706
59239,2630.1111111111113,2432.4,-0.07811677630837455,-0.07514358108108167,0.024132291477376125,-1.7794647831782449,-0.0969365709729219,,Blk 291,Yishun Ring Rd,1.43560781996531,103.83684372359264
72049,563.6666666666667,639.3000000000001,0.12570122998086664,0.133943329397875,0.024132291477376125,1.7775980195975765,0.10722348942058009,,Opp Blk 660A CP,Kaki Bt Ave 1,1.33490332816583,103.90747460787432
75379,301.0,341.45,0.1256986442690442,0.13394039735099295,0.024132291477376125,1.777552893362119,0.10722062646341482,,Bef Tampines Ave 5,Tampines Ave 10,1.35943002306953,103.9309897702735
47089,512.5,581.2,0.12556400194290962,0.13378773125608534,0.024132291477376125,1.7752030950361906,0.10707155773842876,,Aft Senoko Dr,Senoko Rd,1.46227877192855,103.80387918503345
55261,345.0,391.2,0.12533313870452112,0.13352601156069305,0.024132291477376125,1.7711740347350375,0.10681600511346977,,Bullion Pk Condo,Lentor Ave,1.39203,103.836929
65621,411.55555555555554,466.45,0.1249215142964637,0.13305952060328544,0.024132291477376125,1.7639903030458077,0.1063605063841653,,Samudera Stn Exit B,Punggol Way,1.416165,103.902557
07249,354.5,401.8,0.12491491160111234,0.1330520393811541,0.024132291477376125,1.7638750718036817,0.10635320144690906,,Aft Kempas Rd,Lavender St,1.315368056,103.8594669
46991,381.05555555555554,431.85,0.12482521623811138,0.1329504144248946,0.024132291477376125,1.7623096947051566,0.10625397114521348,,Blk 589,Woodlands Ave 1,1.42764093083406,103.79587149975599
54441,380.1111111111111,430.75,0.12475575420302132,0.13287172011661758,0.024132291477376125,1.7610974327184836,0.10617713116181299,,Blk 507,Ang Mo Kio St 53,1.37418169489017,103.85076922983178
14221,414.5,383.70000000000005,-0.07701880453725352,-0.07412755716004821,0.024132291477376125,-1.7603028130625618,-0.09594448828058944,,Opp Ch of St. Teresa,Kg Bahru Rd,1.27359332247784,103.82893371728431
06029,1455.0,1347.25,-0.07688549453929472,-0.07400412087912073,0.024132291477376125,-1.7579762667303187,-0.09582396060857414,,Outram Pk Stn Exit 1,Outram Rd,1.28177041153491,103.8383828488293
17279,492.5,456.05,-0.07673006477370858,-0.07386018237082072,0.024132291477376125,-1.7552636828537693,-0.09568341381642838,,Blk 723,Clementi West St 2,1.30292494255611,103.76319287727786
01319,1185.3333333333333,1097.8,-0.07664864262096405,-0.07378477100309062,0.024132291477376125,-1.753842691077221,-0.0956097794155237,,Lavender Stn Exit A/ICA,Kallang Rd,1.30757426746418,103.86325596123476
84709,463.0,524.4,0.12427532502518446,0.1323275862068968,0.024132291477376125,1.7527129097366105,0.10564581903129143,,Opp Blk 150,Kaki Bt Ave 1,1.33644333039135,103.91242511468805
72179,417.77777777777777,473.15000000000003,0.12418331139882088,0.13222340143274136,0.024132291477376125,1.7511070739537706,0.10554408923034438,,HomeTeamNS,Bedok Nth Rd,1.342322,103.918768
66419,343.72222222222223,318.35,-0.07645125973494515,-0.07360193392425504,0.024132291477376125,-1.7503979349708052,-0.0954312506450151,,Blk 330,S'goon Ave 3,1.35021638901553,103.86930944403264
50041,311.1666666666667,352.35,0.12392183392082945,0.13192738921516242,0.024132291477376125,1.7465437292932058,0.10525505214007558,,Novena Lodge,Thomson Rd,1.32362333324914,103.84161545670325
40321,467.77777777777777,433.4,-0.07616306616839363,-0.07333491348660823,0.024132291477376125,-1.7453683370749011,-0.0951705221826193,,Dulwich College,Bt Batok West Ave 8,1.35174487949103,103.73947152056856
54279,755.3333333333334,700.1,-0.07583166589880985,-0.07302776553547798,0.024132291477376125,-1.7395846892352032,-0.0948706117572902,,Blk 427,Ang Mo Kio Ave 3,1.36968919033429,103.85404760550173
67409,10067.666666666666,11389.9,0.12338649954269698,0.1313215917367416,0.024132291477376125,1.7372009924164658,0.1046635294594003,,Sengkang Stn,Sengkang East Way,1.392423,103.896122
63041,764.3888888888889,864.8,0.12326987885944529,0.13118966393264075,0.024132291477376125,1.7351657105393572,0.1045347103554635,,Opp Glad Tidings Ch,Upp S'goon Rd,1.36259166703136,103.88754805602413
53439,272.72222222222223,308.4,0.12252113349116733,0.13034300791556727,0.024132291477376125,1.722098492648546,0.10370800464164195,,Blk 228,Bishan St 23,1.357625,103.847213
17189,1093.4444444444443,1235.85,0.12232094709424679,0.1301167512690353,0.024132291477376125,1.718604809244062,0.10348707942678954,,Blk 317,C'wealth Ave West,1.31790502165515,103.76406408827933
71201,566.8333333333334,640.6,0.12213710811939382,0.12990901085999487,0.024132291477376125,1.7153964235324388,0.10328423413935035,,Paya Ubi Ind Pk,Ubi Ave 1,1.32612447781531,103.89795152582765
54499,401.55555555555554,372.75,-0.07424598885396083,-0.0715567209494886,0.024132291477376125,-1.7119112126070213,-0.09343423034618625,,Bef CTE,Ang Mo Kio Ave 5,1.37700806651463,103.86055355422364
44071,633.8333333333334,588.5,-0.07408777727312366,-0.07140981885009211,0.024132291477376125,-1.7091500800681931,-0.09329078979595755,,Blk 464,Choa Chu Kang Ave 3,1.37677726111171,103.73622221734738
15041,3060.3888888888887,3456.4,0.12164816325920924,0.12935668269667056,0.024132291477376125,1.706863283568824,0.10274492084172204,,Alexandra Retail Ctr,Alexandra Rd,1.274632,103.801892
05269,641.7222222222222,596.05,-0.07371176615333042,-0.07106059296395525,0.024132291477376125,-1.7025878768948948,-0.09294979294521567,,Maxwell Stn Exit 2,Sth Bridge Rd,1.280894,103.844567
54061,577.0555555555555,651.65,0.12137101690322893,0.1290437289764539,0.024132291477376125,1.702026483269721,0.10243934145239805,,Blk 244,Ang Mo Kio Ave 1,1.36728801688172,103.83404076959498
64351,1178.0555555555554,1094.45,-0.0735485036052479,-0.07090891956839267,0.024132291477376125,-1.699738594108532,-0.09280169352795797,,Opp Montfort Sch,Hougang Ave 8,1.374811,103.888082
66039,871.2777777777778,809.75,-0.07314818049192962,-0.07053690847716709,0.024132291477376125,-1.6927520943315932,-0.09243844837464978,,Blk 307,Lor Chuan,1.35475138514216,103.86668854745251
24049,616.6666666666666,573.1,-0.07314534044365839,-0.07053426875337238,0.024132291477376125,-1.6927025293778015,-0.09243587085237391,,Pasir Laba Camp,Upp Jurong Rd,1.3309125,103.6737755
46911,439.27777777777777,495.7,0.12058038126398785,0.12815141955835926,0.024132291477376125,1.688228190007533,0.10156805809816713,,Opp Blk 20,Woodlands Loop,1.45068968281344,103.81027103832493
02171,370.1666666666667,344.1,-0.07281696792535541,-0.07022900763358828,0.024132291477376125,-1.6869717223133276,-0.09213780279776376,,Opp The Ritz-Carlton,Temasek Ave,1.29070000003898,103.86092194446034
46621,763.9444444444445,861.6,0.12014787466553489,0.12766359212724215,0.024132291477376125,1.680680019159817,0.10109172566028117,,Blk 335,Woodlands Ave 1,1.42955535916481,103.78064562823636
77169,424.33333333333337,394.65,-0.0723431931814229,-0.06978840125391829,0.024132291477376125,-1.678703333522666,-0.09170757871115245,,Opp Blk 742,Pasir Ris Dr 10,1.37694324707892,103.9363320444146
44239,741.7777777777778,690.0,-0.07225708843215362,-0.06970830216903454,0.024132291477376125,-1.6772006203603487,-0.09162936705280489,,Opp Zhenghua Pr Sch,Bt Panjang Rd,1.37846111098819,103.76983083299403
46771,7876.833333333333,7329.0,-0.07207739246461387,-0.0695411174815414,0.024132291477376125,-1.674064539041619,-0.09146612184621936,,Opp Admiralty Stn,Woodlands Ave 7,1.44088808355944,103.80018670656507
14211,506.05555555555554,570.5500000000001,0.11973139385107512,0.12719403966254006,0.024132291477376125,1.6734115327284351,0.10063323756395846,,ISS Intl Sch,Depot Rd,1.28161168409316,103.80521877469815
44301,1446.8333333333333,1346.25,-0.07200270821825949,-0.06947162426614487,0.024132291477376125,-1.6727611382307823,-0.09139826614439758,,Opp Blk 271,Bangkit Rd,1.377468,103.77388
14041,749.9444444444445,697.85,-0.07189554665674791,-0.06937190204927159,0.024132291477376125,-1.6708909383829862,-0.09130089374660957,,Blk 54,Henderson Rd,1.2732727805917,103.81247079301698
66459,660.5555555555555,744.5,0.11946116996529099,0.12688948605979197,0.024132291477376125,1.668695544430619,0.10033586035470285,,Opp Ang Mo Kio Linear Pk,Ang Mo Kio Ave 5,1.37848946701219,103.87075091953804
52409,438.44444444444446,494.15,0.11934944410177728,0.12676359039190946,0.024132291477376125,1.6667456876910303,0.10021293124785777,,Opp Blk 102,Jln Rajah,1.32801971174787,103.85105250762084
54269,884.2777777777778,823.1,-0.07160958718593413,-0.0691057420771885,0.024132291477376125,-1.6659003302652242,-0.09104100547407093,,Opp Ang Mo Kio Stn,Ang Mo Kio Ave 3,1.36921006543476,103.85111893571647
84149,449.5,418.45,-0.07141374775608877,-0.06892341842397315,0.024132291477376125,-1.6624825107903778,-0.09086297803100268,,Lion Hme For Elders,Bedok Sth Rd,1.32047933475714,103.93839375752798
70191,457.61111111111114,515.6,0.11906628220367654,0.12644457904300438,0.024132291477376125,1.6618039032371672,0.09990143696966752,,Opp Blk 66,Circuit Rd,1.327333,103.887875
07518,1995.7222222222222,1858.45,-0.07122620215069642,-0.06874878272724798,0.024132291477376125,-1.6592094363995975,-0.09069245738813413,,Opp NAFA Campus 3,Bencoolen St,1.30095828368506,103.85211175034802
60069,505.3888888888889,569.3,0.11885760894589392,0.1262095447065271,0.024132291477376125,1.6581621058478864,0.09967194089925438,,Kallang Basin Swim Cplx,Jln Kolam Ayer,1.32335935195255,103.87256741522513
15229,586.5555555555555,660.65,0.11876591102375578,0.12610627836611213,0.024132291477376125,1.6565617797831393,0.09957110789039963,,Bef Sth Buona Vista Rd,Pasir Panjang Rd,1.27937638961898,103.78572727156029
04321,674.1111111111111,759.15,0.11863849584740116,0.12596280447662966,0.024132291477376125,1.6543381107728707,0.09943101476895776,,UE Sq,Clemenceau Ave,1.2921400077773,103.84303646191061
54651,450.05555555555554,506.84999999999997,0.11859561341922831,0.12591452149279458,0.024132291477376125,1.6535897201231755,0.09938386950829478,,Opp Techplace 2,Ang Mo Kio Ave 5,1.37854275740549,103.86551861831312
81111,8085.833333333334,7532.900000000001,-0.0708243886730262,-0.06837451824983092,0.024132291477376125,-1.6521969265576242,-0.09032701194663051,,Paya Lebar Stn Exit B,Paya Lebar Rd,1.31860238558389,103.89211689790608
78221,808.2777777777778,752.95,-0.07081616474097796,-0.06836685659367016,0.024132291477376125,-1.6520534012464214,-0.09031953082702857,,Blk 231A CP,Pasir Ris Dr 4,1.37417517709229,103.96122560227602
22521,6841.166666666667,7701.6,0.1184534885943549,0.12575451245950223,0.024132291477376125,1.6511093360927733,0.09922763087132971,,Pioneer Stn Exit A,Jurong West St 63,1.33741647896432,103.69776790191162
54089,332.1666666666667,373.95,0.1181498184750529,0.1254127063531761,0.024132291477376125,1.645809639047603,0.09889387896332859,,Opp Ang Mo Kio Swim Cplx,Ang Mo Kio Ave 1,1.36297001065247,103.8484911674186
65019,1288.388888888889,1200.75,-0.07038954879286052,-0.06796932224568117,0.024132291477376125,-1.6446080349230654,-0.08993136383796163,,Opp Blk 266/The Rivervale,Punggol Rd,1.38151407829697,103.89749237919405
44159,1787.4444444444446,1665.95,-0.07035060726348075,-0.0679330268389658,0.024132291477376125,-1.6439284214376728,-0.08989592368338649,,Bt Batok Fire Stn,Bt Batok Rd,1.37401429037273,103.7525923087755
12021,382.8888888888889,356.85,-0.07023925468094383,-0.06782923299565795,0.024132291477376125,-1.641985079254387,-0.08979457560153065,,Bef Moonbeam Wk,Holland Rd,1.31907638897016,103.78243055601493
65459,676.9444444444445,761.75,0.11786497936110418,0.12509219044497252,0.024132291477376125,1.6408385835680162,0.09858091557874357,,Opp Blk 322 CP,Sumang Walk,1.41060953055987,103.8977216527095
84301,1073.0555555555557,1000.3,-0.07014256672258057,-0.06773909894998217,0.024132291477376125,-1.6402976663195248,-0.08970656544266166,,Blk 41,Bedok Nth Ave 1,1.32782140214678,103.92656628872025
44581,496.94444444444446,463.25,-0.0700653132283815,-0.067667075755885,0.024132291477376125,-1.6389494266050708,-0.08963623937766349,,Blk 489A,Choa Chu Kang Ave 5,1.37532277779344,103.74031352986161
18111,783.5555555555555,730.8,-0.06961013359502122,-0.06724260019827238,0.024132291477376125,-1.631005562508445,-0.08922176601211783,,Fairfield Meth Pr Sch,Dover Rd,1.30059305599352,103.78448416698873
25421,2651.6111111111113,2981.75,0.11730121394204218,0.12445808113598811,0.024132291477376125,1.6309996638467088,0.0979617481974771,,Opp Tuas Lk Stn,Tuas West Dr,1.3412625,103.6374186
75591,298.1666666666667,335.4,0.11730009640446859,0.12445682451253466,0.024132291477376125,1.6309801604112366,0.09796052118465476,,Bef Blk 631B,Tampines Ave 12,1.362079,103.942426
70081,488.1111111111111,548.85,0.11705582900675626,0.12418218991367605,0.024132291477376125,1.6267171686856658,0.09769235797845174,,Opp HDB CP,Ubi Ave 3,1.33227580149459,103.89497442435284
11291,339.5,381.7,0.11683626684208992,0.12393538913362748,0.024132291477376125,1.622885336439582,0.09745137272478639,,Cold Storage Jelita,Holland Rd,1.31792777802094,103.78592333300938
76551,1520.9444444444443,1709.55,0.11682619913302528,0.12392407373608237,0.024132291477376125,1.6227096332518463,0.09744032395927116,,Tampines Stn Exit D,Tampines Ctrl 1,1.355401,103.943599
85049,285.8333333333333,321.34999999999997,0.11673658477314497,0.12382335851249299,0.024132291477376125,1.621145669832086,0.09734198195362648,,Opp Man Fatt Lam Tp,Bedok Rd,1.32671998700111,103.95124872703616
76071,1517.611111111111,1416.3,-0.06904252126007471,-0.06671300530455408,0.024132291477376125,-1.62109950582683,-0.0887046503053625,,Blk 141,Tampines Ave 2,1.34802638899143,103.94517805600674
11151,712.9444444444445,801.3,0.11667745234863425,0.12375690607734853,0.024132291477376125,1.6201136817781623,0.09727709538018527,,Blk 42,C'wealth Ave,1.29863585845076,103.80247592925552
01129,378.27777777777777,353.05,-0.06883071342433222,-0.06651530686978135,0.024132291477376125,-1.6174030033068962,-0.08851161036665735,,Bef Jln Pisang,Victoria St,1.30350269187301,103.85864530718491
46411,589.6111111111111,550.35,-0.06878796618775329,-0.0664754021258586,0.024132291477376125,-1.616656972041432,-0.08847264592402156,,Blk 869,Woodlands Ave 4,1.44270591766599,103.79441916127091
54369,309.8888888888889,348.25,0.11635242024786407,0.1233917083631165,0.024132291477376125,1.6144411721878325,0.09692050305586238,,Opp Blk 4025,Ang Mo Kio Ind Pk 1,1.35874638898802,103.85588277797046
02061,1513.1666666666667,1699.8500000000001,0.11626289348374197,0.12329113924050636,0.024132291477376125,1.6128787375025488,0.09682230370852507,,The Esplanade,Raffles Ave,1.2899155,103.8565215
12049,394.6666666666667,368.45,-0.06855669270690168,-0.06625947767481039,0.024132291477376125,-1.612620752126503,-0.08826180944044897,,Opp Pandan Valley,Ulu Pandan Rd,1.32091131971837,103.77655888991401
13101,483.6111111111111,543.3,0.11615382890310055,0.12316863464404451,0.024132291477376125,1.610975325875858,0.09670268576709184,,Opp Mohd Sultan Rd,River Valley Rd,1.29414162678811,103.84231209757696
05022,3681.6666666666665,3438.0,-0.0684563959887523,-0.0661658218682116,0.024132291477376125,-1.610870358567735,-0.08817036050618707,,Aft Chinatown Stn Exit D,Eu Tong Sen St,1.28571089865595,103.84437203405348
20129,535.2777777777777,499.8,-0.06844544916656137,-0.06615559929555552,0.024132291477376125,-1.6106793129641943,-0.08816037881462131,,Bet Blks 50/51,West Coast Rd,1.32034555007728,103.73754105423453
93019,1051.1666666666667,981.8,-0.0682011684925472,-0.06592745129098744,0.024132291477376125,-1.6064160895385875,-0.08793760680902526,,Neptune Ct,Marine Parade Rd,1.30787614366531,103.92111718654822
59119,3518.777777777778,3286.95,-0.0681335860383534,-0.06586432224256664,0.024132291477376125,-1.6052366302831969,-0.08787596531119717,,Opp Blk 701A,Yishun Ave 5,1.43037444021889,103.82794865433573
98139,1347.888888888889,1513.5,0.1158041431900223,0.12277594728171355,0.024132291477376125,1.604872557698999,0.09631925155102537,,Aft Loyang Way 1,Loyang Way,1.37394091672222,103.97236010514752
47759,908.0,1019.5500000000001,0.11575188246257273,0.12271727172717264,0.024132291477376125,1.6039604955458984,0.09626195860652086,,Blk 694C,Woodlands Dr 62,1.439225,103.805645
67739,421.22222222222223,473.0,0.11567555331681945,0.12263157894736922,0.024132291477376125,1.6026283877009155,0.09617828506110436,,Aft Sengkang East Dr,Buangkok Dr,1.37998423176832,103.90195091871207
43349,1899.888888888889,1775.1,-0.06790166373729889,-0.06564765022211844,0.024132291477376125,-1.6011890870595407,-0.08766439887368581,,Opp Princess E Pr Sch,Bt Batok West Ave 3,1.34989138902216,103.74073750002215
20031,532.5,597.85,0.11555207865170747,0.12249297094657889,0.024132291477376125,1.6004734890913601,0.09604294317027268,,The Infiniti,AYE,1.32055987103977,103.75464677812963
55139,1704.888888888889,1593.3,-0.06765154890935943,-0.06541392561714267,0.024132291477376125,-1.5968240450935054,-0.08743618167272381,,Blk 641,Ang Mo Kio Ave 4,1.37894011617745,103.84007487448596
78079,702.1111111111111,788.0,0.11525138873460339,0.12215549936788825,0.024132291477376125,1.5952258029875974,0.0957134236526293,,Blk 429,Pasir Ris Dr 6,1.36995048419615,103.95691414168428
96301,383.33333333333337,430.25,0.11517773674462006,0.12207285342584549,0.024132291477376125,1.5939404172717333,0.09563272515036497,,Expo Stn Exit B,Changi Sth Ave 1,1.33450022538919,103.9617438259165
76189,1212.8333333333333,1133.65,-0.06745916267422825,-0.06523410682411045,0.024132291477376125,-1.5934664912973013,-0.08726060006619833,,Opp Blk 216,Tampines St 23,1.3537000000187,103.95279611102576
43089,865.7777777777778,809.35,-0.0673163791479654,-0.06510062812459963,0.024132291477376125,-1.5909746115102035,-0.08713026661160304,,St. Joseph's Ch (Bt Timah),Upp Bt Timah Rd,1.36705664197789,103.76608527288596
46088,1161.5555555555557,1085.95,-0.06724503814163985,-0.06503392908343683,0.024132291477376125,-1.58972955743214,-0.08706513924308061,,Blk 25,Woodlands Ctr Rd,1.44180914262822,103.77108660594439
54509,605.7777777777777,679.65,0.11488559914254814,0.12174510162973856,0.024132291477376125,1.5888419874688853,0.09531269638178261,,Aft Blk 5000,Ang Mo Kio Ave 5,1.37758835823729,103.86257049780349
81159,938.0,877.0,-0.06716888557314604,-0.06496272630457914,0.024132291477376125,-1.588400531240309,-0.08699561426134707,,Opp Kong Hwa Sch,Guillemard Rd,1.31167873834387,103.8874161243355
46101,19965.055555555555,22394.65,0.11483313415545204,0.12168625083127313,0.024132291477376125,1.587926360545409,0.09525523232273947,,W'lands Checkpt,Woodlands Crossing,1.44460832436456,103.76774882217022
59611,745.3333333333334,836.1,0.11477120973536525,0.12161679321125468,0.024132291477376125,1.586845646160628,0.09518741137753887,,Opp Yishun Community Hosp,Yishun Ctrl 2,1.42362582861812,103.83666744952643
96101,1797.1666666666667,1681.1,-0.06672461452554845,-0.06454722402446927,0.024132291477376125,-1.5806470454392705,-0.08658990273016344,,Blk 3012,Simei Ave,1.33638500905398,103.9510568939649
12029,412.6666666666667,462.8,0.11439292828493297,0.12119258662368967,0.024132291477376125,1.5802438208321865,0.09477320064412566,,Opp Moonbeam Wk,Holland Rd,1.31958369390988,103.7824392109149
66029,309.6111111111111,289.6,-0.06659393199429786,-0.06442496869969573,0.024132291477376125,-1.5783663540550932,-0.0864705281866685,,St. Gabriel's Pr Sch,Lor Chuan,1.350163,103.861409
26261,591.6666666666666,553.5,-0.06656532061531806,-0.06439820022497149,0.024132291477376125,-1.5778670239234818,-0.08644439047482502,,Aft Tuas Sth Ave 4,Tuas Sth Ave 3,1.314416,103.6286355
21161,487.6111111111111,546.75,0.11425207920008162,0.12103467879476927,0.024132291477376125,1.577785701210416,0.0946190136994951,,Blk 216B,Corporation Rd,1.35043949411648,103.7127413228723
65259,1559.0555555555557,1458.6,-0.06655900758279198,-0.0643922937217341,0.024132291477376125,-1.577756847920978,-0.08643862315034308,,Punggol Stn/Int,Punggol Ctrl,1.4053405,103.9014515
71211,453.27777777777777,508.25,0.11423019884110275,0.12101015042191525,0.024132291477376125,1.5774038418622056,0.09459506330455282,,Ubi 55,Ubi Ave 1,1.32546235545492,103.89525403753592
77201,959.7222222222222,898.1,-0.06629105343903063,-0.06414156016885476,0.024132291477376125,-1.5730804715056845,-0.08619379779431642,,Pasir Ris Elias CC,Pasir Ris Dr 3,1.37864001176536,103.94276350247947
67399,913.8333333333334,1024.25,0.11394986495033432,0.12069593732920374,0.024132291477376125,1.5725114122218398,0.09428825421814246,,Blk 325 CP,Sengkang East Way,1.39385005995777,103.89167010585574
64469,1753.611111111111,1641.2,-0.06621043696030515,-0.06406611151568856,0.024132291477376125,-1.5716735404744868,-0.08612012698655644,,Opp Blk 579,Buangkok Green,1.3795683329839,103.88576472203239
65451,702.8333333333334,657.75,-0.06619748585031626,-0.06405399005446344,0.024132291477376125,-1.5714475157358738,-0.08610829115116096,,Blk 322 CP,Sumang Walk,1.41068999997892,103.89759188105812
50021,1068.0555555555554,1196.95,0.11383616225297466,0.12056851842228337,0.024132291477376125,1.5705270554777186,0.09416383776532605,,United Sq/Bef Novena Stn,Thomson Rd,1.3173533543911,103.84421700922245
67329,356.8888888888889,400.0,0.11373885531159011,0.12045948463210226,0.024132291477376125,1.5688288399571544,0.09405737320885373,,Opp Blk 310B,Sengkang East Ave,1.39001974230515,103.88460168183559
47599,843.0555555555555,944.65,0.11365420518686076,0.12036464161126735,0.024132291477376125,1.5673515131232445,0.09396476503545254,,Blk 683A,Woodlands Ave 6,1.4399264222862,103.80263149734922
27341,1050.6666666666667,1177.25,0.1136540794966363,0.12036450079239293,0.024132291477376125,1.5673493195583568,0.09396462753478431,,Blk 729,Jurong West St 72,1.346726,103.697809
78101,1686.0,1889.0,0.11362502550772025,0.12033195020746944,0.024132291477376125,1.5668422649309117,0.09393284396034339,,Opp Downtown East,Pasir Ris Dr 3,1.375053,103.954039
28039,549.3888888888889,615.6,0.11359541637518422,0.12029877864136446,0.024132291477376125,1.5663255218526928,0.0939004540373022,,Aft Boon Lay Sub Stn,Boon Lay Way,1.3280750000324,103.75140833297368
28679,603.5,676.1,0.11341730243675219,0.12009925558312638,0.024132291477376125,1.5632170503462384,0.09370563246991441,,Bef Toh Guan Rd East,Toh Guan Rd East,1.33661449274468,103.75110456918219
23189,415.05555555555554,388.6,-0.06569822658482227,-0.06358659367071698,0.024132291477376125,-1.56273436720419,-0.08565190833066401,,Bef First Lok Yang Rd,Intl Rd,1.32764459746447,103.69397532297509
67009,7251.722222222222,8121.1,0.11321186410746087,0.11986916789864292,0.024132291477376125,1.5596317094203265,0.09348096649033519,,Sengkang Int,Sengkang Sq,1.39178060381601,103.89588499436073
11369,4596.333333333333,5147.3,0.11319013784100207,0.11984483758700654,0.024132291477376125,1.5592525393181809,0.093457209489566,,Buona Vista Stn Exit D,Nth Buona Vista Rd,1.3063259638605,103.79084827741467
54371,2792.1111111111113,2615.15,-0.06545229676577691,-0.06335627337099278,0.024132291477376125,-1.5584423626490171,-0.08542701521710742,,Blk 409 Mkt/FC,Ang Mo Kio Ave 10,1.36238306289968,103.85568284134345
64601,989.3333333333334,926.6,-0.06544098141312205,-0.06334567485695115,0.024132291477376125,-1.5582448853958457,-0.0854166664427061,,Blk 919,Hougang Ave 4,1.37548640364406,103.8845866729986
26461,328.6111111111111,307.75,-0.0653816204202915,-0.0632900724759817,0.024132291477376125,-1.5572089083328882,-0.08536237425659676,,Aft Tuas Sth Ave 8,Tuas Sth Ave 5,1.29946472196917,103.62876777798095
82071,1541.4444444444443,1725.95,0.11298838722447346,0.11961893098977087,0.024132291477376125,1.5557315569155143,0.09323662607557191,,Opp Tg Katong Girls' Sch,Tg Katong Rd,1.307258,103.895454
77029,1552.0,1453.85,-0.0652857416410253,-0.063200257566001,0.024132291477376125,-1.5555356173145305,-0.08527467571342211,,Blk 571,Pasir Ris Dr 1,1.373014,103.945543
59821,1111.111111111111,1244.0,0.1128754190160084,0.11949245678888983,0.024132291477376125,1.5537600185831402,0.0931131320680755,,Blk 334B,Yishun Ave 6,1.432912,103.845777
59199,898.8888888888889,1006.1,0.11255889374132888,0.11913816520558142,0.024132291477376125,1.5482359714138085,0.09276718888646043,,Blk 250,Yishun Ave 6,1.43609553700432,103.84224938363205
75139,812.7777777777778,761.75,-0.06475700486140301,-0.06270480611687611,0.024132291477376125,-1.5463080227290702,-0.08479089890719507,,Blk 863,Tampines Ave 5,1.35563964372785,103.93612503756641
40209,687.6111111111111,769.55,0.11242785900826036,0.11899152884227511,0.024132291477376125,1.5459491333500104,0.09262400781061055,,Novotel Mercure @ Stevens,Stevens Rd,1.31388805600649,103.82738777802837
52321,727.4444444444445,814.0,0.11227675071336218,0.1188224527150706,0.024132291477376125,1.5433119684362766,0.09245891573353075,,Aft SAFRA Toa Payoh,Lor 6 Toa Payoh,1.3312589884768,103.8527071071997
62021,335.1666666666667,314.15,-0.0645583527670377,-0.06251859196826974,0.024132291477376125,-1.5428411162058182,-0.08460907264299464,,Wisma AUPE,Upp Paya Lebar Rd,1.3436889743392,103.8825074871872
42231,380.55555555555554,425.84999999999997,0.11217619933511447,0.11870995923121781,0.024132291477376125,1.5415571305107931,0.0923490730063861,,Bef Jln Jurong Kechil,Toh Tuck Rd,1.34056805598593,103.7706058329681
28029,562.1666666666667,628.9499999999999,0.1120648336704031,0.11858538029002587,0.024132291477376125,1.5396135600154117,0.09222742959934906,,8 @ Tradehub 21,Boon Lay Way,1.32688998200812,103.75436027668461
13079,400.3333333333333,447.9,0.11200780858723025,0.11852159468438589,0.024132291477376125,1.5386183496025914,0.09216514701518415,,Great World Stn Exit 4,River Valley Rd,1.29612213279141,103.83229211134126
27391,435.0,486.65,0.1119556920689897,0.11846330275229354,0.024132291477376125,1.5377088042105096,0.09210822865358433,,Blk 857,Jurong West St 82,1.3485045,103.6961505
46361,612.6666666666666,685.35,0.11193580913270029,0.11844106463878312,0.024132291477376125,1.5373618041864556,0.09208651455112364,,Blk 425,Woodlands St 41,1.4274660260627,103.773787554639
15151,544.0,608.55,0.11193518534791114,0.11844036697247702,0.024132291477376125,1.5373509177995714,0.09208583332437989,,Opp Mapletree Biz City,Pasir Panjang Rd,1.27389192906939,103.79822208982421
44369,510.55555555555554,571.1,0.11185760876892914,0.11835360556038223,0.024132291477376125,1.535997039560414,0.09200111632754578,,Dairy Farm Mall,Petir Rd,1.36578306,103.7753769
47491,633.8333333333334,708.95,0.11183204776981714,0.11832501969020685,0.024132291477376125,1.5355509451215643,0.09197320404471546,,Twin Fountains,Woodlands Ave 6,1.431049,103.8005965
75221,1041.1666666666667,976.45,-0.06411001868311406,-0.062098192867423324,0.024132291477376125,-1.5350167216777009,-0.08419857967802818,,Opp Temasek Poly East G,Tampines Ave 1,1.34567355960876,103.93595044893453
61039,4703.555555555556,4411.55,-0.0640785527794403,-0.06206868047519003,0.024132291477376125,-1.5344675739475695,-0.08416976270537838,,Woodleigh Stn Exit A,Upp S'goon Rd,1.33845332842129,103.87084881783568
71011,551.3888888888889,616.65,0.11166964689891312,0.11814341747963311,0.024132291477376125,1.5327167004561968,0.09179588104446931,,Aft Paya Lebar Rd,Airport Rd,1.33411688207761,103.89054392713261
51099,1108.2777777777778,1039.55,-0.06395973339131356,-0.06195722942855773,0.024132291477376125,-1.5323939199390297,-0.08406093785183184,,Catholic JC,Whitley Rd,1.325881667006,103.8345342161876
59251,1785.7777777777778,1675.45,-0.06373541109444236,-0.061746781916547575,0.024132291477376125,-1.5284790131427117,-0.08385544925064092,,Opp Darul Makmur Mque,Yishun Ave 2,1.43669132626001,103.83368337352286
82049,3786.0555555555557,3553.3,-0.063430680781984,-0.06146082415244938,0.024132291477376125,-1.523160813445548,-0.0835762296942634,,Joo Chiat Cplx,Changi Rd,1.31634170548514,103.89891621295058
83031,413.0,461.65000000000003,0.11110485486972532,0.11751207729468649,0.024132291477376125,1.5228598641790467,0.09117941753658025,,Opp Hong San Si Tp,Sims Ave East,1.32027026937212,103.91000032422843
28389,840.6111111111111,788.9,-0.06341168909178574,-0.061442999537923516,0.024132291477376125,-1.5228293675836444,-0.08355882509265655,,Opp Blk 515,Jurong West St 51,1.34646209983221,103.72147231551902
14141,7306.777777777777,8162.45,0.11072764376437405,0.1170906188231721,0.024132291477376125,1.516276718675529,0.09076789016358194,,HarbourFront Stn/Vivocity,Telok Blangah Rd,1.26552421466644,103.82211326846237
65619,325.8333333333333,364.1,0.1107209316933,0.11708312085670589,0.024132291477376125,1.516159578591678,0.09076056887654842,,Nibong Stn Exit A,Punggol Way,1.4115376363476,103.9000027461105
59609,378.44444444444446,422.8,0.1105534511655275,0.11689604685212283,0.024132291477376125,1.5132366829831154,0.09057790301771375,,Opp Blk 391,Yishun Ave 6,1.4289961111075,103.8495613888577
54451,495.8888888888889,465.65000000000003,-0.06278692548695997,-0.060856440071556335,0.024132291477376125,-1.5119258982596429,-0.08298608710631591,,Blk 643,Ang Mo Kio Ave 5,1.37723501808517,103.84059645206445
71299,305.27777777777777,340.9,0.11002583595173654,0.11630691093778324,0.024132291477376125,1.504028662134893,0.0900026492939104,,Empire Technocentre,Kaki Bt Rd 3,1.33675693078428,103.9040176205713
10279,549.1666666666666,613.15,0.11001793535996551,0.1162980914874282,0.024132291477376125,1.5038907798073191,0.08999403766196752,,Tanglin View,Alexandra Rd,1.29151373164978,103.81757660887743
81069,971.2777777777778,1084.3,0.10997018221197674,0.1162447860122281,0.024132291477376125,1.5030573846156046,0.08994198825815151,,Opp Lor 39 Geylang,Geylang Rd,1.314729,103.89069
67479,1126.0555555555554,1058.25,-0.062047418398496035,-0.060161679893527775,0.024132291477376125,-1.4990199082313078,-0.0823076980116548,,Layar Stn Exit A/Blk 417A,Sengkang West Ave,1.39198203746983,103.88019668070044
10069,686.4444444444445,645.1,-0.062026727630649425,-0.06014223371585562,0.024132291477376125,-1.4986588098082194,-0.08228871005684274,,Opp Blk 140,Jln Bt Merah,1.27855472196877,103.83008250001669
67089,465.33333333333337,437.35,-0.061883007962777015,-0.0600071479628307,0.024132291477376125,-1.4961505923355651,-0.08215680741677457,,Bef Fernvale Lane,Sengkang West Rd,1.39029406445756,103.86916019529639
93139,355.8333333333333,334.45,-0.06179590535273061,-0.0599252685660905,0.024132291477376125,-1.4946304643554047,-0.0820768573972101,,Eastern Lagoon II,Bedok Sth Ave 1,1.31278641539067,103.9338525622476
19081,1538.6666666666667,1716.8,0.10947845956962876,0.1156960381034857,0.024132291477376125,1.494475766375769,0.08940617085125109,,Opp ACS Boarding Sch,Dover Rd,1.30256972202724,103.78282472199413
22141,516.3888888888889,576.15,0.10930740343542755,0.11550520777407865,0.024132291477376125,1.4914904687407295,0.0892198371803034,,Aft Jln Buroh,Pioneer Rd,1.3173330063793,103.6959517251446
28651,907.3888888888889,1012.3,0.10929503181585076,0.11549140725337972,0.024132291477376125,1.4912745573568047,0.08920636185019831,,Opp IMM Bldg,Toh Guan Rd,1.33515192012369,103.74794188238828
46511,441.77777777777777,492.90000000000003,0.1092650536584836,0.1154579673776668,0.024132291477376125,1.4907513740011833,0.08917370993990195,,Marsiling Pr Sch,Woodlands Ctr Rd,1.43438229479103,103.77255675974702
14201,1162.6666666666667,1093.2,-0.061552436807200905,-0.059696362073904434,0.024132291477376125,-1.4903814143194594,-0.08185334477673034,,Blk 110,Depot Rd,1.28167307267242,103.80914683892263
23231,276.77777777777777,308.8,0.10910549446269524,0.11527999999999966,0.024132291477376125,1.4879667226815438,0.08899993612264406,,Keppel Logistics,Pioneer Rd,1.3093,103.6750325
53021,503.0,561.1,0.10910350193666041,0.11527777777777747,0.024132291477376125,1.487931948814548,0.08899776626408115,,Lakeview Est,Upp Thomson Rd,1.34967996840542,103.83652457261991
44799,682.7777777777777,761.4,0.10883837379422445,0.11498212544686366,0.024132291477376125,1.4833048922036143,0.08870908058023526,,Blk 610,Senja Rd,1.38338692962433,103.7609562427946
07379,1120.8333333333333,1249.75,0.10877911958565623,0.11491606002079918,0.024132291477376125,1.4822707787558216,0.08864457189652881,,Aperia/Bef Kallang Rd,Lavender St,1.31017336740849,103.86338225534827
80149,883.3333333333333,830.9499999999999,-0.06106172260811338,-0.059234828496041884,0.024132291477376125,-1.4818173955845733,-0.08140268661303085,,S.A. Deaf,Mountbatten Rd,1.3074963710946,103.8798058337351
08121,4407.388888888889,4913.85,0.1087519429221846,0.11488576073395552,0.024132291477376125,1.4817964874971716,0.0886149865713752,,Somerset Stn,Somerset Rd,1.30027569326586,103.83877618459663
77249,1029.0555555555557,1147.15,0.1085392131631906,0.11464861657947245,0.024132291477376125,1.4780838954326256,0.08838343039796233,,Blk 640,Pasir Ris Dr 1,1.37599439507295,103.939861116152
93059,314.16666666666663,295.59999999999997,-0.06071716972657093,-0.05891062929666857,0.024132291477376125,-1.4758042063632804,-0.08108612672904784,,Aft Jln Buloh Perindu,East Coast Rd,1.31076138897412,103.91930777802244
52449,374.55555555555554,352.45,-0.060664378523881624,-0.058860946745561755,0.024132291477376125,-1.4748828862757242,-0.08103761488002184,,Bef Blk 105,Lor 1 Toa Payoh,1.34044945876465,103.85000305578686
55181,772.8888888888889,727.5,-0.060440683242427795,-0.05865039483129995,0.024132291477376125,-1.4709789222477045,-0.08083202433667702,,Opp Yio Chu Kang Stn,Ang Mo Kio Ave 6,1.38143251435794,103.84389230276943
17169,1105.3333333333333,1231.5,0.10799338286498017,0.11404037360650787,0.024132291477376125,1.468557982164506,0.0877895198475127,,Blk 329,C'wealth Ave West,1.31284527799656,103.76679666702314
15161,683.9444444444445,762.0,0.10792029931206848,0.11395895855300459,0.024132291477376125,1.4672825168987536,0.08771002322956517,,Opp HarbourSide Bldg 2,Pasir Panjang Rd,1.27443806198132,103.79666055940478
45361,725.0555555555555,682.65,-0.06018044394578048,-0.05840538679317461,0.024132291477376125,-1.4664371865160193,-0.0805927895813976,,Opp Blk 765,Choa Chu Kang Nth 5,1.39239930690933,103.7500200571186
05421,322.8333333333333,359.6,0.10754033061983215,0.11353576942871886,0.024132291477376125,1.46065124557008,0.08729680598428599,,Aft Craig Rd,Tg Pagar Rd,1.27777470568529,103.84346347289251
58211,2376.1666666666665,2646.05,0.10753651006198428,0.11353151510902303,0.024132291477376125,1.4605845686142314,0.08729265191187635,,Sembawang Stn,Sembawang Way,1.44926202582359,103.81979401898032
98121,679.1111111111111,756.3,0.1075032926049273,0.11349452703806653,0.024132291477376125,1.4600048525084204,0.08725653541475553,,Krislite Bldg,Loyang Way,1.37205479195352,103.97023200986916
52149,531.8888888888889,592.25,0.1073029565046868,0.11327147623019107,0.024132291477376125,1.4565085564588582,0.08703874049731017,,Blk 139A,Lor 1 Toa Payoh,1.33640498933489,103.84357399610558
56029,741.3888888888889,698.55,-0.059435943705601346,-0.05770410835890147,0.024132291477376125,-1.4534440552455627,-0.07990803582437907,,Bef Sembawang Hills FC,Upp Thomson Rd,1.37359500001635,103.82870000002058
28239,1714.2777777777778,1908.2,0.10710926909762808,0.11305587044534438,0.024132291477376125,1.4531282944125457,0.08682821517100131,,Jurong Town Hall Int,Jurong Town Hall Rd,1.329722,103.7431495
06171,1838.1666666666667,1732.4,-0.059227772762537434,-0.057507929315813534,0.024132291477376125,-1.449811024329047,-0.07971647947494989,,Opp State Ct,Upp Cross St,1.286101944,103.8425356
40441,531.4444444444445,591.5,0.10687231055022028,0.11279215358931545,0.024132291477376125,1.4489928578525983,0.08657071244579333,,Blk 238,Tengah Dr,1.361914,103.733399
43529,1300.2777777777778,1446.95,0.10680207526598906,0.11271399906075272,0.024132291477376125,1.4477671010044684,0.08649439952292864,,Opp Bt Batok Driving Ctr,Bt Batok West Ave 5,1.36769649857951,103.7502379581868
84449,449.55555555555554,423.7,-0.0590983518940682,-0.05738594327990113,0.024132291477376125,-1.4475523516753583,-0.07959736787488852,,Blk 509,Bedok Nth St 3,1.33322170084132,103.93155200621871
14229,903.5555555555555,851.65,-0.05909457747883451,-0.05738238545633161,0.024132291477376125,-1.4474864800074208,-0.07959389388661657,,Ch of St. Teresa,Kg Bahru Rd,1.27370670186653,103.82857888915174
28031,1091.5,1214.6,0.10676913407289312,0.11267734553775781,0.024132291477376125,1.4471922062992657,0.08645860969059944,,Bef The Synergy,Boon Lay Way,1.32790100001681,103.75101499996688
55071,286.3888888888889,318.75,0.10670312835160178,0.11260390489077916,0.024132291477376125,1.446040264425972,0.08638689957307868,,Bef ECON Medicare Ctr,Yio Chu Kang Rd,1.39246274085167,103.85261828242731
09111,1276.7777777777778,1420.6,0.10666053982531931,0.1125565217391302,0.024132291477376125,1.4452970029967074,0.0863406329412741,,Opp Four Seasons Hotel,Orchard Blvd,1.30453752623147,103.82914529614989
84631,351.1111111111111,330.95,-0.05896242718953282,-0.05725781003471109,0.024132291477376125,-1.4451801730868044,-0.07947225391621703,,Opp Waterfront Waves,Bedok Reservoir Rd,1.33879275233871,103.92948245969215
78191,991.9444444444445,935.1,-0.05895240691651438,-0.05724836345325304,0.024132291477376125,-1.4450052977601515,-0.07946302993066685,,Aft Blk 182,Pasir Ris St 11,1.36488943048941,103.96176906896966
70309,744.8888888888889,702.25,-0.05886419923256536,-0.0571652018471617,0.024132291477376125,-1.4434658838623982,-0.07938182791527941,,Opp Paya Lebar St,Upp Paya Lebar Rd,1.33965000001824,103.88639700003634
70131,497.72222222222223,553.75,0.10646828995217916,0.11234265344769927,0.024132291477376125,1.4419418290106822,0.08613180416670006,,Bef Davidson Rd,MacPherson Rd,1.3327616336301,103.88503448837113
28601,354.3333333333333,334.05,-0.0587765416385011,-0.057082551594747344,0.024132291477376125,-1.4419360702168642,-0.07930112520421154,,Yuhua Sec Sch,Jurong West St 41,1.34733744665393,103.72316770207861
67199,642.7777777777778,606.05,-0.05874244100309234,-0.05705039696237514,0.024132291477376125,-1.4413409407483158,-0.0792697282522359,,Opp Blk 223D,Compassvale Rd,1.388736,103.896814
59131,569.1111111111111,536.6,-0.05871648439680577,-0.05702592087312428,0.024132291477376125,-1.4408879421129683,-0.07924582890890444,,Blk 137,Yishun Ring Rd,1.43192545956112,103.82969184791156
20299,1483.6666666666667,1399.1,-0.05864661752532374,-0.05696003592276616,0.024132291477376125,-1.4396686148600937,-0.07918149644823858,,Blk 501,West Coast Rd,1.3109280417106,103.75857544044081
59339,736.2777777777778,694.3,-0.05862131743611254,-0.05693617662572538,0.024132291477376125,-1.4392270738604611,-0.07915819936324348,,Blk 776,Yishun Ave 3,1.42273567302859,103.83378411194366
53211,511.88888888888886,482.7,-0.05859435102277821,-0.056910745233968454,0.024132291477376125,-1.4387564519191411,-0.07913336722781666,,Opp Raffles Instn,Bishan Rd,1.34707169454274,103.84712672325323
56051,934.9444444444443,1039.9,0.10628488203138353,0.11213865970202433,0.024132291477376125,1.4387409661199384,0.08593261725757463,,Opp Tagore Rd,Upp Thomson Rd,1.38249472962714,103.82576395474278
72051,819.5555555555555,911.35,0.10604207075328365,0.11186865267434012,0.024132291477376125,1.4345033868150077,0.08566897258009382,,Kaki Bt Ind Est,Kaki Bt Ave 1,1.33343973211343,103.90412516288117
84139,347.5,327.75,-0.05834064670860428,-0.056671449067431864,0.024132291477376125,-1.4343287656941508,-0.07889970975160196,,Panasonic,Bedok Sth Rd,1.321745,103.92772
81011,1364.5555555555557,1517.15,0.1059311420791591,0.11174532139951217,0.024132291477376125,1.43256744274572,0.0855485474398514,,Aft Aljunied Stn,Sims Ave,1.31532318660502,103.88335173265862
60059,669.4444444444445,744.35,0.10591306433365233,0.11172522373218438,0.024132291477376125,1.432251947185387,0.08552892334685577,,Bef Kallang Pl,Boon Keng Rd,1.31434638899368,103.86586250001177
65341,991.0,935.0,-0.05810763080728076,-0.056451612903225826,0.024132291477376125,-1.4302621367924977,-0.07868505372909834,,Opp Blk 272C,Punggol Field,1.40194694990354,103.9009230492748
58251,2601.0,2891.35,0.10578894039659037,0.1115872405841666,0.024132291477376125,1.4300857173831456,0.08539419158498668,,Sun Plaza/ Sembawang Stn,Sembawang Dr,1.44803148822713,103.81895207486829
08057,4459.388888888889,4207.75,-0.05807026555571504,-0.0564163563216961,0.024132291477376125,-1.4296100327469297,-0.07865062792119919,,Dhoby Ghaut Stn,Orchard Rd,1.29930997279734,103.84529021429745
67071,611.5,577.0,-0.0579750737465039,-0.05632653061224426,0.024132291477376125,-1.427948730834314,-0.0785629188330283,,Bef Gerald Dr,Yio Chu Kang Rd,1.38224166699882,103.87700083300696
77219,695.9444444444445,773.35,0.1053182668578252,0.11106416899162987,0.024132291477376125,1.4218714512960926,0.08488344546664862,,Opp Blk 626,Pasir Ris Dr 3,1.3805766269449,103.94064766803564
28109,277.8333333333333,308.8,0.10531269622399897,0.11105797967722619,0.024132291477376125,1.4217742317484585,0.08487740199506279,,SMRT Ulu Pandan Depot,Toh Tuck Ave,1.33327344230787,103.7593317971408
44141,2493.9444444444443,2770.4,0.1050861454826375,0.11080629717873954,0.024132291477376125,1.4178204338004274,0.08463165005404784,,Phoenix Stn,Choa Chu Kang Rd,1.37835602806756,103.75773677895589
59179,1080.388888888889,1020.15,-0.05731677998522411,-0.05570511173901837,0.024132291477376125,-1.4164600881271296,-0.07795614285457589,,Blk 241,Yishun Ave 9,1.43221439515231,103.83988331688866
17321,385.72222222222223,364.25,-0.057124612641692885,-0.05552363166211748,0.024132291477376125,-1.4131063544603744,-0.07777893911008787,,Tien Wah Press Bldg,West Coast Highway,1.30483416696998,103.76035361097789
07221,765.2777777777778,849.95,0.1048086342613308,0.11049807873559062,0.024132291477376125,1.4129772658162303,0.08433069436139577,,Sri Vadapathira K Tp,S'goon Rd,1.314966,103.857819
19079,328.22222222222223,309.95,-0.05710084268744797,-0.05550118123523494,0.024132291477376125,-1.4126915176085788,-0.07775701769713236,,Dover Ct Intl Sch,Dover Rd,1.30607,103.780131
65231,465.55555555555554,439.75,-0.05689928206999362,-0.05531078828292388,0.024132291477376125,-1.4091738510986143,-0.0775711110970813,,Riviera Stn Exit B,Punggol East,1.3942824799683,103.91576531457447
64379,304.27777777777777,287.4,-0.05687370353076293,-0.055286624203821556,0.024132291477376125,-1.4087274505469491,-0.07754751641180148,,Punggol CC,Hougang Ave 6,1.374683,103.892704
28101,374.27777777777777,415.6,0.1044600363287378,0.11011102886750634,0.024132291477376125,1.4068934817496181,0.08395276479965338,,Opp SMRT Ulu Pandan Depot,Toh Tuck Ave,1.33312436803086,103.75905617435505
59389,1245.111111111111,1176.35,-0.0567614403771568,-0.05518056174765928,0.024132291477376125,-1.4067682169390607,-0.07744395317388299,,Opp Blk 314,Yishun Ring Rd,1.43202071867504,103.84208246442347
62121,275.55555555555554,306.0,0.10443602255582451,0.11008437123342707,0.024132291477376125,1.4064743897373897,0.08392673531664506,,Aft Wolskel Rd,Upp S'goon Rd,1.34682778451192,103.87156809881778
67671,309.8333333333333,292.7,-0.056698024645286615,-0.055120643431635474,0.024132291477376125,-1.4056614759545272,-0.07738544675188806,,Blk 156A CP,Rivervale Cres,1.39200512922492,103.90712750531712
75149,621.6111111111111,587.3,-0.05668508228545299,-0.05510841438386721,0.024132291477376125,-1.405435603924953,-0.07737350586508072,,Blk 867A,Tampines Ave 5,1.35597194444127,103.93366388890493
43149,630.3333333333334,595.55,-0.056670924756104135,-0.05509503695881694,0.024132291477376125,-1.405188524572432,-0.07736044366094792,,Blk 291A,Bt Batok East Ave 6,1.34399483001027,103.7561003299722
21631,439.6666666666667,488.1,0.10427823580178952,0.10990922844175484,0.024132291477376125,1.4037206713404384,0.08375571952783561,,Blk 115,Yuan Ching Rd,1.33363626085559,103.72493610114242
46279,1359.888888888889,1285.25,-0.05640707285304103,-0.05484568909209676,0.024132291477376125,-1.4005837410848756,-0.07711697133926136,,Blk 803,Woodlands Ave 2,1.44021958652464,103.78690125681027
70031,1258.7222222222222,1396.9,0.10407987238991012,0.10968908489525904,0.024132291477376125,1.4002588029477774,0.08354076336608994,,Opp Aljunied Pk,Aljunied Rd,1.3292670732562,103.87941087761011
02049,1689.888888888889,1597.25,-0.056345079753412186,-0.054787094230516226,0.024132291477376125,-1.3995018280942952,-0.07705975718629682,,Raffles Hotel,Bras Basah Rd,1.29452091230981,103.85402155505173
55059,1521.388888888889,1688.2,0.10397430552218534,0.10957194467758999,0.024132291477376125,1.3984164339381597,0.0834263833991229,,ST Engineering,Yio Chu Kang Rd,1.3920822654425,103.84909518015897
58529,586.5555555555555,554.55,-0.05601219016528525,-0.05447239031770057,0.024132291477376125,-1.393692188441176,-0.07675246884529384,,Blk 108 CP,Canberra st,1.44801889,103.832461
15051,1646.0555555555557,1825.8,0.10357662033867143,0.10913077208486516,0.024132291477376125,1.3914759717128304,0.08299560644150114,,Alexandra Pt,Alexandra Rd,1.276978,103.8023815
46331,1403.8333333333333,1327.55,-0.05583054984572566,-0.05430062878158756,0.024132291477376125,-1.3905221739956768,-0.07658475463733225,,Blk 511,Woodlands Ave 2,1.43314769562187,103.78816378743082
80249,1194.7777777777778,1129.95,-0.05573884623915504,-0.054213900761939944,0.024132291477376125,-1.388921748725351,-0.07650007024609749,,Blk 49 Mkt/FC,Sims Pl,1.31693643112186,103.87985994146072
78031,910.4444444444445,861.05,-0.05571736904467084,-0.054193587711813276,0.024132291477376125,-1.3885469254651364,-0.07648023584550716,,Blk 191,Pasir Ris St 12,1.366365,103.958641
92041,3538.5555555555557,3923.1,0.10313585559257632,0.10864201406328627,0.024132291477376125,1.3837836784181696,0.0825183653412583,,Marine Pde Stn Exit 2,Marine Parade Rd,1.302345,103.904508
76341,469.8333333333333,444.45,-0.05541916718583373,-0.053911504424778954,0.024132291477376125,-1.3833426613321491,-0.07620479946938487,,Blk 464,Tampines Ave 9,1.35976305104284,103.95535006454477
43801,363.22222222222223,402.75,0.10303169256931088,0.10852654057352067,0.024132291477376125,1.3819658095152803,0.08240561282800726,,Ren Ci @ Bt Batok St 52,Bt Batok St 52,1.35520792569828,103.75173377561002
44031,3038.3333333333335,2874.85,-0.05528991039640463,-0.05378920815968407,0.024132291477376125,-1.38108685221079,-0.07608538495027187,,Aft Bt Panjang Stn,Upp Bt Timah Rd,1.37785685552262,103.76232373807855
03021,532.0,589.8,0.10295612649138075,0.10844277673546028,0.024132291477376125,1.380647018845846,0.08232382277143209,,Prudential Twr,Cecil St,1.28255524603003,103.84998903789258
21019,850.0555555555555,942.15,0.10274792767520236,0.10821202428356966,0.024132291477376125,1.3770135014835028,0.08209850768879003,,Aft Yuan Ching Rd,Jln Ahmad Ibrahim,1.32554867828642,103.72703317988619
64521,343.72222222222223,381.0,0.10268166886403218,0.10813859790491527,0.024132291477376125,1.375857142647203,0.0820268115033798,,Blk 834,Hougang Ave 4,1.36983992146019,103.88956725593734
13059,739.7222222222222,700.1,-0.05497515600637115,-0.05349133728343147,0.024132291477376125,-1.3755937107892728,-0.07579453299810571,,Valley Pt,River Valley Rd,1.29328273601932,103.82663492676832
12109,1593.2222222222222,1765.55,0.10264250963971389,0.10809520490660778,0.024132291477376125,1.3751737299166786,0.08198444100235312,,Opp Ngee Ann Poly,Clementi Rd,1.33081944,103.7780086
11519,2392.6666666666665,2651.2999999999997,0.10260082763766132,0.1080490182425854,0.024132291477376125,1.3744462892859621,0.08193934266456344,,Opp Queensway Shop Ctr,Alexandra Rd,1.28665742231261,103.80334129425303
61029,576.2222222222223,545.5,-0.05469301858051523,-0.0532242540904717,0.024132291477376125,-1.370669805580629,-0.07553374325914095,,Opp Woodleigh Pk,Upp S'goon Rd,1.336175,103.870563
43751,1573.3333333333333,1742.9,0.10229208214740648,0.10770696591149617,0.024132291477376125,1.369058016096047,0.08160535033375255,,Opp Blk 443D,Bt Batok Rd,1.3561115,103.736562
44621,1239.2777777777778,1173.4,-0.05457798998828434,-0.05311534154535309,0.024132291477376125,-1.368662309117831,-0.07542739709075531,,Opp Concord Pr Sch,Choa Chu Kang Ave 4,1.37922934454518,103.73710050197961
82029,3785.6666666666665,3585.0,-0.05444874944195455,-0.052992957746478955,0.024132291477376125,-1.3664067834735083,-0.07530789710047808,,Blk 14 Mkt/FC,Geylang Rd,1.31569833821527,103.89559528546464
47111,647.2222222222223,716.9,0.10209671049099,0.10749057250599933,0.024132291477376125,1.3656483602741294,0.08139405594600829,,Bef Senoko Way,Senoko Ave,1.46619184828781,103.81100178837575
44721,305.5,289.3,-0.05430288434568187,-0.052854812398042406,0.024132291477376125,-1.3638611236585527,-0.07517300696022358,,Opp Jelapang Stn,Bt Panjang Ring Rd,1.386786,103.764921
46571,518.2777777777778,490.85,-0.05426516532765202,-0.052819086337862635,0.024132291477376125,-1.363202845626921,-0.07513812273630344,,Blk 182,Woodlands St 13,1.43475417848392,103.7758535357882
14259,495.83333333333337,469.6,-0.05424614815675444,-0.0528010734652802,0.024132291477376125,-1.3628709550719824,-0.07512053431268635,,Blk 11,Telok Blangah Cres,1.27784501068205,103.81865821941
46541,1578.0,1747.3500000000001,0.10188075074967351,0.10725142495250184,0.024132291477376125,1.3618793980675035,0.08116054358096751,,Marsiling Mall,Woodlands Ave 3,1.43328331503309,103.78083569681783
84679,827.1666666666666,783.5,-0.054167850201178425,-0.05272690682229837,0.024132291477376125,-1.3615044872589395,-0.07504811530627571,,Opp Blk 156,Bedok Sth Ave 3,1.31804305599346,103.94476555602924
98011,913.3333333333334,865.35,-0.053906218312637755,-0.052479037550127554,0.024132291477376125,-1.3569384478020168,-0.07480608673805896,,Blk 149A,Loyang Ave,1.36221388889515,103.96291600002557
17369,475.5,526.45,0.1015863510335615,0.1069254984260237,0.024132291477376125,1.3567414895068455,0.0808422970720053,,Aft West Coast Lk,West Coast Highway,1.29840583296856,103.76386861099263
64461,1160.111111111111,1099.2,-0.05388541961537996,-0.05245933014354065,0.024132291477376125,-1.3565754657784515,-0.07478684370983799,,Blk 579,Buangkok Green,1.37938472998807,103.88640309201648
07539,1288.7777777777778,1221.15,-0.05385833543854357,-0.05243366643693998,0.024132291477376125,-1.356102788610607,-0.07476178473375235,,Bef Rochor Stn Exit B,Sungei Rd,1.30461300741211,103.8520009720951
52341,894.5555555555555,847.6,-0.05385632539623053,-0.052431761786600896,0.024132291477376125,-1.3560677090468634,-0.0747599249639209,,Pei Chun Public Sch,Lor 6 Toa Payoh,1.33625777803173,103.85562250002782
63181,456.1111111111111,432.2,-0.05372697774984747,-0.052309188138065066,0.024132291477376125,-1.353810314276144,-0.07464023959753235,,Bef St. Helier's Ave,Yio Chu Kang Rd,1.36083138898279,103.87346222201559
10061,600.1111111111111,568.7,-0.05366988801795802,-0.05225508317929768,0.024132291477376125,-1.3528139756041022,-0.07458740954889738,,Blk 140,Jln Bt Merah,1.27860472196885,103.82948638898173
40051,869.3888888888889,962.15,0.10126905241084483,0.10657432820578303,0.024132291477376125,1.3512039457501088,0.08049940170276147,,Balmoral Plaza,Bt Timah Rd,1.31588,103.83632
59249,1267.8333333333335,1201.75,-0.05348724149859496,-0.052081965059766616,0.024132291477376125,-1.3496264008068057,-0.07441837072357012,,Blk 257,Yishun Ring Rd,1.43436086302643,103.8394374423364
53391,450.8888888888889,427.4,-0.05337898999741153,-0.05197934595524965,0.024132291477376125,-1.3477371791663104,-0.07431816969937535,,Opp Blk 203,Bishan St 22,1.35444291744538,103.84696320325273
13191,426.8888888888889,404.65,-0.05337283763761569,-0.05197351337315003,0.024132291477376125,-1.3476298072486987,-0.07431247455417958,,Opp Orchard Stn Exit 12,Paterson Rd,1.302461,103.8297819
11401,1254.2777777777778,1387.7,0.10101117275611937,0.10628900199159128,0.024132291477376125,1.3467033908476393,0.08022079881467156,,Holland V Stn/Blk 12,Holland Ave,1.30906722197973,103.79507444402137
84259,977.8333333333334,1081.8,0.10094417144568091,0.10621488166184154,0.024132291477376125,1.3455340738013344,0.08014842503018435,,Blk 88,Bedok Nth Ave 4,1.33328807616427,103.93910677080204
28339,1781.2777777777778,1688.85,-0.05325242908677463,-0.05185935600511264,0.024132291477376125,-1.345528418931098,-0.07420100715002939,,Blk 252,Jurong East Ave 1,1.34270510558579,103.73737517747826
46679,641.7222222222222,709.95,0.10088947570965878,0.10615437807934949,0.024132291477376125,1.3445795155087827,0.08008934713273347,,Opp 888 Plaza,Woodlands Dr 50,1.43677694401385,103.7948505560336
14161,2214.777777777778,2449.95,0.10087222143071273,0.10613529234780843,0.024132291477376125,1.34427839121194,0.08007071113062722,,Telok Blangah Stn,Telok Blangah Rd,1.27075866533548,103.81009913005327
21621,387.61111111111114,428.85,0.10085718141703648,0.10611865618298813,0.024132291477376125,1.344015910608901,0.08005446697451697,,Blk 354,Kang Ching Rd,1.3392149977089,103.72205929003123
75339,714.1666666666666,677.1999999999999,-0.05307338607193124,-0.051689582847820804,0.024132291477376125,-1.3424037330419991,-0.07403523446743296,,Blk 734,Tampines St 71,1.35846309875614,103.93415212517196
44541,408.55555555555554,387.4,-0.05303682447637925,-0.05165491047205633,0.024132291477376125,-1.3417656545232468,-0.0740013790992808,,Northvale Condo,Choa Chu Kang Dr,1.38764444400097,103.74593527798108
27251,2051.0555555555557,2268.5,0.10071754211486716,0.10596420932939866,0.024132291477376125,1.3415789042982458,0.07990365945201747,,Academic Bldg Sth,Nanyang Dr,1.341151,103.683656
21149,320.55555555555554,354.6,0.10063617378453937,0.10587422252937073,0.024132291477376125,1.340158851838689,0.07981579306915187,,Jurong Port Workshops,Jurong Port Rd,1.315633,103.719896
17319,360.55555555555554,398.8,0.10054871162353596,0.10577750460971112,0.024132291477376125,1.3386324489206165,0.07972135417637946,,Blk 716,West Coast Highway,1.30183915639239,103.76229972130764
50129,525.2222222222222,580.85,0.10048908332646356,0.10571157094594585,0.024132291477376125,1.3375918068234305,0.07965697415017198,,Opp Natl Skin Ctr,Moulmein Rd,1.3189880880064,103.84929028517206
60101,1336.1666666666665,1477.4,0.10040747436181885,0.10562133865137743,0.024132291477376125,1.3361675547772263,0.07956886805751254,,Kwong Wai Shiu Hosp,S'goon Rd,1.31783421341306,103.86004042483177
43341,2043.1666666666667,1938.2,-0.05271469158953934,-0.05134936812066855,0.024132291477376125,-1.3361437424547764,-0.07370303643990911,,Princess E Pr Sch,Bt Batok West Ave 3,1.34972199038423,103.74139303669513
55051,1109.6666666666667,1226.8,0.1002635143747721,0.10546218487394929,0.024132291477376125,1.3336551432178403,0.07941346452346466,,Opp ST Engineering,Yio Chu Kang Rd,1.3924,103.848962
27401,970.9444444444445,921.25,-0.05248231042883855,-0.0511288939697055,0.024132291477376125,-1.332088191142879,-0.07348775746394301,,Opp Blk 821,Jurong West St 81,1.34736600563095,103.6941379590552
65201,564.6111111111111,535.7,-0.0524674800282483,-0.051114821726746314,0.024132291477376125,-1.331829368739254,-0.07347401681434503,,Opp Blk 201A,Punggol Field,1.40083471013366,103.903580214986
47049,1589.7222222222222,1757.15,0.10007397894052783,0.10525268047357952,0.024132291477376125,1.33034734203171,0.07920889681076462,,W'lands Auto Hub,Admiralty Rd West,1.45246524141338,103.7925804884025
60179,2424.666666666667,2679.8,0.10000885674412352,0.10518070633502777,0.024132291477376125,1.3292108195689394,0.07913861864538432,,MOM Svcs Ctr,Bendemeer Rd,1.32634025655419,103.86834025123765
46579,419.94444444444446,398.5,-0.05228709882887994,-0.05094364524218086,0.024132291477376125,-1.3286813286505743,-0.07330687387198304,,Blk 154,Woodlands St 13,1.43488583298053,103.77552249997427
28461,3149.4444444444443,2989.2,-0.05220326156153021,-0.050864075615433636,0.024132291477376125,-1.327218187927115,-0.07322917919580753,,Blk 347,Jurong East Ave 1,1.345332402809,103.73205383657178
59581,827.1111111111111,914.1,0.09988601137585817,0.10504494834294928,0.024132291477376125,1.3270669035435327,0.07900605960666612,,Blk 432C,Yishun St 41,1.41903123253322,103.84618997941803
67079,386.3333333333333,366.65,-0.0521542501015162,-0.05081755593803845,0.024132291477376125,-1.3263628324828163,-0.0731837556916545,,Ch of St. Vincent de Paul,Yio Chu Kang Rd,1.38256500000442,103.87673500001087
46229,669.4444444444445,739.8,0.09978984094918264,0.10493868080875045,0.024132291477376125,1.3253885226502904,0.0789022961230975,,Casablanca,Woodlands Ave 2,1.43013056874728,103.78706868583511
71049,357.27777777777777,394.85,0.09972675050323065,0.10486897193363377,0.024132291477376125,1.3242874586050073,0.07883422984328502,,Air Force Museum,Airport Rd,1.3461065,103.898851
27141,1128.0,1246.35,0.09968901576558409,0.10482728077945133,0.024132291477376125,1.3236289062322368,0.07879352108472974,,Blk 920,Jurong West St 91,1.33967546710179,103.68779973857258
59511,1294.2222222222222,1228.7,-0.05191204340521072,-0.05058762975036393,0.024132291477376125,-1.3221358044311888,-0.07295924740343046,,Yishun Sec Sch,Yishun St 71,1.42716904966997,103.82895211582186
67551,1468.0555555555557,1621.9,0.09959495724117495,0.10472336724274783,0.024132291477376125,1.3219873825781152,0.07869205612989114,,Blk 471A,Sengkang West Way,1.395806,103.8804
14491,332.27777777777777,315.45,-0.05181105853561352,-0.0504917486247703,0.024132291477376125,-1.320373401148833,-0.0728656255868043,,Opp Telok Blangah Mkt/FC,Telok Blangah Dr,1.27278805556375,103.8079488888896
52161,564.4444444444445,535.9,-0.051800191824090014,-0.050481430536451675,0.024132291477376125,-1.320183753648828,-0.07285555063027331,,Braddell Stn/Blk 111,Lor 1 Toa Payoh,1.34093830148518,103.84540645330499
96141,539.7777777777778,512.5,-0.051758403128621566,-0.05044175056502938,0.024132291477376125,-1.3194544509884125,-0.07281680566367818,,Blk 120/Opp Simei Stn,Simei St 1,1.34470972121071,103.95324349664256
76201,824.4444444444445,782.9,-0.051640500620910856,-0.050329788666038974,0.024132291477376125,-1.3173967985161543,-0.072707481995318,,Blk 423,Tampines Ave 7,1.35687499368341,103.9479674220669
28071,426.72222222222223,405.2,-0.05162832223559999,-0.05031822314586256,0.024132291477376125,-1.317184259485988,-0.07269618900097277,,Blk 105,Boon Lay Way,1.33765035288669,103.73904242961275
10339,707.5555555555555,781.4,0.09913764974155459,0.1042182844597765,0.024132291477376125,1.3140063826363262,0.07819887493916557,,Aft Bt Merah Ctrl,Henderson Rd,1.28115835063292,103.81857250844851
46901,326.6111111111111,360.75,0.09912609740725387,0.10420552823469569,0.024132291477376125,1.313804769543477,0.0781864192972656,,Blk 15,Woodlands Loop,1.4479841829065,103.80951476110357
65039,613.5555555555555,582.75,-0.05142652367535128,-0.05012655939251464,0.024132291477376125,-1.3136624403622363,-0.07250904154459151,,Blk 124,Punggol Rd,1.38732058981564,103.90185567950667
67621,368.27777777777777,406.75,0.09910509535570533,0.10418233789679472,0.024132291477376125,1.313438238549943,0.07816377540829347,,Blk 278 CP,Buangkok Dr,1.38095802621952,103.89025132744938
22349,2050.222222222222,2263.85,0.09907271012423813,0.10414657927522865,0.024132291477376125,1.3128730465715277,0.07812885939025205,,Blk 734A CP,Jurong West Ave 4,1.34520537289138,103.7007962851633
46171,1127.2222222222222,1071.0,-0.051117076540372786,-0.049832578294268105,0.024132291477376125,-1.3082619219620342,-0.07222198771307678,,Opp Blk 19,Marsiling Lane,1.44412876526641,103.77800011395242
54201,495.0,470.34999999999997,-0.05097500888276851,-0.04969758064516164,0.024132291477376125,-1.305782535623496,-0.07209017110087748,,Opp Blk 155,Ang Mo Kio Ave 4,1.375969,103.839271
14281,996.8333333333334,1100.25,0.09861491555309243,0.10364122264907324,0.024132291477376125,1.3048835461834993,0.07763541080908638,,SAFRA Mt Faber,Telok Blangah Way,1.27699671573899,103.81804377490617
58159,310.6111111111111,342.9,0.098594945826048,0.10361918345516101,0.024132291477376125,1.3045350314740063,0.0776138909389528,,Aft Admiral Hill,Canberra Rd,1.44821708737482,103.82235611868522
67151,396.72222222222223,437.90000000000003,0.0985177691941681,0.10353401313032558,0.024132291477376125,1.303188133172421,0.07753072753756005,,Kangkar Stn Exit B,Rivervale Dr,1.38353305558266,103.90215499999188
44801,340.3888888888889,323.5,-0.05073672795982542,-0.049471114727420294,0.024132291477376125,-1.301624020764857,-0.07186904154600848,,Opp Blk 628,Senja Rd,1.38503510909651,103.75908340599958
95049,460.94444444444446,508.6,0.09818147052709048,0.10316295850871947,0.024132291477376125,1.2973189977556643,0.0771684163159591,,SATS Cargo Ter,Airport Cargo Rd,1.373575,103.994414
67159,353.3888888888889,389.9,0.09805690645311849,0.10302555259445051,0.024132291477376125,1.2951450866172187,0.07703424818610674,,Kangkar Stn Exit A,Rivervale Dr,1.38436793782529,103.90225602044251
64129,1065.4444444444446,1175.3,0.09804375288442468,0.10301104396749378,0.024132291477376125,1.294915528538537,0.0770200814353095,,Blk 988B,Yio Chu Kang Rd,1.37995970749936,103.87686804999332
30029,447.44444444444446,425.45,-0.05028967737216217,-0.049046085232904296,0.024132291477376125,-1.2938220260084206,-0.07145402729633292,,Keat Hong Camp,Old Choa Chu Kang Rd,1.37415602765485,103.71709630730658
59081,420.55555555555554,463.95,0.09797829976546613,0.10293885081707957,0.024132291477376125,1.2937732307650873,0.07694958941878491,,Blk 774,Yishun Ring Rd,1.42371474872973,103.83164666791833
66109,1043.7777777777778,992.55,-0.050275101089032326,-0.049032223758375085,0.024132291477376125,-1.2935676385013113,-0.07144049244869208,,Blk 151,Ang Mo Kio Ave 3,1.369659,103.875269
44669,768.8888888888889,731.15,-0.050260793289895744,-0.049018617405108995,0.024132291477376125,-1.2933179366176313,-0.07142720671072705,,Opp Blk 532,Jelapang Rd,1.38428576640159,103.76489752763662
44341,432.5,411.3,-0.05014055650774285,-0.04890426758938931,0.024132291477376125,-1.2912195460332656,-0.07131555139366373,,Blk 401A CP,Fajar Rd,1.3811702972192,103.76917730998287
27211,3523.388888888889,3885.1000000000004,0.09769902764551297,0.10263087375273867,0.024132291477376125,1.288899331310257,0.07664886941717591,,Lee Wee Nam Lib,Nanyang Dr,1.34793140650697,103.68050066497821
22021,338.44444444444446,373.2,0.0974801195705135,0.1023895253682494,0.024132291477376125,1.2850789143363865,0.0764132080807473,,Givaudan,Jln Ahmad Ibrahim,1.32168245080395,103.70369314086494
47809,565.0555555555555,622.95,0.09737800887574277,0.10227696535479448,0.024132291477376125,1.2832968629821058,0.07630330039168051,,North Link Bldg,Admiralty Rd West,1.46379183832972,103.813587498325
44931,560.6111111111111,533.4,-0.049665015035457394,-0.04845187456721777,0.024132291477376125,-1.2829203240310478,-0.07087381840083043,,Blk 643 CP,Senja Close,1.387703,103.763361
60021,409.77777777777777,451.75,0.09728771516311063,0.10217744116851546,0.024132291477376125,1.2817210433949369,0.07620612135816382,,Chubb S'pore,Kallang Bahru,1.31828596087227,103.86669874193286
47591,734.5,809.65,0.09728585495458564,0.1021753908905503,0.024132291477376125,1.2816885787532197,0.07620411939222427,,Bef Admiralty Stn/Blk 680,Woodlands Ave 6,1.43973872693624,103.8025081158021
40351,324.3888888888889,308.65,-0.04957842080954755,-0.04836947242615664,0.024132291477376125,-1.281409068448055,-0.07079335795470754,,Blk 461C,Bt Batok West Ave 6,1.35499656917814,103.7410021897397
63071,745.7777777777778,709.7,-0.04951725480089664,-0.04831126320487987,0.024132291477376125,-1.2803415899748447,-0.07073652035495487,,Opp Blk 248,Hougang Ave 3,1.3597807263938,103.89332464938751
75319,591.3888888888889,562.8,-0.04946374744200277,-0.04826033949170037,0.024132291477376125,-1.2794077714204326,-0.07068679659016075,,Aft Tampines Lk,Tampines Ave 10,1.367593,103.931091
02111,568.3888888888889,540.95,-0.049389914673638735,-0.04819006732364076,0.024132291477376125,-1.2781192307328106,-0.07061818029064124,,Esplanade Bridge,Esplanade Dr,1.29095592348389,103.85453419435228
66341,707.6111111111111,673.5500000000001,-0.04926107079492059,-0.04806742453939594,0.024132291477376125,-1.2758706277918945,-0.0704984274176331,,Daikin S'pore,Ang Mo Kio Ave 3,1.37114196132937,103.86525341485559
10111,1478.111111111111,1628.6499999999999,0.09692396109317425,0.1017765925480768,0.024132291477376125,1.2753727521174094,0.07581471819299229,,Opp Blk 28,Jln Bt Merah,1.28592835098556,103.80935410958449
46079,1084.888888888889,1195.3999999999999,0.09691814375317698,0.10177018315767974,0.024132291477376125,1.275271227016207,0.075808459831206,,Opp Blk 137,Marsiling Rd,1.43886731397133,103.77691747568024
58509,413.27777777777777,393.45,-0.049044320106531814,-0.04786107013544349,0.024132291477376125,-1.2720878618568296,-0.07029693547594774,,Blk 590A,Montreal Link,1.45059927113154,103.82696425665894
50121,730.2777777777778,804.55,0.09673188940775201,0.10156499278279965,0.024132291477376125,1.2720206878905014,0.07560810448982319,,Natl Skin Ctr,Moulmein Rd,1.31930304159281,103.84933923160258
54439,746.3333333333334,822.2,0.09668786955584441,0.1015165031222124,0.024132291477376125,1.271252446749029,0.07556075742246601,,Blk 549,Ang Mo Kio St 54,1.37328474238491,103.85715387505564
63229,360.77777777777777,343.5,-0.04893605933249834,-0.04775798525798532,0.024132291477376125,-1.270198478385147,-0.0701962796541208,,Opp Kovan Hub,Hougang St 21,1.35757166659958,103.88511923530164
14191,537.4444444444445,591.95,0.09642575437055267,0.10122781675608765,0.024132291477376125,1.266677972723801,0.07527887355987604,,Blk 105 CP,Depot Rd,1.28121833300943,103.81211444400743
43759,1659.2222222222222,1827.0,0.09627101081456768,0.10105742203185601,0.024132291477376125,1.263977364681436,0.07511249395672356,,Blk 443D,Bt Batok Rd,1.35596765339105,103.73690126563862
59571,621.3888888888889,591.9,-0.048539369949236466,-0.047380166026956945,0.024132291477376125,-1.263275395017064,-0.06982736322196402,,Opp Northbrooks Sec Sch,Yishun Ring Rd,1.42072559126348,103.84373330710623
80319,612.5,583.5,-0.04842348323884238,-0.04726976365118112,0.024132291477376125,-1.2612529225457463,-0.06971956232876442,,Geylang West CC,Upp Boon Keng Rd,1.31484297001272,103.87262229395158
50199,932.8888888888889,1027.05,0.09606161445811434,0.10082688875669292,0.024132291477376125,1.2603229476643254,0.07488739288620606,,Opp Shaw Plaza,Balestier Rd,1.32496824756028,103.85050892832005
18149,604.7777777777778,665.85,0.0960519175882002,0.10081621423330946,0.024132291477376125,1.2601537164177692,0.07487696989352018,,Essec Business Sch,Nth Buona Vista Rd,1.302549,103.787196
43491,1794.8333333333333,1710.15,-0.04830350766392577,-0.04715545243619499,0.024132291477376125,-1.2591590905897418,-0.06960794470286061,,Blk 331,Bt Batok West Ave 4,1.36395398644152,103.74714799810218
77321,1339.6666666666667,1474.7,0.09596545080491659,0.1007210343112884,0.024132291477376125,1.258644684982846,0.07478403275755335,,Pasir Ris Int/Polyclinic,Pasir Ris Dr 8,1.37313477197799,103.94802646457005
76051,1978.2777777777778,2177.5,0.09590454710764273,0.10065399837202074,0.024132291477376125,1.2575817844076296,0.07471857642947395,,Our Tampines Hub,Tampines Ave 5,1.35313809279079,103.9412639409046
83029,586.3333333333334,645.45,0.09590333787254668,0.10065266742338201,0.024132291477376125,1.2575606806530677,0.07471727684283869,,Aft Kg Eunos,Changi Rd,1.31774429797349,103.90635251996308
47071,394.05555555555554,433.8,0.09585975325970164,0.10060469694839037,0.024132291477376125,1.2568000353698219,0.07467043672717119,,Bef British American Tobacco,Admiralty Rd West,1.45761031985152,103.80214839695255
53011,285.27777777777777,314.05,0.09576876595600492,0.10050456045022317,0.024132291477376125,1.2552121111260475,0.0745726598100673,,St. Theresa's Hme,Upp Thomson Rd,1.34555351143315,103.8382633553218
47059,779.8888888888889,858.3,0.09568523234840853,0.10041263517359095,0.024132291477376125,1.253754269918725,0.07448290062817524,,Bef W'lands Ind Pk E4,Admiralty Rd West,1.45396450182247,103.7954729366899
58349,583.0555555555555,555.7,-0.04796961249020448,-0.046837249120137314,0.024132291477376125,-1.253331901304096,-0.06929723941731723,,Blk 478,Sembawang Dr,1.45273139537549,103.81642343207659
10321,713.6111111111111,680.15,-0.04795594797048075,-0.046824224519940734,0.024132291477376125,-1.253093426030434,-0.06928452172419793,,Opp Grace Ably of God Ch,Tanglin Rd,1.29428332949691,103.81587839882768
40021,297.27777777777777,327.15,0.09544562839332649,0.10014900353883353,0.024132291477376125,1.2495726653022474,0.07422548111611484,,Bef Winstedt Rd,Bt Timah Rd,1.311033889,103.8427911
14009,2574.0555555555557,2454.3,-0.04762215548260418,-0.0465060085003557,0.024132291477376125,-1.2472680288337465,-0.06897380403446861,,HarbourFront Int,Seah Im Rd,1.26703502614245,103.81901469907409
77351,309.05555555555554,340.05,0.0952776012084593,0.09996416412829223,0.024132291477376125,1.246640229351039,0.07404499719613743,,Blk 562,Pasir Ris St 51,1.36789609661968,103.95008847029645
63139,372.3333333333333,355.0,-0.047540944768999616,-0.04642857142857099,0.024132291477376125,-1.2458507271251835,-0.06889819166248393,,Aft En-Naeem Mque,Tampines Rd,1.36120166702627,103.8914116670026
59401,619.6666666666667,590.85,-0.047540944768999616,-0.04642857142857099,0.024132291477376125,-1.2458507271251835,-0.06889819166248393,,Blk 358,Yishun Ring Rd,1.42705456686774,103.84615134332738
61079,345.22222222222223,379.8,0.09519347326279082,0.0998716302952504,0.024132291477376125,1.245172015665411,0.073954643797644,,Blk 121,Potong Pasir Ave 1,1.33598640879377,103.86525430193133
60191,386.0,424.65,0.09519271930028417,0.09987080103359165,0.024132291477376125,1.2451588573972288,0.07395383407641398,,Blk 7,Boon Keng Rd,1.31718305596849,103.86195722198198
01611,422.27777777777777,402.65,-0.047480482735820395,-0.04637091481821757,0.024132291477376125,-1.2447955345388289,-0.06884189365212606,,Aft Raffles Hotel,Beach Rd,1.29527259171342,103.85533686181174
46519,715.8888888888889,787.45,0.09514813094271624,0.09982176069435884,0.024132291477376125,1.2443806946086247,0.07390594930640829,,Opp Blk 144,Woodlands Ctr Rd,1.43554811627266,103.77213801008084
11041,586.7777777777778,645.4,0.09506955969075914,0.09973534971644527,0.024132291477376125,1.2430094571856294,0.07382157448624815,,Aft C'wealth Dr,Queensway,1.29624499998226,103.79952333299494
65009,16194.611111111111,15446.9,-0.04726721469054418,-0.0461675145186811,0.024132291477376125,-1.2410735482203277,-0.06864328620538394,,Punggol Int,Punggol Pl,1.40370629859822,103.90224337575333
46731,491.5,540.55,0.09494093766960265,0.09959390862944172,0.024132291477376125,1.2407647261365762,0.07368346626704585,,Yew Huat Scaffolding Work,Gambas Ave,1.44852127932275,103.8043021981092
20021,746.9444444444445,821.4,0.09489819161782975,0.09954690633588267,0.024132291477376125,1.2400187155485267,0.0736375715189257,,NEWest,AYE,1.31675923723731,103.75788959223745
28251,273.5,300.8,0.09481328538416367,0.09945355191256883,0.024132291477376125,1.2385369190625537,0.07354641686625951,,S'pore Science Ctr,Jurong Town Hall Rd,1.33382805600325,103.7369883329766
11109,798.2222222222222,761.45,-0.047102099970115496,-0.046010009731683454,0.024132291477376125,-1.2381919410408613,-0.06848949280553866,,Spanish Village,Farrer Rd,1.31552472199926,103.80574305602846
14381,1865.611111111111,1780.0,-0.04694954241781346,-0.045864460251793575,0.024132291477376125,-1.2355294834667938,-0.06834737300216844,,Blk 109,Bt Purmei Ave,1.27413014152159,103.82554290547176
59091,3638.277777777778,3471.5,-0.04691045361747115,-0.04582716350924314,0.024132291477376125,-1.2348472997861948,-0.06831095510688202,,Blk 154,Yishun Ave 2,1.43165245434506,103.83510814544051
63371,381.27777777777777,363.8,-0.04679825310613861,-0.04572009882284529,0.024132291477376125,-1.2328891594207796,-0.06820641325492716,,Blk 679,Hougang Ave 8,1.37115666339413,103.88514405987183
40431,979.4444444444445,1076.4,0.09430002664931436,0.09888939256572983,0.024132291477376125,1.2295794496653631,0.07299555117094474,,Blk 237A,Tengah Garden Walk,1.36142,103.73163
10249,937.8333333333334,1030.65,0.09427677156458003,0.09886383809692886,0.024132291477376125,1.2291735983944676,0.07297059885861788,,Opp Gan Eng Seng Sec Sch,Alexandra Rd,1.29088138899671,103.82407777797806
67639,343.0,377.0,0.09425253824618984,0.09883720930232613,0.024132291477376125,1.2287506748412305,0.07294459753552289,,Blk 436A,Fernvale Rd,1.393047,103.875914
10119,1233.4444444444443,1355.45,0.09424996655714235,0.09883438343834362,0.024132291477376125,1.2287057933333712,0.07294183825920084,,Opp Pacific Tech Ctr,Jln Bt Merah,1.28598009010704,103.81122515087834
06131,299.3888888888889,329.0,0.09401472297468505,0.09857592010356866,0.024132291477376125,1.2246002866022185,0.07268946526312814,,Aft Blk 87,Zion Rd,1.29152472200833,103.83222750001508
46271,353.3888888888889,337.35,-0.04631400366755578,-0.045257877410252084,0.024132291477376125,-1.2244379646681256,-0.06775508346439157,,Opp Blk 802,Woodlands Ave 2,1.44040195107982,103.78588806965098
55171,337.1111111111111,370.4,0.09390507635785372,0.0984554715741045,0.024132291477376125,1.2226867171915383,0.07257185494025625,,Castle Green,Ang Mo Kio Ave 6,1.385783333,103.8429056
58411,408.1111111111111,389.7,-0.04604678239577886,-0.045002715915263426,0.024132291477376125,-1.219774378446017,-0.067505934504719,,Blk 404A CP,Admiralty Link,1.45461200191848,103.81658372927154
54489,4980.111111111111,4756.05,-0.04602525261007173,-0.04498215480704886,0.024132291477376125,-1.2193986373557923,-0.0674858578911939,,Opp ITE Coll Ctrl,Ang Mo Kio Ave 5,1.375675,103.855423
10101,960.6111111111111,1055.05,0.093680693099917,0.09820902420705985,0.024132291477376125,1.2187707464934454,0.07233121477189565,,Opp Bt Merah Sec Sch,Jln Bt Merah,1.28506195168861,103.8137833011436
01529,621.8888888888889,593.9,-0.04597483019465454,-0.04493399928647908,0.024132291477376125,-1.2185186577034937,-0.06743883709029687,,Plaza Parkroyal,Beach Rd,1.30041667676526,103.86044115259938
54309,435.1111111111111,477.9,0.09359475446827403,0.09811464968152843,0.024132291477376125,1.2172709324411735,0.07223906405434012,,Opp Blk 5022,Ang Mo Kio Ave 3,1.36988835306854,103.86306604022437
10659,302.3888888888889,332.15000000000003,0.09357739475255666,0.09809558688884767,0.024132291477376125,1.2169679680457834,0.07222045045057097,,Blk 1003,Bt Merah Ctrl,1.28362333298689,103.81472833301791
65261,1251.9444444444446,1374.85,0.09357538504323859,0.09809338003813212,0.024132291477376125,1.2169328942935187,0.07221829560130599,,Blk 649,Punggol Ctrl,1.3968515,103.914998
80159,949.0555555555555,906.5,-0.04582689627788383,-0.04479270218115956,0.024132291477376125,-1.2159368925189826,-0.06730086946004504,,Suntec City,Nicoll Highway,1.294924,103.857158
27371,347.6111111111111,332.0,-0.04581451612337606,-0.04478087649402385,0.024132291477376125,-1.215720832182146,-0.06728932242922282,,Opp Blk 755,Jurong West St 75,1.347539667,103.701155
28279,328.44444444444446,360.7,0.09340740486244581,0.09790893760539629,0.024132291477376125,1.214001278664556,0.07203819930488926,,Blk 114,Jurong Town Hall Rd,1.33948295480474,103.73423653369264
84019,1325.0,1265.75,-0.04571232638978895,-0.0446832579185523,0.024132291477376125,-1.2139374014304367,-0.0671940041033738,,Opp Chai Chee Ind Pk,New Upp Changi Rd,1.32221972730517,103.92262015530929
28631,1931.9444444444446,2121.15,0.09338526649795309,0.09788463196620029,0.024132291477376125,1.2136149165649306,0.0720144663951878,,Opp Blk 288D,Toh Guan Rd,1.34053157728505,103.74418616293988
96259,1026.388888888889,980.5,-0.045693789472196045,-0.04466554912669652,0.024132291477376125,-1.213613892329115,-0.06717671259523256,,Aft Changi General Hosp,Simei St 3,1.34043019344412,103.95124680626643
59259,724.2777777777777,691.95,-0.045596876722252766,-0.04457296055151258,0.024132291477376125,-1.2119225562974556,-0.06708630574452154,,Darul Makmur Mque,Yishun Ave 2,1.43716783426775,103.83379791523895
44391,579.3888888888889,553.55,-0.04554140289059294,-0.044519957882646,0.024132291477376125,-1.2109544185616534,-0.06703455201181761,,Aft Blk 202,Choa Chu Kang Dr,1.38288970873929,103.74831030292964
50049,518.5555555555555,569.3,0.09318879290675319,0.09766894781864806,0.024132291477376125,1.2101860296098048,0.07180386455268452,,Opp Novena Lodge,Thomson Rd,1.32354108650178,103.84189326889334
46491,416.05555555555554,456.75,0.09310374387778175,0.09757559611029633,0.024132291477376125,1.2087017410384742,0.07171271255100603,,Blk 402,Woodlands Ave 3,1.43188974761143,103.77200799456398
44771,1413.8333333333333,1351.1000000000001,-0.04535279914520007,-0.044339733773117736,0.024132291477376125,-1.207662877350868,-0.0668585746395308,,Fajar Stn,Fajar Rd,1.38458556236413,103.77079566381067
55011,421.1111111111111,402.45,-0.04521601155689048,-0.044209002369044355,0.024132291477376125,-1.2052756395836268,-0.06673092374407393,,Bef Lentor Stn Exit 5,Yio Chu Kang Rd,1.382262,103.835704
75021,309.44444444444446,339.65,0.09285059473898905,0.09729778095919786,0.024132291477376125,1.2042837438185603,0.07144144373797243,,Blk 879B,Tampines Street 86,1.35168445182114,103.92851745350569
58531,682.8888888888889,652.7,-0.04514693066365005,-0.04414297319252586,0.024132291477376125,-1.2040700293424034,-0.06666645045574196,,Blk 129A,Canberra Way,1.44543806,103.8323
44491,387.8888888888889,370.75,-0.04507208480102154,-0.044071428571428886,0.024132291477376125,-1.2027638079798033,-0.06659659168681889,,Bet Blks 416/417,Choa Chu Kang Ave 4,1.38353368663411,103.74184597655336
54039,873.1111111111111,834.6,-0.04505746731061233,-0.04405745519257652,0.024132291477376125,-1.2025087013169957,-0.06658294757172883,,Bef Al-Muttaqin Mque,Ang Mo Kio Ave 6,1.37091786093364,103.84563650364578
67419,1504.4444444444446,1650.55,0.09262607436945292,0.09705144291091537,0.024132291477376125,1.2003653802280092,0.07120091031242527,,Sengkang General Hosp,Sengkang East Rd,1.39451056390105,103.89388277014375
41021,1659.611111111111,1820.5,0.09247466362108625,0.0968853501053828,0.024132291477376125,1.197722936850405,0.07103873125907957,,Botanic Gdns Stn,Bt Timah Rd,1.32264999998361,103.81554000003177
63099,2398.6111111111113,2293.65,-0.04472636075169678,-0.04374088393952742,0.024132291477376125,-1.19673017936049,-0.06627383589183793,,Blk 106,Hougang Ave 3,1.35357948490597,103.89097410968795
84289,448.55555555555554,428.95,-0.04459051753456578,-0.04361097380128513,0.024132291477376125,-1.194359422902494,-0.06614698691019427,,Opp Blk 180,Bedok Nth Rd,1.32663077053638,103.94017072989195
65531,486.44444444444446,533.55,0.09224894762951408,0.09663779348073831,0.024132291477376125,1.1937837070824833,0.0707970079712733,,Blk 226A,Sumang Lane,1.4024,103.8936
98099,1381.0,1320.9,-0.04446162974226198,-0.043487698986976124,0.024132291477376125,-1.192110053575011,-0.06602661690005507,,Blk 269A,Pasir Ris Dr 1,1.36457166700645,103.96328361098551
45399,470.1666666666667,449.7,-0.04440995876893261,-0.04343827378846821,0.024132291477376125,-1.1912082839003912,-0.06597835633946225,,Regent Gr Condo,Choa Chu Kang Nth 7,1.39984083299841,103.74991277803167
67491,887.2777777777778,972.95,0.09207546073335049,0.09644755769591672,0.024132291477376125,1.1907559874204785,0.07061125483527252,,Opp Fernvale Pr Sch,Sengkang West Ave,1.39087538517899,103.87466488789592
66599,276.94444444444446,303.75,0.09207051476934058,0.09644213471916853,0.024132291477376125,1.1906696697053571,0.07060595964363241,,KLA Corporation,S'goon Nth Ave 5,1.37284849802167,103.868436813377
21179,828.8888888888889,908.85,0.0919879277384048,0.09635158655777255,0.024132291477376125,1.1892283482976869,0.07051754512711976,,Corp Pl,Corporation Rd,1.32586166697514,103.71929527796603
75291,926.2222222222222,1015.5500000000001,0.09197656149051525,0.09633912522468507,0.024132291477376125,1.1890299828131492,0.0705053774284824,,Aft Tampines Ave 9,Tampines Ave 10,1.364015,103.930753
80231,497.6666666666667,545.7,0.09196233603464066,0.09632352941176464,0.024132291477376125,1.188781717996584,0.07049014910978742,,Opp Blk 53,Sims Dr,1.31856503177728,103.88010860959606
63271,822.5555555555555,786.95,-0.044196374000950556,-0.04323394495412823,0.024132291477376125,-1.1874807700891221,-0.06577884223758267,,Blk 239,Hougang Ave 1,1.35639501261001,103.88997632456076
18129,749.7222222222223,821.95,0.0918597393481555,0.09621105602012858,0.024132291477376125,1.1869911850410881,0.07038032600141358,,Ayer Rajah Ind Est,Buona Vista Flyover,1.29776225378985,103.78570767644749
54221,1451.4444444444446,1388.7,-0.044160064271028254,-0.04319920440636455,0.024132291477376125,-1.1868470871675938,-0.06574492030381221,,Opp Ang Mo Kio Pr Sch,Ang Mo Kio Ave 3,1.36995608006054,103.83959341119167
47569,471.16666666666663,516.55,0.09177410822729826,0.09611719025767805,0.024132291477376125,1.185496737713755,0.07028867205862549,,Opp Blk 620,Woodlands Ave 5,1.4329425,103.7995535
11231,558.3888888888889,612.1,0.09168313674919215,0.09601747939219397,0.024132291477376125,1.1839090896605915,0.07019131074474655,,Aft Hyll on Holland,Holland Rd,1.31115316310297,103.80119919777994
53039,753.1111111111111,825.45,0.09159969999582351,0.09592603506704007,0.024132291477376125,1.1824529387679625,0.07010202118136212,,Thomson CC,Upp Thomson Rd,1.35144681735328,103.83591070615076
40221,993.1111111111111,1088.45,0.09157927850891046,0.09590365485637663,0.024132291477376125,1.1820965398766263,0.07008016833007555,,Stevens Stn Exit 3,Stevens Rd,1.31902531287493,103.82545561296305
62071,1194.4444444444443,1308.95,0.09147093227016168,0.09578492424946539,0.024132291477376125,1.1802056648617514,0.06996423544923652,,Bartley Stn Exit A,Bartley Rd,1.34252980960729,103.88002892732668
28359,685.3888888888889,656.0,-0.04376034204193591,-0.0428166734115749,0.024132291477376125,-1.1798710741134317,-0.0653714031342307,,Blk 350,Boon Lay Way,1.34388722199927,103.73119944403174
27091,817.8333333333334,896.1,0.09128677562464471,0.09558314675351122,0.024132291477376125,1.1769917351134507,0.06976721256690643,,Opp Blk 271 CP,Jln Bahar,1.34910999998031,103.70388500000492
58229,512.2222222222222,490.35,-0.04355222828595018,-0.04261744966442957,0.024132291477376125,-1.1762390412344905,-0.06517687382507482,,Blk 358A CP,Sembawang Way,1.44875084068886,103.8168059210019
21369,657.9444444444445,629.9,-0.04349185675634715,-0.04255964927071902,0.024132291477376125,-1.1751854281302936,-0.06512043541942006,,Opp Blk 695,Jln Boon Lay,1.34309123717886,103.70800310705765
47801,538.8333333333334,590.35,0.09114760875385208,0.09543068848410058,0.024132291477376125,1.1745629737469367,0.06961834677029075,,Opp North Link Bldg,Admiralty Rd West,1.46417400978934,103.8129834777538
58129,1197.6666666666667,1146.7,-0.04344988823677909,-0.042519466073415446,0.024132291477376125,-1.174452987152379,-0.0650811990847805,,Blk 508 CP,Canberra Rd,1.45284216119403,103.8198821920911
67661,1303.3333333333333,1427.6,0.09100288917856947,0.0952721696907745,0.024132291477376125,1.172037305738288,0.0694635632578039,,Opp Blk 178A,Rivervale Cres,1.38889400053531,103.90878400579224
58279,534.7222222222222,585.75,0.09098305011691288,0.09525044073421102,0.024132291477376125,1.1716910714209898,0.06944234631469576,,Opp Blk 336A CP,Sembawang Cres,1.44658462255674,103.81456918653721
43769,588.2777777777778,644.4,0.09097259800855628,0.09523899311775284,0.024132291477376125,1.171508659638426,0.06943116844582721,,Dulwich Coll/Blk 445,Bt Batok Rd,1.3517415,103.737677
17371,290.0,317.7,0.09092695425179809,0.09518900343642597,0.024132291477376125,1.1707120778628537,0.06938235670368914,,Blk 201,Clementi Ave 6,1.32058194734278,103.76356592222618
70101,774.7222222222222,848.55,0.09091230248573723,0.09517295710090906,0.024132291477376125,1.1704563730161675,0.06936668847835298,,Bef Jln Wangi,MacPherson Rd,1.3296996501314,103.87395296821519
58019,879.6111111111111,842.4,-0.04317476958926836,-0.04225600908460025,0.024132291477376125,-1.1696515747294665,-0.06482395010336704,,Aft Sembawang Shop Ctr,Sembawang Rd,1.44085,103.824719
71131,613.5,587.65,-0.04297714948188425,-0.04206672091131053,0.024132291477376125,-1.1662026785997543,-0.06463912224971478,,Automobile Megamart,Ubi Ave 2,1.33127510693644,103.90140378909662
20281,530.1666666666666,580.55,0.09062110759576658,0.09485409475996252,0.024132291477376125,1.1653743955680953,0.06905533969695037,,Opp The Japanese Sec Sch,West Coast Highway,1.31234219524906,103.75484214400765
59379,453.72222222222223,496.85,0.09061209492502265,0.09484422724496021,0.024132291477376125,1.1652171050693774,0.06904570469658525,,Opp Chung Cheng High Sch,Yishun St 61,1.41946852245611,103.83823983239508
28591,309.38888888888886,296.4,-0.04274795753692917,-0.04184714515840324,0.024132291477376125,-1.1622027859654471,-0.06442472050227009,,Opp Blk 481,Jurong West St 41,1.34645638903065,103.72538249998607
74009,561.1666666666666,537.65,-0.04273235649339391,-0.04183219685739717,0.024132291477376125,-1.161930514184096,-0.0644101244377475,,Tampines Nth Int,Tampines St 62,1.368916,103.939651
67549,607.3333333333334,664.85,0.09034144259967203,0.09454794520547975,0.024132291477376125,1.1604936395791732,0.06875640414240289,,Opp Hockey Stadium,Sengkang East Way,1.39454660425441,103.88618230819876
43609,670.2777777777778,642.25,-0.04264957596928998,-0.04175287594140531,0.024132291477376125,-1.1604858159042666,-0.06433267261179498,,Blk 531,Bt Batok West Ave 5,1.3566605,103.750018
63051,830.2777777777777,795.65,-0.042548572750736646,-0.04165608500969039,0.024132291477376125,-1.1587230923931413,-0.06423816242739752,,Opp Blk 370,Upp S'goon Rd,1.36415166798646,103.8891427848695
29029,365.77777777777777,400.4,0.09020228184526413,0.09439563768554983,0.024132291477376125,1.1580649849567346,0.0686076855430604,,Bef Penjuru Cl,Penjuru Rd,1.313867,103.734975
14399,668.4444444444445,640.6,-0.042483124470331646,-0.04159336099585065,0.024132291477376125,-1.1575808790628632,-0.06417691642005871,,Blk 85,Telok Blangah Hts,1.27763662023223,103.80858552939208
63329,317.8333333333333,347.8,0.0898301918226263,0.09398849973863001,0.024132291477376125,1.1515712133665506,0.06821014125087478,,Opp Blk 627,Hougang Ave 2,1.36862870083779,103.882008479663
40031,405.1111111111111,443.25,0.0897606721871016,0.09391244870041082,0.024132291477376125,1.1503579461283433,0.06813588225245037,,Newton FC,Bt Timah Rd,1.31178509472011,103.84098359641321
28229,664.8333333333334,727.3,0.08967366225154993,0.09381727158948742,0.024132291477376125,1.1488394355175413,0.06804294786134149,,German Ctr,Jurong Town Hall Rd,1.32536675242565,103.74593185918442
84141,360.55555555555554,345.7,-0.041955857751786674,-0.041087891825446275,0.024132291477376125,-1.1483789402066054,-0.06368335794659705,,Opp Lion Hme for Elders,Bedok Sth Rd,1.32021707852141,103.93816948878941
68029,981.5,1073.6000000000001,0.0896034345513046,0.09374045801526697,0.024132291477376125,1.1476138110262846,0.06796794429504474,,Blk 448A,Jln Kayu,1.39312162118162,103.87264955115819
05012,665.5555555555555,638.25,-0.041827876145577036,-0.040965160860142714,0.024132291477376125,-1.1461453857764745,-0.06356351897039747,,Bef Pearl's Hill Terr,Eu Tong Sen St,1.28154583300728,103.84087722199499
75261,398.44444444444446,435.85,0.08951519392517593,0.09364394993045898,0.024132291477376125,1.1460738222166085,0.06787371029264964,,Blk 709,Tampines Ave 6,1.35801998380195,103.93796778680796
10287,420.1111111111111,459.5,0.08941613495510925,0.09353562005277084,0.024132291477376125,1.1443450300253757,0.06776793306192504,,Opp Cycle & Carriage,Alexandra Rd,1.291914,103.813405
75349,1339.388888888889,1284.75,-0.041617581774256784,-0.04076346002403964,0.024132291477376125,-1.142475296467511,-0.06336657094153286,,The Clearwater Condo,Bedok Reservoir Rd,1.33811824869625,103.9339578151498
75581,574.2777777777778,628.0,0.08927824076692126,0.0933848382423956,0.024132291477376125,1.1419384797089802,0.06762070422085635,,Blk 637 CP,Tampines Ave 12,1.363484,103.944546
17221,892.7222222222222,856.35,-0.04154877686928238,-0.040697457574438524,0.024132291477376125,-1.1412745028154248,-0.06330212375033464,,Blk 377,Clementi Ave 5,1.31735631283972,103.76790022594946
21419,528.2222222222222,506.70000000000005,-0.041517701511292415,-0.040667646441318546,0.024132291477376125,-1.140732170947885,-0.06327301507622285,,Blk 188,Boon Lay Dr,1.34388060681347,103.71057645840757
44551,997.6666666666666,957.15,-0.04141671405449543,-0.040570761014685514,0.024132291477376125,-1.1389697225133257,-0.06317841262355214,,Opp Blk 486,Choa Chu Kang Ave 5,1.37602460873449,103.73843005883766
57061,294.8333333333333,322.4,0.08909371446154513,0.09318309859154912,0.024132291477376125,1.138718098600671,0.06742371829186519,,Dieppe Barracks,Sembawang Rd,1.419905,103.8245465
01019,557.1666666666666,534.55,-0.04136334735551106,-0.040519558077038054,0.024132291477376125,-1.1380383587770186,-0.06312841621383675,,Bras Basah Cplx,Victoria St,1.29698951191332,103.85302201172507
76251,509.44444444444446,488.8,-0.04128466139475684,-0.04044405746626036,0.024132291477376125,-1.1366651194386732,-0.0630546946727761,,Blk 487B,Tampines St 45,1.35970826873107,103.95823716945422
52061,842.7777777777777,921.25,0.08892717302125686,0.09300105346326057,0.024132291477376125,1.135811592089517,0.06724596281066078,,BCA Acad,Braddell Rd,1.34352174018964,103.85873879159365
64341,1253.3333333333333,1202.85,-0.04107946853549027,-0.040247143236779664,0.024132291477376125,-1.1330840624929166,-0.06286242046062657,,Bef Blk 683,Hougang Ave 8,1.3729130421635,103.88633750747994
58589,306.38888888888886,334.90000000000003,0.08869981161630136,0.09275257545635208,0.024132291477376125,1.1318436463173152,0.06700333985171664,,Opp Gambas Cres,Opp Gambas Cres,1.443534,103.813173
59271,715.5,686.75,-0.040952847463542774,-0.040125610607118084,0.024132291477376125,-1.1308742523133741,-0.0627437515829113,,Blk 118,Yishun Ave 7,1.4362831713903,103.82855161345292
85091,5517.777777777777,6029.0,0.08859059203571285,0.09263323199581373,0.024132291477376125,1.129937529608005,0.06688680855831684,,Tanah Merah Stn Exit 2,New Upp Changi Rd,1.32754912682416,103.94636119805759
07371,2129.6111111111113,2326.95,0.08857920677887865,0.09262079215665739,0.024132291477376125,1.1297388323764783,0.06687466184713522,,Aft Kallang Rd,Lavender St,1.30950750000455,103.86350138902452
67411,840.0555555555555,917.95,0.08857399719576975,0.09261510007266084,0.024132291477376125,1.1296479139408013,0.06686910388939489,,Opp Sengkang General Hosp,Sengkang East Rd,1.39495624396821,103.89436833778728
29021,354.1111111111111,339.9,-0.040841550406089056,-0.040018773466834086,0.024132291477376125,-1.1289318791622738,-0.06263943191525403,,Aft Jln Buroh,Penjuru Rd,1.31267499889159,103.73450231627747
77361,555.4444444444445,606.85,0.08836080555808756,0.09238218849840221,0.024132291477376125,1.1259272610992364,0.06664168056118146,,Blk 555,Pasir Ris St 51,1.36800665136778,103.95173655442387
53121,1819.888888888889,1987.9,0.08825693973865789,0.09226873321942819,0.024132291477376125,1.1241145790428295,0.06653089870231599,,Marymount Stn,Marymount Rd,1.35016694219359,103.83947418569129
95139,1073.611111111111,1030.9,-0.040557075884264826,-0.03974564441917014,0.024132291477376125,-1.1239671865998198,-0.06237273878396927,,Police Pass Off,Airline Rd,1.385469,103.999182
68119,2631.3333333333335,2874.05,0.08819941355509986,0.09220590097505324,0.024132291477376125,1.123110623349977,0.06646954701474808,,Aft Piccadilly Circus/TPE,Jln Kayu,1.402186,103.872168
45131,1800.2222222222222,1966.3,0.08819659747686615,0.09220282524211953,0.024132291477376125,1.1230614767249205,0.06646654375729852,,Opp Kranji Stn,Woodlands Rd,1.42513583961154,103.76103770449444
28321,1259.9444444444443,1209.95,-0.04045582374017087,-0.03964841168436366,0.024132291477376125,-1.1222001188023514,-0.0622777972069722,,Blk 239,Jurong East Ave 1,1.34127166427214,103.74090313908255
52329,1335.888888888889,1282.8999999999999,-0.04044286925636342,-0.03963597074468056,0.024132291477376125,-1.1219740351833445,-0.06226564942119626,,Aft Lor 4 Toa Payoh,Lor 6 Toa Payoh,1.33146817532374,103.85268688199498
65099,340.22222222222223,326.7,-0.04043538739983443,-0.03962878541191829,0.024132291477376125,-1.1218434606868144,-0.06225863340107653,,Blk 604A,Punggol Rd,1.40446781720997,103.90711426733175
77339,1186.8333333333333,1296.25,0.08811571997403345,0.09211449417707326,0.024132291477376125,1.121649990261358,0.0663802940942605,,Opp Blk 756,Pasir Ris Dr 12,1.3780301775267,103.93278653475954
82069,2365.6111111111113,2272.0,-0.040358476054827896,-0.0395549191295576,0.024132291477376125,-1.1205011922120363,-0.0621865076776955,,Aft Lor 106 Changi,Changi Rd,1.31709537499354,103.90295147896967
64029,941.8888888888889,904.65,-0.04029553048712575,-0.039494461465944465,0.024132291477376125,-1.1194026566039743,-0.06212747461710727,,Opp Blk 458,Hougang Ave 10,1.37781617357511,103.89688283812272
46351,363.38888888888886,349.0,-0.040288518914112004,-0.03948772678762061,0.024132291477376125,-1.1192802895667815,-0.06212089863236399,,Woodhaven,Woodlands Ave 1,1.43084888887005,103.78373500001297
17091,1144.5,1249.75,0.08790214847476463,0.09188127455259758,0.024132291477376125,1.1179227080176877,0.06615256997461649,,Aft Clementi Ave 1,Clementi Rd,1.30904805161426,103.77157783850733
78169,696.3333333333333,760.4,0.08789530743169305,0.09187380497131921,0.024132291477376125,1.1178033170949466,0.06614527640391227,,Opp Blk 216,Pasir Ris Dr 4,1.36906973013181,103.96024801184656
46129,918.0,881.8,-0.04018744797310525,-0.03939064200217583,0.024132291477376125,-1.1175163841531133,-0.06202610151850214,,Marsiling Lane Mkt/FC,Admiralty Rd,1.44378798401059,103.77675415681387
01029,1335.2777777777778,1457.9,0.08779475609476961,0.09176402112002668,0.024132291477376125,1.1160484798906607,0.06603807946050355,,Opp Natl Lib,Nth Bridge Rd,1.2966729849642,103.85441422464267
64619,1107.4444444444443,1063.9,-0.040076733002314846,-0.03928428227746585,0.024132291477376125,-1.1155841696668716,-0.061922248016766976,,Opp Blk 913,Hougang Ave 4,1.37809338718149,103.88468027114665
15059,1154.0,1108.75,-0.03996557924174926,-0.039177489177489144,0.024132291477376125,-1.1136442973548277,-0.061817971351666764,,Opp Alexandra Pt,Alexandra Rd,1.27686194443878,103.80270111113056
63091,560.8333333333334,538.85,-0.03991392281285577,-0.03912785523583453,0.024132291477376125,-1.112742781511912,-0.06176950696667699,,Opp Blk 106,Hougang Ave 3,1.35385498086943,103.89147049226345
78181,1280.611111111111,1230.55,-0.03984442836530189,-0.039061077636654916,0.024132291477376125,-1.111529953857997,-0.06170430289125107,,Bef Blk 187,Pasir Ris St 11,1.36476141959655,103.95905802330991
43701,518.8888888888889,498.75,-0.039507140149487086,-0.03873690959606718,0.024132291477376125,-1.1056435486863812,-0.06138777343183903,,Blk 225,Bt Batok Ctrl,1.34847060052694,103.75201666213025
28289,1623.7777777777778,1771.8000000000002,0.08718916327730497,0.0911030568282842,0.024132291477376125,1.1054795820594518,0.0653926898978046,,Blk 228,Jurong Town Hall Rd,1.342062,103.73576
28069,387.44444444444446,422.8,0.087111486394992,0.09101830663615561,0.024132291477376125,1.1041239533113276,0.06530993672926,,Blk 203,Boon Lay Way,1.33644240098532,103.74255737341373
78259,513.2777777777778,493.40000000000003,-0.039418637027566206,-0.03865183104677604,0.024132291477376125,-1.10409897876027,-0.061304699643424054,,Opp Lighthouse,Jln Loyang Besar,1.37802115263457,103.95936584739643
72059,878.7777777777778,958.8,0.0870555790942884,0.09095731245263933,0.024132291477376125,1.1031482506079355,0.06525037979113407,,Opp Kaki Bt Ind Est,Kaki Bt Ave 1,1.333808,103.904357
21779,918.8888888888889,883.4,-0.03934344081929542,-0.0385795385916175,0.024132291477376125,-1.1027866431123086,-0.06123411066213703,,Aft Yuan Ching Rd,Yung Ho Rd,1.32643572160288,103.72425774502393
67271,488.6111111111111,469.75,-0.039284257666234446,-0.03852263701350322,0.024132291477376125,-1.101753769736021,-0.061178549892705374,,Blk 201 CP,Sengkang East Rd,1.388381,103.8921
59801,1078.388888888889,1176.45,0.08695604579704153,0.09084873127798615,0.024132291477376125,1.1014111803867106,0.0651443571849173,,Blk 382C,Yishun Ave 6,1.431669,103.847891
67249,721.5555555555555,787.1,0.08683067482667095,0.09071197908657488,0.024132291477376125,1.0992231871697609,0.06501082737382818,,Blk 259C,Compassvale Rd,1.39376571527248,103.89850423466406
46439,1255.2777777777778,1369.2,0.08680351034196931,0.0906823508601247,0.024132291477376125,1.0987491084568544,0.064981897296438,,Blk 880,Woodlands St 82,1.44413536712492,103.79265007190847
46449,1385.5,1511.05,0.08668375991995436,0.09055174900829445,0.024132291477376125,1.0966592059034872,0.06485437290050097,,Blk 875,Woodlands St 82,1.442376,103.789952
12039,588.8333333333334,566.3,-0.03895174678488633,-0.03820288217010402,0.024132291477376125,-1.0959507393311259,-0.06086632963946258,,Opp Pandan Valley Condo,Ulu Pandan Rd,1.32104526183447,103.78018998386835
14209,730.8333333333333,702.9,-0.03891650071957642,-0.038168982008653964,0.024132291477376125,-1.095335619645968,-0.06083322828943957,,Aft Hewlett Packard,Depot Rd,1.28176397706369,103.80958869712056
76289,853.3888888888889,930.65,0.08657074412966281,0.09042850640483771,0.024132291477376125,1.0946868371658502,0.06473403434220894,,Blk 801,Tampines Ave 4,1.3471495,103.9382105
64239,304.94444444444446,332.54999999999995,0.08638924778920742,0.09023061558017047,0.024132291477376125,1.091519335465546,0.0645408065470168,,Opp Blk 316,Hougang Ave 7,1.36439805444874,103.89682349089492
65521,424.3888888888889,408.25,-0.038677566965715116,-0.03793914065560987,0.024132291477376125,-1.091165711482989,-0.06060880283683273,,Waterwoods,Punggol East,1.39031766666667,103.912942666667
01329,1936.5,1863.0,-0.038673765981966035,-0.03793548387096819,0.024132291477376125,-1.0910993761372854,-0.060605232219372356,,Blk 8,Nth Bridge Rd,1.30495670239172,103.86363028484124
24701,1198.7777777777778,1307.0,0.08636289857513102,0.09020188923874783,0.024132291477376125,1.0910594849794188,0.06451275710295405,,Tuas Cres Stn Exit B,Pioneer Rd,1.321386,103.649116
14359,329.1111111111111,316.6,-0.038636568753407374,-0.037899697071692814,0.024132291477376125,-1.090450204454757,-0.06057028868759118,,Blk 50,Telok Blangah Dr,1.27289055599998,103.81035027797056
58371,653.4444444444445,712.45,0.08632565806717096,0.09016129032258038,0.024132291477376125,1.0904095579782038,0.06447311484530306,,Bet Blks 325/326,Sembawang Cres,1.44449009584233,103.8190895319006
44069,875.1111111111111,954.1,0.08632312497977246,0.09015852885225106,0.024132291477376125,1.0903653501521857,0.06447041844528491,,Blk 634 CP,Woodlands Rd,1.38592018696626,103.75717769160771
65029,1809.9444444444443,1741.45,-0.038556332865844034,-0.03782249900297604,0.024132291477376125,-1.0890499155583273,-0.06049490968689057,,Blk 111,Punggol Rd,1.38461500003195,103.90061583298267
62231,421.1666666666667,405.2,-0.038554531627335464,-0.03782076589024829,0.024132291477376125,-1.0890184800702936,-0.06049321741261881,,Bef S'pore Girls' Hme,Hougang Ave 3,1.34771728070981,103.89029313192805
65269,934.6666666666666,1018.8000000000001,0.08610252092728299,0.08991806198788789,0.024132291477376125,1.0865153347215653,0.06423561785715359,,Blk 162B,Punggol Ctrl,1.396356,103.915423
84071,514.0,494.6,-0.038397750908749195,-0.037669902912621775,0.024132291477376125,-1.0862823191567959,-0.06034590931689528,,Blk 71,Bedok Sth Rd,1.32067138376849,103.9426000755741
70051,1476.388888888889,1420.9,-0.03828225994444523,-0.03755875606362558,0.024132291477376125,-1.084266753306351,-0.060237381492979226,,Aft Joo Seng Rd,Upp Aljunied Rd,1.33627202154131,103.87777948299751
42311,1617.2777777777778,1762.55,0.08596633938437392,0.08976964537059326,0.024132291477376125,1.0841386737507037,0.0640906984765914,,Opp Burgundy Hill,Bt Batok East Ave 3,1.33865749997067,103.76028055601957
65189,347.8888888888889,334.8,-0.038237756922639754,-0.037515923566879494,0.024132291477376125,-1.0834900798104345,-0.06019555828605319,,Bef Punggol Ctrl,Punggol East,1.397182,103.918161
46669,422.5,460.5,0.08592853985079785,0.0897284533648171,0.024132291477376125,1.08347899054953,0.06405047710468569,,W'lands Pr Sch,Woodlands Dr 50,1.43740934044808,103.79182446445486
55309,360.44444444444446,346.90000000000003,-0.03819326697923575,-0.03747310175222873,0.024132291477376125,-1.082713634560767,-0.06015374550951338,,Opp AMK Police Div HQ,Ang Mo Kio Ave 9,1.384084,103.844597
09038,2731.6111111111113,2976.6,0.08586000386030168,0.08965377030516185,0.024132291477376125,1.0822828900337622,0.06397755385026167,,Opp Somerset Stn,Orchard Rd,1.30154262450563,103.83852481842337
75289,673.3888888888889,648.15,-0.03814311619537669,-0.03742482906334971,0.024132291477376125,-1.0818383954636779,-0.06010661030121974,,Opp Blks 741/742,Tampines Ave 9,1.36045667202312,103.93331674675824
54481,3146.8888888888887,3029.55,-0.03798791295295523,-0.03727542268186843,0.024132291477376125,-1.079129764903804,-0.059960724478924504,,ITE Coll Ctrl,Ang Mo Kio Ave 5,1.37599497932237,103.855765341723
63211,1430.5555555555557,1377.2,-0.037983354191762686,-0.037271033840422414,0.024132291477376125,-1.0790502047110617,-0.059956439054587696,,Blk 138,Yio Chu Kang Rd,1.36816,103.875784
27431,895.6111111111111,862.2,-0.03797581019573304,-0.03726377098952866,0.024132291477376125,-1.0789185457465282,-0.05994934734294634,,Blk 762,Jurong West Ave 5,1.349874,103.697454
41029,918.0555555555555,1000.25,0.08565792567171826,0.08943359729190657,0.024132291477376125,1.0787561907938414,0.06376256891610083,,Opp Botanic Gdns Stn,Dunearn Rd,1.32333331915013,103.81630566925632
10191,1523.0555555555557,1466.3,-0.03795093314535958,-0.03723982065395759,0.024132291477376125,-1.0784843876849453,-0.05992596136462071,,Blk 78,Tiong Bahru Rd,1.28860026020096,103.81903121724014
46531,963.5555555555555,1049.75,0.08559204282963684,0.08936182467457596,0.024132291477376125,1.077606393427183,0.06369248752336681,,Blk 173,Woodlands Ave 3,1.43240249999047,103.77751138903017
64621,321.33333333333337,309.35,-0.03788551392552364,-0.03717683557394073,0.024132291477376125,-1.0773426815241325,-0.05986446044277593,,Blk 565,Buangkok Green,1.38133333296872,103.88821499999295
22341,592.5,645.5,0.08553598416218922,0.08930075821398457,0.024132291477376125,1.0766280490483837,0.06363286001127726,,Blk 673C,Jurong West Ave 4,1.34491616105023,103.70103326346653
82129,968.7222222222223,1055.3,0.08551785318614513,0.0892810083070757,0.024132291477376125,1.0763116245006286,0.06361357548419687,,Tg Katong Sec Sch,Dunman Rd,1.309501,103.896589
63081,352.8333333333333,339.7,-0.03782366780828017,-0.03711728685821946,0.024132291477376125,-1.076263333692466,-0.059806314911952596,,Opp Blk 241,Hougang Ave 3,1.3568307844677,103.89260949897677
43169,1030.111111111111,991.95,-0.037711938133853096,-0.03700969827586195,0.024132291477376125,-1.0743134104442384,-0.05970126150893735,,Blk 254,Bt Batok East Ave 4,1.349356,103.757988
46111,943.3888888888889,908.4499999999999,-0.03769801869675593,-0.03699629389964146,0.024132291477376125,-1.0740704863138568,-0.059688172988702166,,Blk 23,Admiralty Rd,1.44132222201705,103.77372416702165
84239,1350.0,1300.15,-0.03759657016754758,-0.03689859363434507,0.024132291477376125,-1.0722999911735442,-0.05959277489793848,,Opp Blk 85,Bedok Nth Rd,1.33151836127292,103.9383568845181
61101,1975.2777777777778,1902.45,-0.037547136151028226,-0.036850982486717546,0.024132291477376125,-1.071437261208934,-0.05954628564257202,,Blk 120,Potong Pasir Ave 1,1.33560138948489,103.86370334032118
13119,1033.7777777777778,1125.8,0.08519506081677974,0.08892945345216434,0.024132291477376125,1.0706782030429578,0.06327030454367782,,Great World Stn Exit 3,Kim Seng Rd,1.29425,103.832501
27331,431.72222222222223,415.8,-0.03748951258462707,-0.036795480806265636,0.024132291477376125,-1.0704316059759125,-0.05949209178410883,,West Grove Pr Sch,Jurong West St 72,1.34537305600812,103.69941138898014
64039,1361.0,1311.05,-0.03736340817548367,-0.0366740088105723,0.024132291477376125,-1.0682308126741005,-0.05937348211160441,,Blk 434,Hougang Ave 8,1.37668753222312,103.89393761218089
71149,289.3888888888889,315.15,0.0849957636878651,0.08871245456284681,0.024132291477376125,1.0672000392787795,0.06305841893951969,,Blk 3024,Ubi Ave 2,1.32886553888796,103.89713767691656
64421,559.8888888888889,609.6,0.08491925341594797,0.08862916006339167,0.024132291477376125,1.0658647703924748,0.06297708716222071,,Blk 421,Hougang Ave 10,1.37505042808455,103.89511829229477
03011,2645.8333333333335,2880.35,0.08489497741843888,0.08860273282538872,0.024132291477376125,1.0654411019967722,0.06295128264631698,,Fullerton Sq,Fullerton Rd,1.28561840945474,103.85342223246427
27231,1165.0,1268.3,0.08488647948369366,0.08859348198970826,0.024132291477376125,1.0652927947488848,0.06294224979406005,,Wee Kim Wee Sch of C&I,Nanyang Dr,1.34207972361937,103.67922271593845
76059,4005.6666666666665,4360.1,0.08476467867929927,0.08846089850249501,0.024132291477376125,1.0631671086108083,0.06281279045729607,,Opp Our Tampines Hub,Tampines Ave 5,1.35296163572491,103.94165154852797
66571,567.5,546.85,-0.03699978633918821,-0.03632365875109917,0.024132291477376125,-1.0618848291581588,-0.059031387577149555,,Buangkok Sq,Buangkok Cres,1.384484444,103.8813056
46941,648.2222222222222,705.6,0.0846896697068269,0.08837925723087423,0.024132291477376125,1.0618580406304392,0.06273307295175486,,Opp Nylect Engrg,Woodlands Ave 9,1.45167306508663,103.80547695607456
40481,353.1111111111111,384.40000000000003,0.08467101889914908,0.0883589582679637,0.024132291477376125,1.061532543902057,0.06271325230643447,,Bef Blk 113,Plantation Cres,1.352848,103.735005
62031,507.3333333333333,488.9,-0.03693611172887312,-0.03626229508196715,0.024132291477376125,-1.0607735701876848,-0.0589714698598364,,Bef How Sun Rd,Upp Paya Lebar Rd,1.34521001044775,103.88171014272702
81211,2066.1111111111113,2248.65,0.08462261453512188,0.08830627821973783,0.024132291477376125,1.0606877835891295,0.06266181359225247,,Geylang Polyclinic,Geylang East Ctrl,1.31904666371972,103.88666750777982
22529,2109.1666666666665,2295.5,0.08461929147364966,0.08830266171708365,0.024132291477376125,1.0606297890155914,0.06265828230758906,,Pioneer Stn Exit B,Jurong West St 63,1.33777262767008,103.69728617102128
95209,1272.388888888889,1226.25,-0.0369058690600399,-0.03623314864098436,0.024132291477376125,-1.0602457705377821,-0.05894301021529113,,Changi Airport Ter 4,T4 CRESCENT,1.33899412275069,103.98206408704047
44371,385.94444444444446,420.1,0.08458920685014082,0.08826992103374025,0.024132291477376125,1.0601047475966945,0.06262631311414027,,Blk 219,Petir Rd,1.37402225721945,103.77263963002856
05049,3494.6111111111113,3368.0,-0.03689224894091225,-0.03622002193226411,0.024132291477376125,-1.0600080701500667,-0.05893019281969732,,Chinatown Stn Exit E,New Bridge Rd,1.28531114761754,103.84455070696784
95159,2261.9444444444443,2180.15,-0.03681455618821339,-0.036145140303929735,0.024132291477376125,-1.0586521644295575,-0.05885707567559637,,Near SATS Flight Kitchen,Airport Blvd,1.341239,103.981954
70119,1078.4444444444446,1173.6,0.08448115861309802,0.08815234173957796,0.024132291477376125,1.0582190733528545,0.06251150441692335,,Cencon Bldg,MacPherson Rd,1.33075033509776,103.8777335022986
54321,1205.0,1161.5,-0.03673623982562013,-0.036069651741294256,0.024132291477376125,-1.0572853753744538,-0.058783365898779784,,Blk 354,Ang Mo Kio Ave 8,1.3639846735447,103.85237785571755
59429,1775.1666666666667,1711.35,-0.036590787933733715,-0.03592943605142182,0.024132291477376125,-1.0547469268652072,-0.0586464542018835,,Blk 846,Yishun Ring Rd,1.417434,103.835047
53019,331.72222222222223,360.95,0.08419810637085234,0.08784438136583696,0.024132291477376125,1.0532792026296292,0.06221080071262286,,Opp St. Theresa's Hme,Upp Thomson Rd,1.34600349626668,103.83871779531225
84611,357.55555555555554,344.75,-0.036367644170874236,-0.03571428571428512,0.024132291477376125,-1.0508525880234638,-0.058436373591275736,,Opp Waterfront Isle,Bedok Reservoir Rd,1.33922469822607,103.92795482353951
04159,308.44444444444446,297.45,-0.03617616041050553,-0.03552962298025075,0.024132291477376125,-1.0475107843538873,-0.05825606218466245,,Aft CHIJMES,Victoria St,1.29489484954945,103.85108138663934
53369,540.2777777777778,521.05,-0.036169230793056784,-0.03552293954634056,0.024132291477376125,-1.0473898476176629,-0.058249536236827576,,Opp Blk 454,Sin Ming Ave,1.35947344252352,103.8301455974542
68149,282.0,306.75,0.08384086742132535,0.08745583038869267,0.024132291477376125,1.0470446142230392,0.061831405413423975,,ST Aerospace,West Camp Rd,1.41891604556531,103.86279700000911
14029,1348.3333333333333,1300.55,-0.03605478139158347,-0.03541254940711472,0.024132291477376125,-1.0453924592799368,-0.0581417472918402,,Blk 105,Lower Delta Rd,1.27247333301883,103.82418777803016
10081,971.3333333333334,1056.25,0.08372779515298667,0.08733287624271562,0.024132291477376125,1.0450712598219456,0.06171134851550144,,Opp Blk 120,Jln Bt Merah,1.2822783541702,103.82241744338572
07589,665.0555555555555,641.5,-0.036006267042113294,-0.03536575193927693,0.024132291477376125,-1.0445457794843533,-0.05809605254300041,,Ch of Our Lady of Lourdes,Ophir Rd,1.30320609782822,103.85549999983388
55021,1207.5555555555557,1313.05,0.0836880803133555,0.08728969384940652,0.024132291477376125,1.0443781504085912,0.06166918365685141,,Opp Seasons Pk,Yio Chu Kang Rd,1.3857011784032,103.83872706499656
70281,2654.8888888888887,2561.05,-0.035971677449213146,-0.035332385056268845,0.024132291477376125,-1.0439421166553995,-0.05806347190543458,,Aft Tai Seng Stn,Upp Paya Lebar Rd,1.3354935,103.8879965
98021,295.05555555555554,320.85,0.08353847409800785,0.0871270407205861,0.024132291477376125,1.041767200015317,0.06151036322889107,,Blk 275,Loyang Ave,1.36473730490409,103.96537675659532
71151,484.94444444444446,467.85,-0.0358114176580564,-0.03517777523722453,0.024132291477376125,-1.0411452384389808,-0.057912505257540624,,Blk 3021,Ubi Ave 2,1.32814305145316,103.8944494102938
50081,691.2777777777778,667.05,-0.03562426701179966,-0.0349971912366582,0.024132291477376125,-1.0378790569350238,-0.057736176474560995,,Pek Kio Mkt,Owen Rd,1.31634,103.850484
60071,506.22222222222223,550.25,0.08323921106820631,0.08680175246440308,0.024132291477376125,1.036544416165482,0.06119273995024829,,Kolam Ayer Ind Est,Jln Kolam Ayer,1.327057,103.870325
27479,368.5,355.59999999999997,-0.03553603495921642,-0.03491204330175913,0.024132291477376125,-1.0363392177521646,-0.057653034935516025,,Opp Corporation Pr Sch,Jurong West St 23,1.3518923433776,103.70818261767401
46549,1304.5,1417.7,0.08315485017875712,0.08671007276905496,0.024132291477376125,1.035072137109612,0.06110322056284973,,Blk 347,Woodlands Ave 3,1.43319818915334,103.7812567265195
22441,349.27777777777777,379.65000000000003,0.08315382724936615,0.08670896114195062,0.024132291477376125,1.0350542847905126,0.06110213512973373,,Blk 669 CP,Jurong West St 64,1.342816,103.70358
70271,1001.9444444444445,1088.85,0.08309995403402848,0.08665041821303969,0.024132291477376125,1.0341140812538752,0.06104497168571571,,Le Crescendo,Paya Lebar Rd,1.33078171512111,103.88931512831826
27271,656.3888888888889,633.55,-0.03535967323222078,-0.034741823713344035,0.024132291477376125,-1.0332613261058337,-0.0574868263413416,,Blk 962,Jurong West St 91,1.34199989028017,103.69132051378558
54339,1572.5555555555554,1517.95,-0.03531843721384664,-0.03470201948877267,0.024132291477376125,-1.0325416688500118,-0.05744796004945469,,Blk 422,Ang Mo Kio Ave 8,1.3678447007404,103.85057966582927
21619,536.8888888888889,518.25,-0.03526654984725308,-0.03465193141912808,0.024132291477376125,-1.031636122647278,-0.05739905223738646,,Aft Corp Rd,Corporation Dr,1.33793509893342,103.71816213921478
42159,1477.6666666666667,1605.5,0.08291711875376517,0.08645175834084759,0.024132291477376125,1.0309232121726775,0.06085099296456288,,Opp Beauty World Stn,Jln Jurong Kechil,1.34036805329812,103.77530898996658
47559,1017.6111111111111,1105.65,0.0828973902787924,0.08643032451595307,0.024132291477376125,1.0305789078309817,0.06083006419874532,,Opp Blk 630,Woodlands Ave 6,1.43461254485308,103.80204564158956
96251,594.6111111111111,574.05,-0.03513096242148528,-0.034521033485682896,0.024132291477376125,-1.0292698302990038,-0.05727123873659706,,Bef Changi General Hosp,Simei St 3,1.34026697859529,103.95138028105873
82011,2521.9444444444443,2434.85,-0.03513087817789451,-0.034520952150264524,0.024132291477376125,-1.0292683600670622,-0.05727115931773775,,Aft Paya Lebar Quarter,Sims Ave,1.31736957951855,103.89480000904068
43369,393.3333333333333,379.75,-0.03505358353500565,-0.034446322907861135,0.024132291477376125,-1.0279194022194242,-0.057198288612434894,,Blk 183,Bt Batok West Ave 8,1.34687447962614,103.7435830555251
54247,1027.4444444444443,992.1999999999999,-0.03487063790328193,-0.03426966292134866,0.024132291477376125,-1.0247266072677785,-0.05702579137942836,,Blk 322,Ang Mo Kio Ave 3,1.36873836498602,103.84719306132868
56099,1233.0,1339.2,0.08255793107373677,0.0860615883306316,0.024132291477376125,1.0246546142253927,0.060470016782615564,,Springleaf Stn Exit 2,Upp Thomson Rd,1.39606817759915,103.8188299218487
78199,1020.2777777777778,985.3,-0.03484927762675927,-0.034249034433988024,0.024132291477376125,-1.024353824477587,-0.057005648974455585,,Opp White Sands Pr Sch,Pasir Ris St 11,1.36477,103.96189
56059,850.8333333333334,924.0500000000001,0.08245690056538635,0.08595186851888019,0.024132291477376125,1.022891414448584,0.06036288236974287,,Bef Tagore Rd,Upp Thomson Rd,1.38268805765919,103.82604547355085
75151,1459.5555555555557,1409.7,-0.03473084574730567,-0.034134651958919855,0.024132291477376125,-1.0222869333292683,-0.05689396176761715,,Opp Blk 871A,Tampines Ave 8,1.35451781224143,103.93145206236657
75141,1613.1666666666667,1558.1,-0.03471009593053598,-0.034114610221993344,0.024132291477376125,-1.0219248043754057,-0.05687439228709857,,Blk 730,Tampines Ave 5,1.35625000000112,103.93377888890949
54081,1526.2222222222222,1657.35,0.08237258786220991,0.08586031284103345,0.024132291477376125,1.021419976346865,0.06027348407754111,,Teck Ghee Ct,Ang Mo Kio Ave 1,1.36358972199933,103.84786694396756
54031,780.0555555555555,753.65,-0.03439221557830585,-0.03380752542855148,0.024132291477376125,-1.016377108186844,-0.0565745435312324,,Opp Al-Muttaqin Mque,Ang Mo Kio Ave 6,1.37008641040706,103.84534111753092
67379,2548.5,2766.5,0.08204712408758219,0.0855069621494418,0.024132291477376125,1.015739933118808,0.05992845961680283,,Opp Blk 313 CP,Anchorvale Rd,1.3929735,103.8871335
63231,733.0555555555555,795.8,0.08201899175233596,0.08547642473321693,0.024132291477376125,1.0152489633311947,0.059898641773464614,,Bet Blks 210/211,Hougang St 21,1.35901223241231,103.88763070107527
58111,765.5,739.65,-0.0343065192838079,-0.03372472276581889,0.024132291477376125,-1.0148815234392343,-0.05649369200118921,,Blk 351 CP,Canberra Rd,1.45096272310028,103.82075231895968
47501,426.0,411.6,-0.03430541259147368,-0.0337236533957851,0.024132291477376125,-1.014862209276527,-0.05649264782941307,,Opp Blk 583,Woodlands Dr 16,1.43046208317462,103.79470229416464
63179,434.72222222222223,471.9,0.08187901433332812,0.08532449317863042,0.024132291477376125,1.0128060561541186,0.05975029028035103,,Bef Tai Seng Chr Ch,Yio Chu Kang Rd,1.35999305129204,103.87393532776181
97059,426.77777777777777,463.25,0.08181935028720488,0.08525974025974052,0.024132291477376125,1.0117647901590676,0.05968706317636381,,Changi Women's Prison,Upp Changi Rd Nth,1.36075141209876,103.97097232582753
22151,307.1666666666667,296.85,-0.034050758084373633,-0.0334775554353707,0.024132291477376125,-1.0104179401402695,-0.05625234883438832,,Hitachi,Pioneer Rd,1.32095233702714,103.69627164313702
44519,827.1111111111111,799.5,-0.03391080510870559,-0.03334227827720432,0.024132291477376125,-1.007975459552072,-0.05612025929938183,,Blk 408,Choa Chu Kang Ave 3,1.380017,103.740996
58541,3344.222222222222,3628.6,0.08158932384692363,0.08501013053442692,0.024132291477376125,1.00775033378558,0.059443335166427205,,Opp Canberra Stn,Canberra Link,1.44284,103.830351
59819,1346.2222222222222,1301.3999999999999,-0.033836143221188664,-0.03327010309278346,0.024132291477376125,-1.0066724489510626,-0.05604978482550625,,Blk 467C,Yishun St 42,1.42696,103.851955
52069,413.33333333333337,399.55,-0.03383220018147526,-0.03326629123089266,0.024132291477376125,-1.0066036344230933,-0.05604606278498227,,Opp BCA Acad,Braddell Rd,1.34314389988912,103.85856611406128
43431,518.4444444444445,501.2,-0.03376141766308294,-0.03319786096256644,0.024132291477376125,-1.0053683271612668,-0.0559792449833216,,Opp Blk 242,Bt Batok East Ave 2,1.35138376789986,103.75644264494997
42039,657.8888888888889,713.8,0.08144786862972087,0.08485666104553082,0.024132291477376125,1.0052816358499497,0.05929348197834473,,Opp The Nexus,Dunearn Rd,1.33474752657285,103.7877986922408
21599,1082.1666666666667,1046.25,-0.03372116883914966,-0.033158947530389324,0.024132291477376125,-1.0046658985727674,-0.055941248493511696,,Blk 117,Corporation Dr,1.33468356164521,103.72268493639599
20029,1395.888888888889,1514.25,0.08133290025015594,0.08473194400254572,0.024132291477376125,1.0032751902277437,0.05917170372369642,,Opp NEWest,AYE,1.31772833949651,103.75767989744158
04179,1096.0555555555557,1059.8,-0.033606482729546805,-0.03304805793285053,0.024132291477376125,-1.0026643791688121,-0.055832971859270594,,Aft Bras Basah Stn Exit A,Bras Basah Rd,1.29647916306741,103.85147164487202
14239,990.9444444444445,958.2,-0.03356749841907991,-0.03301036124334947,0.024132291477376125,-1.0019840190613893,-0.05579616344124221,,Opp Keppel DP Blk 519,Kg Bahru Rd,1.27178138152481,103.8271423936315
52079,3588.9444444444443,3892.8,0.08124881726733868,0.08464074033952858,0.024132291477376125,1.0018077612406244,0.059082649151571194,,Opp Trellis Twrs,Jln Toa Payoh,1.32931477158443,103.84382885735747
63381,1154.7222222222222,1116.6,-0.03354192021946556,-0.032985627073017915,0.024132291477376125,-1.00153762443676,-0.055772012098161454,,Xinmin Pr Sch,Hougang Ave 8,1.37095163322641,103.88239574095121
18079,445.94444444444446,483.75,0.08119899259244256,0.08458669981354908,0.024132291477376125,1.0009382134466878,0.05902988201745267,,Opp NUH,Buona Vista Flyover,1.2964817739742,103.78455389999202
44441,608.7777777777778,660.25,0.08103739110300712,0.08441144314868777,0.024132291477376125,0.9981179197081244,0.05885875503872173,,Blk 239,Choa Chu Kang Way,1.37924285981093,103.74754322627454
06169,775.5555555555555,841.1,0.08103058589503753,0.08440406352840252,0.024132291477376125,0.9979991541850263,0.05885154930920156,,River Pl Condo,Havelock Rd,1.28937078931125,103.83998944937589
44049,582.1666666666666,563.05,-0.03333012308870398,-0.03278079451271819,0.024132291477376125,-0.9978413087417789,-0.055572006139942676,,Opp Junction 10,Woodlands Rd,1.38103523807931,103.7608578414621
50019,539.5,585.1,0.080995786403121,0.08436632747456105,0.024132291477376125,0.9973918281665579,0.05881470245440018,,Parish of Christ Ch,Keng Lee Rd,1.31194891032358,103.84763856174139
03151,974.9444444444445,1057.25,0.08096621628381406,0.08433426310696113,0.024132291477376125,0.9968757659531385,0.05878339364022964,,Aft Telok Ayer St,Cecil St,1.27892124625262,103.84776234627124
45061,1332.8333333333335,1445.3,0.08095156894069522,0.08431838060727238,0.024132291477376125,0.9966201382963082,0.05876788539015207,,Opp Mandai Est,Woodlands Rd,1.40718111138275,103.75606300126093
76261,765.8333333333334,740.75,-0.03325722175648238,-0.032710280373831745,0.024132291477376125,-0.9965690236191864,-0.055503153571311414,,Blk 489B,Tampines St 45,1.36164005637877,103.95740032197719
92159,596.2777777777778,646.6,0.08089092721441649,0.08425262766254278,0.024132291477376125,0.9955618096786881,0.058703681824580724,,St. Patrick's Sch,East Coast Rd,1.309748,103.9166295
54271,699.6111111111111,676.75,-0.03317448168093495,-0.03263024343826824,0.024132291477376125,-0.9951250312537084,-0.055425002597819455,,Blk 586,Ang Mo Kio Ave 3,1.36996326781056,103.85356664655984
46561,647.7777777777778,702.4,0.08083546909256345,0.08419249871553304,0.024132291477376125,0.9945939461128199,0.05864496973483401,,Blk 183C,Woodlands St 13,1.434716944,103.7772439
94039,668.8888888888889,647.1,-0.03306685571951551,-0.032526123735279126,0.024132291477376125,-0.9932467266281848,-0.055323336334724756,,Bef Bayshore Stn Exit 3,Upp East Coast Rd,1.31485363967239,103.94066333773824
52371,545.5,527.75,-0.03301857725610535,-0.03247941445562655,0.024132291477376125,-0.9924041635519484,-0.05527772769603493,,First Toa Payoh Pr Sch,Lor 8 Toa Payoh,1.33992964917756,103.85651585657361
56091,2706.6666666666665,2934.15,0.08067130389880184,0.0840145266527153,0.024132291477376125,0.9917289102169667,0.058471191342824705,,Springleaf Stn Exit 3,Upp Thomson Rd,1.3962,103.818459
21109,306.3333333333333,332.15,0.08065990412006219,0.08400216919739716,0.024132291477376125,0.9915299595469403,0.058459125074217626,,Ctrl Fish Proc Fty,Jln Tepong,1.31100299869144,103.72109770773132
28081,458.94444444444446,444.05,-0.032919073837700985,-0.03238313806015249,0.024132291477376125,-0.990667614780821,-0.055183719923528156,,Blk 112,Boon Lay Way,1.33950830792818,103.73664764665054
65729,460.94444444444446,499.65000000000003,0.08046262042294927,0.08378833433553909,0.024132291477376125,0.9880869345003771,0.058250328941493804,,Punggol Coast Stn,New Punggol Rd,1.414675,103.911277
65049,649.3888888888889,628.45,-0.032724052371238876,-0.03219441359870105,0.024132291477376125,-0.9872640705271758,-0.054999442498607595,,Blk 126A,Punggol Rd,1.38993499998792,103.90187166698628
77271,626.8333333333334,679.4,0.08040612205772035,0.08372710379612393,0.024132291477376125,0.9871009164491151,0.05819054121687589,,Aft Pasir Ris St 72,Pasir Ris Dr 12,1.38058998439068,103.9349613837619
75489,1073.7222222222222,1039.15,-0.032697296734056636,-0.03216851899715662,0.024132291477376125,-0.9867971270832759,-0.05497415806830506,,Opp Blk 609D,Tampines Ave 6,1.363941111,103.9381689
45059,476.3888888888889,516.35,0.08038818863390151,0.08370766903293403,0.024132291477376125,0.9867879396128002,0.05817156440757926,,Opp Da Di Glass,Woodlands Rd,1.40340952558706,103.75620896675814
70211,1561.9444444444443,1511.8,-0.03260926826410149,-0.03208331852273083,0.024132291477376125,-0.9852608408553635,-0.054890965227756223,,Blk 90,Pipit Rd,1.32362166702646,103.88696166698931
44289,2288.0,2214.65,-0.03256922679784857,-0.03204456094364386,0.024132291477376125,-0.9845620311045963,-0.05485312091856931,,Blk 6,Teck Whye Ave,1.38140148022937,103.75380266661918
83151,362.22222222222223,392.55,0.08019329520046803,0.08349648210461927,0.024132291477376125,0.983386629811017,0.05796535381342825,,Parkway East Hosp,Joo Chiat Pl,1.31488002411227,103.90911503893872
72031,667.3888888888889,723.05,0.07999027763725142,0.08327653561632409,0.024132291477376125,0.9798435364623205,0.05775059006647338,,Bef Kaki Bt Stn Exit B,Kaki Bt Ave 1,1.33521859078695,103.9099203114682
04111,1297.4444444444443,1256.2,-0.03227994085474961,-0.031764504535340646,0.024132291477376125,-0.9795133688872701,-0.05457966366052386,,Capitol Bldg,Stamford Rd,1.29395444170081,103.85139096636622
67369,1172.888888888889,1270.6,0.07995387632271012,0.08323710364410809,0.024132291477376125,0.979208255192111,0.05771208725531884,,Blk 306 CP,Anchorvale Dr,1.39071731059511,103.88853458899818
96351,289.77777777777777,313.9,0.07969580291305256,0.08295758502101652,0.024132291477376125,0.9747043188491379,0.0574391551103043,,Bef Changi Sth St 1,Changi Sth Ave 4,1.33529647913206,103.97039204168856
70149,817.8333333333334,885.75,0.07968253071313836,0.08294321188683128,0.024132291477376125,0.9744726904003794,0.0574251206595748,,Sky Green Condo,MacPherson Rd,1.33291249995394,103.88646305557553
46389,426.22222222222223,461.65,0.07966652409151465,0.08292587776332938,0.024132291477376125,0.9741933404086275,0.05740819499123474,,Aft W'lands Ind Pk D St 1,Woodlands Ave 3,1.42930397640592,103.76660954719264
07361,825.8888888888889,894.3499999999999,0.07954437171242024,0.08279360386992755,0.024132291477376125,0.972061518535487,0.05727903795312298,,Bef Kallang Bahru,Lavender St,1.31167636068313,103.86189483728585
08079,939.1111111111111,1016.9,0.07949888887001233,0.08274435645904706,0.024132291477376125,0.9712677450615963,0.057230950990832724,,Sch of The Arts,Prinsep St,1.29921444445586,103.84910329217985
28511,5189.722222222223,5027.6,-0.03173122864318856,-0.031233076108012268,0.024132291477376125,-0.9699371600296345,-0.0540607576248966,,Blk 463,Jurong West Ave 1,1.35063596491215,103.7237236090261
55179,449.72222222222223,435.65,-0.03171927563915844,-0.031221496363860513,0.024132291477376125,-0.9697285543878119,-0.05404945074174477,,Opp Castle Green,Ang Mo Kio Ave 6,1.385991667,103.8431694
16221,410.27777777777777,444.25,0.07936707762283746,0.0826016479805485,0.024132291477376125,0.9689673551556727,0.0570916052445008,,Opp Haw Par Villa Stn,West Coast Highway,1.28297585453544,103.78118424868649
80119,516.3333333333334,559.05,0.07933865338269364,0.08257087628865928,0.024132291477376125,0.9684712909994506,0.05706155864588721,,Aft Geylang Rd,Sims Way,1.30992065473549,103.87599804972949
75129,1354.7777777777778,1312.55,-0.03164189973923559,-0.031146533355188025,0.024132291477376125,-0.9683781784300749,-0.053976254134923254,,Darul Ghufran Mque,Tampines Ave 5,1.35563642049496,103.93936521711959
04151,489.44444444444446,474.2,-0.03157624143202664,-0.031082917988218807,0.024132291477376125,-0.9672322996801144,-0.05391413777798518,,Cath of The Good Shepherd,Victoria St,1.29533777799211,103.85113972198121
44779,706.1666666666667,684.2,-0.031555609524305694,-0.03106292717416988,0.024132291477376125,-0.9668722284928791,-0.05389461802041549,,Opp Fajar Stn,Fajar Rd,1.38422184036636,103.77020678944983
84349,608.7222222222223,589.85,-0.03144130196218242,-0.03095216400911122,0.024132291477376125,-0.9648773155570334,-0.053786464839444235,,Fengshan Pr Sch,Bedok Nth Rd,1.33091748609947,103.93233223449336
10181,804.2777777777777,779.4,-0.031380674710635326,-0.030893411521214498,0.024132291477376125,-0.9638192395546282,-0.05372909677441431,,Bef Ar-Rabitah Mque,Tiong Bahru Rd,1.28850399420484,103.82109741719866
77031,4394.555555555556,4258.8,-0.031371718595929465,-0.03088473205257878,0.024132291477376125,-0.9636629360804769,-0.053720621825710954,,Opp Pasir Ris Int/Mall,Pasir Ris Ctrl,1.372262,103.948468
83299,563.8888888888889,546.45,-0.031357921653691,-0.030871361132965798,0.024132291477376125,-0.9634221497489747,-0.053707565973723614,,Aft Lor G Telok Kurau,Still Rd,1.31574389673514,103.90586328314893
06161,637.3333333333334,617.65,-0.031320928286652006,-0.030835509138381283,0.024132291477376125,-0.9627765358886512,-0.053672558782872526,,Blk 2,Havelock Rd,1.28901705678419,103.83994286096711
06039,309.1666666666667,334.65,0.07895916297056527,0.0821601289629237,0.024132291477376125,0.9618483666878651,0.05666049002501299,,Blk 8,Chin Swee Rd,1.28705997883119,103.83962555611693
80029,357.77777777777777,387.25,0.07894626860674059,0.08214617528646637,0.024132291477376125,0.961623332291929,0.056646865148057696,,Bef Kg Bugis,Kallang Rd,1.3094187398083,103.86753497349068
46821,280.6666666666667,303.8,0.07893148512342751,0.08213017751479339,0.024132291477376125,0.9613653286957512,0.056631244342224225,,Blk 713,Woodlands Circle,1.44215561041047,103.79755539404626
84311,607.3888888888889,588.7,-0.031200364373135336,-0.030718655830517107,0.024132291477376125,-0.9606724361580383,-0.053558458965069104,,Blk 521,Bedok Nth Rd,1.330067,103.927858
63101,957.1666666666666,927.75,-0.031182140363267052,-0.030700991476778627,0.024132291477376125,-0.9603543879698528,-0.05354121084792107,,Opp Blk 169,Hougang Ave 3,1.35110728949265,103.8903098431232
66579,1336.7222222222222,1295.85,-0.031030086300245507,-0.030553594418373103,0.024132291477376125,-0.9577007173671813,-0.053397287001722554,,Blk 998B,Buangkok Cres,1.38402973472559,103.88070409002009
50201,1091.111111111111,1180.5,0.07867219539655235,0.08184962864991328,0.024132291477376125,0.9568401649999554,0.05635730623167464,,Shaw Plaza,Balestier Rd,1.32495,103.85092
70039,1106.7222222222222,1197.35,0.07863975568542614,0.08181453432970577,0.024132291477376125,0.9562740222342565,0.056323038861629225,,Aljunied Pk,Aljunied Rd,1.32930256265165,103.87975573742911
63319,1046.2222222222222,1014.35,-0.03090777535726552,-0.0304350132625992,0.024132291477376125,-0.9555661282130261,-0.05328150005040706,,Opp Blk 634,Hougang Ave 2,1.369226,103.878124
44701,728.8888888888889,788.5,0.07850751813944257,0.08167148728877993,0.024132291477376125,0.953966192496775,0.056183362530635425,,Blk 548B,Bt Panjang Ring Rd,1.38927144639115,103.76879686807085
43331,806.3888888888889,781.9,-0.030800472816137514,-0.030330970893828083,0.024132291477376125,-0.9536934679675515,-0.05317990929925418,,Opp Bt Batok Presby Ch,Bt Batok St 11,1.34893916700858,103.74323444400876
28481,277.27777777777777,300.0,0.07849044928742366,0.08165302455579959,0.024132291477376125,0.9536683042988284,0.05616533484697192,,Blk 306,Jurong East St 32,1.34618139069958,103.73421591577221
50331,426.77777777777777,461.7,0.07847504596734378,0.08163636363636406,0.024132291477376125,0.9533994832172522,0.05614906651955545,,Blk 122,Mcnair Rd,1.31862919267946,103.85727882383885
67201,975.8333333333334,1055.55,0.07844811476456215,0.08160723426036531,0.024132291477376125,0.9529294757758459,0.05612062353788096,,Blk 206A,Compassvale Rd,1.38669709800422,103.89628892246895
06129,399.05555555555554,386.95,-0.030726961012743637,-0.030259686154700538,0.024132291477376125,-0.9524105288093387,-0.053110304288533625,,Grand Copthorne Hotel,Kim Seng Rd,1.29078162052352,103.83440916705554
52331,2696.8333333333335,2615.3,-0.030687875804855658,-0.030221782912213307,0.024132291477376125,-0.9517284078247983,-0.053073294184660676,,Blk 27,Lor 6 Toa Payoh,1.33246306626276,103.85581029367948
65271,1032.2777777777778,1116.5,0.0783579895687625,0.08150975858917224,0.024132291477376125,0.9513565971700327,0.05602544474896448,,Bet Blks 622A/622B,Punggol Ctrl,1.400166,103.910274
01621,518.6111111111111,502.95,-0.030603611737499037,-0.030140062012188284,0.024132291477376125,-0.9502578185227938,-0.05299349892705079,,Opp Shaw Twrs,Beach Rd,1.29695888888745,103.85655611109846
75571,1229.2222222222222,1329.35,0.07824724396933913,0.08138999277456593,0.024132291477376125,0.9494238481482367,0.05590850105369875,,Blk 637B,Tampines Nth Dr 2,1.36378,103.943296
17161,1493.2222222222222,1614.7,0.07816248053055297,0.08129833432480699,0.024132291477376125,0.9479445437401965,0.05581900241126585,,Blk 455,C'wealth Ave West,1.31240993603605,103.76685476875124
43361,873.5,847.3,-0.030417947644967747,-0.029959977129788495,0.024132291477376125,-0.9470175805802394,-0.05281765750119359,,Blk 154A,Bt Batok West Ave 8,1.3469143511774,103.74343203545553
96151,359.3888888888889,348.6,-0.030394051535510336,-0.029936796670263624,0.024132291477376125,-0.9466005420485143,-0.05279502325782701,,Blk 106,Simei St 1,1.34232997550862,103.95121028080379
53251,391.94444444444446,380.25,-0.030212911218203686,-0.029761063198077028,0.024132291477376125,-0.9434392537182766,-0.05262343070709015,,Blk 125,Bishan St 11,1.34678829540395,103.85199823380812
21459,929.9444444444445,902.3,-0.030144878348761672,-0.029695052813749557,0.024132291477376125,-0.9422519337475628,-0.05255897576813666,,Blk 209,Boon Lay Dr,1.3455804550235,103.71491332975407
84381,371.5,360.45,-0.030113318373308218,-0.029664429530201493,0.024132291477376125,-0.941701144262444,-0.052529074080822524,,Blk 544,Bedok Nth St 3,1.33078667404046,103.92426011381585
65239,706.2777777777777,685.3000000000001,-0.030108635250891247,-0.029659885319298907,0.024132291477376125,-0.9416194136987243,-0.05252463694810011,,Riviera Stn Exit A,Punggol East,1.39410461413829,103.91603484855351
84321,369.1666666666667,358.2,-0.030074018238327227,-0.029626294461953417,0.024132291477376125,-0.9410152723376319,-0.05249183761384904,,Blk 516,Bedok Nth Rd,1.33060063600662,103.92977387914273
60089,2761.6666666666665,2984.9,0.07770481208897362,0.08080357142857214,0.024132291477376125,0.9399572445845172,0.05533589793311183,,Opp St. Andrew's Village,Jln Toa Payoh,1.32865054961465,103.86615967295366
40371,647.3333333333334,699.7,0.0776748679920507,0.08077120822622051,0.024132291477376125,0.939434655656942,0.05530429732582608,,Opp Blk 465A,Bt Batok West Ave 5,1.35813308018627,103.74305344718294
82099,872.2777777777778,846.5,-0.02996285357746853,-0.029518417202112672,0.024132291477376125,-0.939075209792017,-0.05238650233564477,,CDAC Bldg,Tg Katong Rd,1.31299461549467,103.89427184817765
45231,482.33333333333337,468.1,-0.029890581412097994,-0.029448275862068912,0.024132291477376125,-0.9378139049848707,-0.05231801378135597,,Blk 432,Choa Chu Kang Way,1.384581,103.742313
40101,830.1666666666666,897.1,0.0774510843588363,0.0805293763785841,0.024132291477376125,0.9355291497005774,0.05506816391840509,,KK Women & Children Hosp,Kg Java Rd,1.31036186651665,103.84779148902439
81049,1296.4444444444443,1400.9,0.07743194163499467,0.08050869230110475,0.024132291477376125,0.9351950679765897,0.0550479672332195,,Aft Lor 34 Geylang,Geylang Rd,1.314075556,103.8873525
45139,10998.611111111111,11884.1,0.07742559610588096,0.08050183592349382,0.024132291477376125,0.9350843248387027,0.05504127241686816,,Kranji Stn,Woodlands Rd,1.42525961270458,103.76178101875855
20179,407.6111111111111,395.65,-0.029709595391361532,-0.02927260367097239,0.024132291477376125,-0.9346553094618113,-0.05214648106770322,,Blk 31,West Coast Rd,1.32000211967899,103.73910069465363
68031,691.7222222222222,747.4,0.07730850929951227,0.08037533082043383,0.024132291477376125,0.933040908110159,0.0549177482353608,,Jln Kayu Shophouse,Jln Kayu,1.39705024252478,103.87307298530668
28641,1508.7777777777778,1630.05,0.07726150624611172,0.08032455107447753,0.024132291477376125,0.9322206036831266,0.0548681650453971,,Blk 284,Toh Guan Rd,1.33917889755759,103.74610320575732
40191,331.5,321.85,-0.029452041023432685,-0.029022556390977304,0.024132291477376125,-0.9301604315139227,-0.05190232581346904,,Aft Draycott Pk,Stevens Rd,1.31268555601325,103.8304269440197
52479,302.61111111111114,293.85,-0.029280890267960658,-0.028856358645928202,0.024132291477376125,-0.9271734825340933,-0.051740044293364505,,Opp EAIM,Ah Hood Rd,1.32749617656635,103.84578619081431
62011,693.6111111111111,673.6,-0.029232213971285503,-0.02880908581940373,0.024132291477376125,-0.9263239764112909,-0.05169388538702216,,Aft Bartley Rd,Upp Paya Lebar Rd,1.3421349999944,103.88345100001618
28349,1698.888888888889,1650.1000000000001,-0.02912115699337292,-0.02870122230211141,0.024132291477376125,-0.9243857931648071,-0.051588563527541764,,Opp Chinese Gdn Stn,Boon Lay Way,1.34255113741933,103.73318514055593
60019,525.8333333333334,510.75,-0.029048018446164114,-0.028630180322682983,0.024132291477376125,-0.9231093681302284,-0.05151919555621655,,Bendemeer Stn Exit B,Kallang Bahru,1.31479811892165,103.86413644350252
44451,1098.0,1066.55,-0.029034371990231733,-0.02861692447679726,0.024132291477376125,-0.9228712081085966,-0.05150625206639982,,Bef South View Stn,Choa Chu Kang Way,1.38077375279629,103.74424353296656
40411,370.3888888888889,400.0,0.07671169566669,0.07973074046372441,0.024132291477376125,0.9226252259427604,0.054288346778074904,,Blk 221B,Tengah Gdn Ave,1.3576545,103.7292115
84009,29236.11111111111,28402.05,-0.028942297024013186,-0.028527480295211387,0.024132291477376125,-0.9212643018132909,-0.051418915515907056,,Bedok Int,Bedok Nth Dr,1.32453874317344,103.92903818515839
27429,370.3888888888889,359.8,-0.02892594345141042,-0.02851159311892311,0.024132291477376125,-0.9209788967803555,-0.0514034026994277,,Blk 711,Jurong West St 71,1.34286500004293,103.69555805555355
58519,742.5555555555555,721.45,-0.028795271330874783,-0.028384638374177967,0.024132291477376125,-0.9186983870855568,-0.05127943947143301,,Opp Blk 104B,Canberra st,1.44973306,103.831062
59261,835.9444444444445,812.2,-0.028780611914045018,-0.028370394955193834,0.024132291477376125,-0.9184425487164898,-0.05126553167934143,,Blk 174,Yishun Ave 7,1.43755803458153,103.83159143616113
66491,897.0,871.6,-0.028692807612690885,-0.028285077951002727,0.024132291477376125,-0.9169101747130503,-0.0511822250548935,,Opp Blk 910,Buangkok Green,1.37936944398935,103.88260194401967
96139,458.1111111111111,494.55,0.07637600394940769,0.07936834462729914,0.024132291477376125,0.9167666831060184,0.05393449030910009,,Blk 148,Simei St 1,1.34646413372668,103.95585291875304
40309,282.27777777777777,304.75,0.07633981140829071,0.07932928025102964,0.024132291477376125,0.9161350453813198,0.053896346431991066,,Opp Blk 451A,Bt Batok West Ave 6,1.35367643079374,103.74299081028306
70109,1412.0,1524.05,0.07631209270475203,0.07929936305732456,0.024132291477376125,0.9156512943570915,0.05386713419646833,,Gulab Bldg,MacPherson Rd,1.32946242383323,103.874037265782
27369,1346.5,1308.5,-0.02860563883538525,-0.028200371057513544,0.024132291477376125,-0.915388891971832,-0.05109951416471447,,Blk 834,Jurong West Ave 5,1.34285373346865,103.6941039562493
10519,584.6111111111111,568.15,-0.028511916587798503,-0.02810928754387595,0.024132291477376125,-0.9137532370718903,-0.05101057691081126,,Blk 4,Delta Rd,1.291728,103.826122
40111,654.8888888888889,706.8,0.0761701700068933,0.07914619684906009,0.024132291477376125,0.9131744378780496,0.053717577142619835,,Ferrell Residences,Bt Timah Rd,1.31806499998598,103.83262555597635
47601,714.0555555555555,694.0,-0.0284483941884206,-0.028047548753010333,0.024132291477376125,-0.9126446345098107,-0.050950292911000505,,Blk 793,Woodlands Ave 7,1.44211880036977,103.80304911976373
64411,2295.5555555555557,2231.25,-0.02840037047829025,-0.02800087086941756,0.024132291477376125,-0.9118065174265068,-0.05090471492856481,,Blk 670,Hougang Ave 4,1.37353273194871,103.88503406200056
06011,1798.1666666666667,1940.35,0.0760600126155424,0.07902732746641972,0.024132291477376125,0.9112519543528746,0.05360150875611393,,Outram Pk Stn Exit 7,Outram Rd,1.28165999996967,103.83801388886192
14339,402.6666666666667,391.45,-0.02818031431216017,-0.027786952931461904,0.024132291477376125,-0.9079660637918464,-0.05069583767731921,,Blk 70A,Telok Blangah Hts,1.276660654539,103.81124504785828
75279,2665.888888888889,2591.8,-0.028174210027829716,-0.02778101824847934,0.024132291477376125,-0.9078595308945585,-0.05069004283710965,,Opp Blk 721,Tampines Ave 9,1.3604749400553,103.93620400344062
08041,2917.8333333333335,3147.7000000000003,0.07580567617894296,0.0787529263975327,0.024132291477376125,0.906813236231304,0.053333573577064766,,YMCA,Orchard Rd,1.29811014243867,103.84780636909545
17229,1127.388888888889,1216.15,0.07572120700010831,0.0786618088720399,0.024132291477376125,0.9053390672926317,0.05324460311274968,,Blk 335,Clementi Ave 5,1.31728402491862,103.76824211745355
92139,456.72222222222223,492.7,0.07566554684539195,0.07860177205971607,0.024132291477376125,0.9043676778185469,0.05318598098665969,,Opp Caltex Stn,East Coast Rd,1.30853972762017,103.91062932209371
43119,307.8333333333333,299.35,-0.027853295761134156,-0.027468969239071588,0.024132291477376125,-0.9022588863699382,-0.050385346840308695,,Bef Hazel Pk Terr,Upp Bt Timah Rd,1.37337830995776,103.76300821940876
66091,601.1111111111111,584.65,-0.027719656714011442,-0.027338992434028684,0.024132291477376125,-0.8999265974217086,-0.050258432762777354,,Golden Hill Est,Ang Mo Kio Ave 1,1.35454666698201,103.86145166702076
64109,2172.5555555555557,2342.8,0.07540921231028364,0.07832532460893625,0.024132291477376125,0.8998940885783171,0.05291604764593763,,Gracehaven S Army,Yio Chu Kang Rd,1.37202330151763,103.87690900449827
11361,2754.6666666666665,2970.3,0.0753401698826206,0.07825087698076677,0.024132291477376125,0.8986891496441927,0.05284335427537505,,Buona Vista Stn Exit C,Nth Buona Vista Rd,1.30649698638726,103.79058123542397
85031,312.8888888888889,337.45,0.07533730471029454,0.07824778761061929,0.024132291477376125,0.8986391462215799,0.05284033770205421,,Excelsior Gdns,Bedok Rd,1.32501115145725,103.95232021806196
65329,454.05555555555554,489.65,0.07531153103306476,0.07821999755829515,0.024132291477376125,0.898189340091916,0.052813202484704454,,Kadaloor Stn Exit A,Punggol Dr,1.39988799999567,103.91612399998853
96121,1829.2777777777778,1779.55,-0.027545441128776993,-0.027169524965852405,0.024132291477376125,-0.8968861605673618,-0.05009295856614616,,Metta Welfare Assn,Simei Rd,1.34719360554366,103.95776019526973
98091,560.7222222222222,545.5,-0.027473153578640996,-0.02709919889229539,0.024132291477376125,-0.895624587262952,-0.05002428963133935,,Blk 156,Pasir Ris Dr 1,1.36432808773556,103.9631266198707
84621,858.5,835.25,-0.02742321338046505,-0.027050610820243657,0.024132291477376125,-0.8947530233391894,-0.049976846471450655,,Opp Blk 716,Bedok Reservoir Rd,1.33831497804809,103.9249204585602
40401,686.3333333333334,739.9,0.07504628751381581,0.07793404461687696,0.024132291477376125,0.8935602699073176,0.05253398763736701,,Blk 224A,Tengah Blvd,1.357112,103.731092
70121,658.2777777777778,709.65,0.07503508441604634,0.07792196848403124,0.024132291477376125,0.8933647517434559,0.05252219606224903,,Aft Jln Muhibbah,MacPherson Rd,1.3319080537309,103.88114282141879
43681,760.8888888888889,740.35,-0.02732788148411025,-0.02695785328861046,0.024132291477376125,-0.8930892766044651,-0.049886274645520444,,Bt Batok Hme for the Aged,Bt Batok West Ave 2,1.36178500002853,103.74358000000312
66059,833.0555555555555,810.6,-0.02729240556448076,-0.02692333311130372,0.024132291477376125,-0.8924701454668107,-0.04985256788947534,,Blk 257A,Boundary Rd,1.35553141738293,103.87212299732872
21249,469.72222222222223,457.05,-0.02728980984108187,-0.02692080727015237,0.024132291477376125,-0.8924248445078002,-0.04985010156635248,,Blk 213,Boon Lay Ave,1.34958421982025,103.71249318123603
84279,478.94444444444446,516.3,0.07495262054674967,0.07783308253270027,0.024132291477376125,0.8919255797714178,0.05243540458807068,,Aft Bedok Nth St 5,Bedok Nth Ave 4,1.33664160677812,103.94439635871171
46779,8534.111111111111,9198.05,0.07491184340129386,0.07778913247240185,0.024132291477376125,0.8912139308354627,0.05239249015146502,,Admiralty Stn,Woodlands Ave 7,1.44071357576488,103.80070754495145
55141,280.27777777777777,302.15,0.07488501844399575,0.07776022121272029,0.024132291477376125,0.8907457776063719,0.05236426014649188,,Opp Blk 622,Ang Mo Kio Ave 4,1.38151305598601,103.83902055596755
78211,418.8333333333333,451.45,0.07481945267258716,0.0776895593489481,0.024132291477376125,0.889601513805254,0.05229526333391188,,Blk 204,Pasir Ris St 21,1.36790255939851,103.96243675215658
42161,1535.111111111111,1494.0,-0.027127763229529478,-0.026763110307414215,0.024132291477376125,-0.8895967824304445,-0.04969612051912793,,Blk 18,Jln Jurong Kechil,1.34027669212035,103.77264625507586
67371,830.2777777777778,894.85,0.07480897995865199,0.0776782730735812,0.024132291477376125,0.8894187424110032,0.052284243004350126,,Blk 313 CP,Anchorvale Rd,1.39259972198676,103.88713972197542
40369,887.6111111111111,956.5,0.07466602656734711,0.07752422632072496,0.024132291477376125,0.8869238981133917,0.05213382615475151,,Blk 464A,Bt Batok West Ave 8,1.3576342194572,103.74139552039492
43731,469.1111111111111,456.6,-0.02697363331825997,-0.02661309383124559,0.024132291477376125,-0.8869068838088581,-0.04954963897820101,,Opp Blk 217,Bt Batok St 21,1.34630310628015,103.75421605015862
67171,666.0,648.25,-0.02697219537276574,-0.02661169415292339,0.024132291477376125,-0.8868817885656896,-0.04954827228140427,,Blk 225A,Compassvale Dr,1.38731209583307,103.89897692182004
63109,1331.6666666666667,1296.25,-0.02693530814438727,-0.026575787893947562,0.024132291477376125,-0.8862380270533905,-0.049513212104828806,,Blk 172,Hougang Ave 3,1.35081444397072,103.88984416702769
76109,3608.611111111111,3512.75,-0.026916197849395473,-0.026557185292352018,0.024132291477376125,-0.8859045112826155,-0.049495047848364726,,Blk 302,Tampines Ave 2,1.35296639979416,103.9551184525466
83049,615.5555555555555,663.3,0.07458542168151361,0.07743737610380247,0.024132291477376125,0.8855171694031057,0.0520490224456553,,Bef Lor 110 Changi,Changi Rd,1.318489754773,103.91002178191968
76089,1856.611111111111,1807.4,-0.026848836938918375,-0.026491611089511716,0.024132291477376125,-0.8847289184418182,-0.049431018812871944,,The Holy Trinity Ch,Tampines Ave 2,1.34916805553714,103.94923388889873
10329,638.9444444444445,688.45,0.07451281125740916,0.07735914575918121,0.024132291477376125,0.8842499612531585,0.05197263549323491,,Crescent Girls' Sch,Tanglin Rd,1.29364671283262,103.81597460107542
10141,2373.3888888888887,2310.7,-0.02675690982980683,-0.026402115164135515,0.024132291477376125,-0.8831245925712012,-0.04934363173786126,,Blk 18,Tiong Bahru Rd,1.28583847140468,103.83238179897589
45051,381.44444444444446,411.0,0.07443994991426095,0.07728065078442756,0.024132291477376125,0.8829783740259486,0.05189599014633308,,Da Di Glass,Woodlands Rd,1.40338556,103.7560103
65711,350.27777777777777,377.4,0.07437453701527463,0.07721018503874734,0.024132291477376125,0.8818367781775633,0.05182718483058765,,Blk 446B,New Punggol Rd,1.417097,103.91168
22501,852.8333333333333,918.75,0.07436587927373672,0.07720085887175512,0.024132291477376125,0.8816856819572576,0.05181807842209936,,Blk 662A,Jurong West St 63,1.33769199118033,103.70297133237953
28671,1139.4444444444446,1227.3999999999999,0.07429445960741354,0.07712392829306229,0.024132291477376125,0.880439255092968,0.051742960608382293,,Alliance Bldg,Toh Guan Rd East,1.33715229988486,103.75226376356609
44731,309.0,332.9,0.07426924947041691,0.07709677419354839,0.024132291477376125,0.8799992839530466,0.05171644635847545,,Opp Blk 180,Jelebu Rd,1.37887883000016,103.76432732997739
10099,1531.111111111111,1490.95,-0.026562606367701136,-0.02621292334469559,0.024132291477376125,-0.8797335790386388,-0.049158897967610735,,Opp Bt Merah Town Ctr,Jln Bt Merah,1.28420923932422,103.81765723225827
52181,893.4444444444445,870.1,-0.02644601225154286,-0.026099378881987104,0.024132291477376125,-0.8776987608144797,-0.04904802902650481,,Opp Toa Payoh Stn,Lor 2 Toa Payoh,1.332993,103.846519
43019,858.3888888888889,924.4499999999999,0.07405856336222527,0.07686986876979744,0.024132291477376125,0.8763223579927045,0.051494887653961194,,Springdale Condo,Upp Bt Timah Rd,1.34820194,103.7710775
43171,1353.2222222222222,1457.3,0.07404408995013956,0.07685428290121468,0.024132291477376125,0.876069765806682,0.05147966904527902,,Blk 229,Bt Batok East Ave 3,1.34859644473183,103.75460496382075
78241,431.94444444444446,465.15,0.07389805479530587,0.07669703580135961,0.024132291477376125,0.8735211381038903,0.05132612726052754,,Bet Blks 453/454,Pasir Ris St 41,1.37212,103.957637
11111,1300.388888888889,1400.2,0.07389694211287345,0.07669583778014935,0.024132291477376125,0.8735017194010795,0.051324957469065804,,Farrer Rd Stn Exit B,Farrer Rd,1.31780157259006,103.80771866952543
81219,896.3333333333334,873.15,-0.026175416452851152,-0.02583580980683538,0.024132291477376125,-0.8729762818361123,-0.048790670599917645,,Opp Geylang Polyclinic,Geylang East Ctrl,1.31877141262042,103.8866869928233
76099,2023.6666666666665,1971.4,-0.0261540025876128,-0.025814948962791705,0.024132291477376125,-0.8726025638075152,-0.048770301313432615,,Blk 285,Tampines Ave 2,1.35026359502623,103.95249172187374
42221,444.1111111111111,478.2,0.07379410791169505,0.07658512231652483,0.024132291477376125,0.8717070413030817,0.05121685086550893,,Forett @ Bt Timah,Toh Tuck Rd,1.339618,103.767643
44861,752.5555555555555,733.15,-0.026089377940417435,-0.025751990563255157,0.024132291477376125,-0.8714747246491098,-0.04870882644337873,,Blk 636A,Senja Rd,1.3866920101757,103.75877312173013
93039,512.0555555555555,498.9,-0.025976056317650986,-0.025641580942068237,0.024132291477376125,-0.8694970184766694,-0.04860101847549634,,Siglap Stn/Laguna Park,Marine Parade Rd,1.30958474832555,103.92954154203639
52301,370.77777777777777,361.25,-0.02596172300975841,-0.025627615062761767,0.024132291477376125,-0.8692468714103053,-0.04858738168323553,,Blk 35,Toa Payoh East,1.334033333,103.8545343
67179,670.4444444444445,653.25,-0.025941737615084115,-0.025608141651497808,0.024132291477376125,-0.8688980832669563,-0.04856836713655439,,Opp Blk 225A,Compassvale Dr,1.38741393896265,103.8979957397525
63309,1029.5555555555557,1003.2,-0.0259068265388116,-0.025574123989218538,0.024132291477376125,-0.8682888098613594,-0.04853515105445019,,Blk 126,Lor Ah Soo,1.35205944401441,103.88581055600547
03031,1764.7222222222222,1899.55,0.07358352021700387,0.07635843060755733,0.024132291477376125,0.8680318328700972,0.05099550083987848,,Raffles Pl Stn Exit F,Robinson Rd,1.28207492207952,103.85086074925066
41031,522.0,561.9,0.07352052840505774,0.07629063097514313,0.024132291477376125,0.8669324902004655,0.05092929881404801,,Bef Crown Ctr,Bt Timah Rd,1.3230683576264,103.811977237669
42089,1225.4444444444443,1318.95,0.0734745694118919,0.07624116687805843,0.024132291477376125,0.8661304068712269,0.05088100027147073,,Opp Bt Timah Plaza,Jln Anak Bt,1.34007090936874,103.77941451542826
06051,1109.9444444444443,1081.7,-0.025752583071985136,-0.0254238135720353,0.024132291477376125,-0.8655969294509456,-0.04838838249883088,,Blk 55,Tiong Bahru Rd,1.28475980959972,103.83405671725487
46219,15554.5,16739.15,0.07339575175652335,0.07615634341551113,0.024132291477376125,0.8647548691784698,0.05079817555902568,,Johor Bahru Checkpt,Johor Bahru,1.4654268105665,103.76826657164715
17061,547.2777777777778,589.0,0.07334048462392229,0.0760968689836859,0.024132291477376125,0.8637903387860355,0.0507401025616989,,Blk 701,West Coast Rd,1.30775834752765,103.76180505768346
78209,715.8888888888889,697.75,-0.02562783743957109,-0.025302231866087942,0.024132291477376125,-0.8634198497269929,-0.048269665701246085,,Blk 242,Pasir Ris St 21,1.3713650312338,103.96221418839181
65691,329.6111111111111,321.25,-0.025615151929390123,-0.025289867249201348,0.024132291477376125,-0.8631984602765687,-0.048257592439823235,,Opp Blk 437B,New Punggol Rd,1.420151,103.911959
66509,309.44444444444446,333.05,0.0732857198907979,0.07603793843951252,0.024132291477376125,0.8628345763455756,0.05068256063604751,,Blk 546,S'goon Nth Ave 5,1.37528324399418,103.87015339999972
52269,786.2222222222222,766.4,-0.02550239697570955,-0.025179957657022002,0.024132291477376125,-0.8612306436990839,-0.04815027271844154,,Blk 73,Lor 4 Toa Payoh,1.33404239936331,103.85147452356613
14271,382.5,372.85,-0.025484973361385777,-0.025162972620599203,0.024132291477376125,-0.8609265641355096,-0.04813368791141598,,Al-Amin Mque,Telok Blangah Way,1.27568194286532,103.81914854048932
52429,1085.2222222222222,1167.65,0.07314341136981994,0.07588481996726708,0.024132291477376125,0.860350986422856,0.050533050193383354,,Blk 17A,Lor 7 Toa Payoh,1.33630975081569,103.85712939407202
17379,520.2222222222222,559.75,0.0730986924080792,0.07583670859091894,0.024132291477376125,0.8595705443103913,0.05048607249650912,,Blk 304,Clementi Ave 6,1.32049089180327,103.76389432891798
54289,2918.6666666666665,2845.45,-0.02539685068934805,-0.025077063591734224,0.024132291477376125,-0.859388633878544,-0.04804980321255442,,Blk 452,Ang Mo Kio Ave 3,1.369149,103.855987
05131,1331.5555555555557,1298.2,-0.025349878488087896,-0.02503126823980629,0.024132291477376125,-0.8585688678877519,-0.04800508696611923,,Opp Chinatown Stn,Upp Cross St,1.284073056,103.8453381
64419,3199.8333333333335,3119.75,-0.025337835020790678,-0.025019526165062016,0.024132291477376125,-0.8583586834672517,-0.04799362157747561,,Blk 681,Hougang Ave 4,1.37339164793235,103.88521854859373
43268,677.2777777777778,660.35,-0.025273705300635108,-0.02495699893521239,0.024132291477376125,-0.8572394818507171,-0.04793256771717849,,Hillington Green Condo,Hillview Ave,1.36036935442362,103.76427530511685
01421,764.8333333333334,745.75,-0.025234108465514105,-0.024918389553863732,0.024132291477376125,-0.8565484318699971,-0.04789486811365075,,Opp Golden Mile Cplx,Beach Rd,1.30338444400173,103.86483888898641
81029,1466.888888888889,1577.85,0.07287149536758353,0.07559230943910376,0.024132291477376125,0.8556054670517066,0.050247432279957975,,Aft Lor 28 Geylang,Geylang Rd,1.313616389,103.8849306
75111,620.3888888888889,605.0,-0.025077129958750888,-0.024765310683951765,0.024132291477376125,-0.853808819127194,-0.04774539634014468,,Blk 874A,Tampines St 84,1.35304499998303,103.93201333297846
82109,945.2777777777778,921.85,-0.025069452211112342,-0.024757823049374798,0.024132291477376125,-0.8536748259092669,-0.047738085141543395,,City Plaza,Geylang Rd,1.3151892235607,103.89331774481381
40389,2549.166666666667,2486.0499999999997,-0.02506144734882021,-0.02475001633880105,0.024132291477376125,-0.8535351238367215,-0.0477304623855394,,Tengah CC,Plantation Cres,1.356473,103.734424
93061,663.0,646.6,-0.025008927672953263,-0.02469879518072238,0.024132291477376125,-0.8526185424765101,-0.047680448184732604,,Bef Siglap Rd,East Coast Rd,1.31199515605411,103.92260670662348
16891,822.2777777777778,884.35,0.0726893847582124,0.07539645050273333,0.024132291477376125,0.8524272450369863,0.050056188494364724,,Opp Blk 420A,Clementi Ave 1,1.30982186660782,103.76816139829276
55209,743.8888888888889,800.05,0.07268830226702327,0.0753952863961809,0.024132291477376125,0.8524083532363388,0.05005505181840781,,Opp Blk 646,Ang Mo Kio Ave 6,1.37863166702811,103.84468444401317
66439,991.7222222222222,1066.55,0.07267069343089272,0.07537635010353072,0.024132291477376125,0.85210104115366,0.05003656173386718,,Blk 504A CP,S'goon Nth Ave 4,1.37393762072692,103.87551294197841
61021,488.1666666666667,525.0,0.07259794970356825,0.07529812606473618,0.024132291477376125,0.8508315065756703,0.049960180938685254,,Aft Woodleigh Pk,Upp S'goon Rd,1.33627668492978,103.87018878876424
84561,329.6111111111111,321.5,-0.024839657512860214,-0.024533691816501446,0.024132291477376125,-0.8496644139328698,-0.04751923525785305,,Blk 53,Chai Chee St,1.32804725721627,103.91973825722668
21559,517.1111111111111,556.05,0.07246528303322464,0.07515547930516897,0.024132291477376125,0.8485161876946794,0.04982089545696157,,CISCO Recall,Yung Ho Rd,1.326626598883,103.72063909698713
47509,438.05555555555554,471.04999999999995,0.07245895686971515,0.07514867771732277,0.024132291477376125,0.8484057825282589,0.04981425413932829,,Blk 583,Woodlands Dr 16,1.430331111,103.7948411
59009,34619.833333333336,37220.95,0.0724430207062774,0.07513154410879715,0.024132291477376125,0.8481276621834697,0.04979752426110043,,Yishun Int,Yishun Ave 2,1.4284,103.8360975
53049,1358.611111111111,1460.6,0.07233301493695965,0.07501327994115929,0.024132291477376125,0.8462078247890464,0.049682046828524576,,Bef Jln Todak,Upp Thomson Rd,1.35362664583092,103.83422172361446
84669,1555.0555555555557,1517.2,-0.024628706602841,-0.024327894605305732,0.024132291477376125,-0.8459828666108133,-0.047318287379431175,,Blk 73,Bedok Sth Ave 3,1.31994111212465,103.94418156021838
55149,522.0,509.3,-0.024582675994997416,-0.024282982791587273,0.024132291477376125,-0.8451795334513416,-0.04727443385182326,,Blk 622,Ang Mo Kio Ave 4,1.38147638900431,103.8392680559805
44879,917.7222222222222,986.5,0.07219268102124587,0.0748624297030907,0.024132291477376125,0.8437586959773116,0.04953475117216852,,Opp Blk 810 CP,Choa Chu Kang Ave 7,1.37431656227768,103.74701128990601
20199,723.8333333333334,706.3,-0.024486839327639842,-0.024189468843412953,0.024132291477376125,-0.8435069773764095,-0.04718312343328405,,Blk 410,Pandan Gdns,1.31908111097886,103.74819972197395
64091,350.5,342.0,-0.024479264084780183,-0.02418207681365625,0.024132291477376125,-0.8433747730874526,-0.047175905586704835,,Hougang Pr Sch,Hougang St 93,1.37748777797023,103.88149277798507
40019,3075.6111111111113,3001.35,-0.024433387267295714,-0.024137308365987056,0.024132291477376125,-0.8425741239006865,-0.047132192046919257,,Little India Stn,Bt Timah Rd,1.30664404460339,103.84920416709382
60221,1273.5555555555557,1242.85,-0.024386125694263683,-0.02409118647022908,0.024132291477376125,-0.8417493077497802,-0.04708715695121747,,Blk 73/Geylang Bahru Stn,Geylang Bahru,1.32212380559601,103.87081431318353
81119,3946.222222222222,3851.25,-0.024354703467119876,-0.02406052076002877,0.024132291477376125,-0.8412009222690833,-0.047057213836977724,,Paya Lebar Stn Exit C,Paya Lebar Rd,1.31856724602339,103.89169495502705
98309,742.2777777777778,724.4,-0.024346607728652714,-0.02405261977726296,0.024132291477376125,-0.8410596342117284,-0.04704949903017829,,Carissa Pk,Flora Rd,1.360039,103.964436
58069,666.0555555555555,650.0500000000001,-0.024286889959815205,-0.02399433663696102,0.024132291477376125,-0.8400174306397082,-0.04699258925320225,,Blk 101A,Sembawang Rd,1.452187,103.830428
11079,341.0,332.8,-0.02426872583486972,-0.02397660818713379,0.024132291477376125,-0.839700427572291,-0.04697527855030307,,Opp Blk 95,Queensway,1.305441389003,103.80185250000659
94049,306.6666666666667,299.3,-0.024234970845458115,-0.02394366197183122,0.024132291477376125,-0.8391113303701836,-0.04694310866797757,,Aft Bedok Sth Ave 3,Upp East Coast Rd,1.31616443335073,103.94482108127718
60219,1679.111111111111,1804.4,0.07192224508760514,0.0745717875801869,0.024132291477376125,0.839039006988095,0.049250957637561245,,Bef Siemens Ctr,MacPherson Rd,1.32829192682419,103.8704918465033
46109,15344.277777777777,16487.3,0.07184324839707834,0.07448690331806664,0.024132291477376125,0.8376603447465631,0.049168073558202886,,W'lands Checkpt,Woodlands Crossing,1.44694093553778,103.76925342517902
28399,2223.777777777778,2170.8,-0.024100718673630617,-0.02381261549218452,0.024132291477376125,-0.8367683410764811,-0.04681515012127687,,Blk 458,Jurong West St 51,1.34974947213063,103.71964821094637
96281,2878.0,3091.8,0.0716338178418896,0.0742618964918364,0.024132291477376125,0.834005330887928,0.04894836871332815,,Opp Changi General Hosp,Simei Ave,1.339714,103.94825
62251,655.2222222222222,703.95,0.07162739334372148,0.07425499492041988,0.024132291477376125,0.8338932095701094,0.0489416297681021,,Bef Blk 471B,Upp S'goon Cres,1.377463,103.900695
01339,294.55555555555554,316.5,0.0716209938932213,0.07424812030075223,0.024132291477376125,0.8337815253879959,0.048934917139543406,,Bef Crawford Bridge,Crawford St,1.30774601733202,103.8642627465441
58321,388.8888888888889,379.7,-0.02385013485854426,-0.023567968082074855,0.024132291477376125,-0.8323951142755261,-0.04657626749630198,,Bet Blks 357/359,Admiralty Dr,1.45020573824638,103.81614518346868
90079,449.27777777777777,482.65,0.07149682835494353,0.07411474398519358,0.024132291477376125,0.8316145695550176,0.048804683656361016,,Opp Costa Rhu Condo,Rhu Cross,1.29760718196372,103.86732745550238
02119,359.16666666666663,385.85,0.07147013371663213,0.07408607126330363,0.024132291477376125,0.8311486906726765,0.04877668656835924,,Opp War Memorial Pk,Nicoll Highway,1.29192,103.855306
46659,852.8333333333334,832.85,-0.023682484643559043,-0.023404255319148866,0.024132291477376125,-0.8294692572599541,-0.04641641240307977,,Opp Blk 550,Woodlands Ave 4,1.43269272771322,103.79414300304941
07021,800.2777777777778,781.55,-0.023649857550834597,-0.02337239131942085,0.024132291477376125,-0.8288998442821421,-0.04638529923538339,,Selegie Ctr,Selegie Rd,1.30372355,103.850036756528
03019,777.1111111111111,834.65,0.07134053481563551,0.07394687990861024,0.024132291477376125,0.8288869109682794,0.04864077506956978,,OUE Bayfront,Collyer Quay,1.284245000013,103.85310805599599
77309,329.6111111111111,354.05,0.07131583087941529,0.07392034952108893,0.024132291477376125,0.8284557741211922,0.04861486983472648,,Opp Blk 778,Pasir Ris St 71,1.37437639672106,103.93874482147835
97179,443.55555555555554,433.2,-0.023569774076824146,-0.023294176455886,0.024132291477376125,-0.8275022153301869,-0.04630892739925857,,SATS Catering,Changi Nth Cres,1.34529387211141,103.9698135852748
10239,1244.888888888889,1215.95,-0.023501513615477698,-0.023227503790243548,0.024132291477376125,-0.826310923390989,-0.04624382578475301,,Blk 79,Ganges Ave,1.29060688839488,103.82865297447873
92211,357.8333333333333,349.5,-0.023497321661663406,-0.023223409196470195,0.024132291477376125,-0.8262377647763246,-0.046239827674540664,,CHIJ Katong Convent (Sec),Marine Terr,1.30595638898755,103.91698861102066
65059,709.8888888888889,762.3,0.07113499563118086,0.07372616442638336,0.024132291477376125,0.8252998099027387,0.04842526044898448,,St. Anne's Ch,Punggol Rd,1.39269,103.901269
30041,560.1666666666666,547.2,-0.023377766064333727,-0.023106623106622776,0.024132291477376125,-0.8241512623329559,-0.04612579349085239,,Opp Home Team Acad,Old Choa Chu Kang Rd,1.37462014104762,103.72188815233464
43051,345.6666666666667,371.2,0.07106764074084193,0.07365384615384639,0.024132291477376125,0.824124322126307,0.0483546462586706,,Opp The Rail Mall,Upp Bt Timah Rd,1.35910148170791,103.76705036241354
43379,845.5,825.95,-0.023365967869387383,-0.023095097460129617,0.024132291477376125,-0.8239453584427766,-0.04611453943062104,,Blk 185,Bt Batok West Ave 6,1.34716553724092,103.74518662694207
46591,748.2222222222222,730.95,-0.023323425780941598,-0.023053537001334556,0.024132291477376125,-0.8232029074536911,-0.04607395828779319,,Blk 303,Woodlands Ave 1,1.43068958976223,103.77322606797722
42031,827.4444444444445,888.4,0.07099729904738794,0.07357832618025709,0.024132291477376125,0.8228967082082591,0.04828090581105679,,The Tessarina,Bt Timah Rd,1.33332611108217,103.78997500000864
59321,734.8888888888889,717.95,-0.023287326875009562,-0.023018269666313852,0.024132291477376125,-0.8225729038644619,-0.04603952197979451,,Blk 794,Yishun Ring Rd,1.42004673882783,103.831802328761
59711,887.8333333333334,953.2,0.07096355170945934,0.07354209638102373,0.024132291477376125,0.8223077445409952,0.04824552971801213,,Blk 672C,Yishun Ring Rd,1.418198,103.8427135
09212,2584.8333333333335,2774.95,0.0709452022826822,0.0735223976796645,0.024132291477376125,0.8219875075578672,0.04822629518989191,,Royal Plaza On Scotts,Scotts Rd,1.30702238421536,103.83265522662566
71109,357.22222222222223,349.0,-0.023220371806840667,-0.02295285359801538,0.024132291477376125,-0.821404393845269,-0.04597564735261709,,Maha Bodhi Sch,Ubi Ave 1,1.32831828375817,103.90256616022272
41101,363.77777777777777,390.5,0.07069717526548391,0.07325616813889672,0.024132291477376125,0.8176589023819956,0.0479663389879605,,St. Margaret's Sec Sch,Farrer Rd,1.31908138967253,103.80921733406133
17329,412.3333333333333,442.6,0.07066888554523931,0.07322580645161313,0.024132291477376125,0.8171651858874862,0.04793669273274888,,Blk 705,West Coast Highway,1.30505055600585,103.76058388902574
94051,940.0,1008.9,0.07066345544713215,0.07321997874601548,0.024132291477376125,0.8170704189905664,0.04793100234914694,,Opp Temasek Sec Sch,Upp East Coast Rd,1.31710244970995,103.94737959133388
42041,1328.611111111111,1425.9,0.07061775713807972,0.07317093552835008,0.024132291477376125,0.8162728851600692,0.04788311476853501,,The Nexus,Bt Timah Rd,1.33442500001261,103.78689111113574
21389,414.05555555555554,444.4,0.0705603747436303,0.07310935617721816,0.024132291477376125,0.8152714388965798,0.04782298645147639,,Opp St. Joseph's Hme,Jurong West Ave 2,1.350059,103.709927
09047,1901.5555555555557,2040.6,0.0705358024977194,0.07308298779419539,0.024132291477376125,0.814842600328773,0.0477972394037149,,Orchard Stn/Tang Plaza,Orchard Rd,1.30446065207443,103.83294467208566
10291,1738.7777777777778,1865.75,0.07044155978417077,0.07298186230680782,0.024132291477376125,0.8131978621778131,0.047698496801583196,,Opp Dawson Pl,Alexandra Rd,1.29215855273858,103.81065866068086
96361,863.5555555555555,926.65,0.07043894019217589,0.0729790515357922,0.024132291477376125,0.8131521446604402,0.04769575226258272,,Aft Akzonobel,Changi Business Pk Ctrl 2,1.33649110063455,103.96643704167043
63361,1132.0,1106.6,-0.02267346973119988,-0.02241835834068878,0.024132291477376125,-0.8118597757546473,-0.04545374675269015,,Opp S'goon Sports Cplx,Yio Chu Kang Link,1.35744648841295,103.87383985365209
84499,1433.1666666666665,1401.1,-0.02261284769049876,-0.022359093550261326,0.024132291477376125,-0.8108017906927176,-0.04539587845684532,,Blk 140,Bedok Reservoir Rd,1.33520779235718,103.91401580602559
81151,785.0555555555555,767.55,-0.02252184862884654,-0.022270125097180092,0.024132291477376125,-0.8092136612473179,-0.04530900642495881,,Kong Hwa Sch,Guillemard Rd,1.31153305600814,103.88784583298123
45311,711.0555555555555,695.25,-0.022447144592165458,-0.022197082000468042,0.024132291477376125,-0.8079099150526937,-0.04523768448997062,,Blk 547,Choa Chu Kang Nth 5,1.39312896100059,103.74208908630851
02161,787.3888888888889,769.95,-0.022367961321011265,-0.02211965330138834,0.024132291477376125,-0.8065279965777137,-0.045162080293399486,,Aft Promenade Stn Exit C,Temasek Ave,1.2927795,103.860879
46069,10873.888888888889,11662.65,0.07002080814848988,0.07253049839589702,0.024132291477376125,0.8058548407258042,0.04725776867039647,,W'lands Train Checkpt,Woodlands Ctr Rd,1.44288948418349,103.76933833799299
14389,604.2777777777777,648.1,0.0698992985568676,0.07240018357044545,0.024132291477376125,0.8037342368772575,0.04713052453744995,,Aft Radin Mas Pr Sch,Bt Purmei Ave,1.27428160509375,103.82500895193466
53169,1209.7222222222222,1183.15,-0.022191841790903943,-0.02194741430734646,0.024132291477376125,-0.8034543317882639,-0.04499389987815897,,Blk 254,Marymount Rd,1.361908333,103.84244
93041,321.05555555555554,314.0,-0.022151424617934623,-0.021907883387958807,0.024132291477376125,-0.8027489651468176,-0.044955300451389,,Hua Xin Ct,Marine Parade Rd,1.31120679321816,103.9333999156994
71101,654.4444444444445,701.85,0.06982995111091839,0.0723258179352426,0.024132291477376125,0.8025239747176748,0.047057911227800696,,Blk 318,Ubi Ave 1,1.3283069439771,103.90283722202501
97189,281.3888888888889,301.8,0.06978736201255575,0.07228014951800102,0.024132291477376125,0.8017807033043802,0.04701331892500778,,SATS Maintenance Ctr 2,Changi Nth Cres,1.34674882374419,103.97146767080093
95131,633.0,619.15,-0.022087570175886917,-0.021845425867507446,0.024132291477376125,-0.801634567725632,-0.04489431465788252,,Police Pass Off,Airline Rd,1.385586,103.999695
77281,1983.2777777777778,1939.95,-0.022077464085402454,-0.021835540498922345,0.024132291477376125,-0.8014581946995278,-0.04488466222463012,,Blk 740,Pasir Ris Dr 1,1.37837166677052,103.93618729229594
30101,469.6666666666667,503.59999999999997,0.06961590682187957,0.07209631728045314,0.024132291477376125,0.7987884412751284,0.046833818445355196,,Blk 485B,Brickland Rd,1.373713,103.738897
28681,714.8333333333334,766.4,0.06956081262255065,0.07203725261932414,0.024132291477376125,0.7978269289404257,0.04677614556303274,,Toh Guan Ctr,Toh Guan Rd East,1.33720242588623,103.75488889772056
92119,1449.5,1553.8999999999999,0.0695029103023117,0.07197518097207845,0.024132291477376125,0.7968164088530882,0.04671553655015203,,Roxy Sq,East Coast Rd,1.30444500073,103.90277451423108
59231,1570.6666666666667,1536.9,-0.021718777953569912,-0.02148462354188717,0.024132291477376125,-0.7951983498475353,-0.04454201415078708,,Blk 227,Yishun Ring Rd,1.43537970016985,103.83680745007868
14501,431.94444444444446,463.05,0.06938288909400558,0.07184652893622484,0.024132291477376125,0.794721780496239,0.04658991602541687,,Opp Blk 91A,Telok Blangah St 31,1.27687216148362,103.80648081848618
11091,562.1666666666666,550.1,-0.021659336597045886,-0.021426457531814734,0.024132291477376125,-0.7941609702651932,-0.0444852187440252,,Leedon Green,Farrer Rd,1.31219444050072,103.80367378215983
44119,322.6111111111111,345.84999999999997,0.06934988929357377,0.07181115879828337,0.024132291477376125,0.7941458629669093,0.04655537933690913,,Blk 204,Choa Chu Kang Ave 1,1.38048445565999,103.74930565785152
50161,720.2222222222222,771.9,0.0692023704155762,0.07165305808041914,0.024132291477376125,0.7915713411021053,0.04640100404850164,,Bef Jln Dusun,Balestier Rd,1.32665700619185,103.84366009715464
76429,517.5,554.65,0.06919857196207335,0.07164898746383785,0.024132291477376125,0.7915050499146433,0.046397029350491295,,Blk 331,Tampines St 32,1.35369222069272,103.9595890045465
44241,1801.5,1763.15,-0.021505602193949258,-0.021276005547850575,0.024132291477376125,-0.7914779741123119,-0.04433831195745458,,Opp Lompang Rd,Bt Panjang Rd,1.38117443945082,103.76586096715347
81051,646.3333333333334,692.7,0.06917823020809521,0.07162718846549965,0.024132291477376125,0.7911500425345978,0.046375744016048055,,Sims Ville,Sims Ave,1.31662343087312,103.89033436777706
46699,520.8888888888889,509.8,-0.021476584532391207,-0.021247604854161953,0.024132291477376125,-0.7909715534754365,-0.044310580487677706,,888 Plaza,Woodlands Ave 4,1.43769989889611,103.79566316043969
44029,4422.944444444444,4739.7,0.06915309775289913,0.07160025618163723,0.024132291477376125,0.7907114271092581,0.046349446355007075,,Bt Panjang Stn Exit A/LRT,Upp Bt Timah Rd,1.37863409952448,103.7621954983533
21681,399.44444444444446,390.95,-0.021440760757278632,-0.021212541620422406,0.024132291477376125,-0.7903463515110569,-0.04427634347158971,,Opp Blk 200,Boon Lay Way,1.34228732259066,103.71466298692037
44181,397.44444444444446,425.95,0.06909883352475621,0.07154210819854977,0.024132291477376125,0.7897643995577542,0.04629266855044865,,Blk 802B,Keat Hong Cl,1.374452,103.74287
46461,527.3333333333334,516.15,-0.02139442981945905,-0.02116719242902246,0.024132291477376125,-0.7895377769472283,-0.04423206287251347,,Opp Blk 757A CP,Woodlands Ave 9,1.44659598354815,103.79359661898341
44291,2941.1666666666665,2878.9,-0.021390700056288736,-0.021163541607658546,0.024132291477376125,-0.7894726845538828,-0.04422849807781429,,Opp CCK Polyclinic,Teck Whye Ave,1.38151999999791,103.75140111097832
09059,1175.2222222222222,1259.35,0.06908166406848437,0.07152371056111878,0.024132291477376125,0.7894647555991053,0.04627470442844598,,Somerset Youth Pk,Grange Rd,1.30044251755834,103.83623804216019
17059,1270.111111111111,1360.9,0.0689893749773427,0.07142482517482575,0.024132291477376125,0.7878541123631188,0.046178149142458075,,Regent Pk,Clementi Ave 6,1.31694333299923,103.76170111103328
67209,991.6666666666666,970.75,-0.021296354843512333,-0.021071188717260176,0.024132291477376125,-0.7878261575708316,-0.044138321358295804,,Blk 203,Compassvale Rd,1.386926667,103.8962474
66031,1024.5555555555557,1002.95,-0.02129225194591733,-0.02106717226435514,0.024132291477376125,-0.7877545531788326,-0.044134399547667964,,Cardiff Residence,Lor Chuan,1.35465640659199,103.86572364607075
17049,1790.8333333333333,1918.75,0.06895566495347971,0.07138870802716009,0.024132291477376125,0.7872657999065954,0.046142883046499356,,Blk 601,West Coast Rd,1.304845,103.764494
60011,454.44444444444446,486.95,0.06893919841935148,0.07137106611368572,0.024132291477376125,0.7869784234519603,0.046125656840840995,,Bendemeer Stn Exit A,Kallang Bahru,1.31471795031338,103.86376795493321
44611,712.3333333333334,697.4,-0.02115681482239573,-0.020934579439253025,0.024132291477376125,-0.7853908839281877,-0.04400493109304982,,Blk 516,Jelapang Rd,1.3871248273065,103.76757814102818
60119,3548.1666666666665,3473.95,-0.02113274372308993,-0.02091101197464158,0.024132291477376125,-0.7849707914470501,-0.04398191896384779,,Opp Boon Keng Stn,Bendemeer Rd,1.31880431510648,103.86409707876385
11381,1266.611111111111,1356.9,0.06880527445534401,0.07122759346101651,0.024132291477376125,0.7846411620909832,0.045985564927068553,,Blk 10A,Holland Dr,1.30841137865065,103.79328294102335
78159,647.1666666666666,693.25,0.06868426125921623,0.07109796862946728,0.024132291477376125,0.7825292214120017,0.04585899452925186,,Opp Blk 230,Pasir Ris Dr 4,1.37246473904375,103.96053778303401
75009,45041.055555555555,44106.6,-0.020964518029238377,-0.020746290195459267,0.024132291477376125,-0.7820348910868957,-0.043821078630471834,,Tampines Int,Tampines Ctrl 1,1.35407552367477,103.94339098473914
52209,473.22222222222223,463.4,-0.020929785261688316,-0.020712277413308486,0.024132291477376125,-0.7814287295522055,-0.04378786731350249,,Blk 101C CP,Lor 2 Toa Payoh,1.339253,103.846775
40349,443.55555555555554,434.34999999999997,-0.020924726246390968,-0.020707323169207627,0.024132291477376125,-0.7813404388488447,-0.04378302980945923,,Blk 461,Bt Batok West Ave 8,1.35497444398167,103.73939913984925
46181,903.8333333333334,885.15,-0.020864528176248065,-0.020648369865537582,0.024132291477376125,-0.780289852985492,-0.04372546566060791,,Opp Blk 12,Marsiling Rd,1.44015882292646,103.778867882596
58109,497.88888888888886,487.59999999999997,-0.020839244576440485,-0.020623608017817357,0.024132291477376125,-0.779848599761436,-0.04370128729231869,,Opp Blk 311,Canberra Rd,1.44667607916689,103.82309298513003
28531,932.8888888888888,913.7,-0.02076132584417767,-0.02054729327781069,0.024132291477376125,-0.7784887502112535,-0.04362677080588257,,Blk 536,Jurong West Ave 1,1.35006115514965,103.71652940446651
65409,860.3333333333333,842.65,-0.020743859590035996,-0.020530185758513623,0.024132291477376125,-0.7781839264911009,-0.04361006640212591,,Bef Blk 264,Punggol Ctrl,1.40624496856359,103.89957451783918
59639,1557.388888888889,1667.75,0.0684223191054647,0.07081743966347039,0.024132291477376125,0.7779577671594943,0.04558507584869524,,Bet Blks 445/449,Yishun Ring Rd,1.42318166665872,103.84412388893058
20341,301.44444444444446,295.25,-0.02069391342585103,-0.0204812637766348,0.024132291477376125,-0.7773122584476427,-0.043562297200543325,,Pan Tech Ind Cplx,Pandan Loop,1.31186472196722,103.75047333297755
18141,1061.111111111111,1136.1,0.06822261990313461,0.07060361962548453,0.024132291477376125,0.7744725863490004,0.04537629419053915,,Aft Anglo-Chinese JC,Nth Buona Vista Rd,1.30418279677397,103.78788091438994
65559,361.6666666666667,354.3,-0.02052163572079735,-0.020312500000000497,0.024132291477376125,-0.7743056417725469,-0.04339751011391523,,Opp Blk 227A,Punggol Field,1.404046,103.8925
76241,2765.3333333333335,2709.15,-0.02051875303487183,-0.020309675864562293,0.024132291477376125,-0.7742553326999363,-0.04339475252540669,,Blk 497D,Tampines Ave 7,1.35845802746258,103.95917058122039
08138,2072.277777777778,2218.55,0.06817365019456734,0.07055119376189052,0.024132291477376125,0.7736179595572918,0.04532510367147214,,Concorde Hotel S'pore,Orchard Rd,1.3004785730821,103.84184700607595
67591,1387.8333333333333,1485.8,0.06816209326894551,0.07053882155286234,0.024132291477376125,0.7734162663360094,0.04531302299680624,,Blk 286B,Sengkang East Rd,1.39790048032037,103.8953647897483
77039,4127.944444444444,4419.05,0.06812921639561331,0.07050362616218932,0.024132291477376125,0.7728424941490929,0.04527865693788406,,Pasir Ris Int/Mall,Pasir Ris Ctrl,1.37241,103.948657
65351,436.94444444444446,467.8,0.06808417509905862,0.07045541037675937,0.024132291477376125,0.772056426600497,0.04523157729218673,,Punggol View Pr Sch,Punggol Pl,1.40589404110743,103.90472620505594
08137,512.2222222222223,501.9,-0.02031758991646715,-0.020112578480190733,0.024132291477376125,-0.7707446034037609,-0.04320229947416345,,Orchard Plaza,Orchard Rd,1.30073968408393,103.84100500816844
63201,579.5,620.35,0.0680047291140573,0.07037037037037026,0.024132291477376125,0.7706699232035545,0.045148541138462464,,Affinity At Serangoon,Yio Chu Kang Rd,1.36617789459924,103.87492029493984
43811,521.2222222222222,557.95,0.06796681335440447,0.07032978723404287,0.024132291477376125,0.7700082116072361,0.04510891428882094,,Bef Summerhill,Hume Ave,1.358391,103.7649
84211,1924.9444444444446,1886.4,-0.0202162473103904,-0.020013269103181547,0.024132291477376125,-0.7689759568500292,-0.04310533018822684,,Blk 403,Bedok Nth Ave 3,1.33012,103.93447
78149,317.1111111111111,310.75,-0.02019914320174987,-0.019996507160321374,0.024132291477376125,-0.7686774533481672,-0.04308896321786602,,NTUC Health Pasir Ris,Pasir Ris Dr 3,1.36970105283111,103.96411887211589
10149,1677.0555555555554,1643.65,-0.020108120072539037,-0.019907300115874986,0.024132291477376125,-0.767088903872079,-0.04300185821669698,,Blk 1,Tiong Bahru Rd,1.286015,103.832988
52211,426.6111111111111,456.6,0.0677812764274357,0.07013121995582726,0.024132291477376125,0.7667701929773935,0.04491502597979284,,Lighthouse Sch,Toa Payoh Rise,1.338573,103.84164
67561,845.7777777777778,905.15,0.0677665589229619,0.07011547041070729,0.024132291477376125,0.7665133408539402,0.04489964755138957,,Opp Blk 432A,Sengkang West Way,1.39545828505824,103.87697696683591
50209,846.8333333333334,906.25,0.06773397049846963,0.07008059760172984,0.024132291477376125,0.7659446027199892,0.04486559647296186,,Aft Pegu Rd,Balestier Rd,1.32392782849174,103.85158181192296
52191,657.6111111111111,703.75,0.06770988939088074,0.07005482918599744,0.024132291477376125,0.765524335572775,0.04484043525507347,,Blk 138B,Lor 2 Toa Payoh,1.33636138602833,103.84608389640735
76191,5774.833333333333,5660.45,-0.02000250299067119,-0.019803780118309446,0.024132291477376125,-0.7652456585176096,-0.042900777527779134,,Blk 401,Tampines Ave 7,1.3569438864901,103.94477445426702
76249,2421.0555555555557,2373.2,-0.019956044114744387,-0.01975824024588859,0.024132291477376125,-0.7644348511585017,-0.04285631074082218,,Blk 370,Tampines Ave 7,1.35836639849151,103.95947435534286
41061,301.05555555555554,295.09999999999997,-0.01991372414221093,-0.019716755563730537,0.024132291477376125,-0.7636962765700543,-0.04281580358905744,,Chinese High Sch,Bt Timah Rd,1.32705333303352,103.80572472199289
28331,1184.6666666666667,1161.3,-0.01990440363068302,-0.019707618779870466,0.024132291477376125,-0.7635336135872179,-0.04280688210114411,,Blk 229,Jurong East Ave 1,1.34204392869092,103.73804926872124
54579,1214.7222222222222,1190.85,-0.019831599977456982,-0.019636247315267835,0.024132291477376125,-0.762263033173292,-0.04273719240851692,,Blk 540,Ang Mo Kio Ave 10,1.37487817367914,103.85483080978989
93079,645.3888888888889,632.7,-0.019825661510755488,-0.019630425440480676,0.024132291477376125,-0.7621593941504501,-0.04273150771833031,,Opp Springvale,East Coast Rd,1.31250502315071,103.9250247698478
80031,2835.3333333333335,3033.35,0.06748509533536318,0.0698143142554947,0.024132291477376125,0.7616011955729071,0.0446055877334161,,Kallang Stn,Sims Ave,1.31107705658993,103.8713149052975
53279,534.7222222222223,524.25,-0.019741444889110227,-0.019547858550243994,0.024132291477376125,-0.7606896328782067,-0.042650886405123226,,Kuo Chuan Presby Sch,Bishan St 13,1.34970265350038,103.85391302825673
60211,1852.611111111111,1981.8999999999999,0.0674247311632179,0.06974973774913878,0.024132291477376125,0.7605477108721804,0.04454253288504025,,Aft Tai Thong Cres,MacPherson Rd,1.328541,103.870488
66099,663.0,650.05,-0.01969570530169662,-0.019503012048192866,0.024132291477376125,-0.7598913786514807,-0.04260709665020159,,Opp Golden Hill Est,Ang Mo Kio Ave 1,1.35427474694456,103.86142199387719
09023,1912.7777777777778,2046.15,0.06736939923636864,0.06969054807245717,0.024132291477376125,0.7595820496806854,0.0444847379329875,,Opp Orchard Stn/ION,Orchard Turn,1.30323727330942,103.83254180023424
55269,376.55555555555554,369.2,-0.019674324756261186,-0.01948204826368488,0.024132291477376125,-0.759518242125145,-0.04258662684890497,,Opp Bullion Pk Condo,Lentor Ave,1.39267,103.836298
46981,2025.0555555555557,2166.2,0.06734518503734765,0.0696646466862272,0.024132291477376125,0.7591594598015835,0.044459446877871366,,W'lands Sth Stn Exit 2,Woodlands Ave 1,1.42742,103.793617
54049,324.94444444444446,347.65000000000003,0.0673416026373248,0.06966081472643627,0.024132291477376125,0.7590969392122698,0.044455705213027066,,Courts Ang Mo Kio,Ang Mo Kio Ave 6,1.373029,103.845336
52021,487.55555555555554,521.55,0.06726748119592152,0.06958153286331542,0.024132291477376125,0.7578033605589216,0.04437829151971751,,Opp Blk 1004,Braddell Rd,1.34431313758435,103.84766088139544
45461,715.1666666666666,701.3,-0.019552251381965924,-0.019362345822667555,0.024132291477376125,-0.7573877990557588,-0.04246974503391538,,Blk 540,Choa Chu Kang Nth 5,1.39267723795995,103.74330600001463
70059,1300.7222222222222,1275.55,-0.019527047500451644,-0.019337629635952615,0.024132291477376125,-0.7569479370874654,-0.042445611250691656,,Blk 7,Upp Aljunied Rd,1.33477611102342,103.87831166701761
64491,2053.0555555555557,2013.3999999999999,-0.019494774328046027,-0.01930598003948846,0.024132291477376125,-0.7563847007808131,-0.042414707434136376,,Hougang 1,Hougang Ave 9,1.37513027801163,103.87905166700338
66609,1542.0555555555554,1649.25,0.06716221395721433,0.06946894689468969,0.024132291477376125,0.7559662207204283,0.04426835848707841,,Opp Blk 991A,Buangkok Cres,1.385071,103.882087
58271,759.3333333333334,812.15,0.067158660758178,0.06946514686540933,0.024132291477376125,0.7559042097511665,0.044264648000345415,,Blk 335,Sembawang Cres,1.44702783502401,103.81470654183288
52339,658.7777777777777,646.1,-0.019402235924265376,-0.019215223981138462,0.024132291477376125,-0.7547697065027842,-0.042326089919480066,,Opp Blk 26,Lor 6 Toa Payoh,1.332871667,103.8558608
28521,1914.5555555555557,1877.8500000000001,-0.019347800351206423,-0.019161832946635784,0.024132291477376125,-0.7538196886137808,-0.04227395697245067,,Blk 457,Jurong West Ave 1,1.35097548065061,103.72120042369096
52441,421.72222222222223,413.65,-0.019280487383144695,-0.01909580759626698,0.024132291477376125,-0.7526449324712984,-0.04220948742011036,,Blk 202,Lor 1 Toa Payoh,1.34083165668042,103.84976000739448
82009,1965.2222222222222,1927.85,-0.01919007760128455,-0.019007120253164794,0.024132291477376125,-0.751067087226333,-0.04212288987422666,,Eunos Int,Eunos Rd 2,1.31933717157385,103.90180834139497
42061,377.05555555555554,403.2,0.0668686477801188,0.06915503306392351,0.024132291477376125,0.7508428592092882,0.043961841610910636,,King Albert Pk,Bt Timah Rd,1.33687567142278,103.78038743713434
76529,555.6111111111111,545.05,-0.019156264719360827,-0.018973949495957612,0.024132291477376125,-0.750476979675311,-0.042090500741022656,,Blk 519A,Tampines Concourse,1.35741,103.940604
75359,2139.1666666666665,2287.1,0.06683807123508334,0.06912234249668998,0.024132291477376125,0.750309232701193,0.04392992135265341,,IKEA Tampines/Aft TPE,Tampines Ave 10,1.374303,103.931336
63069,952.8333333333334,934.75,-0.019140606396509163,-0.018958588153066808,0.024132291477376125,-0.7502037082466303,-0.042075501367388385,,Blk 25,Upp S'goon Rd,1.36637999879956,103.89194715850095
66351,11161.222222222223,11932.6,0.06682288987190432,0.06910611188532743,0.024132291477376125,0.7500442852451626,0.04391407319368255,,S'goon Stn Exit E,S'goon Ctrl,1.35049831450162,103.87324486521683
64409,1436.3333333333333,1409.15,-0.019093463228053942,-0.01891233766233779,0.024132291477376125,-0.7493809585103823,-0.04203034070688202,,Blk 477A,Upp S'goon Rd,1.37820165544364,103.90352727356866
54199,1233.2777777777778,1209.95,-0.019080828171829545,-0.018899941486250064,0.024132291477376125,-0.7491604495900713,-0.04201823662990788,,Bef Mayflower Stn Exit 3,Ang Mo Kio Ave 4,1.37430000000968,103.83767277798232
68039,581.5,621.7,0.06673567643855094,0.06901287553648099,0.024132291477376125,0.7485222231598165,0.04382303383321872,,Aft Abundant Grace Ch,Jln Kayu,1.39652972197871,103.87311388899468
60029,641.6666666666666,685.95,0.06663532286757601,0.06890560165975106,0.024132291477376125,0.7467708373969018,0.04371828772021882,,Blk 16,Kallang Bahru,1.31717045698013,103.86600136758759
03129,2346.5555555555557,2508.25,0.06660930605316118,0.06887779250284011,0.024132291477376125,0.7463167880001552,0.043691133848455986,,UIC Bldg,Shenton Way,1.27807003532092,103.84956718123823
98291,1054.111111111111,1126.75,0.0665784173352213,0.06884477674810506,0.024132291477376125,0.7457777134031175,0.04365889606530064,,Opp Palm Isles,Flora Dr,1.3569495,103.9652145
75241,1128.5,1107.4,-0.018857522919234704,-0.01868083222664905,0.024132291477376125,-0.7452632924049385,-0.04180429038348602,,Opp Temasek Poly West G,Tampines Ave 1,1.34844803009871,103.92980219657613
92079,1878.6666666666667,1843.65,-0.01880489855714451,-0.018629189572619154,0.024132291477376125,-0.7443448840448587,-0.04175386461870968,,Marine Terr Stn Exit 1,Marine Parade Rd,1.3066285,103.9148705
44619,779.0,832.5,0.06633978250721118,0.0685897435897435,0.024132291477376125,0.7416130221394958,0.043409872418176225,,Blk 506,Jelapang Rd,1.38695072395596,103.76763574907523
84369,2324.5555555555557,2281.6,-0.018643814984326212,-0.018471094123267865,0.024132291477376125,-0.7415336290657619,-0.041599494474669756,,Blk 45,Bedok Nth Rd,1.329162,103.924608
61089,332.27777777777777,326.15,-0.018557528441180082,-0.01838639773295494,0.024132291477376125,-0.740027743209094,-0.04151679384017385,,Bet Blks 138/144,Potong Pasir Ave 3,1.3330716590648,103.86530804883829
17009,17597.222222222223,17274.75,-0.018494102789830436,-0.018324136276391633,0.024132291477376125,-0.7389208291082983,-0.04145599949057524,,Clementi Int,Clementi Ave 3,1.31491572870629,103.76412225438476
43629,360.8888888888889,385.65,0.06618266311502996,0.068421860607921,0.024132291477376125,0.7388709506429794,0.04324594537162219,,St. Andrew's Mission Sch,Bt Batok East Ave 3,1.34240810773422,103.75915813592935
45329,1709.7777777777778,1678.45,-0.01848174904961919,-0.01831200883289005,0.024132291477376125,-0.7387052297577766,-0.041444157813867545,,Opp Yew Tee Stn,Choa Chu Kang Dr,1.3974585,103.7478685
77211,571.5,610.65,0.06614748806453008,0.06838427947598191,0.024132291477376125,0.7382570703190725,0.043209249788198234,,Blk 626,Pasir Ris Dr 3,1.37999169580419,103.94094544562029
76461,330.77777777777777,324.75,-0.018335184757962253,-0.01816811788345656,0.024132291477376125,-0.7361473674787774,-0.041303657459928,,Eden Condo,Tampines St 34,1.35610972200156,103.95981833302024
52071,3897.0,4162.75,0.06595250944038256,0.06817598768599203,0.024132291477376125,0.7348542737560085,0.04300586611235554,,Trellis Twrs,Jln Toa Payoh,1.329978333,103.8438753
45451,519.4444444444445,510.05,-0.018215714606303557,-0.018050811272416974,0.024132291477376125,-0.7340623562462366,-0.041189115020425035,,Blk 293,Choa Chu Kang Ave 1,1.3779238888638,103.73970805552322
20149,328.3888888888889,322.45,-0.018194543321208734,-0.01803002192612598,0.024132291477376125,-0.7336928717631488,-0.0411688155469449,,Blk 408,West Coast Rd,1.31795969674094,103.74897266925451
64611,1286.4444444444446,1263.25,-0.018180141700750774,-0.0180158798653666,0.024132291477376125,-0.733441532495518,-0.04115500672470868,,Blk 913,Hougang Ave 4,1.37837333826782,103.88445923003084
25691,1631.7222222222222,1742.75,0.06578926981037903,0.06800163326414635,0.024132291477376125,0.7320053909394412,0.042835620116504575,,Aft Tuas West Rd Stn,Tuas Ave 20,1.328519,103.639669
78269,407.77777777777777,400.45,-0.01808868513786166,-0.017926066865995884,0.024132291477376125,-0.7318454186690442,-0.04106731004712306,,Ripple Bay,Jln Loyang Besar,1.37861875398733,103.96096176266686
41081,2110.5,2072.7,-0.018064144070203625,-0.01790196542742134,0.024132291477376125,-0.7314171242288419,-0.04104377652633174,,Sixth Ave Stn,Bt Timah Rd,1.33082323351422,103.79727250094409
43091,354.4444444444444,348.1,-0.018010548502307877,-0.01784932791497304,0.024132291477376125,-0.7304817662375314,-0.040992379345629264,,Opp Cashew Stn,Upp Bt Timah Rd,1.36863253283887,103.76474109358477
64079,691.0555555555555,738.05,0.06569934266815292,0.067905595247651,0.024132291477376125,0.730435968794675,0.04274184510589846,,Punggol Pk,Hougang Ave 8,1.37500833299826,103.89774777801168
46859,568.1111111111111,606.7,0.0656056497180586,0.06780554470909825,0.024132291477376125,0.728800825199021,0.04264415212288706,,Blk 608A,Woodlands Ring Rd,1.4362025834102,103.79739593537928
71119,657.8333333333334,646.15,-0.01789248718018399,-0.017733367062990762,0.024132291477376125,-0.728421342112013,-0.04087915095419265,,Opp Blk 343,Ubi Ave 1,1.32680124825187,103.90021869264116
81209,427.44444444444446,419.85,-0.017884602736631727,-0.017725622406638986,0.024132291477376125,-0.7282837416056056,-0.040871588790186854,,Geylang Meth Pr Sch,Geylang East Ctrl,1.31843612461246,103.88429716458627
96131,345.1666666666667,339.05,-0.017827689026409743,-0.017669715936446923,0.024132291477376125,-0.7272904748904397,-0.040816999680305936,,Blk 130,Simei St 1,1.34639164071686,103.95526044455801
40399,1094.0555555555554,1074.75,-0.017787004912054982,-0.017629749885849765,0.024132291477376125,-0.7265804495473902,-0.040777975375604535,,Blk 123B,Tengah Blvd,1.35984,103.734244
81149,543.6111111111111,580.45,0.0654530013734913,0.06764255840049022,0.024132291477376125,0.7261367831045503,0.042485006366069916,,The Sunny Spring Condo,Guillemard Rd,1.31212569246254,103.88966028743648
44869,698.3333333333334,745.55,0.06533509368454027,0.06751668255481431,0.024132291477376125,0.7240790402084991,0.04236209661434796,,Bef Blk 629A CP,Senja Rd,1.38658738981297,103.75886226371927
64401,1370.4444444444446,1462.95,0.06527373852485585,0.06745118690755887,0.024132291477376125,0.7230082606427227,0.04229814428338401,,Opp Blk 477A,Upp S'goon Rd,1.37839309319848,103.9032366204475
59059,2770.4444444444443,2722.15,-0.017579345898128373,-0.017425730665918356,0.024132291477376125,-0.7229563528959333,-0.040578763592489,,Blk 608,Yishun Ave 2,1.42054602879781,103.83497942324875
76259,384.77777777777777,410.75,0.06515487061372838,0.06732430875576047,0.024132291477376125,0.7209337598034045,0.04217425584352691,,Opp Blk 487B,Tampines St 45,1.35967015846114,103.95842446373796
84221,1792.2222222222222,1761.25,-0.017422724045617954,-0.017271826011524754,0.024132291477376125,-0.7202229645373207,-0.04042848549299505,,Blk 109,Bedok Nth Rd,1.33185798500032,103.93512740972372
94019,405.83333333333337,433.2,0.06510165627928632,0.0672675133142154,0.024132291477376125,0.7200050551562317,0.04211879870969987,,Opp Evergreen Ave,Upp East Coast Rd,1.3142851610342,103.93574953076752
04167,2115.4444444444443,2079.0,-0.017369638135115828,-0.01721965560688802,0.024132291477376125,-0.7192965011642533,-0.0403775444133407,,City Hall Stn Exit B,Nth Bridge Rd,1.29250006522444,103.85145315468638
75171,392.5,418.95,0.06505458871417868,0.06721728081321525,0.024132291477376125,0.7191836248610888,0.042069749869605495,,UWCSEA,Tampines Ave 5,1.3575,103.9313
51091,900.3333333333334,884.9,-0.017271071076758737,-0.017122781065089146,0.024132291477376125,-0.7175762938908906,-0.04028295258901777,,Opp Catholic JC,PIE,1.32648060854916,103.83401870730577
64629,513.5,548.0,0.0649028862354264,0.06705539358600589,0.024132291477376125,0.7165360901604849,0.041911677295821285,,Opp Blk 565,Buangkok Green,1.38153999996628,103.88805638900106
59141,1450.5,1425.75,-0.01719837404786695,-0.017051326214260944,0.024132291477376125,-0.7163075743010408,-0.04021318147504858,,Blk 741,Yishun Ave 5,1.43034383196416,103.83275541050214
76131,1959.2777777777778,2090.65,0.0648670416338728,0.06701714609607431,0.024132291477376125,0.7159105247298936,0.041874331056229126,,UOB Tampines Ctr,Tampines Ave 4,1.35184112001279,103.94254133694142
10199,1543.3333333333333,1517.05,-0.017165701258993415,-0.017019210015108786,0.024132291477376125,-0.7157373638270943,-0.04018182205066617,,Delta Swim Cplx,Tiong Bahru Rd,1.28875723330649,103.81936618662205
10179,331.38888888888886,353.65,0.06482575215422859,0.06697309042286471,0.024132291477376125,0.7151899344598662,0.04183131349533761,,Tiong Bahru Pk,Tiong Bahru Rd,1.28722333302937,103.82395833301354
64061,1377.7222222222222,1470.05,0.06481928721531904,0.06696619252931427,0.024132291477376125,0.7150771073640859,0.04182457814131366,,Opp S'goon Sec Sch,Upp S'goon Rd,1.37557886299976,103.90111900001394
11261,2211.9444444444443,2360.05,0.06478247877487053,0.06692691989054271,0.024132291477376125,0.7144347208707071,0.04178623090912658,,Holland Village,Holland Rd,1.31223168432152,103.79444621838488
70261,741.6111111111111,791.25,0.06470449449572246,0.06684371960799057,0.024132291477376125,0.7130737273863277,0.041704991128636786,,Opp Orion @ Paya Lebar,Paya Lebar Rd,1.328998,103.889692
43259,742.5555555555555,792.25,0.06469494569280965,0.06683353257621029,0.024132291477376125,0.7129070802275677,0.04169504414047419,,Opp Hillbrooks,Hillview Ave,1.35757277797812,103.76266305599302
75259,1941.111111111111,1908.4,-0.016986526434934035,-0.016843068825447387,0.024132291477376125,-0.7126103775835381,-0.040009831389765035,,Tropica Condo,Tampines Ave 1,1.34913805600656,103.92798027801848
44139,931.8333333333334,916.15,-0.016955513902945363,-0.016812578166875633,0.024132291477376125,-0.7120691421649153,-0.03998005920229912,,Opp Blk 26,Choa Chu Kang Rd,1.37680960030968,103.75536565517723
63261,382.22222222222223,375.8,-0.016900492898413333,-0.016758480719048806,0.024132291477376125,-0.7111089072369252,-0.03992723648761957,,Opp Blk 232,Hougang Ave 1,1.35896472197244,103.88913833298105
45029,302.3333333333333,297.25,-0.016900249864760575,-0.016758241758241792,0.024132291477376125,-0.711104665776704,-0.03992700315760058,,Opp Heavy Veh Pk,Woodlands Rd,1.39303959514259,103.75414864750223
45359,335.55555555555554,358.0,0.06455915479726038,0.0666886761307356,0.024132291477376125,0.7105372368937629,0.04155360104110103,,Blk 790,Choa Chu Kang Nth 6,1.39618571003148,103.74944608386802
77071,878.6666666666667,937.3000000000001,0.06452667946078972,0.06665403561955299,0.024132291477376125,0.7099704723891417,0.04151977678668498,,Blk 633,Elias Rd,1.37810945408117,103.94127900809487
46189,2061.5555555555557,2027.15,-0.016821727400126996,-0.016681032160749724,0.024132291477376125,-0.7097342797974887,-0.039851612899784686,,Blk 12,Marsiling Rd,1.44008271628617,103.77854042726402
43411,2557.222222222222,2727.65,0.06449440858540534,0.06661961431549705,0.024132291477376125,0.709407276170453,0.04148616657407635,,Opp Blk 628,Bt Batok Ctrl,1.35176519952681,103.75019891787089
17219,380.77777777777777,406.2,0.06446575946838617,0.06658905704307312,0.024132291477376125,0.7089072874288468,0.041456329342423534,,Blk 376,Clementi Ave 4,1.31820000002277,103.76615861100824
27139,521.8333333333334,513.15,-0.01674768728742393,-0.016608224418234372,0.024132291477376125,-0.7084421205049694,-0.03978052077319006,,Blk 934,Jurong West St 91,1.34202746082141,103.68898154351334
65339,616.3888888888889,606.15,-0.016723237789654455,-0.016584180689283416,0.024132291477376125,-0.7080154241563704,-0.039757043602173144,,Blk 268C,Punggol Field,1.4031330662473,103.8980438895579
54248,4344.0,4272.05,-0.016697900743166016,-0.016559263521289686,0.024132291477376125,-0.7075732381727222,-0.03973271357352247,,Blk 324,Ang Mo Kio Ave 3,1.36875490594243,103.84661006967286
58601,353.94444444444446,377.55,0.06438688184313701,0.06650493034903736,0.024132291477376125,0.7075307031326246,0.041374184980082995,,Blk 108A,Canberra Wk,1.448139,103.831129
92089,594.5,634.1,0.06438107801357518,0.06649874055415704,0.024132291477376125,0.7074294138175934,0.04136814103934229,,Marine Terr Stn/Katong Convent,Marine Parade Rd,1.3071917122941,103.91764721757994
84599,702.2222222222222,690.6,-0.016665193629950004,-0.01652709748775425,0.024132291477376125,-0.7070024286651375,-0.039701305489036595,,Opp SBST Bedok Nth Depot,Bedok Nth Ave 4,1.33772607555094,103.94646797815965
76151,453.6111111111111,446.09999999999997,-0.01666006939128195,-0.01652205792496627,0.024132291477376125,-0.7069129996736047,-0.0396963846767256,,Blk 237,Tampines St 21,1.355263,103.946998
17201,1814.4444444444443,1784.45,-0.01665982641260566,-0.01652181896076871,0.024132291477376125,-0.7069087591728411,-0.03969615134339596,,Blk 308,Clementi Ave 4,1.32055715133061,103.76734890374861
14249,1623.2222222222222,1731.1,0.06430547647211693,0.06641811465316745,0.024132291477376125,0.7061100042332801,0.04128941497859748,,Blk 1,Henderson Rd,1.279469339,103.8173996
03059,1205.8333333333333,1285.95,0.06427522864182844,0.06638585830686355,0.024132291477376125,0.7055821145048762,0.04125791870944131,,One Raffles Quay,Raffles Quay,1.281111,103.851461
92101,582.9444444444445,621.7,0.06425901295121683,0.06636856626391426,0.024132291477376125,0.7052991158093929,0.041241034130082566,,Katong Shop Ctr,Mountbatten Rd,1.30370246223719,103.90129169936806
28501,1431.7222222222222,1408.2,-0.01655411904150128,-0.01641785257280257,0.024132291477376125,-0.7050639380769022,-0.03959463478266321,,Blk 490,Jurong West Ave 1,1.34980328426271,103.72737769835274
59209,1287.3333333333333,1372.8,0.06423122942636805,0.06633893919792958,0.024132291477376125,0.7048142335138151,0.04121210518581312,,Blk 272,Yishun Ave 6,1.43856611102095,103.84021166701386
96109,897.7777777777778,883.1,-0.016465637269974742,-0.016330819631598707,0.024132291477376125,-0.7035197407611159,-0.03950965265493602,,Opp Blk 3012,Simei Ave,1.33737118239889,103.95067333143491
76091,1615.5,1589.1499999999999,-0.016434966778271054,-0.01630064955149981,0.024132291477376125,-0.7029844746814977,-0.03948019349194511,,Blk 206,Tampines Ave 2,1.35071636446812,103.95275166965992
84481,1485.9444444444443,1461.75,-0.01640508026297205,-0.01627124976648664,0.024132291477376125,-0.7024628906771687,-0.03945148647307867,,Aft Bedok Ind Pk C,Bedok Reservoir Rd,1.33753167256033,103.91532871743395
59441,1338.5,1316.8,-0.016332730504943882,-0.016200074654721883,0.024132291477376125,-0.7012002317111763,-0.03938198850650046,,Naval Base Pr Sch,Yishun Ave 4,1.41588388901051,103.83948333301474
57121,667.5,656.7,-0.01628749623469261,-0.01615557217651466,0.024132291477376125,-0.7004107963563178,-0.039338534668966425,,Opp Blk 115B,Sembawang Rd,1.43345083292583,103.82631132424072
67129,571.8888888888889,609.7,0.06391405350623014,0.06600077579518975,0.024132291477376125,0.6992788311811199,0.04088191014601802,,Blk 137,Sengkang East Way,1.38936844113699,103.90498892005203
44559,946.4444444444445,931.25,-0.01616728234690079,-0.016037293303624543,0.024132291477376125,-0.6983128053278189,-0.03922304287764765,,Blk 483,Choa Chu Kang Ave 5,1.37620955732727,103.73789066346548
53321,530.2222222222222,565.25,0.06385524550736044,0.06593808826605381,0.024132291477376125,0.6982525050527588,0.04082069976367034,,Opp Eunoia JC,Sin Ming Ave,1.36143,103.840319
09179,1866.111111111111,1836.25,-0.01612248754407286,-0.015993215900976132,0.024132291477376125,-0.6975310396251813,-0.039180004099342136,,Royal Thai Embassy,Orchard Rd,1.30587966240898,103.83049004618626
52051,1865.6666666666667,1835.95,-0.01604772150112055,-0.015919642857142414,0.024132291477376125,-0.6962262112876938,-0.03910816470471903,,Blk 147,Braddell Rd,1.34338820709349,103.85469257245785
17069,2219.0555555555557,2184.0,-0.01591639204853923,-0.01579039563574516,0.024132291477376125,-0.6939342297341946,-0.03898196301918209,,Opp Blk 701,West Coast Rd,1.3077663717505,103.76214066046377
76049,651.0,693.8,0.06357947244029649,0.06564417177914064,0.024132291477376125,0.6934396716004068,0.040533709021010354,,Opp Blk 842C,Tampines St 82,1.35118252345739,103.93633200959248
50089,1085.9444444444443,1068.9,-0.01580531160378662,-0.015681063122922938,0.024132291477376125,-0.6919956369408543,-0.038875206779063434,,Blk 51/Opp Pek Kio Mkt,Owen Rd,1.31665493432357,103.85044724612104
52489,444.5,473.70000000000005,0.06348577864640781,0.0655443322109983,0.024132291477376125,0.6918045132787254,0.04043622203717711,,Opp Toa Payoh Polyclinic,Lor 8 Toa Payoh,1.33536277799489,103.85871194397946
66009,11319.0,11141.7,-0.015786497804302968,-0.015662544169611176,0.024132291477376125,-0.6916672956547207,-0.03885712419982453,,Serangoon Int,S'goon Ave 2,1.35046610176969,103.87168992264617
11239,736.0555555555555,784.3000000000001,0.06340254036007664,0.06545564181804453,0.024132291477376125,0.6903518260629785,0.04034962151330747,,Fairlodge,Holland Rd,1.31152857401616,103.80165517330278
80169,524.3333333333334,516.15,-0.015700013925902034,-0.01557741116751262,0.024132291477376125,-0.6901579658732137,-0.038773997241708845,,Nicoll Highway Stn,Nicoll Highway,1.30070547633658,103.86336013257065
28311,688.7777777777778,678.05,-0.01567472197675812,-0.015552512886598051,0.024132291477376125,-0.6897165669352718,-0.03874968565508887,,Blk 209,Jurong East Ctrl,1.33825277511898,103.74108351905207
59109,503.55555555555554,536.55,0.06334382516950487,0.06539308522351858,0.024132291477376125,0.6893271196391293,0.04028853898027288,,Opp Yishun Pr Sch,Yishun Ring Rd,1.4343984933093,103.83322945585378
61049,631.0,621.2,-0.01562780968332067,-0.015506329113923946,0.024132291477376125,-0.6888978464649005,-0.03870459014051674,,Aft Bartley Rd,Upp S'goon Rd,1.34196277802503,103.8709686110327
10109,682.1111111111111,726.75,0.06330005530346572,0.06534645413142508,0.024132291477376125,0.6885632412890025,0.04024300668675811,,Bt Merah Sec Sch,Jln Bt Merah,1.28535315729277,103.81370529674271
46191,740.2777777777778,788.7,0.06327770265727928,0.06532264108521318,0.024132291477376125,0.6881731395127121,0.040219754762753704,,Opp Blk 120,Marsiling Rise,1.43978268235949,103.78053807087814
84329,367.1666666666667,391.2,0.06323617957018346,0.0652784065187865,0.024132291477376125,0.6874484722899576,0.040176562524021645,,Blk 414,Bedok Nth Rd,1.33029323198176,103.92970061275057
44231,1205.611111111111,1187.1,-0.015460303111914264,-0.015341406142087356,0.024132291477376125,-0.6859744963388833,-0.03854355335531912,,Zhenghua Pr Sch,Bt Panjang Rd,1.37916686797468,103.76933485417399
62239,920.7222222222222,980.8000000000001,0.06314372087676201,0.06517991682237417,0.024132291477376125,0.6858348691292243,0.040080393604017925,,Opp S'pore Girls' Hme,Hougang Ave 3,1.34763066655635,103.88998897946436
28561,763.0,751.35,-0.01536614796163338,-0.015248691099476411,0.024132291477376125,-0.6843312863553718,-0.03845302301721485,,Blk 402,Jurong West St 42,1.35318546958489,103.72232429359829
03223,902.0,888.25,-0.015344142588420873,-0.01522702104097456,0.024132291477376125,-0.6839472452397681,-0.03843186358431523,,Tanjong Pagar Stn Exit C,Anson Rd,1.2757033952327,103.84632468221952
46689,285.27777777777777,303.9,0.06302126356214899,0.06504948573646363,0.024132291477376125,0.6836977254750977,0.03995303595013282,,Blk 609,Woodlands Ave 4,1.43587054546915,103.79601265965388
63021,353.27777777777777,347.9,-0.01529594022637859,-0.015179551513250834,0.024132291477376125,-0.6831060102961626,-0.03838551261177119,,The Helping Hand,Upp S'goon Rd,1.3570580828827,103.88161613087621
84459,894.2222222222222,880.65,-0.01527682858704349,-0.015160729800173198,0.024132291477376125,-0.682772471063704,-0.038367134406890574,,Bet Blks 705/706,Bedok Nth Rd,1.336324,103.918288
41119,334.83333333333337,356.65,0.06293984940166464,0.06496277915632771,0.024132291477376125,0.6822768731806879,0.03986837249321668,,Opp Lutheran Twrs,Farrer Rd,1.32074221277671,103.81245374678939
84229,1179.1666666666667,1255.8,0.06291313651769226,0.06493433130913692,0.024132291477376125,0.6818106758723,0.039840594981046105,,Blk 111,Bedok Nth Rd,1.3315995317556,103.93531396427683
80089,3042.8333333333335,2996.95,-0.015188964225709256,-0.015074193725017402,0.024132291477376125,-0.6812390488843695,-0.038282637437235444,,Bef Lor 18 Geylang,Geylang Rd,1.31275356421909,103.88079905478979
50191,726.0,773.15,0.06283917572932651,0.06485557083906468,0.024132291477376125,0.6805199009601638,0.03976369039486357,,Bef Balestier Plaza,Balestier Rd,1.32604500002988,103.84902388888725
44131,1294.0,1274.55,-0.015133237006481615,-0.015019305019304891,0.024132291477376125,-0.6802664889902478,-0.038229042109591466,,Blk 26,Choa Chu Kang Rd,1.37710069702793,103.75532192967427
96261,334.3333333333333,329.3,-0.01512372959483077,-0.0150099403578528,0.024132291477376125,-0.6801005641980785,-0.03821989811371318,,Blk 233,Simei St 3,1.34404967237603,103.95585935578698
41011,337.44444444444446,359.34999999999997,0.06271582525156205,0.06472422849638843,0.024132291477376125,0.6783671696870597,0.039635442956745225,,NUS Bt Timah Campus,Bt Timah Rd,1.32235611101422,103.81891666700089
78161,340.3888888888889,335.3,-0.01501864535774633,-0.014906427990235714,0.024132291477376125,-0.6782666181317005,-0.03811882487495438,,Blk 216,Pasir Ris Dr 4,1.36900499745113,103.96052175997124
54219,860.8888888888889,848.0500000000001,-0.0150082857623417,-0.014896222766533086,0.024132291477376125,-0.6780858208992259,-0.038108860123537446,,Opp Mayflower Sec Sch,Ang Mo Kio Ave 3,1.36880777071199,103.83679395921905
17039,607.5555555555555,646.9,0.06264815600840912,0.06465218185137796,0.024132291477376125,0.6771861957775724,0.03956509399342277,,Opp Kent Ridge Sec Sch,West Coast Rd,1.3015316464856,103.76606427132043
53291,430.22222222222223,458.1,0.06264449722248955,0.06464828652409185,0.024132291477376125,0.6771223420899873,0.03956129045425255,,Shunfu Mart,Shunfu Rd,1.35231394964571,103.8371139764859
72061,1446.7222222222222,1425.25,-0.014942817884706194,-0.014831728001842246,0.024132291477376125,-0.6769432655551044,-0.03804588509069497,,Blk 122,Bedok Reservoir Rd,1.33177922756641,103.9098393917043
46141,1299.2222222222222,1383.25,0.06262328669111472,0.0646257050076912,0.024132291477376125,0.67675217267486,0.039539241040726036,,Blk 32,Marsiling Dr,1.44364959550382,103.77329520911692
68111,2962.4444444444443,3153.8,0.06257284707384159,0.0645720070488551,0.024132291477376125,0.6758718928131587,0.03948680840161978,,Bef Piccadilly Circus/TPE,Jln Kayu,1.40222194447692,103.87138805557646
27451,733.3333333333334,722.5,-0.014862512062695288,-0.0147526100771679,0.024132291477376125,-0.6755417561520738,-0.037968631472844266,,Bet Blks 272D/271A,Jurong West Ave 3,1.35128613677034,103.7041505569119
44009,22891.722222222223,22554.6,-0.014835681012046464,-0.014726174499901691,0.024132291477376125,-0.6750734965809009,-0.03794281881418073,,Choa Chu Kang Int,Choa Chu Kang Loop,1.38586897797184,103.74578895932125
70011,378.05555555555554,402.5,0.06249370879074512,0.06448776198153365,0.024132291477376125,0.6744907594765952,0.039404548455299844,,Opp Blk 125,Aljunied Rd,1.32317687661433,103.88116008329277
59269,335.8333333333333,357.55,0.06247987215301798,0.06447303315190511,0.024132291477376125,0.6742492803733954,0.03939016669060879,,Opp Blk 174,Yishun Ave 7,1.43774971409693,103.8312528105951
11499,378.1111111111111,372.55,-0.014777466853539423,-0.014668815943727345,0.024132291477376125,-0.6740575342447448,-0.037886811834758574,,Queenstown Pr Sch,Margaret Dr,1.29685053610951,103.80788663334461
43141,712.5,702.05,-0.014754423880066092,-0.014646110721793783,0.024132291477376125,-0.6736553847717929,-0.03786464163065261,,Opp Blk 291A,Bt Batok East Ave 6,1.34421891680123,103.75586020801809
75351,2622.8333333333335,2791.8,0.062408324004252336,0.06439687480149912,0.024132291477376125,0.6730006112140053,0.03931580290866405,,Tampines Wafer Fab Pk,Tampines Ave 10,1.37333,103.9305775
64479,1254.388888888889,1236.1000000000001,-0.014675465321414727,-0.014568305527282274,0.024132291477376125,-0.6722773880135428,-0.037788669810255006,,Blk 665,Hougang Ave 9,1.374401340713,103.88353995121632
85079,484.88888888888886,516.15,0.062352993747111896,0.06433798307797901,0.024132291477376125,0.6720349791625223,0.03925829888890976,,Flextronic,Upp Changi Rd,1.33394889968504,103.9501523198666
03111,1919.5555555555554,2043.1,0.06234309878642641,0.06432745154758501,0.024132291477376125,0.6718622908057373,0.039248015519777045,,Aft Capital Twr,Robinson Rd,1.2778259536079,103.8481011719729
46539,1637.5555555555557,1613.75,-0.014634949002140019,-0.014528378653286076,0.024132291477376125,-0.671570291055716,-0.03774968375901098,,Blk 320,Woodlands Ave 3,1.43209962904173,103.77822365534921
84191,612.4444444444445,603.55,-0.014605325327569751,-0.014499184930266525,0.024132291477376125,-0.6710532941877067,-0.03772117794656614,,Blk 220 CP,Bedok Nth Ave 3,1.32566318975139,103.93533757051014
93071,544.9444444444445,537.05,-0.014565727819860541,-0.014460160781519954,0.024132291477376125,-0.670362232468875,-0.03768307334907291,,Crescendo Bldg,Upp East Coast Rd,1.31293014528666,103.92634861688488
91059,339.1111111111111,360.95,0.06223371912995734,0.06421104214309054,0.024132291477376125,0.6699533804278467,0.039134349145361146,,Aft Margate Rd,Mountbatten Rd,1.30052638901127,103.88831333297796
96299,434.44444444444446,462.4,0.062223391134863526,0.06420005103342666,0.024132291477376125,0.6697731346887958,0.03912361702632209,,Opp Blk 222,Simei St 4,1.34126498344514,103.95716526054423
54359,1236.6666666666667,1218.8500000000001,-0.014499986160411815,-0.014395367627255495,0.024132291477376125,-0.6692148990429659,-0.03761980695780329,,Blk 502,Ang Mo Kio Ave 5,1.37615334768079,103.8499921086812
94031,1089.6666666666665,1159.55,0.06210490060904572,0.06407396088019618,0.024132291477376125,0.6677052200352214,0.03900049801691308,,Opp Bayshore Stn Exit 3,Upp East Coast Rd,1.31504670788151,103.94089937209914
99009,1175.4444444444443,1250.75,0.06204586519928146,0.06401114469210407,0.024132291477376125,0.666674925097388,0.03893916200728341,,Changi Village Ter,Changi Village Rd,1.38969812175274,103.98762553601895
63059,4291.833333333333,4230.9,-0.014295900811605478,-0.014194199635050865,0.024132291477376125,-0.6656531705379762,-0.037423379217091754,,Blk 22,Upp S'goon Rd,1.36437667280221,103.88984149586426
11299,414.16666666666663,440.7,0.06195087256835574,0.06391007627458892,0.024132291477376125,0.6650170992744616,0.03884047513024983,,Opp Cold Storage Jelita,Holland Rd,1.31826975603165,103.78558843680226
57021,630.9444444444445,622.05,-0.014174713534110595,-0.014074725274725966,0.024132291477376125,-0.6635381917645357,-0.03730672010838173,,Forest Hills Condo,Sembawang Rd,1.40414074099185,103.81834244198308
46759,461.1111111111111,490.6,0.061860015285187586,0.06381341668670366,0.024132291477376125,0.6634314441686999,0.03874609319474243,,Blk 676A,Woodlands Ring Rd,1.439275,103.801227
59341,579.0,616.0,0.06184092036492306,0.06379310344827614,0.024132291477376125,0.6630981967200003,0.0387262586102883,,Khoo Teck Puat Hosp,Yishun Ctrl,1.42367163179884,103.83864456915899
47511,514.2777777777778,507.05,-0.014126261647581018,-0.0140269541778978,0.024132291477376125,-0.6626926020816787,-0.03726007467280109,,Blk 554,Woodlands Dr 16,1.43190354583508,103.79644777764182
40039,581.7777777777778,618.9,0.06175223121369555,0.06369876072449954,0.024132291477376125,0.6615503801821747,0.038634138945122264,,Opp Newton FC,Bt Timah Rd,1.31230305602353,103.8407255559936
84251,660.0,650.8,-0.014016073448225086,-0.013918305597579395,0.024132291477376125,-0.6607695808905204,-0.03715398624924238,,Blk 99,Bedok Nth Ave 4,1.33346832060545,103.93883800719165
50321,411.77777777777777,406.05,-0.013973351795653954,-0.013876177658143193,0.024132291477376125,-0.6600239961210461,-0.03711285099768671,,Aft Gloucester Rd,Dorset Rd,1.3136845041501,103.85083079337346
47681,586.8888888888889,624.25,0.061613604189815874,0.06355131355131333,0.024132291477376125,0.6591310403059808,0.03849016616503005,,Woodsvale Condo,Woodlands Cres,1.44457845619804,103.80448623998072
10361,1474.5,1568.25,0.061600882814647484,0.06353778380210148,0.024132291477376125,0.6589090249343486,0.03847695522604841,,Cendex Ctr,Lower Delta Rd,1.28038092060065,103.82353025808791
64019,1629.2777777777778,1606.8,-0.013883631202410207,-0.01378769807462988,0.024132291477376125,-0.658458178700492,-0.03702645631581834,,Blk 302,Upp S'goon Rd,1.368308353364,103.89393838248249
11019,1076.1666666666667,1144.55,0.0615507339676622,0.0634844499458454,0.024132291477376125,0.6580338196398746,0.038424878109937624,,Alexandra Ctrl,Jln Bt Merah,1.28679632523156,103.80565677295323
75369,325.8888888888889,321.4,-0.013827313192690482,-0.013732154996601213,0.024132291477376125,-0.6574753082409698,-0.036972222035256255,,Bef Tampines Lk,Tampines Ave 10,1.370271,103.930686
60229,1962.111111111111,1935.25,-0.013777403649119613,-0.013682929590219904,0.024132291477376125,-0.6566042793060309,-0.03692415655895896,,Blk 68,Geylang Bahru,1.32258108743147,103.87024013608315
04142,1112.9444444444443,1097.8,-0.013688594685420163,-0.013595331903645423,0.024132291477376125,-0.6550543717827473,-0.036838622993321544,,Armenian Ch,Hill St,1.2930982644668,103.84965994500728
95109,4303.555555555556,4575.8,0.061326170549643066,0.06324565705583267,0.024132291477376125,0.6541147047606599,0.03819171205121656,,Changi Airport Ter 3,PTB3 Basement,1.357429,103.987082
12149,300.1111111111111,319.15000000000003,0.0613102994272845,0.06322878228782342,0.024132291477376125,0.6538377195226636,0.03817523491427862,,Henry Pk,Mt Sinai Rd,1.31576900455367,103.78266099158458
78229,652.7777777777778,694.1,0.061288215721331696,0.06320530251529598,0.024132291477376125,0.6534523113321788,0.0381523084108153,,Blk 485,Pasir Ris Dr 4,1.37411139885456,103.96093853137384
76271,1060.5555555555557,1046.3,-0.01351991383458806,-0.013428930290977926,0.024132291477376125,-0.6521105279538366,-0.036676142409463125,,Dunman Sec Sch,Tampines St 45,1.36181167182029,103.95518343875231
52271,2001.388888888889,1974.55,-0.013494071626049653,-0.01340343478622789,0.024132291477376125,-0.6516595258053656,-0.03665124767177914,,Jackson Sq,Lor 4 Toa Payoh,1.33683113907107,103.84974718092391
40011,3152.0555555555557,3109.85,-0.013475999565780938,-0.013385604792528564,0.024132291477376125,-0.6513441294646706,-0.03663383781775178,,Little India Stn Exit A,Bt Timah Rd,1.30606411522588,103.84908751469008
14241,1465.8333333333333,1558.3500000000001,0.06116318560148404,0.06307237813884835,0.024132291477376125,0.6512702666903253,0.03802251621741041,,Opp Blk 1,Henderson Rd,1.27914353103301,103.8168725087535
76409,405.55555555555554,400.15,-0.01338516548332258,-0.013295982508882356,0.024132291477376125,-0.6497588792612201,-0.036546327361932716,,Blk 259,Tampines St 21,1.35484670853897,103.9507954515594
44129,1030.6666666666667,1016.9499999999999,-0.013384816459900861,-0.013295638126009849,0.024132291477376125,-0.6497527880514526,-0.03654599109397654,,Sol Acres Condo,Choa Chu Kang Way,1.37741713631203,103.75092697249079
64021,752.4444444444445,742.45,-0.013353771204390519,-0.013265005161480655,0.024132291477376125,-0.6492109815369594,-0.0365160799538005,,Blk 458,Hougang Ave 10,1.37788950153352,103.89663845377325
41129,358.94444444444446,381.6,0.061040358452359555,0.06294181200802552,0.024132291477376125,0.6491266686281321,0.03789502670076362,,Opp S'pore Bible Coll,Adam Rd,1.32542946413096,103.81399869920736
76119,445.27777777777777,473.34999999999997,0.06100386756123832,0.06290302502178546,0.024132291477376125,0.6484898240538443,0.0378571536773634,,Opp Blk 945,Tampines Ave 4,1.35188664573357,103.94009028016603
76511,1042.388888888889,1028.6,-0.013303585302856469,-0.013215483733561129,0.024132291477376125,-0.6483351295608725,-0.036467725431311916,,The Tampines Trilliant,Tampines Concourse,1.359138,103.939389
63269,340.05555555555554,361.5,0.06097909076339736,0.06287669001465988,0.024132291477376125,0.6480574156146854,0.03783143921904122,,Blk 232,Hougang Ave 1,1.358676,103.889106
67131,604.9444444444445,596.95,-0.013281167617761547,-0.013193362061061505,0.024132291477376125,-0.6479438927156729,-0.036446125026087205,,Bakau Stn/Blk 122F,Rivervale Dr,1.38767805568948,103.90527388892869
59311,902.7222222222222,890.8000000000001,-0.013280144676912187,-0.013192352615724837,0.024132291477376125,-0.6479260401965998,-0.036445139366963794,,Blk 760,Yishun Ring Rd,1.4260484365847,103.83218609995292
60139,2745.8888888888887,2709.8500000000004,-0.013206719280132617,-0.013119893212522873,0.024132291477376125,-0.6466446090197439,-0.03637438737153805,,Blk 44,Bendemeer Rd,1.32204861560134,103.86628982237994
57139,303.3333333333333,299.35,-0.013175130630687981,-0.013088718510404902,0.024132291477376125,-0.6460933191117758,-0.03634394725908637,,Aft Jln Kemuning,Sembawang Rd,1.43795662145081,103.8255962797174
64361,943.1111111111111,930.8,-0.01312566228462586,-0.013039896434035834,0.024132291477376125,-0.6452299900227713,-0.0362962756088754,,Blk 535,Hougang Ave 8,1.37634509209583,103.89054894445846
66389,1331.611111111111,1314.25,-0.01311349740194867,-0.013027890107141256,0.024132291477376125,-0.6450176866426186,-0.03628455219482578,,S'goon Stn Exit F,S'goon Ave 2,1.35092163758707,103.8710690514159
53139,283.94444444444446,301.8,0.060778292070189366,0.06266328719048485,0.024132291477376125,0.6445530463223936,0.037623064943617106,,Marymount View,Marymount Rd,1.353021,103.840607
21751,392.55555555555554,387.45,-0.013057779610129217,-0.012972896668548384,0.024132291477376125,-0.6440452912770565,-0.03623085460219002,,Jurong Sec Sch,Yuan Ching Rd,1.33089333300685,103.72480472198433
46391,1519.888888888889,1500.2,-0.013030170974944966,-0.012945645821157918,0.024132291477376125,-0.6435634611824673,-0.03620424588413939,,Blk 853,Woodlands Ave 7,1.43921765358175,103.79299454006805
97049,413.8888888888889,408.55,-0.012951750803837925,-0.012868237814676376,0.024132291477376125,-0.6421948604454142,-0.03612866189257335,,Changi Prison,Upp Changi Rd Nth,1.35817903735465,103.96973879358464
46691,545.2777777777778,538.25,-0.01294831161472576,-0.01286484287602968,0.024132291477376125,-0.6421348391946654,-0.03612534695106145,,Opp 888 Plaza,Woodlands Ave 4,1.43823132518893,103.79587886684328
96389,563.6666666666666,598.95,0.06061073186650745,0.0624852420306961,0.024132291477376125,0.6416287601977582,0.03744921517706801,,Opp Changi City Pt,Changi Sth Ave 2,1.33316035695047,103.96219500000879
28241,441.83333333333337,436.15,-0.012917090904858597,-0.01283402333458796,0.024132291477376125,-0.6415899706240881,-0.036095253630405326,,Opp Jurong East Lib,Jurong Town Hall Rd,1.33175858461326,103.73957485927775
28079,632.9444444444445,672.55,0.060600908606062376,0.062474805012707454,0.024132291477376125,0.6414573231644591,0.0374390240932837,,Blk 210,Boon Lay Way,1.33839906637569,103.7386009027093
45299,568.1111111111111,603.6,0.06049139292210626,0.06235845372901183,0.024132291477376125,0.6395460388142039,0.0373254144701287,,Blk 702,Choa Chu Kang Dr,1.3914375,103.7451665
95051,656.0,647.65,-0.01279073846758827,-0.01270928462709204,0.024132291477376125,-0.6393848486977332,-0.03597345422174106,,3rd Cargo Agents,Airport Cargo Rd,1.375293,103.996226
44021,2298.9444444444443,2269.75,-0.012774794653819477,-0.012693543322302594,0.024132291477376125,-0.6391065948382048,-0.035958083839496065,,Bt Panjang Stn Exit B,Upp Bt Timah Rd,1.37820722702851,103.76172178111382
10289,392.44444444444446,416.95,0.06042193336948021,0.062284665348770925,0.024132291477376125,0.6383338201518697,0.03725336481320941,,Opp SIS Bldg,Alexandra Rd,1.2918699745378,103.81440639448375
12209,643.6111111111111,635.5,-0.01266278845391966,-0.012582952684650654,0.024132291477376125,-0.6371518456254266,-0.03585009912055668,,Opp Clementi Loop,Clementi Ave 6,1.32653202760922,103.76429968220569
43831,494.8333333333333,488.6,-0.012651117553558855,-0.012571428571428619,0.024132291477376125,-0.6369481632996884,-0.03583884655746699,,Blk 334,Bt Batok West Ave 7,1.36512501870188,103.74788610102789
43839,427.1111111111111,421.75,-0.012601779511248523,-0.012522709576953022,0.024132291477376125,-0.6360871082915514,-0.035791275560164176,,Opp Blk 336,Bt Batok West Ave 7,1.36527346533705,103.74824970624866
84421,1032.3333333333333,1019.4,-0.012595115537472168,-0.012516129032258632,0.024132291477376125,-0.6359708076090449,-0.03578485007709998,,Blk 510,Bedok Nth Ave 2,1.33232270053889,103.93032045625178
53041,1352.4444444444443,1436.5,0.06025271030776658,0.06210491749445923,0.024132291477376125,0.6353805135763007,0.03707785247382951,,Bef Thomson Ridge,Upp Thomson Rd,1.353099,103.834337
41121,322.6666666666667,342.75,0.06020046935756618,0.0620494335736358,0.024132291477376125,0.6344687965787562,0.03702367595651317,,S'pore Bible Coll,Adam Rd,1.32554444399609,103.81350777801268
65301,312.0,331.4,0.06013587244114049,0.06198083067092715,0.024132291477376125,0.6333414413819551,0.03695668958836567,,Damai Stn Exit B,Punggol Dr,1.404519,103.9093865
44079,1034.388888888889,1098.55,0.06012391099235703,0.06196812791758387,0.024132291477376125,0.6331326883610146,0.03694428615821413,,Opp Blk 464,Choa Chu Kang Ave 3,1.37657500784909,103.73634658951725
42051,4594.833333333333,4879.6,0.060118067215384485,0.06196192203082529,0.024132291477376125,0.6330307018777043,0.03693822650477851,,King Albert Pk Stn,Bt Timah Rd,1.33598305556873,103.78263611110306
84111,945.2777777777778,933.6,-0.012417529698087293,-0.012340750308225748,0.024132291477376125,-0.6328715525673719,-0.03561360391535666,,Opp Blk 17,Bedok Sth Rd,1.31958802627855,103.93574197184712
01013,874.9444444444445,929.2,0.06009694744867922,0.06193949387962161,0.024132291477376125,0.6326621165013758,0.036916326842605644,,St. Joseph's Ch,Victoria St,1.29770970610083,103.8532247463225
72041,1326.3333333333333,1408.45,0.06002764039674435,0.061865896534404594,0.024132291477376125,0.6314525593042669,0.03684446371922844,,Blk 660A CP,Kaki Bt Ave 1,1.33470286981513,103.90743417265202
66379,1499.3333333333333,1480.95,-0.01232851752956865,-0.012252832703842928,0.024132291477376125,-0.6313180986827198,-0.0355277579703411,,Blk 206,S'goon Ctrl,1.35339155862192,103.87285801649963
66539,530.3333333333334,563.2,0.060019227885845794,0.061856963613551384,0.024132291477376125,0.6313057428863261,0.036835741290566104,,Blk 531,S'goon Nth Ave 5,1.37500340591534,103.8750162086281
54349,524.5,557.0,0.06000877206430477,0.06184586108468089,0.024132291477376125,0.6311232663007037,0.036824900377763245,,Blk 504,Ang Mo Kio Ave 8,1.37477333299627,103.84810527802902
76199,4450.0,4395.599999999999,-0.012297275089837356,-0.012221972590428815,0.024132291477376125,-0.6307728508792532,-0.03549762503373621,,Blk 503,Tampines Ave 7,1.35660016333768,103.94535428432116
14031,2091.0,2065.55,-0.01223999602609549,-0.012165391969406978,0.024132291477376125,-0.6297732079589663,-0.03544237765847748,,St. Theresa's Convent,Lower Delta Rd,1.27624277802151,103.82306027800865
65799,451.94444444444446,446.5,-0.012092941051836448,-0.01202011529498384,0.024132291477376125,-0.6272067822126676,-0.035300524232282346,,Blk 654D,Punggol East,1.398633889,103.9191989
41049,866.4444444444445,919.85,0.05974568775754374,0.06156654284616397,0.024132291477376125,0.6265318790203979,0.03655216389553204,,Opp Coronation Plaza,Dunearn Rd,1.32469500003392,103.81026249997407
58011,1164.5,1150.55,-0.012041318533794865,-0.011969111969112206,0.024132291477376125,-0.6263058581870898,-0.03525072273076143,,Opp Sembawang Shop Ctr,Sembawang Rd,1.44135611418225,103.82418746836298
43519,866.4444444444445,856.1,-0.0119968708792344,-0.011925195337517536,0.024132291477376125,-0.6255301509687428,-0.03520784093515735,,Opp Bt Batok Swim Cplx,Bt Batok East Ave 6,1.34527424103226,103.74835776931137
40341,801.4444444444445,791.9,-0.011965514222830542,-0.011894212129604061,0.024132291477376125,-0.6249829098385588,-0.03517758780460838,,Bef Blk 440A,Bt Batok West Ave 8,1.3546236109849,103.73889587967264
43531,941.1666666666667,999.0500000000001,0.05962309028494328,0.06143640544843485,0.024132291477376125,0.6243922893077865,0.03642509300946381,,Blk 140,Bt Batok West Ave 3,1.35154868659228,103.7437763360561
94059,1423.8333333333333,1511.35,0.05960988463507633,0.06142238858345956,0.024132291477376125,0.6241618223005606,0.03641140643294246,,Temasek Sec Sch,Upp East Coast Rd,1.31707137658578,103.94798092494041
59459,1193.1666666666667,1179.15,-0.011807043009328666,-0.011737613398464257,0.024132291477376125,-0.6222172461510319,-0.03502467911064083,,Opp Huamin Pr Sch,Yishun Ave 11,1.42637371131971,103.84259503772017
59069,2859.1666666666665,2825.6,-0.011805322240197036,-0.011735912825592295,0.024132291477376125,-0.6221872150267866,-0.03502301860946719,,Opp Blk 757,Yishun Ave 2,1.4259095,103.835307
58291,603.9444444444445,596.85,-0.011796740084307089,-0.011727431352741121,0.024132291477376125,-0.6220374379386896,-0.03501473699104567,,Blk 317,Sembawang Dr,1.44579319988216,103.8199449173096
12031,902.9444444444445,958.35,0.059488068560953344,0.061293098150082485,0.024132291477376125,0.6220358696728613,0.03628516255365752,,Pandan Valley Condo,Ulu Pandan Rd,1.3208008510991,103.7796285552172
30121,835.5,886.75,0.05946365139631826,0.06126718469814667,0.024132291477376125,0.6216097376070346,0.03625985971714757,,Blk 805D,Brickland Rd,1.37211783027051,103.74443713836388
53349,1370.7777777777778,1354.75,-0.011752739896452091,-0.011683946217398654,0.024132291477376125,-0.6212695399772502,-0.034972276524068556,,Bright Hill Stn Exit 1,Sin Ming Ave,1.3637398272719,103.83379317461136
67449,2099.9444444444443,2228.6,0.0594352181071649,0.06123700981040286,0.024132291477376125,0.6211135155261236,0.036230395859797385,,Blk 323B,Sengkang East Rd,1.39203289077574,103.89307115004729
46419,1840.5555555555557,1953.2,0.05937027743747425,0.06116809460600926,0.024132291477376125,0.6199801610951311,0.036163104548931485,,Evergreen Pr Sch,Woodlands Ave 4,1.443561111,103.7940981
28471,538.8333333333334,571.85,0.05936345239636065,0.0611608521148503,0.024132291477376125,0.6198610494409912,0.03615603271727534,,Opp Blk 311,Jurong East St 32,1.34811145616559,103.73224640616968
15199,800.7777777777777,849.8,0.059345598919842146,0.06114190687361442,0.024132291477376125,0.6195494678571046,0.03613753389501036,,Opp Currency Hse,Pasir Panjang Rd,1.27604240853686,103.79318399639808
40041,1621.5555555555557,1720.75,0.0593388057205555,0.06113469834965411,0.024132291477376125,0.6194309119113651,0.03613049523016179,,Newton Stn Exit C,Bt Timah Rd,1.3137222313328,103.83809742560602
58359,371.5,367.2,-0.011610769020636624,-0.011543624161073728,0.024132291477376125,-0.6187918426891899,-0.034835260967101295,,Opp Blk 484A CP,Sembawang Dr,1.45619440004203,103.81465411421149
11409,440.05555555555554,467.0,0.059297452088698854,0.06109081748331111,0.024132291477376125,0.6187092020471826,0.03608764835704961,,Blk 9,Holland Ave,1.3076441670056,103.79432583301961
76361,1592.7222222222222,1574.35,-0.011594830766691544,-0.011527869766793536,0.024132291477376125,-0.6185136858605494,-0.034819877803801705,,Blk 430,Tampines Ave 9,1.36002524992852,103.95032266084807
04149,493.27777777777777,487.6,-0.011553503524962316,-0.011487018095987163,0.024132291477376125,-0.6177924365608789,-0.03477998874733279,,Grand Pk City Hall,Hill St,1.29276132399953,103.84983741344308
64111,1990.5,2112.0,0.05922061499435749,0.06100928948029093,0.024132291477376125,0.6173682294062905,0.03600804145108771,,Opp Blk 953,Yio Chu Kang Rd,1.37594188334629,103.87684285462154
46121,624.1666666666666,662.3,0.05920909567767829,0.06099706744868069,0.024132291477376125,0.617167192541987,0.03599610741511214,,Opp Marsiling Lane Mkt/FC,Admiralty Rd,1.44387999997343,103.7764388889843
76031,4159.111111111111,4111.5,-0.011510667226701798,-0.011444672952111797,0.024132291477376125,-0.6170448509774203,-0.03473864140946663,,Tampines East Stn Exit B,Tampines Ave 2,1.35507956918888,103.95529781026745
43351,1051.388888888889,1039.35,-0.011505517251523045,-0.011439581903605299,0.024132291477376125,-0.6169549728283937,-0.0347336703246284,,Blk 168,Bt Batok West Ave 8,1.34701122644751,103.7411014207074
65141,1867.0555555555557,1845.6999999999998,-0.011497817556148426,-0.011431970260222921,0.024132291477376125,-0.6168205965752432,-0.03472623803932139,,Aft Soo Teck Stn,Punggol Way,1.40454805557377,103.89716388800268
94029,372.1111111111111,367.85,-0.011486202970955262,-0.011420488385943795,0.024132291477376125,-0.6166178970703641,-0.034715026719871096,,Aft Sennett Rd,Upp East Coast Rd,1.31453305602342,103.93750499997167
84641,708.0,751.2,0.05914671950410888,0.060930888575458766,0.024132291477376125,0.6160785940868124,0.03593148795747699,,Blk 24,Chai Chee Rd,1.32460611097515,103.92299333298999
11071,808.8333333333334,858.15,0.05911506321490556,0.06089730397201006,0.024132291477376125,0.6155261237195022,0.035898694729758075,,Blk 97,Queensway,1.30621305601609,103.80170944396954
67569,734.5,726.15,-0.011417756417773539,-0.011352821210061686,0.024132291477376125,-0.6154233574281923,-0.034648954029413793,,Bet Blks 430D/433A,Sengkang West Way,1.39504999232889,103.87700000087196
84461,373.8888888888889,369.65,-0.011371464666965814,-0.011307053941909067,0.024132291477376125,-0.6146154667620465,-0.03460426520499776,,Opp Blk 701,Bedok Reservoir Rd,1.33807138901241,103.91939027798064
66361,424.05555555555554,419.25,-0.011370107046961841,-0.011305711671676565,0.024132291477376125,-0.6145917733715343,-0.03460295456354678,,Blk 319,S'goon Ave 2,1.35258501828366,103.86824850324253
72021,493.94444444444446,488.35,-0.011367542952650744,-0.011303176563026322,0.024132291477376125,-0.614547024408168,-0.03460047919130108,,Blk 646,Bedok Reservoir Rd,1.33096531210116,103.9063218660858
01229,1263.9444444444443,1249.65,-0.011364787618801664,-0.011300452369449198,0.024132291477376125,-0.6144989379033384,-0.034597819189658915,,Bef Sultan Mque,Nth Bridge Rd,1.30337552638813,103.85963089198265
53231,3968.1111111111113,4209.45,0.059027362197108246,0.06080426627848313,0.024132291477376125,0.6139955522363836,0.03580784934357,,Bishan Stn,Bishan Rd,1.35089997844732,103.84797987894204
10341,1425.7222222222222,1512.4,0.05897911430089309,0.06075308593902091,0.024132291477376125,0.613153522623477,0.035757874999544206,,Opp Blk 116,Henderson Rd,1.28484639603431,103.82059301467888
22359,716.3333333333334,708.3,-0.011262064405523908,-0.011198884758363947,0.024132291477376125,-0.6127061967830403,-0.034498644881876143,,Blk 717,Jurong West Ave 4,1.3425266670299,103.69727527800597
59431,754.8333333333334,800.7,0.05891357972772404,0.0606835722160971,0.024132291477376125,0.6120098032987742,0.035689999273427295,,Blk 630,Yishun Ring Rd,1.417805,103.8376805
65021,875.5555555555555,865.8,-0.011191816096665974,-0.011129420712384071,0.024132291477376125,-0.6114802126271465,-0.034430817662133205,,Opp Blk 110,Punggol Rd,1.38403136207098,103.89961345545082
76101,4130.111111111111,4084.2,-0.011175718235271859,-0.011113501882732768,0.024132291477376125,-0.6111992703050634,-0.034415273938159484,,Tampines East CC,Tampines Ave 2,1.35303315550855,103.95480210652737
75511,780.6666666666666,828.05,0.058852074735112225,0.060618336886994265,0.024132291477376125,0.6109364088259913,0.03562630112657096,,Blk 610C,Tampines Nth Dr 1,1.364262,103.934773
51089,312.8333333333333,331.85,0.05882987861761535,0.06059479553903361,0.024132291477376125,0.6105490388121657,0.03560331449861619,,Marymount Convent Sch,Marymount Rd,1.34154969745419,103.83962581957273
64471,1918.611111111111,1897.35,-0.011137531404371792,-0.011075738720226644,0.024132291477376125,-0.6105328279321665,-0.03437840061347244,,Blk 917,Hougang Ave 9,1.37454805598778,103.8839677779891
44151,763.3333333333334,754.9,-0.0110949018916644,-0.011033580462277157,0.024132291477376125,-0.6097888512015889,-0.03433723575781823,,Opp Bt Batok Fire Stn,Bt Batok Rd,1.37392273953012,103.75223395114867
83121,483.0,512.3,0.058775562849625373,0.06053719008264419,0.024132291477376125,0.6096011117794228,0.03554706643684839,,Bef Lor K Telok Kurau,Telok Kurau Rd,1.31260836391216,103.91063424326731
76319,305.8888888888889,324.45,0.05872308338537824,0.0604815351194786,0.024132291477376125,0.6086852321985079,0.035492722907571224,,Tampines East Stn Exit D,Tampines Ave 9,1.357643,103.955554
52189,2331.6111111111113,2306.05,-0.011018636539924742,-0.010958153714245227,0.024132291477376125,-0.6084578566994212,-0.03426358633902769,,Toa Payoh Stn,Lor 2 Toa Payoh,1.333207,103.846713
06151,336.27777777777777,332.6,-0.010964186749677474,-0.010904299126997013,0.024132291477376125,-0.6075075906898879,-0.03421100076224588,,Hotel Miramar,Havelock Rd,1.28870976841461,103.83737276969174
27061,566.8333333333334,560.65,-0.010949068345333046,-0.010889345465218412,0.024132291477376125,-0.6072437420010014,-0.03419639946327011,,Sch of ADM,Nanyang Dr,1.34984722128218,103.68387082088056
48119,354.6666666666667,350.8,-0.010931130330186,-0.010871602624180065,0.024132291477376125,-0.6069306850361293,-0.03417907470826922,,Bird Paradise,Mandai Lake Rd,1.410027,103.778718
78069,2048.166666666667,2025.9,-0.0109256741783188,-0.010866205774704818,0.024132291477376125,-0.6068354634450321,-0.03417380502824823,,Blk 442,Pasir Ris Dr 1,1.36869168470813,103.95815838787027
42119,567.3888888888889,601.7,0.05861371250622316,0.06036555566415796,0.024132291477376125,0.6067764750036341,0.035379476351158734,,Southaven II,Upp Bt Timah Rd,1.34582513057916,103.77330275765884
55119,980.4444444444445,969.85,-0.010853432968450427,-0.01079474697158417,0.024132291477376125,-0.6055746988780113,-0.034104030055117016,,Blk 617,Ang Mo Kio Ave 5,1.37728530731209,103.8378470631113
11161,4013.8888888888887,3970.55,-0.010853226302092622,-0.01079454253611628,0.024132291477376125,-0.6055710921053452,-0.03410383043689426,,C'wealth Stn Exit A/D,C'wealth Ave,1.30213305598263,103.79839083302141
68011,1553.7777777777778,1537.1,-0.010784738761729251,-0.010726791967412134,0.024132291477376125,-0.604375837148654,-0.03403767631865392,,Bef Jln Kayu,Sengkang West Ave,1.3913169267408,103.8701030697383
03071,794.7777777777778,842.6,0.05835847538246153,0.060094945545937556,0.024132291477376125,0.6023220379529076,0.035115242794154074,,80 Robinson Rd,Robinson Rd,1.27990609626764,103.84940030424481
44381,505.27777777777777,499.95,-0.010579190894690171,-0.01052342806979044,0.024132291477376125,-0.6007885845533311,-0.033839104416064726,,Blk 202,Petir Rd,1.37242134216992,103.77441361028244
42129,580.6111111111111,615.5,0.0582562921812082,0.05998662718502189,0.024132291477376125,0.6005387212044799,0.035009476808824755,,Sixth Ave Ville,Sixth Ave,1.33016133420747,103.79515526101162
21651,679.1111111111111,719.9,0.05824424789568283,0.05997386048031407,0.024132291477376125,0.6003285225041378,0.03499701093423604,,Opp Chinese Gdn,Yuan Ching Rd,1.33873014874255,103.72402172321266
98019,1628.4444444444443,1726.1,0.0582045762745409,0.05993181043300303,0.024132291477376125,0.5996361673464217,0.03495595173938302,,Opp Blk 149A,Loyang Ave,1.3622609999684,103.96338699998489
84331,364.55555555555554,386.45,0.05816854178676145,0.05989361702127708,0.024132291477376125,0.5990072879925757,0.034918658303716765,,Opp Blk 416,Bedok Nth Ave 2,1.32898829919632,103.93099993868753
84469,682.0555555555555,674.95,-0.010457087943713361,-0.010402602684017383,0.024132291477376125,-0.5986576253072062,-0.03372112611699287,,Blk 703,Bedok Reservoir Rd,1.3375152915469,103.9197283469228
64071,1552.9444444444443,1536.8,-0.010443677654714989,-0.010389331807944397,0.024132291477376125,-0.5984235869067771,-0.0337081679511549,,Opp Punggol Pk,Hougang Ave 8,1.37514056376267,103.89724811886428
54419,729.3333333333334,721.75,-0.010437670030901458,-0.010383386581469718,0.024132291477376125,-0.598318740943512,-0.03370236281589635,,Opp Blk 527,Ang Mo Kio St 52,1.37206167776818,103.8548909469337
14269,705.4444444444445,747.7,0.058093805102111595,0.05981440704624169,0.024132291477376125,0.5977029720206417,0.03484131480454721,,Blk 10,Telok Blangah Cres,1.27758480623244,103.81999451121168
52319,995.8333333333334,985.55,-0.010369579401031892,-0.010316000668784077,0.024132291477376125,-0.5971304129290436,-0.03363656476104893,,Blk 25,Toa Payoh East,1.33412138901702,103.85712611102798
67239,957.0,947.15,-0.010335060384442762,-0.010281837160751211,0.024132291477376125,-0.5965279818085892,-0.033603206269848945,,Opp Rivervale Pr Sch,Rivervale Dr,1.3930503019817,103.90373341553943
21611,786.8888888888889,778.8,-0.0103195994192804,-0.010266535044422558,0.024132291477376125,-0.5962581546962781,-0.03358826472718303,,Blk 367,Corporation Dr,1.3383643422738,103.71931958855112
92249,782.6111111111111,829.35,0.05793443311283042,0.05964551577454833,0.024132291477376125,0.5949215878573997,0.034676403227108604,,Opp Amber Gdns,Amber Rd,1.30166304472072,103.90118149629421
92059,1169.5555555555557,1239.35,0.057915127934214716,0.059625059326055316,0.024132291477376125,0.5945846709480203,0.034656428807140344,,Marine Pde Stn Exit 6,Marine Parade Rd,1.3043585,103.907884
44531,3886.0555555555557,3846.55,-0.010215362326331245,-0.01016336272814335,0.024132291477376125,-0.5944389931180181,-0.03348752352691253,,Opp Choa Chu Kang Stn,Choa Chu Kang Ave 4,1.3843775,103.7446955
62111,322.94444444444446,342.25,0.057887011322089066,0.059595266678099744,0.024132291477376125,0.5940939755626955,0.03462733818261508,,Aft Sommerville Rd,Upp S'goon Rd,1.34509852230089,103.87077171254077
78141,661.0555555555555,654.35,-0.010180029129086776,-0.010128388017118278,0.024132291477376125,-0.5938223527931045,-0.03345337294762104,,Blk 249,Pasir Ris Dr 3,1.370066,103.963665
63349,2398.3888888888887,2374.1,-0.010174533437281141,-0.010122947972863283,0.024132291477376125,-0.5937264411449962,-0.03344806109064684,,Blk 708,Hougang Ave 2,1.36687207146588,103.88923358520269
77041,491.6666666666667,521.0,0.05783477504260137,0.059539918809201675,0.024132291477376125,0.5931823400791386,0.03457329451134461,,Blk 541,Pasir Ris Dr 1,1.36944854648197,103.95130450100082
10169,7284.111111111111,7210.8,-0.010114118172786846,-0.010063142482384158,0.024132291477376125,-0.5926720647728343,-0.03338966483561532,,Tiong Bahru Stn/Plaza,Tiong Bahru Rd,1.285965,103.82756
59591,1039.4444444444443,1029.0,-0.010089170050900265,-0.01003844510892753,0.024132291477376125,-0.5922366663604097,-0.03336554942234092,,Bet Blks 405/406,Yishun Ave 6,1.42653688735925,103.84947950182573
59061,1236.388888888889,1224.0,-0.010062580676493127,-0.010012122300543906,0.024132291477376125,-0.5917726245597138,-0.03333984687531386,,Blk 763,Yishun Ave 2,1.42556399229911,103.83495820649408
59349,940.0555555555555,996.0,0.057748593271621296,0.05944860971722075,0.024132291477376125,0.5916782827222261,0.03448413699454646,,Opp Khoo Teck Puat Hosp,Yishun Ctrl,1.42345056032348,103.83882425770956
58141,485.1666666666667,514.05,0.05771248269003593,0.05941035310250252,0.024132291477376125,0.5910480753677216,0.03444678184518089,,Sembawang Camp,Admiralty Rd West,1.463365158306,103.81653183057891
24009,10132.666666666666,10734.7,0.05771142253090744,0.059409229959541225,0.024132291477376125,0.5910295733095885,0.034445685167563515,,Joo Koon Int,Joo Koon Circle,1.32697254709069,103.67839791240787
43319,355.8333333333333,352.3,-0.009951264996527875,-0.009901914992993545,0.024132291477376125,-0.5898299264057137,-0.03323223645382097,,Opp Midview Bldg,Bt Batok St 23,1.33972179277053,103.7574111060431
65041,764.7222222222222,757.15,-0.009938214551325153,-0.009888993687875632,0.024132291477376125,-0.5896021680538613,-0.0332196196217716,,Blk 231,Punggol Rd,1.389877,103.901631
54241,3218.5,3186.75,-0.009910729214587022,-0.009861779779469008,0.024132291477376125,-0.5891224897824813,-0.03319304697228764,,Blk 700B,Ang Mo Kio Ave 3,1.36913518643274,103.84618005827467
78049,1252.3333333333333,1326.6,0.05756613212998918,0.059255319148936315,0.024132291477376125,0.5884939431652462,0.03429540105692106,,Blk 612,Pasir Ris Dr 1,1.3744627816256,103.94180578126523
64031,1148.3333333333333,1216.35,0.057494300965702294,0.059179234338747735,0.024132291477376125,0.5872403347759935,0.034221109082318034,,Blk 436,Hougang Ave 8,1.37699995735935,103.893660799245
20121,377.3333333333333,373.7,-0.009649935447751723,-0.009603524229074938,0.024132291477376125,-0.5845710773528592,-0.032940876864438084,,Opp Blk 51,West Coast Rd,1.32023972200054,103.73707999997312
58101,479.94444444444446,508.25,0.057187291787306194,0.05885410650340773,0.024132291477376125,0.5818823639643578,0.03390364244441816,,Blk 311,Canberra Rd,1.44667277800811,103.82282277802054
58419,1276.3333333333333,1264.3,-0.009465323227423106,-0.009420668058454738,0.024132291477376125,-0.5813491968437501,-0.03276232945201696,,Blk 482A CP,Admiralty Link,1.4546446175566,103.81583789207467
10089,2238.3333333333335,2370.05,0.05715469248738625,0.05881958916344197,0.024132291477376125,0.5813134360307913,0.03386993845885594,,Blk 119,Jln Bt Merah,1.28292332245689,103.82165660905856
81089,2409.3888888888887,2551.1,0.057128450498941774,0.05879180399658896,0.024132291477376125,0.5808554568626788,0.03384280801185781,,Aljunied Stn,Aljunied Rd,1.31628194302502,103.88202243551633
76449,801.2222222222222,793.7,-0.00942096960451888,-0.00937673130193912,0.024132291477376125,-0.5805751306801499,-0.03271942800570846,,Blk 343,Tampines St 33,1.35207508249597,103.96113006140774
47521,1416.5,1499.8,0.05710354265005346,0.058765432098765814,0.024132291477376125,0.5804207613007369,0.033817057532117445,,Opp Blk 575,Woodlands Dr 16,1.43165346145517,103.79813585749302
47541,381.8333333333333,404.3,0.057027800173219845,0.05868524161950394,0.024132291477376125,0.5790988920908466,0.03373875663297657,,Blk 639,Woodlands Ave 6,1.43789201937501,103.80334162830194
59479,631.0555555555555,668.1,0.05695623114521986,0.05860947525709811,0.024132291477376125,0.5778498585438876,0.03366477560236524,,Opp Blk 430B,Yishun Ave 1,1.42034812354505,103.84865147425622
58331,1168.2222222222222,1157.45,-0.009255855721209905,-0.009213152142924697,0.024132291477376125,-0.5776935381102238,-0.03255970336820246,,Blk 589D,Canberra Link,1.44974129560526,103.82397609690102
84419,523.2777777777778,518.45,-0.009251094608627497,-0.00920843488396719,0.024132291477376125,-0.5776104464502912,-0.032555097265068354,,Blk 512,Bedok Nth St 3,1.33361648978155,103.9292288767243
71159,312.27777777777777,309.40000000000003,-0.009228477601953777,-0.00918602589111548,0.024132291477376125,-0.5772157310146243,-0.032533216309806816,,Blk 3026,Ubi Ave 2,1.32787641919412,103.89457489895001
28441,2254.3888888888887,2233.7,-0.009215423487582086,-0.009173091607753769,0.024132291477376125,-0.5769879086278779,-0.0325205868053284,,Seventh-Day Advent Ch,Jurong East Ctrl,1.33576638902918,103.73884916698127
72011,1721.5555555555557,1822.3,0.056839069815016074,0.05848545442817517,0.024132291477376125,0.5758051412140546,0.0335436771564369,,Blk 322,Jln Eunos,1.32816499999482,103.90548361097667
56049,358.22222222222223,379.2,0.0567562296651154,0.05839777296628552,0.024132291477376125,0.5743594023357639,0.033458061789536246,,Meadows @ Peirce,Upp Thomson Rd,1.37945638898658,103.82768833298778
97079,521.7777777777778,552.3,0.056743875220803375,0.05838469713071195,0.024132291477376125,0.5741437906971685,0.033445294068332264,,Opp St. John's Cres,Upp Changi Rd Nth,1.36810642046998,103.97758382793815
09213,1748.0,1850.1,0.056735860947036976,0.05837621497998815,0.024132291477376125,0.5740039243741447,0.03343701178801128,,15 Scotts,Scotts Rd,1.3078105,103.8330555
53249,761.5555555555555,754.7,-0.009030893545741492,-0.00899023750546449,0.024132291477376125,-0.5737674640554387,-0.03234204141250077,,Blk 210,Bishan Rd,1.35538305217047,103.84911895270494
43841,776.5555555555555,769.6,-0.008985663399356802,-0.008945412975135814,0.024132291477376125,-0.572978100670926,-0.03229827311156769,,Blk 324,Bt Batok St 33,1.3619538889938,103.74752277796905
76439,887.8888888888889,880.0,-0.008914617389573998,-0.008874999999999909,0.024132291477376125,-0.5717381949173322,-0.03222951932290008,,Blk 351,Tampines St 33,1.35288166702581,103.96260527798987
75311,825.3888888888889,873.5,0.05658682194099107,0.058218487394958114,0.024132291477376125,0.5714028730037558,0.03328300084006773,,Bef Tampines Lk,Tampines Ave 10,1.367478,103.930734
12099,2809.0555555555557,2784.2,-0.008884569724303404,-0.008845218560329467,0.024132291477376125,-0.5712137984992227,-0.03220043964255187,,Opp SIM Campus,Clementi Rd,1.32783806,103.7767036
71081,1177.888888888889,1246.45,0.05652909239031256,0.05815739868049011,0.024132291477376125,0.5703953681170282,0.03322335159848401,,Eunos Technolink,Eunos Link,1.33375855817569,103.9005998503616
10399,519.7222222222222,515.15,-0.008819315938722205,-0.008780539848501178,0.024132291477376125,-0.5700749795221507,-0.032137284997037295,,Melati Blk 2,Kg Bahru Rd,1.27588166292683,103.83019454205221
60269,4945.444444444444,4902.1,-0.008801366294974855,-0.008762747652634706,0.024132291477376125,-0.5697617196131799,-0.03211991205018801,,Potong Pasir Stn Exit B,Upp S'goon Rd,1.33099030126892,103.86922890950602
14159,922.3888888888889,914.3000000000001,-0.008798596784211021,-0.008760002406593324,0.024132291477376125,-0.5697133856906806,-0.03211723149215442,,Hotel Faber Pk,Telok Blangah Rd,1.26994046445496,103.81315419081787
06069,402.22222222222223,398.7,-0.008773564159572977,-0.008735188757233264,0.024132291477376125,-0.5692765125234028,-0.0320930025428609,,Aft Furama RiverFront,Outram Rd,1.28623157720487,103.83496162445665
46661,301.8333333333333,299.2,-0.008733679968754515,-0.008695652173912955,0.024132291477376125,-0.5685804475674056,-0.03205439758562117,,Opp Blk 896B,Woodlands Dr 50,1.43759221925392,103.79228928579461
28341,2437.4444444444443,2578.9,0.05639032526003973,0.05801057140253387,0.024132291477376125,0.5679735830827807,0.03307998410662958,,Chinese Gdn Stn,Boon Lay Way,1.34247027799798,103.73271277802048
11209,655.7222222222222,650.05,-0.008674687679475213,-0.008637171136113979,0.024132291477376125,-0.5675509051748252,-0.03199729457433479,,Opp Peirce Rd,Holland Rd,1.30817280849852,103.81038349817638
84109,1337.9444444444446,1326.4,-0.008659433785847881,-0.00862204887764003,0.024132291477376125,-0.5672846919063945,-0.03198252865141664,,Bef Bedok View Sec Sch,Bedok Sth Ave 3,1.32350836424044,103.9441209521673
71079,1671.611111111111,1768.55,0.05633933201307695,0.05795662138373211,0.024132291477376125,0.5670836411916473,0.033027305347009636,,Comfort Driving Ctr,Eunos Link,1.33554558497215,103.89825312082961
43371,1243.111111111111,1232.4,-0.00864672436658509,-0.008609448959542678,0.024132291477376125,-0.5670628851910428,-0.031970225633337616,,Blk 109,Bt Batok West Ave 6,1.34682313984594,103.74590277613717
17241,390.27777777777777,412.95,0.05632745673556894,0.05794405792985912,0.024132291477376125,0.5668763920448942,0.0330150379339249,,Blk 334,Clementi Ave 2,1.31519114798349,103.76905503649127
06049,487.77777777777777,515.95,0.05603821402020159,0.05763809956808351,0.024132291477376125,0.5618284842445058,0.032716289066887165,,Bef Outram Flyover,Outram Rd,1.28474856880259,103.83517705055233
43549,530.6111111111111,561.25,0.05603436295632669,0.05763402654404828,0.024132291477376125,0.56176127489284,0.03271231201815125,,Regent Hts,Bt Batok East Ave 5,1.352709,103.7552615
50189,1060.111111111111,1121.25,0.05601902152348526,0.05761780104712075,0.024132291477376125,0.5614935338767488,0.03269646885310064,,Opp Public Mansion,Balestier Rd,1.32606229603246,103.84849190712964
56039,413.6111111111111,437.5,0.05601881257701535,0.057617580061637794,0.024132291477376125,0.5614898873112202,0.03269625307484154,,Aft Yio Chu Kang Rd,Upp Thomson Rd,1.37673055602474,103.82848388900504
11191,820.1666666666666,867.4,0.055926344688228546,0.05751978891820565,0.024132291477376125,0.5598761236715739,0.03260076624736237,,The Star Vista,C'wealth Ave West,1.30801640815091,103.7883731546267
58289,572.9444444444445,568.25,-0.008212900009431756,-0.00817926628593557,0.024132291477376125,-0.559491716618339,-0.031550179632262365,,Opp Sembawang Sec Sch,Sembawang Cres,1.44485960840447,103.81627162679553
04029,569.1111111111111,564.45,-0.008209399288409358,-0.008175794192165194,0.024132291477376125,-0.559430621503347,-0.03154678935368286,,Bef Bencoolen Stn Exit A,Bencoolen St,1.29948166696821,103.85092666701239
70299,693.2222222222222,687.55,-0.008204177010167513,-0.008170614596670836,0.024132291477376125,-0.5593394815102816,-0.03154173180834671,,Opp Asiawide Ind Bldg,Upp Paya Lebar Rd,1.3374750000156,103.88758305557131
44709,550.9444444444445,582.65,0.05585409100891958,0.05744338198288861,0.024132291477376125,0.5586151414859819,0.032526159738073594,,Blk 547C,Segar Rd,1.3885418939603,103.76842967593706
93049,430.55555555555554,427.05,-0.008156240886501465,-0.00812306900102985,0.024132291477376125,-0.5585028929992558,-0.03149530656032294,,Lagoon View,Marine Parade Rd,1.31073016722066,103.9329857782451
55189,723.1666666666666,764.75,0.055834177241447236,0.05742232451093213,0.024132291477376125,0.5582676033914404,0.03250559845694642,,Yio Chu Kang Stn,Ang Mo Kio Ave 6,1.382955556,103.844225
54181,1540.7777777777778,1629.3,0.05582789519218778,0.05741568175266659,0.024132291477376125,0.5581579681136117,0.03249911222628969,,Mayflower Stn Exit 6,Ang Mo Kio Ave 4,1.37053305192374,103.83653495602837
63241,3163.1666666666665,3137.7,-0.008081023001338394,-0.008048459309981663,0.024132291477376125,-0.5571901790428778,-0.03142245494567406,,Blk 21,Hougang Ave 3,1.36409785233957,103.89213557756084
82089,339.0,358.5,0.0557685595508941,0.05735294117647037,0.024132291477376125,0.5571224334895262,0.03243785004686391,,Aft Ipoh Lane,Tg Katong Rd,1.310947,103.894254
10131,1512.888888888889,1599.7,0.05575927035742634,0.05734311926605496,0.024132291477376125,0.5569603170742322,0.03242825957647532,,Opp Blk 2,Jln Bt Merah,1.28619141382394,103.80686549059318
14169,2210.6666666666665,2192.9,-0.008065597153183113,-0.008033157498116169,0.024132291477376125,-0.556920964797908,-0.03140751370029704,,Opp Telok Blangah Stn,Telok Blangah Rd,1.27118550385957,103.80941810434497
60081,1558.4444444444446,1647.8,0.05571811811648608,0.05729960812255108,0.024132291477376125,0.556242121914911,0.03238577371418392,,St. Andrew's Village,Jln Toa Payoh,1.32931226062177,103.8662910461625
78219,388.5,385.4,-0.00799076297244028,-0.007958921694480356,0.024132291477376125,-0.5556149473093511,-0.031335027162909646,,Opp Blk 204,Pasir Ris St 21,1.36725694472542,103.96327818546209
17041,5046.888888888889,5006.8,-0.007973417181160514,-0.007941713807753343,0.024132291477376125,-0.5553122259253611,-0.0313182247567457,,Blk 726 Clementi West Mkt,West Coast Rd,1.3042101570614,103.76455953939507
56021,413.05555555555554,436.75,0.055647814180431965,0.05722527841137783,0.024132291477376125,0.5550151669447404,0.03231319548206313,,Opp Sembawang Hills FC,Upp Thomson Rd,1.372666,103.82843
59079,7891.222222222223,7828.85,-0.00793439294240983,-0.007902998732930131,0.024132291477376125,-0.554631168983465,-0.0312804219502671,,Yishun Stn,Yishun Ave 2,1.42926606883551,103.83516195358482
58341,1719.8333333333333,1818.0,0.05547822991694318,0.05704600484261441,0.024132291477376125,0.55205555662093,0.0321381462523344,,Blk 405,Sembawang Dr,1.45267992935187,103.81687772159036
65679,339.66666666666663,359.1,0.05547728855929002,0.05704500978473635,0.024132291477376125,0.5520391279041884,0.032137174641648635,,Opp Punggol Cove Pr Sch,Sumang Link,1.410983,103.898983
64369,668.3333333333334,663.15,-0.007774164564998465,-0.00774402390438313,0.024132291477376125,-0.5518348390045019,-0.031125193148412143,,Blk 532,Hougang Ave 8,1.376302,103.891097
29011,464.0,490.5,0.05542453399986513,0.056989247311828174,0.024132291477376125,0.5511184473204485,0.03208272613595046,,Opp Sanmina-SCI,Penjuru Rd,1.3085474999723,103.73362194401842
52031,1170.8333333333333,1161.85,-0.007695585554841955,-0.007666050348457356,0.024132291477376125,-0.550463466184232,-0.031049056933809153,,Opp Blk 998,Braddell Rd,1.34404852974216,103.85026155631283
11511,1925.388888888889,2035.05,0.055364448038782044,0.05692573900504688,0.024132291477376125,0.5500698180014354,0.03202071431647187,,Alexandra Hosp,Alexandra Rd,1.2859468736223,103.80251884462385
62089,911.4444444444445,963.35,0.05532709845320127,0.056886264003897444,0.024132291477376125,0.5494179873610163,0.0319821694903025,,Bartley Chr Ch,Bartley Rd,1.34383983323818,103.8782509427123
28649,1633.0,1620.65,-0.007586847013058673,-0.007558139534884275,0.024132291477376125,-0.5485657446372137,-0.030943688892520842,,Blk 286A,Toh Guan Rd,1.33901303401774,103.74603439301079
67521,789.3333333333334,783.4,-0.007535703075104649,-0.007507380851961271,0.024132291477376125,-0.5476731728640135,-0.030894126269268542,,Blk 160,Sengkang East Dr,1.38710967446608,103.90839913039454
11521,1978.8333333333333,2091.2,0.05520347784817581,0.056755619159861895,0.024132291477376125,0.5472605417859246,0.031854603115213306,,Anchorpoint,Alexandra Rd,1.2885710102662,103.80543003047167
16019,1134.5,1198.85,0.055123466417327016,0.05667107001320962,0.024132291477376125,0.545864170142169,0.03177204625478045,,Haw Par Villa Stn,Pasir Panjang Rd,1.28278078585184,103.78217614858187
51079,822.0555555555555,816.0,-0.007384607251498032,-0.007357408032399587,0.024132291477376125,-0.5450362256011541,-0.030747687356239704,,Opp MacRitchie Resvr,Thomson Rd,1.34178289872759,103.83615392311769
07351,826.5555555555555,873.4,0.055061695241645836,0.056605800214823455,0.024132291477376125,0.5447861302020303,0.031708314450862814,,Arc 380,Lavender St,1.31351833300073,103.86054527803076
70049,725.2777777777778,766.35,0.05501046495540862,0.05655167138376814,0.024132291477376125,0.5438920514654767,0.031655461092458086,,Aft Blk 4,Upp Aljunied Rd,1.33290666703267,103.87871499999147
81141,416.3333333333333,413.3,-0.007294913908577172,-0.007268370607027913,0.024132291477376125,-0.5434708837573738,-0.03066074797730143,,Versailles Condo,Guillemard Rd,1.31200805596649,103.89035749999957
54479,1055.5555555555557,1115.25,0.054960711987483535,0.05649910611000063,0.024132291477376125,0.5430237551124897,0.03160413444822963,,Blk 538,Ang Mo Kio Ave 5,1.37579335077466,103.853200441537
04249,1288.611111111111,1361.45,0.05494384096505023,0.05648128204023623,0.024132291477376125,0.5427293194665186,0.0315867303785477,,Opp The Treasury,Nth Bridge Rd,1.29043039362749,103.85026216508201
98289,684.1111111111111,722.8,0.054934080019766185,0.05647096983457714,0.024132291477376125,0.5425589699668747,0.03157666116605933,,Opp Estella Gdns,Flora Rd,1.359593,103.966128
43311,634.8888888888889,670.75,0.054862402422718226,0.05639524724794742,0.024132291477376125,0.5413080416564003,0.0315027228797072,,Midview Bldg,Bt Batok St 23,1.339803833761,103.75695468286781
51019,487.88888888888886,515.45,0.054843235882509056,0.05637499999999974,0.024132291477376125,0.5409735442855489,0.03148295273075653,,Thomson Flyover,Thomson Rd,1.32894248973791,103.84066508496021
84491,868.7222222222223,862.55,-0.007122076074412398,-0.007096774193547711,0.024132291477376125,-0.5404544916239556,-0.03049319500108127,,Blk 629,Bedok Reservoir Rd,1.33463946695939,103.91413940065628
28581,438.5,463.25,0.05478548310758402,0.056313993174062,0.024132291477376125,0.5399656340857435,0.03142338344811071,,Blk 491,Jurong West St 41,1.34925114010527,103.72570564902432
14539,305.6111111111111,303.45,-0.007073335488754218,-0.007048378329408208,0.024132291477376125,-0.539603863520057,-0.030445939519985477,,Beach Stn Ter,Beach View,1.25142694,103.818545
01012,1051.5555555555554,1110.8,0.054759253980054545,0.05628628734297535,0.024132291477376125,0.5395078793682728,0.031396330467438956,,Hotel Grand Pacific,Victoria St,1.29684825487647,103.85253591654006
64359,1315.7222222222222,1389.8,0.05473363770396755,0.05625922956837305,0.024132291477376125,0.5390608202272597,0.031369910272677534,,Montfort Sch,Hougang Ave 8,1.37528677811119,103.88918760776436
71069,424.3333333333333,448.25,0.054706350427043304,0.05623040752351138,0.024132291477376125,0.5385845985258338,0.031341767380297786,,Aft Airport Rd,Hougang Ave 3,1.3385251356058,103.89512258677937
59072,1731.4444444444443,1828.85,0.054700611411678146,0.05622434581836757,0.024132291477376125,0.5384844403580074,0.03133584851103232,,Yishun Stn Exit E,Yishun Ave 2,1.42939861,103.8354664
11531,329.72222222222223,348.3,0.05465233655556112,0.0561733579707713,0.024132291477376125,0.5376419402367986,0.03128606212306215,,Opp Lea Hin Hardware Fty,Alexandra Rd,1.29108833302538,103.80753083302794
71089,1741.388888888889,1839.25,0.05464433568076821,0.05616490769377941,0.024132291477376125,0.5375023077546952,0.031277810965411705,,Opp Eunos Technolink,Eunos Link,1.33291479894363,103.90097214917817
43511,428.55555555555554,452.65,0.054574893183581,0.05609156751163983,0.024132291477376125,0.53629038674647,0.031206198945412034,,Bt Batok Swim Cplx,Bt Batok East Ave 6,1.34497394208663,103.74849870531534
75081,2179.4444444444443,2164.5,-0.006877447947424287,-0.006853852425601105,0.024132291477376125,-0.5361852043962744,-0.030255997355847202,,Blk 831,Tampines Ave 3,1.34986941891093,103.93426738811776
40201,760.8888888888889,803.6,0.05454452956754263,0.056059501239609004,0.024132291477376125,0.5357604763075731,0.031174888271685918,,Chelsea Gdns Condo,Stevens Rd,1.31358972201496,103.82743055599407
52311,644.5,640.1,-0.006839759293485237,-0.0068164213787758185,0.024132291477376125,-0.535527456283367,-0.030219448320984443,,Blk 23,Toa Payoh East,1.33435800960389,103.85721839168514
21451,316.1111111111111,313.95,-0.0068383246326240155,-0.006814996496145451,0.024132291477376125,-0.5355024183641126,-0.03021805701378495,,Blk 206,Boon Lay Dr,1.34524833302487,103.71473000001441
28539,704.4444444444445,743.95,0.0544890801991178,0.05600094503071362,0.024132291477376125,0.5347927655078635,0.0311177118606083,,Blk 538,Jurong West Ave 1,1.34975477386966,103.71542393424821
70291,879.7222222222222,929.0,0.05444230820023854,0.055951554910742475,0.024132291477376125,0.5339764934794305,0.031069485551973988,,Asiawide Ind Bldg,Upp Paya Lebar Rd,1.33743499996855,103.88713611112668
43419,4029.722222222222,4002.65,-0.006739126326809952,-0.0067164693396552285,0.024132291477376125,-0.5337711944642535,-0.03012185151639936,,Aft Bt Batok Stn/Blk 628,Bt Batok Ctrl,1.351623356,103.749933755
27531,1249.3333333333333,1240.95,-0.006727457379668067,-0.006704878699013894,0.024132291477376125,-0.5335675462263885,-0.030110533993518974,,Blk 918,Jurong West St 91,1.34052795177305,103.68697304819686
52199,298.8888888888889,315.65,0.0543850272806532,0.05589107076694983,0.024132291477376125,0.5329768181706814,0.03101042663517586,,Blk 84B,Lor 2 Toa Payoh,1.335495,103.846639
65179,1282.7777777777778,1274.25,-0.006664882201955713,-0.0066427211355376626,0.024132291477376125,-0.5324754747206853,-0.03004984108890744,,Coral Edge Stn Exit A,Punggol Field,1.39429582834351,103.91190241454986
76329,330.5,328.3,-0.006658620243598534,-0.006636500754147748,0.024132291477376125,-0.5323661900723347,-0.030043767282386856,,Blk 125,Tampines St 11,1.34644501660314,103.94989623103628
65089,390.27777777777777,387.7,-0.0066098989910683414,-0.0065881016612240745,0.024132291477376125,-0.5315158993731222,-0.02999650864858882,,Opp Blk 296,Punggol Rd,1.4013394838038,103.90580511592151
10151,770.2777777777778,813.25,0.054218853017705015,0.055715623424331735,0.024132291477376125,0.5300767196942355,0.03083911347175142,,Ctrl Green Condo,Tiong Bahru Rd,1.28572048365401,103.8285292287095
76469,325.72222222222223,323.6,-0.006516681483300424,-0.006495493963611612,0.024132291477376125,-0.5298890532691612,-0.029906083126043415,,East Spring Sec Sch,Tampines St 34,1.35630339357193,103.95985048163843
84359,2080.6111111111113,2067.1,-0.0065118551597258545,-0.00649069897782162,0.024132291477376125,-0.5298048235370889,-0.029901401127604445,,Opp Bedok Ctrl PO,Bedok Nth St 1,1.32787704925987,103.934076210002
21579,303.22222222222223,301.25,-0.006503939017273197,-0.0064828341855373214,0.024132291477376125,-0.5296666698166572,-0.029893721658506806,,Jurong Sec Sch,Corporation Dr,1.33013472279057,103.72318086110512
52439,611.8888888888889,607.9499999999999,-0.006447499043853,-0.0064267585206666126,0.024132291477376125,-0.5286816708281099,-0.029838967340790862,,Opp Blk 5,Lor 7 Toa Payoh,1.33825111098581,103.85541166702772
63249,2702.277777777778,2685.0,-0.006411930386618359,-0.006391417826096123,0.024132291477376125,-0.5280609212196848,-0.029804459401860914,,Blk 1,Hougang Ave 3,1.36395805601148,103.89261277802149
18019,621.7222222222223,617.75,-0.006399234242031149,-0.00637880274779249,0.024132291477376125,-0.5278393461759876,-0.02979214158080536,,Bef Telok Blangah Hill Pk,Alexandra Rd,1.28091055556275,103.80252305556165
53159,449.72222222222223,446.85,-0.006392879577695965,-0.0063724885985455,0.024132291477376125,-0.5277284436088281,-0.029785976215940355,,Blk 260,Marymount Rd,1.357180105,103.8415963
46831,1167.7777777777778,1160.35,-0.006375446881428992,-0.006355166840954701,0.024132291477376125,-0.5274242055458017,-0.02976906262212543,,Blk 747A CP,Woodlands Circle,1.44364527797106,103.7956269439894
54411,491.44444444444446,518.8,0.054062471116489874,0.055550541516245854,0.024132291477376125,0.5273475190020732,0.030677921495422138,,Blk 527,Ang Mo Kio St 52,1.37235305596731,103.8542291670297
46341,430.72222222222223,428.0,-0.006325458385060934,-0.00630549478831592,0.024132291477376125,-0.5265517987146546,-0.02972056102418526,,Rosewood,Woodlands Ave 1,1.43172193690625,103.78630311506315
46521,5310.444444444444,5605.2,0.05400930646953839,0.055494425036086335,0.024132291477376125,0.5264196815085327,0.03062312732417443,,Marsiling Stn,Woodlands Ave 3,1.43237833345523,103.77429333367095
82081,648.8888888888889,644.8,-0.006311549782631154,-0.006291673790391116,0.024132291477376125,-0.5263090636725339,-0.02970706569937242,,Aft Dunman Rd,Tg Katong Rd,1.31037284851913,103.89412794527634
96169,4463.055555555556,4710.7,0.053991106847334436,0.05547521561111497,0.024132291477376125,0.5261020589375691,0.030604370543306156,,Simei Stn,Simei St 3,1.34226222202581,103.95346611100372
14471,542.5,572.65,0.05398974768388776,0.05547378104875794,0.024132291477376125,0.5260783386106603,0.03060296978446966,,Blk 114,Depot Rd,1.28201169102423,103.80664978771298
43161,1054.8333333333333,1113.4,0.05398579893841138,0.05546961325966836,0.024132291477376125,0.5260094245048491,0.030598900203689654,,Blk 272,Bt Batok East Ave 4,1.34883190699072,103.75766163401367
83159,514.9444444444445,511.75,-0.006210696927353432,-0.006191450414557771,0.024132291477376125,-0.5245489643241328,-0.02960920395175702,,Opp Parkway East Hosp,Joo Chiat Pl,1.31480354064185,103.90947767042405
28431,2090.0,2205.65,0.05383310793569773,0.055308464849355234,0.024132291477376125,0.5233446379339292,0.03044154903758135,,Blk 134,Jurong East Ctrl,1.33449626498358,103.73881557585635
46671,648.2222222222222,644.25,-0.006137226619494562,-0.006118432312168567,0.024132291477376125,-0.5232667493522994,-0.02953790642213428,,Bef 888 Plaza,Woodlands Dr 50,1.43689166982219,103.7946223426922
76221,2799.888888888889,2782.8,-0.006119926307590617,-0.006101237702316357,0.024132291477376125,-0.5229648216812839,-0.029521116979993562,,Tampines East Stn Exit A,Tampines Ave 7,1.3563896244901,103.95390226733993
59171,1862.611111111111,1965.6,0.0537901002452319,0.0552630794455207,0.024132291477376125,0.5225940611876714,0.030397233079367546,,Blk 309,Yishun Ave 9,1.43226509746155,103.84019665786346
65281,978.5,1032.6000000000001,0.05376089564374187,0.05523226135783553,0.024132291477376125,0.5220843780467096,0.03036714117821216,,Punggol Sec/Blk 601B,Punggol Ctrl,1.40201165055481,103.90783309940194
97019,1265.2222222222222,1335.15,0.05375450496169698,0.05522551772551792,0.024132291477376125,0.5219728468930097,0.030360556450463868,,Opp Salvation Army,Upp Changi Rd Nth,1.3529227886583,103.96544071070835
59411,1152.611111111111,1145.65,-0.00605247145870802,-0.0060341921502525975,0.024132291477376125,-0.521787589413166,-0.029455651265630583,,Blk 356,Yishun Ring Rd,1.42521425593657,103.84572707357924
66489,1772.4444444444446,1761.75,-0.006048579747189642,-0.006030323914542291,0.024132291477376125,-0.5217196706726525,-0.029451874179659856,,Blk 969,Buangkok Green,1.37889334025536,103.8789799431682
55081,742.6111111111111,738.15,-0.0060173207111891,-0.00599925289503156,0.024132291477376125,-0.5211741332285742,-0.02942153530667509,,Opp Sunrise Gdns,Yio Chu Kang Rd,1.39177133420779,103.8559732827973
62221,1405.8333333333333,1483.35,0.05363565022024819,0.05510010662243823,0.024132291477376125,0.5198985758929241,0.03023810049030781,,Opp The Minton,Lor Ah Soo,1.35090140225527,103.88255343944132
43611,517.1666666666666,514.1,-0.005935884259158364,-0.005918301704727306,0.024132291477376125,-0.5197528918987111,-0.029342491621618075,,Blk 290H,Bt Batok East Ave 3,1.3440783607984,103.75829172450743
76239,2649.6666666666665,2634.0,-0.005927998692837555,-0.005910462776659943,0.024132291477376125,-0.5196152717975765,-0.029334837407282096,,Blk 390,Tampines Ave 7,1.3564927293972,103.95754826481253
84241,1138.3333333333333,1131.6000000000001,-0.00592742132772095,-0.005909888823872678,0.024132291477376125,-0.5196051955338681,-0.02933427697891553,,Blk 81,Bedok Nth Rd,1.32861392886029,103.94004872476815
54281,1332.7777777777778,1325.05,-0.005810751798487779,-0.00579390203265581,0.024132291477376125,-0.5175690611892717,-0.029221023259467283,,Blk 570,Ang Mo Kio Ave 3,1.369694,103.855165
46631,1061.4444444444443,1055.3,-0.005800097020712158,-0.00578330893118533,0.024132291477376125,-0.5173831123892245,-0.029210679770097173,,W'lands Stn Exit 5,Woodlands Ave 2,1.43689297551872,103.78915264291737
28571,869.1111111111111,864.1,-0.005775810228389133,-0.00575916230366438,0.024132291477376125,-0.5169592556007896,-0.029187102125175817,,Blk 416,Jurong West St 42,1.35242067621829,103.72542293305399
52281,323.77777777777777,341.6,0.05342239811499372,0.05487512829285059,0.024132291477376125,0.5161768677621036,0.030018423470590867,,Blk 68,Lor 5 Toa Payoh,1.334382333,103.853628
76069,3546.388888888889,3526.3,-0.0056791028402667365,-0.00566300721970757,0.024132291477376125,-0.5152715035748198,-0.029093212805644548,,Blk 147,Tampines Ave 5,1.348675,103.942076
20131,421.94444444444446,419.55,-0.005677455001602105,-0.005661368711415195,0.024132291477376125,-0.5152427452441617,-0.02909161290658267,,S'pore Food Ind Bldg,West Coast Rd,1.3155936163792,103.7518511517015
09131,837.6111111111111,832.9,-0.005633593151834759,-0.005617754223252676,0.024132291477376125,-0.5144772615800396,-0.02904902613480966,,Opp Orchard Blvd Stn,Grange Rd,1.30391999998489,103.82333805603095
28299,2289.5555555555557,2415.0,0.053318891249924505,0.05476594712587914,0.024132291477376125,0.5143704502317155,0.029911815010062834,,Blk 253,Jurong Town Hall Rd,1.344658,103.736797
65331,648.9444444444445,684.5,0.05326160985093242,0.05470553038721275,0.024132291477376125,0.5133707665562872,0.029852821910080374,,Opp Blk 268D,Punggol Field,1.4028650002354,103.89851804993967
44279,640.6111111111111,675.7,0.053245669019256425,0.054688717637890065,0.024132291477376125,0.5130925647406952,0.02983640533044256,,Blk 157,Teck Whye Ave,1.37910867690077,103.75635459940506
97011,413.8333333333333,436.5,0.05319987265813175,0.05464041783848896,0.024132291477376125,0.5122933196905406,0.02978924365044962,,The Japanese Sch,Upp Changi Rd Nth,1.35332331548207,103.96595966764757
40279,821.1111111111111,816.6,-0.005502338139891094,-0.005487228003783823,0.024132291477376125,-0.5121865791758552,-0.02892157558905979,,KK Women & Children Hosp,Bt Timah Rd,1.30981925741503,103.8460393043403
65541,297.77777777777777,314.1,0.05318996983058355,0.054629973968017755,0.024132291477376125,0.5121204940400726,0.02977904587565224,,Blk 228B,Sumang Crescent,1.403562,103.8912
40109,771.8333333333334,767.6,-0.005492737032662731,-0.005477679534182045,0.024132291477376125,-0.512019019194236,-0.02891225211622211,,Opp KK Women & Child Hosp,Kg Java Rd,1.30949131269895,103.84770747833439
42241,356.5,354.55,-0.005469475804535051,-0.005454545454545111,0.024132291477376125,-0.5116130607079067,-0.028889663159864177,,Aft Eng Kong Pl,Lor Kismis,1.33711750136148,103.76708487597254
43571,3812.5555555555557,3792.0,-0.005404707937129771,-0.0053901287803737995,0.024132291477376125,-0.5104827220486446,-0.028826764377443807,,Opp Bt Gombak Stn,Bt Batok West Ave 5,1.35920995233758,103.75150455211015
92221,646.9444444444445,682.25,0.05305586601329182,0.05448855354539957,0.024132291477376125,0.5097800938522614,0.029640957833906988,,Blk 19,Marine Terr,1.30496423786628,103.91493558885941
22189,347.3333333333333,366.3,0.05301907709482023,0.054449760765550546,0.024132291477376125,0.509138048059389,0.029603079153416343,,Pioneer Junction,Pioneer Rd Nth,1.33369710730493,103.69666289847902
58281,788.3333333333334,784.15,-0.0053139250048230835,-0.005299831081080359,0.024132291477376125,-0.50889836452541,-0.028738594421233186,,Sembawang Sec Sch,Sembawang Cres,1.4450136750226,103.8162666133863
51011,695.4444444444445,733.35,0.05299772806017966,0.05442724952137874,0.024132291477376125,0.5087654614642313,0.029581098356248694,,Opp Tan Tong Meng Twr,Thomson Rd,1.327841667,103.8406111
75121,1242.9444444444443,1236.4,-0.005274930398285527,-0.005261042383100432,0.024132291477376125,-0.5082178247293981,-0.028700719726427917,,Opp Darul Ghufran Mque,Tampines Ave 5,1.35593392058986,103.93903255460283
22391,799.2777777777778,842.8,0.05295661006777408,0.0543838944810829,0.024132291477376125,0.508047864015539,0.029538764918804496,,Bef Jln Buroh,Tg Kling Rd,1.31342749923518,103.6957230721563
11101,1022.7777777777778,1017.45,-0.005217625499493117,-0.005204037334490657,0.024132291477376125,-0.5072177309318853,-0.028645057924642975,,Empress Rd Mkt/FC,Farrer Rd,1.31614971080385,103.80596012189226
27329,976.2777777777778,971.25,-0.005157955666883929,-0.005144676254902882,0.024132291477376125,-0.5061763639502026,-0.02858709560856158,,Blk 840,Pioneer Rd Nth,1.34404250003243,103.69186499999779
46719,428.77777777777777,452.09999999999997,0.05284457243612639,0.05426577042399114,0.024132291477376125,0.506092566251123,0.029423424295259307,,Aft W'lands Ind Pk E3,Woodlands Ave 8,1.45490953729339,103.80106314214777
59211,1172.7777777777778,1236.45,0.05282539350537263,0.05424555092767889,0.024132291477376125,0.5057578526386053,0.029403681244014362,,Blk 289,Yishun Ave 7,1.44037027798466,103.8381736110171
67269,357.3333333333333,355.5,-0.005129412039303283,-0.005116279069767868,0.024132291477376125,-0.5056782162262998,-0.028559367564664,,Opp Blk 203A,Sengkang East Ave,1.386147,103.8951088
42319,1447.5555555555557,1526.05,0.05277087829837246,0.05418808007977289,0.024132291477376125,0.5048064449659645,0.029347564618863217,,Burgundy Hill,Bt Batok East Ave 3,1.33915373900693,103.76043841269879
52539,1027.0,1082.7,0.05276594491383957,0.05418287937743241,0.024132291477376125,0.5047203467897865,0.029342486464035214,,Blk 210 Mkt/FC,Lor 8 Toa Payoh,1.33991805598004,103.85386250003322
84101,886.1111111111111,934.15,0.052736703573928345,0.05415205410821621,0.024132291477376125,0.504210022484318,0.029312387550571882,,ECO Condo,Bedok Sth Ave 3,1.32298200464523,103.94421518494586
84701,1011.0555555555555,1065.85,0.05272691521622885,0.05414173574134096,0.024132291477376125,0.5040391945790361,0.029302312322048066,,Blk 151,Kaki Bt Ave 1,1.33601304352046,103.91214210205735
44299,1416.0555555555554,1408.95,-0.005026923632801328,-0.0050143097973101266,0.024132291477376125,-0.5038895729895166,-0.028459801060115406,,CCK Polyclinic,Teck Whye Ave,1.38177250001353,103.75131333302434
65399,924.8333333333334,920.1999999999999,-0.005017064899145218,-0.005004500450044986,0.024132291477376125,-0.5037175168723508,-0.028450222856843455,,Blk 670A,Edgefield Plains,1.40580472725369,103.91259546667418
84559,781.3333333333334,823.65,0.05267814671124782,0.05409032807839838,0.024132291477376125,0.5031880792228745,0.029252116011112068,,Opp Blks 50/51,Chai Chee St,1.32833305090006,103.92287121813423
52389,390.5,411.65,0.052614260607835917,0.05402298850574761,0.024132291477376125,0.502073129242752,0.029186363204359335,,Blk 227,Lor 8 Toa Payoh,1.33972612917249,103.85808211459384
40359,2355.5,2344.0,-0.0048920654834061494,-0.004880118820284668,0.024132291477376125,-0.5015360080832638,-0.028328772111861196,,Opp Blk 461C,Bt Batok West Ave 6,1.355593,103.7408
76141,4544.777777777777,4522.7,-0.0048685981548874935,-0.004856765741101459,0.024132291477376125,-0.5011264527016075,-0.02830596931638492,,Tampines Stn/Int,Tampines Ave 4,1.35366689109025,103.94609060451609
43449,879.6666666666666,927.15,0.052514161241071555,0.05391748675246056,0.024132291477376125,0.5003261798903301,0.02908334745711161,,Blk 258,Bt Batok East Ave 2,1.35150377570255,103.7590516971924
46039,767.4444444444445,763.75,-0.004819286435949088,-0.004807692307692495,0.024132291477376125,-0.5002658570929555,-0.028258052232022535,,Opp Kranji Lodge 1,Woodlands Rd,1.4330873187738,103.76200180616921
65161,655.1111111111111,652.0,-0.004753022018812558,-0.004741744284504979,0.024132291477376125,-0.4991094004204793,-0.02819365818475313,,Meridian Stn Exit B,Punggol Field,1.39735631138291,103.90859112878573
83361,561.7222222222222,592.0,0.05240828120709384,0.053805903840458996,0.024132291477376125,0.4984783454557008,0.028974393845424794,,Hua Yu Mansions,Lengkong Empat,1.32850781433023,103.914495706562
46741,459.6666666666667,484.45,0.05240158015664864,0.05379884225759796,0.024132291477376125,0.49836139770553817,0.02896749865920734,,Seagate,Gambas Ave,1.44632701434368,103.80719269495765
67349,518.2222222222222,515.8,-0.004676012895814985,-0.004665097367858197,0.024132291477376125,-0.4977654255093504,-0.028118817348969878,,Blk 204 CP,Compassvale Dr,1.38837810902521,103.8953369095349
84661,531.2222222222222,528.75,-0.004655915920332987,-0.004645093945720153,0.024132291477376125,-0.4974146900407978,-0.02809928528040363,,Blk 168,Bedok Sth Ave 3,1.31992811557233,103.94438908816849
46019,604.5,637.0,0.052283720351642415,0.05367464905037104,0.024132291477376125,0.49630449048736475,0.02884623189683648,,Aft W'lands Ctr Rd,Marsiling Rd,1.4386733329964,103.7741286109918
44091,1730.5,1722.6,-0.004572958100793834,-0.004562518047935435,0.024132291477376125,-0.495966897574104,-0.028018655171899193,,Choa Chu Kang Mkt,Choa Chu Kang Ave 1,1.37647222708666,103.74421611501322
12041,363.5,383.05,0.05224620099597832,0.05363511659807979,0.024132291477376125,0.4956496969936659,0.028807630973283697,,Aft Pandan Valley,Ulu Pandan Rd,1.320555,103.776423
43481,1040.7777777777778,1036.1,-0.0045002988848859005,-0.004490187713310552,0.024132291477376125,-0.49469883790219166,-0.027948029203724183,,Blk 315,Bt Batok West Ave 2,1.36015,103.74612
21569,494.27777777777777,520.8,0.05216560030155204,0.053550196298373605,0.024132291477376125,0.4942430414324553,0.02872471170551636,,Opp Blk 158,Corporation Dr,1.32857203912272,103.72289813113439
68021,645.9444444444445,643.1,-0.004406430869431155,-0.0043967367969080596,0.024132291477376125,-0.4930606390392775,-0.0278567803316984,,Opp Blk 448A,Jln Kayu,1.39317909764213,103.8724709608888
44219,722.6111111111111,719.45,-0.004378091946459328,-0.004368522072936092,0.024132291477376125,-0.4925660638512995,-0.027829230449513485,,Bet Blks 139/140,Petir Rd,1.37578333297826,103.769352222019
55169,864.7777777777778,861.0,-0.004372997322459327,-0.0043634496919925615,0.024132291477376125,-0.4924771516994515,-0.027824277592362372,,Opp Yio Chu Kang CC,Ang Mo Kio St 61,1.38123639226093,103.84100233602071
46641,316.8333333333333,315.45,-0.004361885151049627,-0.004352385946512772,0.024132291477376125,-0.49228322039623085,-0.027813474549072105,,Blk 894C,Woodlands Ave 5,1.43537882843176,103.79002659369449
67059,409.8333333333333,408.05,-0.004350219289028345,-0.0043407707910751376,0.024132291477376125,-0.4920796260003592,-0.027802133089053424,,Seletar Hills Est,Yio Chu Kang Rd,1.38705245959807,103.87298447808229
14059,463.6666666666667,461.65,-0.004349473957319994,-0.0043400286944043414,0.024132291477376125,-0.49206661835817994,-0.02780140847888638,,Bef Telok Blangah Hts,Henderson Rd,1.276025,103.815613
59309,452.1111111111111,476.3,0.052007850213669826,0.05338401177047578,0.024132291477376125,0.4914899629387714,0.02856244309111881,,Jiemin Pr Sch,Yishun Ring Rd,1.42826195477761,103.83063072371398
13063,347.38888888888886,345.9,-0.004282798671151333,-0.004273640567691781,0.024132291477376125,-0.49090299113695,-0.027736584698535908,,RV Suites,River Valley Rd,1.29534692836828,103.82964309110659
81129,1804.111111111111,1796.4,-0.004280971050406812,-0.004271820755878454,0.024132291477376125,-0.4908710952221274,-0.027734807768125185,,Paya Lebar Stn Exit D,Paya Lebar Rd,1.31631147367096,103.89217268755989
52299,349.3888888888889,368.05,0.05188848744857477,0.05325828444585377,0.024132291477376125,0.4894068258328497,0.02843967836075312,,Blk 50,Lor 5 Toa Payoh,1.337101667,103.8523
43581,428.94444444444446,451.8,0.051794525514679,0.05315932290993695,0.024132291477376125,0.487766987891038,0.02834304871950428,,Blk 347,Bt Batok West Ave 5,1.36251939522797,103.75138384429646
07419,2304.0555555555557,2426.5,0.05175714283188526,0.0531199537249048,0.024132291477376125,0.4871145796330312,0.02830460721603859,,Opp Veerasamy Rd,Jln Besar,1.30653024120879,103.8561630249311
10017,1202.2777777777778,1197.4,-0.004061980778376828,-0.004053742093356577,0.024132291477376125,-0.48704924373319575,-0.027521867834157002,,Aft Hosp Dr,Eu Tong Sen St,1.27832046633393,103.83762574759974
44339,440.8333333333333,464.3,0.05174962178963227,0.05311203319502072,0.024132291477376125,0.4869833212612942,0.02829687332272228,,Blk 442D,Fajar Rd,1.38084522961484,103.77114903339667
47079,729.8333333333334,768.6,0.05168546377326866,0.053044469783352685,0.024132291477376125,0.4858636258150389,0.028230901951415775,,Opp British American Tobacco,Admiralty Rd West,1.45786431264124,103.8029959994045
76111,655.7777777777778,690.6,0.05166203032098604,0.053019793605143695,0.024132291477376125,0.4854546616465992,0.028206807233951695,,Blk 945,Tampines Ave 4,1.35157455446947,103.94023387732626
75491,410.6111111111111,409.0,-0.003921838822138035,-0.00391415845593128,0.024132291477376125,-0.4846034650273741,-0.02738557329624731,,Blk 614,Tampines Ave 6,1.365746,103.936676
21601,1958.7222222222222,1951.1,-0.0038970236558020233,-0.0038894401133947954,0.024132291477376125,-0.4841703869754121,-0.027361437408001055,,Blk 357,Corporation Dr,1.33727029608815,103.72109770581518
99181,502.8333333333333,529.5,0.05157443250263416,0.05292755540853393,0.024132291477376125,0.48392589121587676,0.0281167425056179,,Bef S'pore Aviation Ac,Telok Paku Rd,1.387793,103.988393
43181,2505.0555555555557,2495.5,-0.0038202742862036843,-0.003812986322020633,0.024132291477376125,-0.48283094532005943,-0.02728678514675473,,Keming Pr Sch,Bt Batok East Ave 3,1.34648944401178,103.75681722199707
98109,555.1111111111111,584.5,0.05149806862466999,0.05284715284715235,0.024132291477376125,0.4825931772190742,0.028038234521785478,,Opp Loyang Pt,Pasir Ris Dr 3,1.366943,103.965843
80259,662.6666666666666,697.7,0.0514414501623186,0.05278754394776516,0.024132291477376125,0.48160506321458985,0.027980030225442844,,Aft Chen Li Presby Ch,Guillemard Rd,1.30989499998519,103.87988833298908
96289,1752.5555555555557,1845.1,0.051429833031762406,0.052775313648459804,0.024132291477376125,0.4814023192876485,0.027968088116589206,,Changi General Hosp,Simei Ave,1.34004,103.948359
17179,12044.277777777777,12679.95,0.05142816987046217,0.05277356271475635,0.024132291477376125,0.4813732935440265,0.027966378441268914,,Clementi Stn Exit B,C'wealth Ave West,1.31528191560846,103.76536000516927
52019,389.77777777777777,410.4,0.05142692208109434,0.05277224907591763,0.024132291477376125,0.48135151693445793,0.027965095756551664,,Raffles Girls' Sch,Braddell Rd,1.34403333300249,103.84368166701324
42099,1664.1666666666667,1752.0,0.05140338741627115,0.052747472725453166,0.024132291477376125,0.4809407863893875,0.02794090322725575,,Beauty World Stn Exit A,Upp Bt Timah Rd,1.34160317659437,103.77579384383286
72071,519.5555555555555,517.65,-0.0036673354584664253,-0.003660618996798582,0.024132291477376125,-0.4801618336691863,-0.0271380081513509,,Blk 133,Bedok Reservoir Rd,1.33219165087886,103.91184110459187
42991,484.77777777777777,483.0,-0.0036663652435775518,-0.0036596523330278265,0.024132291477376125,-0.48014490133158405,-0.0271370642657037,,Bef Hillview Stn Exit B,Upp Bt Timah Rd,1.36164,103.766952
54009,24527.5,24438.35,-0.0036411685829236262,-0.0036345475671150417,0.024132291477376125,-0.4797051653828423,-0.027112551059625054,,Ang Mo Kio Int,Ang Mo Kio Ave 8,1.36968769913339,103.84856716193268
91091,1733.7222222222222,1727.55,-0.003564391339149431,-0.0035580464371500428,0.024132291477376125,-0.4783652372631389,-0.027037852575257725,,Bef Kg Kayu Rd,Mountbatten Rd,1.303159444,103.8843669
22251,313.94444444444446,330.5,0.051231553197777835,0.05256659022755299,0.024132291477376125,0.47794190950910226,0.027764282980627993,,Blk 665A,Jurong West St 62,1.34073333303053,103.70265666700926
04329,347.8333333333333,366.15,0.05117623067967436,0.05250836120401296,0.024132291477376125,0.47697641252046774,0.027707426045225615,,Opp UE Sq,Clemenceau Ave,1.29197057108024,103.84328384973516
55029,382.22222222222223,380.9,-0.003456241369151236,-0.003450275442157385,0.024132291477376125,-0.47647778756030956,-0.026932621057914205,,Seasons Pk,Yio Chu Kang Rd,1.38565193733046,103.83917105055716
78039,1045.7222222222222,1100.65,0.0511454675283618,0.05247598322806635,0.024132291477376125,0.4764395293312818,0.02767581101246465,,Blk 104,Pasir Ris St 12,1.367181,103.959
21771,654.5555555555555,688.9,0.051063606994471655,0.052389830508474663,0.024132291477376125,0.47501088686039644,0.027591688365118574,,Aft Corp Dr,Yung Ho Rd,1.3266,103.723626
84391,1088.1666666666665,1084.5,-0.0033721675119204875,-0.003366488140780114,0.024132291477376125,-0.47501051783431203,-0.02685080809090347,,Blk 534,Bedok Nth St 3,1.33274999618407,103.92447655289592
81091,1066.611111111111,1063.05,-0.0033411637575815334,-0.0033355882812091094,0.024132291477376125,-0.4744694356045654,-0.02682063634470608,,Sims Urban Oasis,Aljunied Rd,1.31935333297674,103.88173111103306
65149,767.5555555555555,765.0,-0.0033306815237743592,-0.0033251409570626317,0.024132291477376125,-0.47428649806806245,-0.026810435197614616,,Bef Soo Teck Stn,Punggol Way,1.40444046572287,103.89692479945528
61031,2937.5555555555557,2927.8,-0.0033253701613951137,-0.0033198472416535634,0.024132291477376125,-0.4741938033651005,-0.026805266221445107,,Woodleigh Stn Exit B,Upp S'goon Rd,1.33836472248768,103.8704496726279
64051,1433.2222222222222,1428.5,-0.003297964073266435,-0.0032925317632474687,0.024132291477376125,-0.4737155081524892,-0.026778594395321268,,Blk 465A,Upp S'goon Rd,1.37239666924933,103.89777362456783
82079,617.2777777777778,615.25,-0.0032851097203607793,-0.0032797196513615233,0.024132291477376125,-0.47349117203318886,-0.026766084183513124,,Tg Katong Girls' Sch,Tg Katong Rd,1.30801114591342,103.8951960850957
11229,490.0,488.4,-0.003263976785949474,-0.0032586558044808344,0.024132291477376125,-0.4731223568520548,-0.026745516677678202,,Sommerville Pk,Holland Rd,1.31060065879064,103.80522542227166
57071,638.3888888888889,671.8,0.050935249586411935,0.052254757146580955,0.024132291477376125,0.4727707738792989,0.02745979782420139,,Opp Khatib Camp,Sembawang Rd,1.424958,103.8255225
67611,1075.888888888889,1072.55,-0.0031053117474808545,-0.0031004952538176635,0.024132291477376125,-0.47035331050176915,-0.02659108296635072,,Blk 204C,Sengkang Ctrl,1.38776293807936,103.89426271274473
28091,12126.833333333334,12758.4,0.050765168366224245,0.05207580359228799,0.024132291477376125,0.46980249059169865,0.027285061068235205,,Lakeside Stn,Boon Lay Way,1.34425795644531,103.72012487725401
96161,1591.6666666666667,1674.6,0.05076154985523473,0.05207199665131862,0.024132291477376125,0.46973933978831006,0.027281343832677805,,Opp Simei Stn,Simei St 3,1.34211893867102,103.95354015150029
20189,708.2222222222222,745.15,0.050757744457639475,0.05206799310669008,0.024132291477376125,0.4696729274114926,0.02727743462616038,,Opp Ayer Rajah CC,Pandan Gdns,1.32030501410074,103.74727299945995
11419,1359.611111111111,1430.45,0.0507539713219094,0.05206402351884371,0.024132291477376125,0.4696070780736463,0.02727355857627952,,Holland V Stn Exit A,Holland Ave,1.31102981378085,103.79604399202725
43329,1026.888888888889,1023.75,-0.003058396050652057,-0.0030537239217379736,0.024132291477376125,-0.46953453063489514,-0.026545413737415247,,Blk 146,Bt Batok West Ave 6,1.34976204246765,103.74483998148368
41071,1914.111111111111,2013.45,0.05057056286926542,0.05187108377813823,0.024132291477376125,0.4664062059010046,0.02708516519945595,,Opp Natl JC,Bt Timah Rd,1.328988333013,103.80266277802423
14139,538.4444444444445,566.4,0.050524718985545114,0.05182286302780643,0.024132291477376125,0.4656061314792929,0.027038080705847966,,Bef Seah Im Rd,Telok Blangah Rd,1.2686352773503,103.81546952380809
42189,1270.5,1336.35,0.05049273808604848,0.05178922532442055,0.024132291477376125,0.4650479959638403,0.02700523562942004,,The Hillford,Jln Jurong Kechil,1.34378853697493,103.76960174742553
11159,1645.8333333333333,1731.1,0.05048029320932734,0.05177613601862234,0.024132291477376125,0.46483080608510563,0.026992454755399034,,Aft Ch of Our Saviour,C'wealth Ave,1.29800440816386,103.80362656855579
70019,1272.388888888889,1338.3,0.050465326394874666,0.05176039439815004,0.024132291477376125,0.4645696029660342,0.026977084064909833,,Blk 125,Aljunied Rd,1.32322990499562,103.88145725676175
28659,1708.1666666666667,1703.6499999999999,-0.0026461112257187835,-0.0026426133593373843,0.024132291477376125,-0.46233927325004015,-0.026143990439056464,,IMM Bldg,Toh Guan Rd,1.33446189256828,103.74767782537164
50011,497.72222222222223,523.45,0.05030082254708912,0.051587389996658115,0.024132291477376125,0.46169865682871863,0.02680815627801,,Opp Parish of Christ Ch,Kg Java Rd,1.31181999999518,103.84719777801662
76231,2104.4444444444443,2099.0,-0.002589237621880791,-0.0025858884373846087,0.024132291477376125,-0.46134670647757925,-0.026088602163122945,,Opp Blk 390,Tampines Ave 7,1.35666908955685,103.95736200626966
76211,1143.7777777777778,1140.85,-0.002560783531247779,-0.0025575075220809077,0.024132291477376125,-0.46085012136608583,-0.02606089000568012,,Blk 449,Tampines Ave 7,1.35674667237884,103.95100259167165
66301,972.1666666666666,969.75,-0.0024863904437060214,-0.002483301935262994,0.024132291477376125,-0.4595518019030699,-0.025988432973092206,,Blk 152,S'goon Nth Ave 1,1.36937136450503,103.87207688842045
59619,1291.5555555555557,1288.4,-0.0024443156040270253,-0.002441330697154433,0.024132291477376125,-0.45881750541043065,-0.025947450730409462,,Yishun Community Hosp,Yishun Ctrl 2,1.42335199999945,103.83687299997104
08031,3795.8888888888887,3991.0,0.050110340496063444,0.05138710055015669,0.024132291477376125,0.45837433514274184,0.02661258638126112,,Dhoby Ghaut Stn Exit B,Penang Rd,1.29831153783592,103.8452569595532
42091,2446.5,2572.25,0.050102596002003175,0.05137895812053098,0.024132291477376125,0.45823917705612505,0.026604635816970288,,Beauty World Stn Exit B,Upp Bt Timah Rd,1.34278636864291,103.77539033846315
59399,1384.2777777777778,1380.95,-0.0024051358610073237,-0.002402245839181726,0.024132291477376125,-0.45813373458441287,-0.025909286854220843,,Opp Blk 367,Yishun Ring Rd,1.43026750784845,103.84552062872451
43561,709.3333333333334,707.65,-0.0023725918175925287,-0.0023697794462688294,0.024132291477376125,-0.45756577099576695,-0.025877585487919755,,Opp Bt Gombak Stadium,Bt Batok East Ave 5,1.35745163479028,103.75287425796093
64249,848.1111111111111,891.7,0.05006052751469081,0.05133472912850072,0.024132291477376125,0.45750499142595313,0.02656144902128156,,Blk 327,Hougang Ave 5,1.36809355475239,103.89589220748978
82061,5937.111111111111,5923.1,-0.002362311291820518,-0.002359523230355935,0.024132291477376125,-0.4573863536985302,-0.02586757094585498,,Eunos Stn/Int,Sims Ave,1.31876162629115,103.9022689641617
20211,423.8888888888889,422.9,-0.0023301184764807914,-0.0023274058577403035,0.024132291477376125,-0.4568245197955969,-0.02583621037566019,,Blk 41,Teban Gdns Rd,1.32177193921987,103.74184000241928
63331,860.0,858.05,-0.00226737691975476,-0.0022648083623693013,0.024132291477376125,-0.45572954461807647,-0.025775087905553613,,Blk 615,Hougang Ave 2,1.36836866548657,103.88492703491212
63149,571.9444444444445,570.65,-0.002261840431925677,-0.002259284398332486,0.024132291477376125,-0.45563292099157066,-0.025769694106253675,,S'goon Stadium,Boundary Rd,1.35489972198729,103.87452555599006
75569,368.3333333333333,367.5,-0.002258867009728327,-0.0022563176895308793,0.024132291477376125,-0.4555810283757626,-0.025766797303930094,,Blk 636C,Tampines Nth Dr 2,1.365866,103.941721
63389,1473.2222222222222,1469.9,-0.0022560854054267665,-0.002253542357552374,0.024132291477376125,-0.4555324833950061,-0.025764087368893768,,Opp Xinmin Pr Sch,Hougang Ave 8,1.37063835467565,103.882445169636
84231,2778.5555555555557,2772.2999999999997,-0.0022530959573145992,-0.0022505596418298185,0.024132291477376125,-0.45548031109249854,-0.02576117493683067,,Blk 85,Bedok Nth Rd,1.33173871602405,103.93855496527853
67101,636.5555555555555,635.15,-0.002207034616381165,-0.0022046009062389686,0.024132291477376125,-0.4546764415744748,-0.02571629915664747,,Blk 250A,Sengkang East Way,1.39143144034973,103.89956953538392
58521,1121.4444444444446,1119.0,-0.0021801614026388805,-0.0021777865769160663,0.024132291477376125,-0.4542074461665908,-0.025690116670706892,,Blk 106A,Canberra st,1.44819389,103.8326
14379,1115.7222222222222,1113.3,-0.0021714021042233966,-0.0021690463161038744,0.024132291477376125,-0.45405457756023265,-0.025681582362312435,,Blk 40,Lower Delta Rd,1.27243833303297,103.82379361102515
75159,2054.5,2050.15,-0.002118515883720029,-0.0021162734127948618,0.024132291477376125,-0.45313159920735363,-0.025630052981051657,,Blk 874,Tampines Ave 8,1.35405115206724,103.93146643451303
80151,1294.8333333333333,1292.1,-0.0021115525175741112,-0.0021093247588425995,0.024132291477376125,-0.45301007348374017,-0.025623268062726075,,Opp Suntec City,Nicoll Highway,1.296265,103.857666
44449,388.55555555555554,387.75,-0.002070024651517066,-0.0020678836280667023,0.024132291477376125,-0.45228532285782863,-0.0255828034361141,,Palm Gdns,Choa Chu Kang Way,1.37889232196067,103.74762704486072
62129,519.0,517.95,-0.0020212721641748033,-0.002019230769230536,0.024132291477376125,-0.4514344870439317,-0.025535297016053875,,Blk 403,Upp S'goon Rd,1.34698958928417,103.87205488524701
83311,531.3888888888889,558.5,0.04966931130438201,0.05092351038296941,0.024132291477376125,0.4506774267035432,0.02615992008898113,,Aft Lor Nangka,Still Rd,1.31241970275404,103.90692990251455
10059,475.44444444444446,499.7,0.04965599392147979,0.05090951492537234,0.024132291477376125,0.4504450097144152,0.0261462544154021,,Opp Blk 149,Jln Bt Merah,1.27739664167497,103.83275178077875
10121,425.1111111111111,424.3,-0.0019053342055492806,-0.001903520208604908,0.024132291477376125,-0.449411120180695,-0.02542231301819681,,Blk 126 CP,Kim Tian Rd,1.28259924598805,103.82890541983913
63291,2340.222222222222,2335.9,-0.0018478454588279902,-0.001846139243510688,0.024132291477376125,-0.4484078178412035,-0.025366284157890648,,Opp Blk 115,Lor Ah Soo,1.35225002342978,103.88785804760475
75101,728.0555555555555,726.75,-0.0017923543743894044,-0.0017907490665244683,0.024132291477376125,-0.44743937900728575,-0.025312199175464872,,Blk 880,Tampines Ave 3,1.35109968413462,103.93150144928326
19039,3539.0,3532.7,-0.0017812464949713558,-0.001779661016948874,0.024132291477376125,-0.44724552260855527,-0.02530137240077193,,Dover Stn Exit B,C'wealth Ave West,1.31167951129602,103.77868390552867
19091,440.11111111111114,462.45,0.04940170797682519,0.05064231738035289,0.024132291477376125,0.4460071727859351,0.025885353018929178,,S'pore Poly,Dover Ave,1.30739277801307,103.78208222199827
83101,5402.277777777777,5393.1,-0.0017000016442842991,-0.0016985574599768366,0.024132291477376125,-0.4458276251344435,-0.02522217993936146,,Eunos Stn,Jln Eunos,1.32066709057479,103.90489836683336
60141,1505.6666666666667,1581.95,0.049390489627041845,0.050630530973451465,0.024132291477376125,0.44581138844161056,0.025873844342755702,,Opp Bendemeer Pr Sch,S'goon Rd,1.32258753768004,103.86385682733587
59469,1068.0555555555557,1066.25,-0.0016903536863228652,-0.0016889258431637293,0.024132291477376125,-0.44565924750671493,-0.025212775278563963,,Blk 419,Yishun Ave 11,1.42357927683882,103.84747960044407
77331,2644.8333333333335,2778.65,0.049338944945290564,0.05057637795275636,0.024132291477376125,0.44491182282679337,0.0258209673647073,,Blk 747A,Pasir Ris Dr 12,1.3782973982979,103.93338764757789
64049,1105.111111111111,1103.4,-0.0015481591060781952,-0.001546961325967128,0.024132291477376125,-0.4431776460949787,-0.02507415596309271,,Opp The Midtown,Upp S'goon Rd,1.3703713899857,103.89603248614272
84209,3856.222222222222,4050.9,0.04923861404210328,0.05047097796341561,0.024132291477376125,0.4431608326655515,0.025718050983476216,,Bedok Resvr Stn Exit B,Bedok Nth Ave 3,1.33702513693776,103.93333589306084
93089,464.55555555555554,488.05,0.049233298156537764,0.05046539379474928,0.024132291477376125,0.44306805902325574,0.025712598398187382,,Opp Goodwill Ct,Upp East Coast Rd,1.31295810131062,103.92790605020116
47039,698.7777777777778,697.7,-0.0015413587663450912,-0.0015401714830100013,0.024132291477376125,-0.44305896553308305,-0.025067526113596087,,Aft View Rd,Admiralty Rd West,1.45156922188356,103.78905216062749
52129,1327.8333333333333,1325.85,-0.0014936522567836619,-0.0014925373134332034,0.024132291477376125,-0.4422263842822861,-0.025021014378761437,,Blk 29,Jln Bahagia,1.32544666698102,103.85938111100755
21361,860.6666666666666,859.4,-0.001471100880844567,-0.0014700193423595057,0.024132291477376125,-0.44183281424416826,-0.024999027013202234,,Blk 695,Jln Boon Lay,1.34302323304896,103.70767181671128
62059,1724.7222222222222,1722.2,-0.001462614990623834,-0.0014615458906091943,0.024132291477376125,-0.44168471719915164,-0.02499075322687519,,Blk 161,Upp Paya Lebar Rd,1.35170138896709,103.87859583297927
46399,1533.9444444444446,1531.75,-0.0014306801791983403,-0.0014296572441998623,0.024132291477376125,-0.4411273860197166,-0.02495961599326318,,Aft 888 Plaza,Woodlands Ave 7,1.43896035246776,103.79423705109248
66049,402.22222222222223,401.65,-0.0014201316352968618,-0.0014191237255440441,0.024132291477376125,-0.4409432912293763,-0.02494933068271934,,Blk 233,Boundary Rd,1.35535475300084,103.86896493522666
61061,597.1111111111111,627.2,0.04908204587980869,0.05030652052758729,0.024132291477376125,0.4404283813167403,0.02555746876456084,,Blk 148,Potong Pasir Ave 1,1.33268166698419,103.8682283329788
62119,360.8333333333333,360.4,-0.0011983224921090496,-0.0011976047904194871,0.024132291477376125,-0.43707224437285236,-0.024733031541516595,,Aft Sunshine Lodge,Upp S'goon Rd,1.34483265931476,103.8710922003054
52501,469.05555555555554,468.5,-0.001182592380018832,-0.001181893393216167,0.024132291477376125,-0.4367977200674767,-0.024717690362125937,,Bef Toa Payoh Pk,Lor 6 Toa Payoh,1.33090220918791,103.85011762889827
59351,836.2777777777778,835.3,-0.0011684881360318755,-0.0011678057195942356,0.024132291477376125,-0.43655157065918504,-0.02470393464546788,,Opp Blk 322,Yishun Ctrl,1.42877888900017,103.8402288889874
27351,974.3333333333334,1023.1,0.04879016416943216,0.05000000000000017,0.024132291477376125,0.43533441737462636,0.025258170978388172,,Blk 715,Jurong West Ave 5,1.34423200986065,103.69613170622605
75281,657.0,689.9,0.04879016416943216,0.05000000000000017,0.024132291477376125,0.43533441737462636,0.025258170978388172,,Blk 742A,Tampines Ave 9,1.36022789260467,103.93363809095122
42149,492.22222222222223,516.85,0.04872579753707207,0.04993241721108367,0.024132291477376125,0.4342110811303148,0.025192180686431847,,Aft Bt Timah Rd,Clementi Rd,1.33607426889198,103.77862313710679
43509,616.7222222222222,647.55,0.04870022397959772,0.0499055670473965,0.024132291477376125,0.43376476752101795,0.0251659632105153,,Blk 291E,Bt Batok St 23,1.34359093090915,103.75436398130816
45401,1290.8333333333333,1355.25,0.048661140235313205,0.049864533608566575,0.024132291477376125,0.43308267207950735,0.02512589666914032,,Blk 681,Choa Chu Kang Cres,1.40279972616248,103.74594266826703
53359,554.9444444444445,554.45,-0.0008897731665600261,-0.0008893774357949685,0.024132291477376125,-0.4316873946791777,-0.024432067147375797,,Opp Ai Tong Sch,Sin Ming Ave,1.36125666702141,103.83196166697407
54211,597.0555555555555,596.55,-0.0008456895894086713,-0.0008453320947514592,0.024132291477376125,-0.4309180413950726,-0.024389059675186852,,Mayflower Sec Sch,Ang Mo Kio Ave 3,1.36861222198461,103.83634833298527
67111,466.6111111111111,489.85,0.04850159082311922,0.049697041701319,0.024132291477376125,0.43029819150464305,0.024962351482018107,,CHIJ St. Joseph's Convent,Sengkang East Way,1.39105369405739,103.90237246307768
12079,534.7222222222222,561.3,0.04841973068393557,0.04961111687234187,0.024132291477376125,0.42886955592223525,0.02487845135535265,,Opp Blk 116,Clementi Rd,1.32383187575187,103.77263094375739
53239,5896.444444444444,6189.0,0.048415974628644776,0.049607174482356985,0.024132291477376125,0.4288040046748097,0.024874601862452474,,Opp Bishan Stn,Bishan Rd,1.351,103.847641
71139,1141.2222222222222,1140.4,-0.0007201035703285896,-0.0007198443579762367,0.024132291477376125,-0.42872629511538174,-0.024266528887104583,,Blk 302,Ubi Ave 2,1.33054224737538,103.90087888738246
15149,545.3888888888889,545.0,-0.0007119971820896964,-0.0007117437722419786,0.024132291477376125,-0.4285848211965931,-0.02425861918071053,,Opp Labrador Pk Stn,Pasir Panjang Rd,1.27341871854745,103.80055546758587
43321,989.6111111111111,1038.7,0.04836545234604195,0.049554147271604974,0.024132291477376125,0.427922282125219,0.02482282416615944,,Opp Blk 144,Bt Batok West Ave 6,1.34990599565613,103.74510884287126
63379,833.2777777777778,832.75,-0.0006328165542832664,-0.0006326163681168457,0.024132291477376125,-0.42720294885371973,-0.02418135630677948,,Blk 608,Hougang Ave 8,1.370839,103.885214
28061,1797.6666666666667,1796.55,-0.0006210230395211624,-0.0006208302446254438,0.024132291477376125,-0.4269971266428267,-0.024169847907337838,,J Gateway,Boon Lay Way,1.33596390763107,103.74254813709638
45261,1105.5,1160.25,0.04829513063694346,0.04948034342521415,0.024132291477376125,0.4266950169771787,0.02475075940752913,,Blk 551,Choa Chu Kang St 52,1.39431509144869,103.7435570382963
84511,978.1111111111111,1026.55,0.048287476400914464,0.04947231048570083,0.024132291477376125,0.4265614340874325,0.024742915753364354,,Blk 608,Bedok Reservoir Rd,1.33206972200071,103.91329416702288
53061,286.8333333333333,301.05,0.04821095766612604,0.04939200926462008,0.024132291477376125,0.4252260175058126,0.024664506721885714,,Bef Windsor Pk Rd,Upp Thomson Rd,1.3571583010953,103.82883507046125
76359,1159.388888888889,1216.7,0.04820863555380939,0.04938957246133964,0.024132291477376125,0.42518549164896696,0.02466212733857681,,Blk 493B,Tampines Ave 9,1.36209168075863,103.95217875196944
05241,287.3888888888889,301.6,0.048101923423191195,0.04927759583895201,0.024132291477376125,0.4233231353373845,0.024552789293756358,,Opp Blk 333,Kreta Ayer Rd,1.28071988238536,103.84227488654868
84029,1995.2222222222222,1994.5,-0.0003618599641441733,-0.00036179450072378316,0.024132291477376125,-0.42247417328821363,-0.02391691599018485,,Opp Blk 32,New Upp Changi Rd,1.32295305994698,103.92517704260585
65439,1452.388888888889,1523.75,0.04793246793250816,0.04909980505332426,0.024132291477376125,0.4203657723761388,0.02437918790738539,,Blk 220C,Punggol Way,1.40172529138051,103.89631809709375
08111,1181.5,1239.5,0.04788368276576804,0.049048625792812245,0.024132291477376125,0.41951436623642696,0.024329214616885787,,Winsland Hse,Penang Rd,1.29986928715834,103.84093746088925
11059,780.6666666666666,780.55,-0.0001492648707897004,-0.00014925373134312407,0.024132291477376125,-0.4187639314288624,-0.02370938345640051,,Queenstown Polyclinic,Queensway,1.29882892782979,103.80097389222824
11269,939.3333333333334,939.25,-8.862498344086589e-05,-8.862105636303421e-05,0.024132291477376125,-0.4177056349045261,-0.023650179508351354,,Opp Holland Village,Holland Rd,1.31256112590195,103.79453796697418
53219,792.7777777777778,831.6,0.04774978954075948,0.04890817469204928,0.024132291477376125,0.4171776413371274,0.024192073056238043,,Raffles Instn,Bishan Rd,1.34606111102286,103.8465836110301
56251,367.0,367.0,0.0,0.0,0.024132291477376125,-0.41615893823265915,-0.023563646687249508,,Opp Horizon Gdns,Ang Mo Kio Ave 2,1.37637472203353,103.8344186109838
52131,954.2777777777778,954.3,2.326230575988575e-05,2.3262576329418402e-05,0.024132291477376125,-0.41575296093932884,-0.023540932262049754,,Blk 163,Lor 1 Toa Payoh,1.33220703637711,103.84419754508008
59391,2169.6111111111113,2169.7,4.095025057004875e-05,4.095108904300482e-05,0.024132291477376125,-0.41544426823995817,-0.023523660555200172,,Blk 342B,Yishun Ring Rd,1.43021107363512,103.84523111093658
44251,2431.9444444444443,2432.15,8.448481961220722e-05,8.448838855508613e-05,0.024132291477376125,-0.41468449632876114,-0.02348114915323151,,Bt Panjang Stn/Blk 604,Bt Panjang Rd,1.38030076722264,103.76231669235113
47551,1265.111111111111,1326.8,0.04757335194149448,0.04872312417727152,0.024132291477376125,0.4140984255564277,0.0240113830064098,,Blk 630,Woodlands Ave 6,1.43472623786722,103.80188755233279
64241,1041.3333333333333,1041.5,0.00015988488322538075,0.0001598976654945442,0.024132291477376125,-0.4133686029664017,-0.023407516793850794,,Blk 308,Hougang Ave 5,1.36712666702422,103.89641722203109
44811,871.0,871.15,0.00017200355516422405,0.00017201834862388233,0.024132291477376125,-0.4131571060630735,-0.023395681718216325,,Senja FC,Senja Rd,1.38715472588861,103.76020832276009
75269,560.6666666666666,560.8000000000001,0.00023736055179135462,0.00023738872403607708,0.024132291477376125,-0.4120164858311515,-0.023331851707234157,,Blk 522 CP,Tampines Ave 6,1.35917286418935,103.93814214622792
46979,1348.388888888889,1348.8,0.0003046182621622151,0.0003046646630164327,0.024132291477376125,-0.4108426940542829,-0.02326616103471049,,Opp Blk 507,Woodlands Ave 1,1.43130555598072,103.79065444401148
65379,499.27777777777777,523.55,0.047377252463602026,0.04851749028317522,0.024132291477376125,0.41067606768356574,0.02381059459674091,,Blk 661A,Edgedale Plains,1.40280775893278,103.91633762054916
70201,650.4444444444445,650.65,0.00031548834873262876,0.00031553812041571286,0.024132291477376125,-0.4106529876524467,-0.023255543795619633,,Opp MacPherson Stn Exit D,Circuit Rd,1.32461138902969,103.88885416699938
65569,408.5,408.65,0.00036623329469964716,0.00036630036630042165,0.024132291477376125,-0.40976737914800476,-0.023205977693362002,,Blk 656A,Punggol East,1.400196,103.920347
53399,1490.9444444444443,1491.5,0.00037230082336225934,0.00037237013591523747,0.024132291477376125,-0.40966148771621475,-0.023200050949653862,,Blk 202,Bishan St 22,1.35464002820911,103.8470163249439
54429,548.8333333333334,549.05,0.00039398118491806855,0.0003940588056984776,0.024132291477376125,-0.4092831187534085,-0.02317887334402251,,Blk 561,Ang Mo Kio St 54,1.370344,103.85818
43061,1058.888888888889,1059.35,0.000434961476083906,0.000435056085543404,0.024132291477376125,-0.408567924487667,-0.023138842109594993,,Hillview Stn Exit B,Upp Bt Timah Rd,1.36301133873589,103.76739148459211
92239,813.9444444444445,814.3000000000001,0.0004361990772672186,0.0004362942259188048,0.024132291477376125,-0.4085463256838421,-0.023137633144321944,,Blk 45,Marine Cres,1.30438002120698,103.91266110940761
13051,1833.7222222222222,1922.5,0.04725335069798842,0.04838758516275546,0.024132291477376125,0.40851371525118557,0.023683750514681592,,Opp Valley Pt,River Valley Rd,1.29334305906356,103.8263656209055
55089,441.44444444444446,441.65,0.0004644827691357989,0.000464590657960731,0.024132291477376125,-0.40805271439746665,-0.023110003479407164,,Aft Sunrise Gdns,Yio Chu Kang Rd,1.39129403706334,103.85630398734284
75031,1186.9444444444443,1187.55,0.0005096208577954897,0.0005097507365668798,0.024132291477376125,-0.407264957618353,-0.023065907536937658,,Opp Springfield Sec Sch,Tampines Ave 8,1.35080696753697,103.92946243284943
43389,1830.0,1918.45,0.04717642097695762,0.04830693610049145,0.024132291477376125,0.4071711260752409,0.023605001838426426,,Opp Blk 102,Bt Batok Ave 1,1.34760499094973,103.74834299093746
66371,2442.277777777778,2443.6,0.0005410209970824198,0.0005411673753387751,0.024132291477376125,-0.40671695761828913,-0.023035231188741886,,Blk 261,S'goon Ctrl,1.353767301605,103.87268543240587
43401,1446.5,1447.3,0.0005525243596595786,0.0005526770293602021,0.024132291477376125,-0.4065161991873977,-0.023023992744141308,,Bt Batok Polyclinic,Bt Batok West Ave 3,1.35226498779767,103.74681637316733
59719,1789.7222222222222,1876.15,0.047135654589080644,0.04826420128439821,0.024132291477376125,0.40645966488218543,0.023563274010440855,,Opp Blk 672C,Yishun Ring Rd,1.41756544907262,103.84200497226853
19011,2011.7222222222222,2012.85,0.0005601676786239906,0.0005603246018378145,0.024132291477376125,-0.40638280682392086,-0.023016525376359575,,Blk 19A CP,C'wealth Ave West,1.30781638901709,103.78423666696615
43421,1013.7777777777778,1014.4,0.0006129731578345954,0.0006131610642726144,0.024132291477376125,-0.4054612375803466,-0.022964933933657793,,Blk 503,Bt Batok East Ave 2,1.35109278850869,103.75362047618977
50221,2134.3333333333335,2237.25,0.04707154801327196,0.04819700280986611,0.024132291477376125,0.40534086718430784,0.023497658977020545,,Bef Blk 104,Balestier Rd,1.32143805851672,103.8530377626759
66481,1439.611111111111,1440.55,0.0006515173065659852,0.0006517295900659842,0.024132291477376125,-0.404788559242386,-0.022927274222979466,,Opp Blk 968,Buangkok Green,1.3791866640778,103.8783096213561
59579,2564.222222222222,2565.9,0.0006538339364885459,0.0006540477324899529,0.024132291477376125,-0.40474812906511476,-0.022925010704444547,,Blk 456,Yishun Ring Rd,1.420294,103.843953
67441,2105.722222222222,2107.2,0.0007012123879954757,0.0007014582948763065,0.024132291477376125,-0.4039212731333123,-0.02287871730779951,,Sengkang Community Hub,Sengkang East Rd,1.392382,103.893479
21689,1478.0555555555557,1479.1000000000001,0.000705907119924909,0.0007061563309923953,0.024132291477376125,-0.4038393399586177,-0.022874129974546586,,Blk 200,Boon Lay Way,1.34241984576482,103.71442338427325
78119,820.5555555555555,821.15,0.0007232979998770261,0.0007235596429535081,0.024132291477376125,-0.4035358316802695,-0.022857136748079713,,Opp Blk 476,Pasir Ris Dr 3,1.37568,103.957966
43471,771.3333333333334,771.9,0.0007334383485586571,0.0007337073802329207,0.024132291477376125,-0.40335886077490496,-0.022847228128496225,,Blk 306,Bt Batok West Ave 2,1.35796999999619,103.74730694399486
04239,576.6111111111111,577.05,0.0007595460395251052,0.0007598345676636955,0.024132291477376125,-0.4029032253867767,-0.022821716592879,,Opp Clarke Quay Stn,New Bridge Rd,1.28882717929599,103.8474938118651
45009,15794.333333333332,16553.2,0.046925308306148494,0.048043725995018924,0.024132291477376125,0.4027886696038865,0.023347993922883763,,Bt Panjang Int,Petir Rd,1.37812611932206,103.763286611367
46989,527.2777777777778,552.65,0.04691047850083763,0.0480281838258491,0.024132291477376125,0.40252985758916765,0.023332817983897008,,W'lands Sth Stn Exit 1,Woodlands Ave 1,1.42802334589801,103.79221259917931
04168,1243.388888888889,1303.1,0.046868590569554947,0.047984285012724344,0.024132291477376125,0.4017988230502496,0.023289953586894712,,Aft City Hall Stn Exit B,Nth Bridge Rd,1.29208221483052,103.85125994680256
43081,391.0,409.8,0.04684463826394136,0.047959183673470164,0.024132291477376125,0.4013808037746715,0.02326544372673009,,Opp St. Joseph's Ch (Bt Timah),Upp Bt Timah Rd,1.366245,103.766345
61099,320.05555555555554,335.45,0.04683537121271364,0.04794947222702879,0.024132291477376125,0.4012190737891138,0.0232559611173815,,Potong Pasir CC,Potong Pasir Ave 2,1.33236805597247,103.86709999996721
84451,1115.7777777777778,1169.3,0.046812571492200306,0.04792557954432421,0.024132291477376125,0.4008211696037664,0.02323263143341057,,Bedok Nth Stn Exit A,Bedok Nth Rd,1.335644,103.918055
93029,1181.3333333333333,1237.95,0.04677435958423981,0.04788553707358368,0.024132291477376125,0.40015428958220206,0.02319353250930306,,Mandarin Gdns,Marine Parade Rd,1.30851455788092,103.92471047692146
63321,911.8333333333333,955.5,0.046727473324641444,0.04783640679203965,0.024132291477376125,0.3993360234583446,0.023145559916354974,,Blk 627,Hougang Ave 2,1.36913602302795,103.88132215113495
67109,990.3333333333334,991.35,0.0010250292862767907,0.0010255548083388157,0.024132291477376125,-0.39826997144138954,-0.022562257690072803,,Blk 235,Sengkang East Way,1.39102885574104,103.89998669813552
53089,295.8888888888889,310.05,0.0465957136407118,0.04769835329341315,0.024132291477376125,0.39703653344200857,0.023010759461594053,,Faber Gdn,Upp Thomson Rd,1.363977,103.828198
03217,623.0555555555555,623.75,0.0011121739696564603,0.0011127926644700138,0.024132291477376125,-0.3967491091910268,-0.02247707547596123,,Aft Straits Blvd,Shenton Way,1.27552218897645,103.8479443674916
10009,6775.5,6783.55,0.0011872238426295922,0.0011879288718374022,0.024132291477376125,-0.39543932740890625,-0.022403709751637666,,Bt Merah Int,Bt Merah Ctrl,1.28210155945393,103.81722480263163
77011,853.2777777777778,854.3,0.0011958769672073544,0.0011965923131945463,0.024132291477376125,-0.3952883117644903,-0.02239525045255176,,Opp Blk 515,Pasir Ris Dr 1,1.37376489998905,103.94266590001561
27359,831.5,832.5,0.001200480336249754,0.001201201201201155,0.024132291477376125,-0.395207973068777,-0.022390750166753758,,Blk 817,Jurong West Ave 5,1.34441434989381,103.69601368907118
65661,1047.111111111111,1096.95,0.04645520237836731,0.047551150217322855,0.024132291477376125,0.394584309549938,0.022867025026780032,,Blk 421C,Northshore Dr,1.418851944,103.9057239
62039,317.88888888888886,333.05,0.04644795095403875,0.047543554006968476,0.024132291477376125,0.3944577565911692,0.02285960781084259,,Raya Gdn,Upp Paya Lebar Rd,1.3467680506898,103.880911959518
58051,501.6111111111111,502.25,0.001270332390324036,0.001271139604288817,0.024132291477376125,-0.39398890441155293,-0.022322459767486324,,Blk 592C,Sembawang Rd,1.45087972197488,103.82843083296738
64481,1547.2222222222222,1549.2,0.0012766355935660556,0.00127745083967259,0.024132291477376125,-0.3938788999512075,-0.022316297247823295,,Bet Blks 930/931,Hougang Ave 9,1.37514474329335,103.8807864140804
59641,646.0555555555555,646.9,0.001304206249423956,0.0013050570962475174,0.024132291477376125,-0.3933977326775904,-0.022289341495324657,,Bet Blks 333C/333D,Yishun St 31,1.43152,103.8457231
72069,2153.4444444444443,2156.3,0.00132454787607994,0.0013254254770500148,0.024132291477376125,-0.3930427275195904,-0.022269453067850983,,Blk 121,Bedok Reservoir Rd,1.33150994155892,103.90977961908514
58361,892.5,934.9000000000001,0.046362298563727755,0.04745383324006683,0.024132291477376125,0.3929629380660988,0.022772001192392723,,Nth Lk Bldg,Admiralty St,1.46118688481447,103.81270708997143
84281,483.94444444444446,484.6,0.0013509029061031796,0.0013518157864586663,0.024132291477376125,-0.39258277553267584,-0.0222436846103692,,Blk 180,Bedok Nth Rd,1.32657714220068,103.9403951168328
84219,1624.888888888889,1701.95,0.04630736652244494,0.04739629604318974,0.024132291477376125,0.3920042557382461,0.02271581978169422,,Blk 139,Bedok Nth Ave 3,1.32940888887166,103.9348130555732
75169,1390.3333333333333,1392.3,0.0014125141505099137,0.0014135122184956734,0.024132291477376125,-0.39150752673742995,-0.02218344197125858,,Opp Blk 853,Tampines St 83,1.35327639994383,103.93440612457627
58409,1000.3888888888889,1047.75,0.04621105352443067,0.04729542302357822,0.024132291477376125,0.3903233866683456,0.02261732369827711,,Blk 491,Admiralty Link,1.4561083849161,103.81810058815044
46551,500.72222222222223,524.45,0.04620841395697184,0.04729265862030826,0.024132291477376125,0.3902773205361419,0.02261462443442909,,Blk 101,Woodlands St 13,1.435183889,103.7817369
75361,779.6666666666666,780.9,0.0015785996409158898,0.001579846285226823,0.024132291477376125,-0.38860897753287393,-0.022021027341707935,,Bef Tampines Ind Ave 5,Tampines Ave 10,1.370387,103.930339
01239,508.27777777777777,509.1,0.0016131848632703338,0.0016144867459368928,0.024132291477376125,-0.3880053909793476,-0.02198720313657512,,Sultan Plaza,Jln Sultan,1.30291236608351,103.86161817611134
47749,1144.5,1198.5,0.04606358038619973,0.047140986468791626,0.024132291477376125,0.38774966306089625,0.02246652623190311,,W'lands Hosp,Woodlands Dr 17,1.425821,103.793911
16231,408.72222222222223,409.4,0.001652870544703866,0.0016542372881355632,0.024132291477376125,-0.3873127904392869,-0.021948389262108445,,Wholesale Ctr,West Coast Highway,1.28635947284714,103.77852933168337
65401,558.7222222222222,585.05,0.04596448125047026,0.04703722084367247,0.024132291477376125,0.3860201698924158,0.022365205703312532,,Opp Blk 264A,Punggol Ctrl,1.40653182138609,103.89871180015278
10379,782.8888888888889,784.25,0.0017348514680612936,0.0017363571934801644,0.024132291477376125,-0.385882046913133,-0.021868204401199378,,Blk 25B,Lower Delta Rd,1.28373603376667,103.82489520929732
52039,1372.0555555555557,1436.6,0.04593646762445491,0.04700788994537794,0.024132291477376125,0.3855312718363302,0.022336565947942436,,Aft Muhajirin Mque,Braddell Rd,1.34333817728421,103.85130310024304
46369,1196.7777777777778,1198.9,0.001770231843574166,0.001771799628942207,0.024132291477376125,-0.38526458322591356,-0.021833597118764297,,Blk 413,Woodlands St 41,1.42760121342773,103.77315906940312
07329,1888.7777777777778,1977.55,0.045905008931103275,0.04697495296331133,0.024132291477376125,0.38498224994183555,0.02230440508128418,,Hoa Nam Bldg,Jln Besar,1.31284472583438,103.85989088288474
59569,2969.277777777778,2974.65,0.001807026215201013,0.0018086598709436124,0.024132291477376125,-0.38462244226374737,-0.02179760543848222,,Khatib Stn Exit D,Yishun Ring Rd,1.41849332350079,103.83293900021363
67489,1288.611111111111,1349.15,0.04587498871992146,0.046943523025890346,0.024132291477376125,0.38445833265665336,0.022273715747803985,,Opp Fernvale Stn,Sengkang West Ave,1.39100245036434,103.87708498686095
53199,318.8888888888889,333.9,0.045858266524201774,0.046926015977769395,0.024132291477376125,0.384166494357093,0.022256621229579495,,Blk 22A CP,Sin Ming Rd,1.35754830843445,103.83899242953868
91081,452.1666666666667,453.0,0.001837222636932978,0.00183891136447294,0.024132291477376125,-0.3840954497252801,-0.02176806678045818,,Aft Katong Pk Stn Exit 2,Fort Rd,1.29930499999248,103.88533388902762
21399,1123.2222222222222,1125.3,0.00184648553798894,0.0018481913421626126,0.024132291477376125,-0.38393379216915036,-0.021759005472884053,,Opp River Valley High Sch,Boon Lay Ave,1.3448140795943,103.70805985100185
43189,3365.9444444444443,3372.25,0.001871031302448145,0.0018727827736976863,0.024132291477376125,-0.38350541575966063,-0.0217349935051532,,Blk 283,Bt Batok East Ave 3,1.346993,103.756815
44739,1229.0,1231.35,0.001908746289911889,0.0019105691056913025,0.024132291477376125,-0.38284720807008066,-0.021698097556936292,,Blk 180,Jelebu Rd,1.37876549999936,103.76459849996492
75229,1403.2222222222222,1469.0,0.04577882977560055,0.04684285488210134,0.024132291477376125,0.38278015215520783,0.02217541971258789,,Temasek Poly East G,Tampines Ave 1,1.34499782605889,103.93676608938834
76121,688.7222222222222,690.05,0.001923240003933735,0.0019250906161904415,0.024132291477376125,-0.3825942615715852,-0.021683918226179922,,Opp St. Hilda's Sec Sch,Tampines Ave 4,1.35003333718868,103.93817517168992
60159,2478.722222222222,2483.5,0.0019248853250779518,0.0019267391060831006,0.024132291477376125,-0.3825655471770758,-0.02168230858072066,,Blk 54,Bendemeer Rd,1.32409476572475,103.86764196002876
96181,333.05555555555554,333.7,0.001927295073876678,0.0019291535007481147,0.024132291477376125,-0.38252349187503437,-0.021679951077998496,,Blk 151,Simei Rd,1.34563053684832,103.95770528781159
77209,1252.5,1254.95,0.001952619720202442,0.00195452732349418,0.024132291477376125,-0.3820815223009085,-0.021655175155046724,,Opp Pasir Ris Elias CC,Pasir Ris Dr 3,1.37902915784394,103.94271591238348
84409,791.3888888888889,828.45,0.04571053791102653,0.04677136647269162,0.024132291477376125,0.3815883121621126,0.022105615830799733,,Blk 550,Bedok Nth St 3,1.33291002440884,103.92669166477268
10209,3700.3333333333335,3873.35,0.045684791703235916,0.046744416426513384,0.024132291477376125,0.3811389854332731,0.022079300825987844,,Redhill Stn,Tiong Bahru Rd,1.28954631749853,103.81672885450702
20239,2811.1111111111113,2816.85,0.002038696453965372,0.002040776008534464,0.024132291477376125,-0.3805792980694633,-0.02157095880354797,,Aft Hasanah Mque,Teban Gdns Rd,1.32246879634748,103.73947011845992
07011,1247.2222222222222,1305.5,0.0456314892045091,0.04668862382054537,0.024132291477376125,0.38020874212961187,0.02202482289727463,,Bef Sophia Rd,Selegie Rd,1.30099699058522,103.8498101874305
82059,422.1666666666667,423.05,0.002085260331085692,0.002087435998424663,0.024132291477376125,-0.379766658213578,-0.021525398293173972,,Bef Tg Katong Stn Exit 3,Tg Katong Rd Sth,1.301242,103.8974605
46481,586.9444444444445,614.35,0.04555875042078572,0.04661249173202289,0.024132291477376125,0.3789392938280991,0.021950484758387654,,Aft W'lands Ind Pk E6,Woodlands Ave 9,1.44964404178885,103.8011125258027
97321,300.55555555555554,314.6,0.045521325913124855,0.04657332350773844,0.024132291477376125,0.37828615563615864,0.021912239480301608,,Aft Compass Green,Tanah Merah Besar Rd,1.36060285135304,103.97464120182451
83059,1112.5,1114.95,0.0021978523727721466,0.002200269420745566,0.024132291477376125,-0.37780168480095855,-0.02141522363775115,,Mjd Kassim,Changi Rd,1.31888900641724,103.91222670426201
21391,517.9444444444445,519.1,0.002224266802342889,0.0022267423188096704,0.024132291477376125,-0.37734069616411897,-0.021389374537703818,,River Valley High Sch,Boon Lay Ave,1.34485064221938,103.70847936082643
77051,2041.1666666666667,2136.15,0.04546182999216786,0.0465110585162822,0.024132291477376125,0.3772478237870447,0.021851441679105018,,Blk 115,Pasir Ris Dr 1,1.36908504460753,103.95508527984948
67141,740.4444444444445,742.15,0.0022976730275168222,0.002300314701034054,0.024132291477376125,-0.3760595995730365,-0.021317535789100107,,Blk 119D,Rivervale Dr,1.38602111109914,103.90353194446361
85069,965.0555555555555,1009.9,0.0453749586741079,0.046420150669963946,0.024132291477376125,0.37573173234976187,0.02176267595315852,,Bedok Mkt Pl,Bedok Rd,1.3318,103.94738
92231,946.1111111111111,990.05,0.045348571261715875,0.04639253871421852,0.024132291477376125,0.3752712152208288,0.021735714635782628,,Blk 34,Marine Cres,1.30425500081318,103.9123223933556
66051,2219.5,2224.75,0.0023615417216236168,0.0023643323575771383,0.024132291477376125,-0.3749449534227511,-0.021255026621997554,,Opp Blk 257,Boundary Rd,1.35585499445871,103.87196190877665
13141,700.7222222222223,733.25,0.045311939200918694,0.046354207901195245,0.024132291477376125,0.3746319069319146,0.02169828703649467,,Aft Zion Full Gospel Ch,Hoot Kiam Rd,1.29763682834545,103.82997986347917
02151,1527.888888888889,1598.75,0.045306111868454124,0.04634811046511603,0.024132291477376125,0.3745302074406552,0.021692333278244907,,Suntec Convention Ctr,Temasek Blvd,1.29317776320814,103.85784623004031
54589,1553.2777777777778,1625.3,0.0452965098019682,0.04633806340922824,0.024132291477376125,0.37436263071792736,0.021682522967632314,,Blk 555,Ang Mo Kio Ave 10,1.37173441613541,103.85671893941708
58029,460.6666666666667,482.05,0.04527703801018923,0.04631768953068573,0.024132291477376125,0.37402280605031646,0.021662629171965424,,The Nautical,Sembawang Rd,1.44315919415772,103.82398509211036
90049,308.72222222222223,323.05,0.04522198644157083,0.04626008968609933,0.024132291477376125,0.3730620377132487,0.0216063865897661,,Tanjong Rhu Stn Exit 1,Tg Rhu Rd,1.297117,103.873563
84049,3361.8888888888887,3370.3,0.002498033727235338,0.002501156413136737,0.024132291477376125,-0.37256287420964795,-0.021121426640141477,,Blk 27,New Upp Changi Rd,1.32432719820227,103.93471220144858
10281,769.5555555555555,771.5,0.0025202533591883736,0.0025234318673400097,0.024132291477376125,-0.3721750938179619,-0.021099676076870848,,SIS Bldg,Alexandra Rd,1.29153833298318,103.81445166697797
67759,2562.6111111111113,2569.1,0.0025279538345950314,0.0025311518040952562,0.024132291477376125,-0.37204070395157374,-0.021092138049977747,,Compassvale Int,Compassvale Rd,1.3912175,103.8971153
46861,614.9444444444445,643.4,0.04516287942663233,0.04619825020294033,0.024132291477376125,0.3720304931110388,0.021546004270339578,,Opp Blk 624B,Woodlands Ring Rd,1.43515578551993,103.79998340500156
44691,2089.222222222222,2185.75,0.045146036571245496,0.04618062938549906,0.024132291477376125,0.3717365490406409,0.021528798663614835,,Blk 485,Segar Rd,1.38826258050731,103.7714646491703
58219,5429.055555555556,5443.05,0.0025739040510543987,0.0025772193859274857,0.024132291477376125,-0.3712387737947496,-0.02104715598836755,,Opp Sembawang Stn,Sembawang Way,1.44953463697186,103.8199297231716
04229,330.8888888888889,346.2,0.045100741906304975,0.046133244057583164,0.024132291477376125,0.37094605966849253,0.021482529906824102,,High St Ctr,Hill St,1.29044830830726,103.84875123545265
63089,703.5555555555555,705.4,0.0026144629259379215,0.0026178836145717365,0.024132291477376125,-0.3705309341499742,-0.021007449957239882,,Blk 241,Hougang Ave 3,1.35653228525134,103.89213497244268
59039,1001.8333333333333,1048.05,0.04505566571041353,0.04608608941332944,0.024132291477376125,0.37015938305137086,0.021436486397947246,,Yishun Sports Hall,Yishun Ave 2,1.41342871609658,103.83156300557019
52279,1658.6666666666667,1663.1,0.0026676577552260383,0.0026712191203058107,0.024132291477376125,-0.36960256990971047,-0.02095537123051881,,Blk 56,Lor 4 Toa Payoh,1.33702420555118,103.84992957112877
43649,821.0,823.25,0.002733486895660775,0.002737226277372519,0.024132291477376125,-0.3684537097523463,-0.020890919442780053,,HomeTeamNS,Bt Batok West Ave 7,1.36545844046425,103.7506020069351
65279,1799.111111111111,1804.05,0.0027399008401465252,0.002743657798901346,0.024132291477376125,-0.3683417726189953,-0.02088463947135219,,Bet Blks 187/188,Punggol Ctrl,1.39929726136961,103.91103404530959
98319,754.3888888888889,756.5,0.002790836124002105,0.0027947341325284493,0.024132291477376125,-0.36745284230881264,-0.02083476668240476,,Aft Ballota Pk,Flora Rd,1.359214,103.968401
78111,1629.0,1703.85,0.044897115507056995,0.045920245398773055,0.024132291477376125,0.36739234082090316,0.02127455027315506,,Blk 476,Pasir Ris Dr 3,1.37545781179514,103.95798631897796
28451,958.1111111111111,1002.15,0.04489339852445884,0.04591635773864703,0.024132291477376125,0.36732747147604405,0.021270754220478687,,Parc Oasis,Jurong East Ave 1,1.34394189080479,103.73465998158574
67359,582.5,584.15,0.002823772894164911,0.002827763496144337,0.024132291477376125,-0.36687802479331094,-0.02080251561104342,,Nan Chiau High Sch,Anchorvale Dr,1.39008740102191,103.89042014225743
46241,696.5,728.5,0.04485685426732022,0.045878136200717456,0.024132291477376125,0.36668969554991526,0.021233433321364726,,Opp Blk 15,Marsiling Lane,1.44211845227565,103.77894354468205
44461,1120.888888888889,1172.35,0.04484913270050228,0.045870060413984254,0.024132291477376125,0.3665549375930139,0.021225547829616827,,Blk 352,Choa Chu Kang Way,1.3825705560115,103.7430047219692
11189,2541.277777777778,2548.6,0.002876042037534887,0.0028801818142082667,0.024132291477376125,-0.365965815764289,-0.02075133245970629,,Blk 43,C'wealth Ave,1.30740138898924,103.79254222202354
53361,726.5555555555555,759.9,0.04481158202767066,0.04583078802687815,0.024132291477376125,0.36589959754735074,0.02118720084316507,,Blk 454,Sin Ming Ave,1.35929833296604,103.83032083300758
15049,768.5,803.75,0.04479071689998371,0.045808966861598514,0.024132291477376125,0.365535456169846,0.02116589386411438,,Opp Alexandra Retail Ctr,Alexandra Rd,1.274590541032,103.80216344738955
96221,394.94444444444446,396.1,0.0029142285315000294,0.0029184790234322963,0.024132291477376125,-0.36529937927163153,-0.02071393767238952,,Opp S'pore Expo,Xilin Ave,1.33090140156137,103.95796397863708
44539,8712.833333333334,9111.7,0.04475724376553636,0.0457739609433267,0.024132291477376125,0.3649512779433845,0.021131712812932676,,Lot 1/Choa Chu Kang Stn,Choa Chu Kang Ave 4,1.38463078337388,103.74502387945829
67259,1737.7777777777778,1742.8999999999999,0.0029415445484612945,0.0029458751357906983,0.024132291477376125,-0.3648226559947145,-0.020687187112343335,,Compassvale Stn Exit B,Compassvale St,1.39465386086721,103.90046238900585
10071,2014.1666666666667,2020.15,0.002964751386040909,0.002969150607890125,0.024132291477376125,-0.3644176467404911,-0.02066446009524494,,Blk 111,Jln Bt Merah,1.28045309423663,103.82638920754815
84309,461.8888888888889,483.05,0.04470116268138291,0.04571531445031237,0.024132291477376125,0.36397254234483056,0.02107444824515919,,Blk 423,Bedok Nth Ave 1,1.32802803259661,103.92687404688121
52171,1697.8333333333335,1702.95,0.0030073442953924,0.0030118708917884394,0.024132291477376125,-0.36367430881724017,-0.020622746457022785,,Braddell Stn/Blk 107,Lor 1 Toa Payoh,1.3409498853794,103.8477798112237
47659,553.9444444444445,579.3,0.04467720256057728,0.04569025928521343,0.024132291477376125,0.3635543866773338,0.021049983471118333,,Blk 685A,Woodlands Dr 73,1.44146349893337,103.80545909188204
96069,747.6111111111111,781.8,0.044657597640887836,0.04566975881261584,0.024132291477376125,0.3632122386412091,0.02102996606441394,,Mera Terr P/G,Upp Changi Rd East,1.34665000850794,103.96311235602505
64541,4238.111111111111,4431.5,0.044610155306521904,0.045620150975047014,0.024132291477376125,0.3623842678160484,0.02098152716840251,,Hougang Ctrl Int,Hougang Ctrl,1.371235,103.8928055
22401,302.6666666666667,316.5,0.04454720974089721,0.045554335894620775,0.024132291477376125,0.36128573224424254,0.020917262931278126,,Aft Shipyard Rd,Tg Kling Rd,1.31007875279152,103.69714966993958
70301,1019.3888888888889,1022.65,0.0031908530662176915,0.003195949256819642,0.024132291477376125,-0.36047168587646117,-0.020443005649547943,,Aft Paya Lebar St,Upp Paya Lebar Rd,1.33965760027057,103.88575915318087
59501,339.8888888888889,341.0,0.0032541519116771056,0.003259452411994159,0.024132291477376125,-0.3593669848113217,-0.020380998860285483,,Blk 871,Yishun Ave 1,1.41289253257843,103.83810681040471
96041,2105.777777777778,2201.5,0.04443341811235069,0.04543536733294701,0.024132291477376125,0.35929982345954115,0.020801097702758533,,Upp Changi Stn/Opp SUTD,Upp Changi Rd East,1.34153333,103.9612189
67381,1082.6666666666665,1131.9,0.04443036424364788,0.045432174715472826,0.024132291477376125,0.3592465268791012,0.020797980314994524,,Blk 326 CP,Sengkang East Way,1.39459040201234,103.88844266691056
43109,473.1111111111111,494.65,0.04442832662712615,0.04543004452777153,0.024132291477376125,0.35921096608607933,0.02079590032228359,,Cashew Stn,Upp Bt Timah Rd,1.37043731031208,103.76391083181434
84119,1091.2777777777778,1094.85,0.003265097616401924,0.0032704338538223445,0.024132291477376125,-0.35917595870996943,-0.020370276181272656,,Blk 18,Bedok Sth Rd,1.31964,103.935232
76079,1929.0,1935.55,0.0033880365005005686,0.0033937823834194305,0.024132291477376125,-0.3570304106320362,-0.020249834192846386,,Blk 101,Tampines Ave 2,1.34794388891649,103.94563500000055
17159,3657.8888888888887,3823.5,0.04426822072773007,0.04526267840874575,0.024132291477376125,0.35641677361204166,0.02063247795935396,,Blk 365,C'wealth Ave West,1.31197556,103.7698144
62141,841.4444444444445,879.55,0.04423899350103344,0.045232128725929806,0.024132291477376125,0.35590669561253785,0.020602648138470295,,Opp Blk 1,Upp S'goon Rd,1.35149112412235,103.87515194713767
11119,1795.111111111111,1876.35,0.04423737414795603,0.045230436127436,0.024132291477376125,0.35587843441667455,0.020600995423769385,,Farrer Rd Stn Exit A,Farrer Rd,1.31747833490912,103.80785606728587
83321,1604.2777777777778,1676.8500000000001,0.04421640004223093,0.04520851358366525,0.024132291477376125,0.35551239113789584,0.02057958945507453,,Kembangan Stn,Jln Kembangan,1.32168778524368,103.9136543376456
59409,1794.1666666666667,1800.55,0.0035495373291833943,0.0035558443969920437,0.024132291477376125,-0.3542118736402166,-0.020091590951303022,,Evangel Family Ch,Yishun Ring Rd,1.42663883088373,103.84640616622914
84501,763.0555555555555,765.8,0.003585507952946543,0.0035919435759472567,0.024132291477376125,-0.3535841088508831,-0.02005634240064641,,Christ Ch,Bedok Reservoir Rd,1.33319499998844,103.91598944400951
06071,531.2222222222222,555.2,0.044066828731122776,0.04505219206680568,0.024132291477376125,0.3529020498987111,0.020426951443207858,,Havelock Stn Exit 2,Zion Rd,1.28685859481289,103.83360028266564
44041,1591.4444444444443,1597.3,0.0036703422859831747,0.003677086240580979,0.024132291477376125,-0.352103567185616,-0.019973206007680128,,Junction 10,Woodlands Rd,1.3809505774787,103.7603697770399
20109,3390.8333333333335,3543.4500000000003,0.04401241834911396,0.04499533192472123,0.024132291477376125,0.3519524716477408,0.020371431133422064,,Aft Clementi Fire Stn,C'wealth Ave West,1.32085220079341,103.76206999856427
28621,1269.0555555555554,1273.75,0.0036894369074591538,0.003696251257600647,0.024132291477376125,-0.3517703249514195,-0.019954492588350265,,Blk 241,Jurong East Ctrl,1.342172,103.744076
92051,1040.0,1086.8,0.04397551837389102,0.04495677233429346,0.024132291477376125,0.351308487675576,0.020333780147559547,,Marine Pde Stn Exit 4,Marine Parade Rd,1.304585,103.907913
53051,2755.1666666666665,2879.0499999999997,0.04396682966825871,0.04494769305194382,0.024132291477376125,0.35115685106519184,0.020324914806211368,,Upp Thomson Stn Exit 5,Upp Thomson Rd,1.354995,103.8316003
50038,4625.055555555556,4832.95,0.04395936567437175,0.044939893597858264,0.024132291477376125,0.3510265883102036,0.020317299135706235,,Novena Stn,Thomson Rd,1.32033749274601,103.842832976035
52349,416.8333333333333,418.4,0.0037424895375810507,0.003749501396090813,0.024132291477376125,-0.35084444239260276,-0.01990249721730953,,United Medicare Ctr,Lor 6 Toa Payoh,1.33619305600558,103.85544250002881
43579,3207.5,3219.7,0.003795189026167378,0.0038023998753323267,0.024132291477376125,-0.3499247229135018,-0.019850845219143157,,Bt Gombak Stn,Bt Batok West Ave 5,1.35911715344895,103.75166771394562
84319,336.94444444444446,352.1,0.04386978650979945,0.044846292947558125,0.024132291477376125,0.3494632391243044,0.020225904058059456,,Blk 428,Bedok Nth Rd,1.32980564460578,103.92771515822335
21561,2038.8333333333333,2046.65,0.00382468896281285,0.0038320124193151595,0.024132291477376125,-0.34940988553855007,-0.019821930454684247,,Blk 158,Corporation Dr,1.328801,103.722753
44351,718.2222222222222,721.0,0.0038547576835350483,0.0038621968175494444,0.024132291477376125,-0.3488851216575012,-0.019792457310945418,,Aft Chestnut Ave,Petir Rd,1.36823452426378,103.77558853634072
46529,4856.222222222223,5073.8,0.04382039998767162,0.044794692897175296,0.024132291477376125,0.34860133803902904,0.020175519893032894,,Opp Marsiling Stn,Woodlands Ave 3,1.43208152770031,103.77459689006626
78131,582.8333333333334,585.1,0.003874869512952017,0.0038823865258352866,0.024132291477376125,-0.34853412695581937,-0.019772743345812343,,Pasir Ris Pr Sch,Pasir Ris Dr 3,1.37308472383764,103.9637271722912
44211,614.7777777777778,642.35,0.043802751544294694,0.04477625405990605,0.024132291477376125,0.3482933347246709,0.020157515542010385,,Blk 127,Petir Rd,1.37610015820197,103.76921822286211
71129,689.3333333333334,720.2,0.04374191860168786,0.044712699179140634,0.024132291477376125,0.3472316689706496,0.020095458246000585,,Ubi Stn Exit A,Ubi Ave 2,1.329761944,103.8991489
44959,383.22222222222223,400.4,0.043737347455221176,0.0447079236552919,0.024132291477376125,0.3471518926282219,0.020090795250908573,,Blk 643A,Senja Close,1.388611,103.762426
44699,1232.5,1287.55,0.04366189818191746,0.044629104175111116,0.024132291477376125,0.34583514045086877,0.02001383304511084,,Blk 457,Segar Rd,1.38805300466507,103.77154344868076
59601,2313.9444444444443,2323.2999999999997,0.0040332292681588555,0.0040413736830733704,0.024132291477376125,-0.3457704084553864,-0.01961750250577523,,Blk 391,Yishun Ave 6,1.429842,103.849376
44631,519.9444444444445,522.1,0.004129246853104895,0.004137783939426243,0.024132291477376125,-0.3440946949792216,-0.019523364026640084,,Opp Bt Panjang Plaza,Jelebu Rd,1.37961719959059,103.76390959462616
76339,1321.611111111111,1327.1,0.004141452239860399,0.004150039904229281,0.024132291477376125,-0.3438816847157423,-0.019511396857061474,,Opp Tampines Changkat CC,Tampines St 11,1.34547166699324,103.94698416699394
17111,418.05555555555554,436.7,0.043530242239382844,0.0444915815988327,0.024132291477376125,0.34353746094511556,0.019879551002231363,,Blk 343,Clementi Rd,1.31779809827118,103.77124639148465
43641,1081.2777777777778,1129.4,0.043503678685278935,0.04446383655869889,0.024132291477376125,0.34307386976427334,0.019852459736420587,,Opp HomeTeamNS,Bt Batok West Ave 7,1.36530401539571,103.75026447996078
14219,350.3333333333333,365.95,0.04349015855787375,0.04444971537001886,0.024132291477376125,0.3428379144472857,0.019838671294441414,,Opp Blk 114,Depot Rd,1.28218647936578,103.80684961252827
95149,472.88888888888886,493.95,0.043483864776256986,0.044443141852286795,0.024132291477376125,0.34272807441457526,0.019832252672758684,,Bef Cargo Bldg D,Airline Rd,1.381045,103.997657
78061,1726.4444444444443,1733.8,0.004249016347690038,0.004258056216633667,0.024132291477376125,-0.34200445956846265,-0.019405925802879042,,Blk 104,Pasir Ris Dr 1,1.36824361151738,103.95848117561664
76081,1832.7222222222222,1840.55,0.004259706024908105,0.004268791468476353,0.024132291477376125,-0.3418179016980451,-0.01939544351271788,,Opp The Holy Trinity Ch,Tampines Ave 2,1.34950194446778,103.94932305553937
47119,472.38888888888886,493.4,0.04342768021168908,0.04438446191761461,0.024132291477376125,0.341747532860111,0.019774955451334744,,Aft Senoko Way,Senoko Ave,1.46646104980927,103.81068004378777
77239,1082.7777777777778,1087.45,0.004301785913167322,0.004311051876153946,0.024132291477376125,-0.34108351709681706,-0.01935417891435566,,Blk 643,Pasir Ris Dr 1,1.37741830757924,103.93793201117523
28551,629.1666666666666,657.1,0.04337256079919527,0.04432689764612503,0.024132291477376125,0.34078558050142516,0.019718747604000365,,Blk 560A,Jurong West St 42,1.35309201855261,103.71993998752167
75059,2774.1666666666665,2786.2,0.00432670222112197,0.0043360759113567375,0.024132291477376125,-0.34064867390596465,-0.019329744536677077,,Bef Tampines West Stn,Tampines Ave 1,1.34471168546511,103.9402168928283
75079,448.88888888888886,450.85,0.00434962765202318,0.004359101012595812,0.024132291477376125,-0.3402485758038344,-0.019307261990788537,,Blk 819,Tampines Ave 3,1.34858249441921,103.9370121634589
55151,467.1666666666667,487.9,0.043333611708411546,0.04428622285510894,0.024132291477376125,0.34010583505326236,0.019679031259388843,,Ang Mo Kio Community Hosp,Ang Mo Kio Ave 9,1.3833944010563,103.8403312479222
45421,2754.722222222222,2876.75,0.043329180936424905,0.04428159587121724,0.024132291477376125,0.34002850854758115,0.019674513304110797,,Blk 689A,Choa Chu Kang Cres,1.40274884902867,103.75050925171398
11021,1606.388888888889,1677.5,0.04328948313961423,0.044240141015449874,0.024132291477376125,0.3393356965681183,0.01963403527591821,,Aft Queenstown NPC HQ,Queensway,1.28941805603102,103.80228694398484
44569,1143.111111111111,1193.7,0.043267094502646763,0.044216762163737114,0.024132291477376125,0.33894496667525104,0.019611207315207164,,Blk 295,Choa Chu Kang Ave 2,1.37811996831753,103.74122138165869
66331,3307.4444444444443,3322.15,0.0044350057238009555,0.004444854916712126,0.024132291477376125,-0.33875854472747075,-0.019223528761370876,,Blk 554,Ang Mo Kio Ave 3,1.371636,103.870361
53421,344.0,359.25,0.04325381784827087,0.044202898550723756,0.024132291477376125,0.3387132604865506,0.019597670379472656,,Blk 151A Mkt,Bishan St 11,1.345658889,103.8553811
05419,581.5555555555555,607.3,0.043243626090346154,0.04419225634178895,0.024132291477376125,0.3385353923792674,0.019587278939789156,,The Amara,Tg Pagar Rd,1.27470669455555,103.84318683838887
10201,3586.8333333333335,3603.0,0.0044958477618362025,0.004505969247920656,0.024132291477376125,-0.33769672023865144,-0.019163854506670467,,Opp Redhill Stn,Tiong Bahru Rd,1.28928144532567,103.81662854691157
23491,808.0,843.7,0.0431826176749599,0.04412855377008717,0.024132291477376125,0.337470664247648,0.019525077432980032,,Joo Koon Stn Exit B,Joo Koon Circle,1.327885,103.677849
43521,1079.6666666666667,1127.35,0.043178253990407534,0.044123997532387396,0.024132291477376125,0.3373945085620593,0.01952062855685564,,Bt Batok Driving Ctr,Bt Batok West Ave 5,1.36756037490262,103.750164221858
10481,437.1111111111111,439.1,0.004529417275637826,0.004539690590920515,0.024132291477376125,-0.3371108599850604,-0.019130927761482876,,Opp Blk 73,Redhill Cl,1.28784195484767,103.81797160113335
40239,1785.2222222222222,1864.0,0.0431581538450434,0.04410301069917872,0.024132291477376125,0.33704371777224224,0.019500136249969782,,Bef Stevens Stn Exit 4,Whitley Rd,1.322585278,103.8262153
70041,937.2222222222223,978.6,0.04315749344602082,0.04410232117479867,0.024132291477376125,0.33703219238819515,0.0194994629732986,,Opp Blk 4,Upp Aljunied Rd,1.33340805598283,103.87841250002135
62019,569.8333333333334,595.0,0.04314338559707931,0.044087591240876134,0.024132291477376125,0.336785980065689,0.01948508013033474,,Aft Rochdale Rd,Upp Paya Lebar Rd,1.34215709944082,103.88405276089232
14131,1116.0555555555557,1121.15,0.00455023275704125,0.004560600785796143,0.024132291477376125,-0.3367475850420364,-0.019110510287051463,,Caribbean at Keppel Bay,Telok Blangah Rd,1.26740130257465,103.81675441150337
95129,3425.9444444444443,3441.95,0.004659630404681536,0.00467050336386637,0.024132291477376125,-0.334838360679493,-0.0190031974145009,,Changi Airport Ter 2,PTB2 Basement,1.355348,103.9886095
98069,566.4444444444445,569.1,0.004668934726112184,0.004679851184649054,0.024132291477376125,-0.3346759802486931,-0.018994069862464432,,Aft Engine Test Facility,Loyang Ave,1.3757102208247,103.976778734029
07111,4112.555555555556,4131.9,0.00469158653596935,0.004702609259360232,0.024132291477376125,-0.3342806574225826,-0.01897184805098503,,Aft Blk 672B,S'goon Rd,1.30879366465919,103.8531751994068
10241,857.3888888888889,895.1,0.04299476663592028,0.04393243155782793,0.024132291477376125,0.3341922593824646,0.019333576575237987,,Gan Eng Seng Sec Sch,Alexandra Rd,1.2906166672167,103.82362326803131
43041,650.0,678.6,0.042994747589208515,0.04393241167434799,0.024132291477376125,0.33419192697635797,0.019333557160285352,,Hume Stn Exit 1,Upp Bt Timah Rd,1.355809,103.768503
53221,1461.9444444444446,1468.9,0.004743223671021646,0.004754490563171369,0.024132291477376125,-0.3333794782987138,-0.018921189259886572,,Blk 115,Bishan St 11,1.34816840593896,103.8484543562104
83119,1386.5555555555557,1447.3,0.042846848947761806,0.043778026905829354,0.024132291477376125,0.33161077742215916,0.019182810259905973,,Opp Blk 16,Jln Eunos,1.32306974700238,103.90560762847845
46261,526.0,528.6,0.004921456081436126,0.004933586337760909,0.024132291477376125,-0.3302689392012273,-0.01874631363485264,,Blk 808,Woodlands Ave 9,1.442639,103.7869635
55201,1119.2222222222222,1124.75,0.004922401875324667,0.004934536798254725,0.024132291477376125,-0.3302524330626321,-0.018745385570674088,,Aft Blk 648,Ang Mo Kio Ave 6,1.37859113966821,103.8443777268119
54311,1385.611111111111,1392.5,0.004955847239955347,0.004968147762330248,0.024132291477376125,-0.32966873947922887,-0.01871256660348086,,Blk 332,Ang Mo Kio Ave 8,1.36143610819625,103.85257506359629
65549,903.0,907.5,0.0049655274440496555,0.004977876106194968,0.024132291477376125,-0.32949979908709154,-0.018703067494873823,,Opp Blk 228B,Sumang Crescent,1.403521,103.8912
75089,2004.6666666666667,2014.7,0.004990022041972075,0.005002492936679568,0.024132291477376125,-0.32907231564377326,-0.018679030726685322,,Blk 827,Tampines Ave 3,1.34977145890473,103.93404731779178
62041,703.1666666666666,706.7,0.0050052045185200456,0.005017751479290171,0.024132291477376125,-0.32880734875705886,-0.018664131730981758,,Opp Bethany Presby Ch,Upp Paya Lebar Rd,1.3483829232168,103.88018488884609
95099,616.5,619.6,0.0050076835121473096,0.0050202429149795,0.024132291477376125,-0.3287640849837525,-0.018661699002602755,,Opp SAF Ferry Ter,Nicoll Dr,1.388248,103.998803
44361,617.7777777777778,644.75,0.042666225722500783,0.04358951337762628,0.024132291477376125,0.32845851346084054,0.01899873879787725,,Opp Dairy Farm Mall,Petir Rd,1.36637611,103.7755464
67389,628.7222222222222,656.15,0.04263349788255244,0.04355535950595496,0.024132291477376125,0.32788734222717514,0.018965389715970997,,Blk 317B,Sengkang East Way,1.39424377787036,103.88869095686496
67139,876.3888888888889,880.85,0.005071648542483764,0.005084531121382925,0.024132291477376125,-0.327647757558955,-0.01859892566078118,,Nth Spring Pr Sch,Rivervale Dr,1.38715714684677,103.90417577185805
14391,560.7777777777778,563.65,0.005099711679205754,0.0051127373417726,0.024132291477376125,-0.32715799543449703,-0.018571384081803147,,Opp Blk 85,Telok Blangah Hts,1.27790999999895,103.80858611110148
52381,700.6111111111111,704.2,0.005102172773709057,0.0051152110222496515,0.024132291477376125,-0.3271150440394206,-0.018568968690258873,,Braddell Tech Bldg,Lor 8 Toa Payoh,1.33988664001033,103.8583063045366
28469,2074.0,2084.65,0.005119403583503157,0.005132530120482548,0.024132291477376125,-0.32681432932978244,-0.01855205769313768,,Blk 316,Jurong East Ave 1,1.34612717332075,103.73193313637753
67049,993.3333333333333,1036.55,0.0425449478680644,0.043462956754944486,0.024132291477376125,0.32634195392485954,0.018875164310738258,,The Greenwich,Yio Chu Kang Rd,1.38773464426252,103.869986495669
95069,1600.0,1669.55,0.04252447951050442,0.04344159900062486,0.024132291477376125,0.3259847370398745,0.018854309822995453,,Opp Airline Hse,Airline Rd,1.378218,103.996517
40121,433.72222222222223,452.6,0.042508494901352556,0.04342492012779503,0.024132291477376125,0.32570577121312455,0.01883802396523212,,Opp Newton Life Ch,Newton Rd,1.31458164930261,103.84053190286843
52201,718.0,749.1999999999999,0.04247847992674014,0.043393602225312806,0.024132291477376125,0.3251819453173469,0.01880744402673898,,Blk 121,Lor 2 Toa Payoh,1.339123,103.846497
19049,745.2777777777778,777.65,0.04246376377449845,0.04337824759919524,0.024132291477376125,0.3249251167932536,0.018792451211606255,,Sch of Science & Tech,C'wealth Ave West,1.31266302174215,103.77479215922537
11139,638.6111111111111,666.35,0.04245429314266058,0.043368366194736226,0.024132291477376125,0.3247598338879667,0.01878280264907069,,Blk 53A CP,C'wealth Ave,1.2931986108138,103.80744694841283
46611,982.1111111111111,987.3,0.005264148956241499,0.00527802893309217,0.024132291477376125,-0.3242882111000181,-0.018409987363141804,,W'lands Ring Sec Sch,Woodlands Ave 1,1.42923412810157,103.77760584579323
65079,803.1111111111111,807.4,0.005319527999557927,0.005333701810142616,0.024132291477376125,-0.32332172762478173,-0.01835562634209624,,Blk 102C,Punggol Rd,1.398951,103.904753
83099,701.1666666666666,731.55,0.04236080519635976,0.04327082838832108,0.024132291477376125,0.3231282680496539,0.018687563189064563,,Aft Perpetual Succour Ch,Changi Rd,1.32076378388187,103.91810427638708
84489,1604.1666666666667,1612.75,0.005333069828043158,0.005347315958882976,0.024132291477376125,-0.32308539357724897,-0.018342332992346746,,Opp Bedok Ind Pk C,Bedok Reservoir Rd,1.33804722197723,103.91618833296936
43659,617.2222222222222,643.95,0.042324818704031486,0.04323328540618314,0.024132291477376125,0.32250022631971154,0.01865090485649331,,St. Anthony's Pr Sch,Bt Batok St 34,1.36376864242438,103.74933550929673
64121,611.0,637.45,0.042311081358364255,0.04321895424836622,0.024132291477376125,0.32226048007662234,0.018636911393015803,,Aft Ang Mo Kio Ave 5,Yio Chu Kang Rd,1.37974139718092,103.87650111729936
83329,827.6666666666667,832.15,0.005395714582085986,0.005410297666935046,0.024132291477376125,-0.32199210781485876,-0.018280835363010974,,Opp Kembangan Stn,Jln Kembangan,1.32198642679896,103.91379833222052
19089,1758.4444444444443,1834.45,0.0422915803954238,0.043198610672560936,0.024132291477376125,0.32192014630947047,0.01861704718604316,,ACS Independent,Dover Rd,1.30370305599194,103.78184388900041
55129,840.6666666666666,845.25,0.00543077118513402,0.005445544554455224,0.024132291477376125,-0.321380294653872,-0.018246419020695143,,Blk 604,Ang Mo Kio Ave 5,1.37955302001994,103.83549938754196
78121,436.55555555555554,438.95,0.0054574022287177115,0.005472320975113713,0.024132291477376125,-0.320915525636378,-0.018220273550152603,,Bet Blks 232/233,Pasir Ris Dr 3,1.37485968829133,103.96200053620825
46799,2371.722222222222,2474.05,0.04222268487413228,0.043126741436230735,0.024132291477376125,0.3207177712076546,0.018546871451005524,,Blk 786A CP,Woodlands Ave 6,1.44586617373151,103.79970850070715
44499,653.8333333333334,682.05,0.0421873130030912,0.043089844744209516,0.024132291477376125,0.3201004559417686,0.01851084417959902,,Blk 429A CP,Choa Chu Kang Ave 4,1.383205,103.740969
17151,2310.0555555555557,2323.0,0.005585468369078583,0.0056010961801964245,0.024132291477376125,-0.3186804959034001,-0.018094532758504537,,Blk 410,C'wealth Ave West,1.31169519353522,103.76960993525367
50349,487.05555555555554,489.8,0.005607470111723245,0.005623221400113576,0.024132291477376125,-0.31829651814901805,-0.018072928889452392,,Blk 107,Towner Rd,1.31930481783402,103.85957694494822
13121,1311.0555555555557,1367.4,0.04204714032246226,0.04294364229156914,0.024132291477376125,0.31765414102922357,0.01836808678989747,,Opp Great World City,Zion Rd,1.29409221679274,103.8308377640795
55131,583.8333333333334,587.15,0.005655111051289907,0.005671131376460212,0.024132291477376125,-0.3174650812357289,-0.01802614784686118,,Blk 612,Ang Mo Kio Ave 4,1.37986282047018,103.8396597025406
21641,626.2777777777778,629.85,0.005678647089393252,0.0056948011690732,0.024132291477376125,-0.31705432672396455,-0.018003035800878486,,Bef Blk 322,Yuan Ching Rd,1.3363012622323,103.7250086693193
77241,623.8888888888889,650.6999999999999,0.042010477184053485,0.04290540540540566,0.024132291477376125,0.3170142903691116,0.018330750904209967,,Opp Blk 640,Pasir Ris Dr 1,1.37531331487507,103.940272636011
72029,522.7777777777778,545.25,0.04200924024994279,0.042904115400933314,0.024132291477376125,0.3169927032071393,0.018329491296947227,,Opp Blk 646,Bedok Reservoir Rd,1.33086398684,103.90655207721196
46151,1619.1666666666665,1628.4,0.005682824283526955,0.005699002160271111,0.024132291477376125,-0.31698142569748766,-0.017998933800352897,,Blk 212,Marsiling Lane,1.44582725741537,103.77347243148317
75239,3504.5,3524.7,0.005745834444923048,0.005762373413208591,0.024132291477376125,-0.31588176279046815,-0.01793705580522977,,Temasek Poly,Tampines Ave 1,1.34675259898315,103.93257655832721
52289,410.27777777777777,412.65,0.005751361089258111,0.005767931919491964,0.024132291477376125,-0.31578531095411505,-0.017931628277624564,,Blk 34,Lor 5 Toa Payoh,1.334886632,103.8538671
53409,408.22222222222223,425.75,0.04194002256570428,0.0428319304914474,0.024132291477376125,0.31578470566864075,0.018259007327164598,,Blk 131,Bishan St 12,1.34534609724691,103.85126805621526
63289,767.1111111111111,771.55,0.005762332987381491,0.005778967163315422,0.024132291477376125,-0.3155938277215927,-0.01792085306438767,,Aljunied CC,Hougang Ave 1,1.353941,103.88966
56019,318.6666666666667,332.35,0.0419142028487407,0.04280500521376455,0.024132291477376125,0.31533409604654966,0.01823271650721202,,Bef Ang Mo Kio Ave 1,Upp Thomson Rd,1.369486,103.828616
07517,1029.111111111111,1035.1,0.005796992986942584,0.0058138280660118054,0.024132291477376125,-0.3149889361448984,-0.01788681361168562,,ibis S'pore on Bencoolen,Bencoolen St,1.30145216158073,103.85247781934106
17239,4290.5,4315.5,0.005808566517302438,0.005825468950250223,0.024132291477376125,-0.3147869531352059,-0.017875447029130527,,NTUC Fairprice,Clementi Ave 3,1.31244056,103.7658489
17081,300.27777777777777,313.15,0.0418378899040599,0.04272542872948534,0.024132291477376125,0.3140022709451445,0.018155015135092985,,Aft West Coast Highway,West Coast Link,1.299503055534,103.76457888891022
54381,1539.6666666666665,1548.75,0.005878404415812888,0.005895716140199504,0.024132291477376125,-0.3135681315230318,-0.01780685511914598,,Blk 443,Ang Mo Kio Ave 10,1.3657416739059,103.85608617430734
45379,401.05555555555554,418.2,0.041757856036869434,0.04264197872046431,0.024132291477376125,0.3126055077389462,0.018073531512600563,,Yew Mei Green Condo,Choa Chu Kang Nth 6,1.39469439744859,103.75187309514442
76039,3224.4444444444443,3243.7,0.005952142975999664,0.005969892176789188,0.024132291477376125,-0.31228123497082827,-0.017734426940475157,,Tampines East Stn Exit C,Tampines Ave 2,1.35506418976437,103.9555498102644
28099,7040.055555555556,7082.15,0.005960628215191832,0.005978428108159087,0.024132291477376125,-0.31213314928766106,-0.017726092146776205,,Opp Lakeside Stn,Boon Lay Way,1.344324,103.719266
97039,534.9444444444445,538.15,0.005963318053692213,0.00598113403130481,0.024132291477376125,-0.31208620581760477,-0.017723449985047452,,Bef Jln Bena,Upp Changi Rd Nth,1.35535232677111,103.96894056406585
92151,456.1111111111111,458.85,0.005973856472023975,0.005991735537190547,0.024132291477376125,-0.31190228774024503,-0.017713098289300757,,Christ Meth Ch,East Coast Rd,1.3098029425373,103.91602380242344
54299,2036.2777777777778,2048.5,0.005981366898852869,0.005999290992883084,0.024132291477376125,-0.31177121463050167,-0.01770572086769672,,Opp Blk 565,Ang Mo Kio Ave 3,1.36890152697813,103.85832656880861
65169,961.4444444444445,967.25,0.0060139739565094885,0.006032094204572208,0.024132291477376125,-0.3112021513077365,-0.01767369061929805,,Meridian Stn Exit A,Punggol Field,1.39645725997371,103.90932129998102
54331,529.6666666666666,552.25,0.04167590119494058,0.042556532663316764,0.024132291477376125,0.31117521938984516,0.01799009887615446,,Blk 346,Ang Mo Kio Ave 8,1.36719473720813,103.85056845375878
11181,1382.7222222222222,1441.55,0.041635250280061875,0.042514152647850266,0.024132291477376125,0.31046577344909426,0.017948717488399015,,Opp Blk 43,C'wealth Ave,1.30722333300814,103.79227638896938
60031,783.6111111111111,788.4,0.006084968055847462,0.006103519082347792,0.024132291477376125,-0.30996315150311027,-0.01760394877210705,,Bef Geylang Bahru Stn,Kallang Bahru,1.3204097072077,103.87007832529532
09011,1135.611111111111,1183.85,0.04156505871887628,0.04244097952001592,0.024132291477376125,0.3092407796621973,0.01787726858629596,,Opp Ngee Ann City,Orchard Turn,1.30211335092372,103.83431672376756
09048,3469.0555555555557,3616.3,0.04155728711769058,0.04243287811594394,0.024132291477376125,0.3091051484979103,0.017869358080847202,,Orchard Stn/Lucky Plaza,Orchard Rd,1.3038385,103.834171
52361,2538.111111111111,2553.7999999999997,0.006159879179300276,0.006178890250306268,0.024132291477376125,-0.30865579119869235,-0.01753035362372075,,Blk 1,Lor 6 Toa Payoh,1.33974408909931,103.8529812160764
10299,3025.3333333333335,3044.05,0.006165555666784783,0.006184601828394785,0.024132291477376125,-0.30855672427693615,-0.01752477663124034,,Aft Dawson Pl,Alexandra Rd,1.29233498466278,103.81146486767658
43261,295.0,307.55,0.041524450443016114,0.0423986486486493,0.024132291477376125,0.3085320778640742,0.017835935184626183,,Opp Hillview Hts,Hillview Ave,1.36056,103.764115
67319,565.8888888888889,589.9,0.041483476986091894,0.0423559388475111,0.024132291477376125,0.30781700287055547,0.01779423178215209,,Farmway Stn Exit A,Anchorvale St,1.39738047818719,103.8888966274991
52109,1123.5555555555554,1130.7,0.006333031119214461,0.00635312716134806,0.024132291477376125,-0.3056339172440273,-0.017360222369690623,,Bet Blks 33/34,Jln Bahagia,1.32697666701265,103.8581711110213
77139,358.0,360.3,0.0063862496653159795,0.006406685236769117,0.024132291477376125,-0.3047051390943339,-0.01730792631783604,,Blk 582,Pasir Ris St 52,1.37518089319612,103.94649798163485
98101,1149.2777777777778,1197.7,0.04123417712955124,0.04209611205022946,0.024132291477376125,0.30346618390915486,0.017540527451721473,,Loyang Pt,Pasir Ris Dr 3,1.36705781222851,103.96535083584567
75161,431.44444444444446,449.6,0.041126162028467306,0.041983556012332515,0.024132291477376125,0.30158108795910177,0.017430623644534054,,Blk 855,Tampines St 83,1.35324997143303,103.93456070784656
77059,830.0555555555555,835.55,0.0065896450253761785,0.006611404505648779,0.024132291477376125,-0.30115545237774116,-0.01710803098147833,,Blk 425,Pasir Ris Dr 1,1.36936138996292,103.95506338293471
66101,1233.8333333333333,1242.0,0.006591804322109596,0.006613578080713045,0.024132291477376125,-0.3011177680031835,-0.017105908623768925,,Blk 516,Ang Mo Kio Ave 3,1.37094045484466,103.87325896613375
75131,2031.8333333333333,2045.3,0.006602733713600095,0.006624579814708561,0.024132291477376125,-0.3009270266028744,-0.017095166130746228,,Bet Blks 701/702,Tampines Ave 5,1.35594818346107,103.93709646027764
92271,466.5,469.59999999999997,0.006609127564519923,0.00663101604278025,0.024132291477376125,-0.3008154401454878,-0.017088881563678816,,Opp D'Ecosia,Still Rd Sth,1.30610999016148,103.90952850508972
05023,1047.7222222222222,1091.7,0.04107920570413093,0.04193462944323814,0.024132291477376125,0.30076159905479477,0.017382849963827437,,Opp Hong Lim Pk,Eu Tong Sen St,1.28692928357498,103.84540375642477
28519,2929.0555555555557,2948.5,0.006614280671310979,0.006636203333270428,0.024132291477376125,-0.3007255073430877,-0.017083816504669017,,Blk 425,Jurong West Ave 1,1.35058416759245,103.72452492776075
84079,455.66666666666663,458.7,0.006620372658121099,0.0066423357664230544,0.024132291477376125,-0.30061918906399254,-0.01707782857400453,,Opp Blk 71,Bedok Sth Rd,1.32099303797206,103.94325305782594
84551,558.5,581.95,0.041057891627320764,0.041912421805183515,0.024132291477376125,0.30038962254900287,0.017361165618709682,,Blk 51,Chai Chee St,1.32853887137542,103.9225201285922
20319,561.0,584.55,0.041049726594455827,0.04190391459074798,0.024132291477376125,0.3002471251552933,0.0173528588652694,,Blk T Pandan Light Ind Pk,Pandan Loop,1.31259468493848,103.75284421307401
50037,386.05555555555554,402.25,0.04098847987136445,0.04184010334433803,0.024132291477376125,0.2991782380414085,0.017290551244524527,,Bef Novena Stn Exit B,Thomson Rd,1.32109968376279,103.84224304873378
46971,847.6666666666667,853.4,0.006732977756688463,0.0067556952081698875,0.024132291477376125,-0.29865398778070423,-0.016967140294091684,,Woodgrove Pr Sch,Woodlands Ave 1,1.43187555599274,103.79034249996818
84361,854.1666666666666,889.9,0.04093580601268876,0.04178522705125754,0.024132291477376125,0.2982589658594008,0.017236968037025697,,Blk 547,Bedok Nth Rd,1.32936638901809,103.92462499999526
75231,3254.277777777778,3276.35,0.0067575582036045745,0.006780442017236012,0.024132291477376125,-0.29822500608770885,-0.016942976610091028,,Opp Temasek Poly,Tampines Ave 1,1.34707779444929,103.93265533979496
80049,2268.1666666666665,2283.6,0.006778297420041213,0.006801322071244413,0.024132291477376125,-0.2978630621324687,-0.016922588566298094,,Aft Sims Way,Geylang Rd,1.31077707819718,103.87363663982293
63311,943.0555555555555,982.45,0.040881782057961225,0.0417289472135589,0.024132291477376125,0.2973161315960362,0.017182014357538203,,Blk 634,Hougang Ave 2,1.36990463865149,103.87780647158901
71099,2708.3333333333335,2821.3,0.04084955319562944,0.041695374015748014,0.024132291477376125,0.2967536685955225,0.017149232266698695,,Blk 311,Eunos Link,1.33022638900189,103.9038336109893
64011,479.44444444444446,482.75,0.006856642921111877,0.006880203515263473,0.024132291477376125,-0.2964957645482317,-0.01684556585675608,,Naung Residence,Upp S'goon Rd,1.36756333302324,103.8927594439902
17101,521.5,525.1,0.006866324897795373,0.006889952153109947,0.024132291477376125,-0.2963267932205986,-0.0168360469323675,,Blk 352,Clementi Rd,1.31487473157856,103.77179195235537
75039,571.9444444444445,575.9,0.0068801848429398405,0.006903907689324564,0.024132291477376125,-0.2960849073528116,-0.016822420239477578,,Springfield Sec Sch,Tampines Ave 8,1.3506577199911,103.92956819494434
59191,1359.2222222222222,1415.85,0.04078801256728326,0.041631269400425164,0.024132291477376125,0.295679652202491,0.01708663818988233,,Opp Northland Sec Sch,Yishun Ave 6,1.43649083301477,103.84212083297022
27279,3166.1111111111113,3188.1,0.006918894361371386,0.006942885209093702,0.024132291477376125,-0.29540934295772664,-0.016784361172213023,,Blk 953,Jurong West St 91,1.34210239034142,103.69119289371211
59291,950.2777777777778,989.85,0.04075705052041467,0.04159901886351609,0.024132291477376125,0.2951392978578519,0.01705514759323046,,Blk 666,Yishun Ave 4,1.4189297001887,103.8407248899634
13089,529.3333333333334,533.05,0.0069837278660269675,0.007008170961659013,0.024132291477376125,-0.29427785878720303,-0.01672061379005487,,Opp St. Thomas Wk,River Valley Rd,1.29575111096804,103.83604111103381
42181,341.3333333333333,355.55,0.040689561213864245,0.041528724440117015,0.024132291477376125,0.29396146422928143,0.01698650956278844,,Opp The Hillford,Jln Jurong Kechil,1.3436280559857,103.76943333300858
29009,1142.611111111111,1190.1,0.04068635257901487,0.041525382560116585,0.024132291477376125,0.2939054666465448,0.016983246429667625,,Jurong Town Hall Int,Venture Dr,1.330212,103.7433
50111,488.1111111111111,491.55,0.007006293551500953,0.007030895047705992,0.024132291477376125,-0.2938840390169088,-0.016698425166342793,,Revival Ctr Ch,Moulmein Rd,1.31875833024702,103.8465549576423
14329,588.4444444444445,592.6,0.007025218141306411,0.007049952874646404,0.024132291477376125,-0.2935537642012517,-0.016679816411303033,,Blk 67,Telok Blangah St 32,1.274547,103.809425
21439,630.2222222222223,634.7,0.007068778721454727,0.007093821510296631,0.024132291477376125,-0.29279353834027927,-0.016636981480683922,,Boon Lay CC,Boon Lay Pl,1.34842277796612,103.71165888901649
84159,1381.7222222222222,1391.55,0.007082417918997663,0.007107557555546584,0.024132291477376125,-0.2925555049931625,-0.016623569106751116,,Opp Casafina/Temasek JC,Bedok Sth Ave 1,1.31664972197451,103.93304055596909
52509,2809.6111111111113,2829.65,0.007104430296434039,0.007129726631218659,0.024132291477376125,-0.2921713416387802,-0.01660192241534556,,Aft HDB Hub,Lor 6 Toa Payoh,1.33115712303762,103.85017633434691
08058,711.0555555555555,740.55,0.0405866543543123,0.041421549504564344,0.024132291477376125,0.29216551808631297,0.016881860059550863,,Aft Dhoby Ghaut Stn,Orchard Rd,1.2989583431631,103.84654115271174
50991,1310.0,1319.35,0.007106648185417619,0.0071319603356214435,0.024132291477376125,-0.2921326347033734,-0.016599741345164128,,Blk 82,Whampoa Dr,1.32337986005569,103.85626145335385
65011,830.2777777777777,864.65,0.04051666153783007,0.041348660028068855,0.024132291477376125,0.2909439928221655,0.016810688124926733,,Blk 266/Opp The Rivervale,Punggol Rd,1.38159696830765,103.89720951783346
41069,1255.111111111111,1264.2,0.007209684055643706,0.00723573639982386,0.024132291477376125,-0.2903344370465249,-0.01649841062347317,,Opp Tan Kah Kee Stn,Dunearn Rd,1.32652777798065,103.80758583296918
63339,456.1666666666667,459.5,0.007264833985813013,0.007291286912139699,0.024132291477376125,-0.28937195208873107,-0.016444169083802838,,Opp Blk 615,Hougang Ave 2,1.36811854812783,103.88451259380585
14231,508.3333333333333,512.05,0.007270625249861773,0.0072971204188478946,0.024132291477376125,-0.2892708820689426,-0.01643847303578566,,Keppel DP Blk 519,Kg Bahru Rd,1.27100999999332,103.82667222202473
64101,1948.888888888889,2029.3,0.04041117449080822,0.04123881702661113,0.024132291477376125,0.289103016855579,0.01670343342514642,,Opp Gracehaven S Army,Yio Chu Kang Rd,1.37212119701131,103.87653938842564
65311,473.05555555555554,492.6,0.04040095195075821,0.04122817297550716,0.024132291477376125,0.2889246115339698,0.01669304018670199,,Oasis Stn Exit B/Blk 617D,Punggol Dr,1.40201500002599,103.91285694443438
09022,3929.5555555555557,4091.6,0.04039968627940915,0.04122685512367477,0.024132291477376125,0.2889025228453488,0.01669175338826457,,Orchard Stn Exit 13,Orchard Blvd,1.30252834773643,103.83239784275958
71091,3276.833333333333,3301.0,0.007345710479473411,0.00737275639395843,0.024132291477376125,-0.2879604832373967,-0.016364619320069478,,Blk 637,Eunos Link,1.33073374785934,103.90373154551283
53329,330.1666666666667,343.8,0.040342765465775976,0.041167589330649,0.024132291477376125,0.28790913216037184,0.016633884113446296,,Eunoia JC,Sin Ming Ave,1.36153970079158,103.84049549859829
84529,1237.0,1287.8999999999999,0.04029196716619232,0.04111470113085607,0.024132291477376125,0.2870225925205087,0.016582242152507216,,Blk 109,Bedok Nth Ave 3,1.33213305553955,103.93431305555218
44399,1336.2777777777776,1346.25,0.007429439303328955,0.0074571060612353525,0.024132291477376125,-0.2864992350862688,-0.016282257238550455,,Opp Blk 210,Choa Chu Kang Dr,1.38306278590518,103.74851002579776
83109,1361.4444444444443,1371.6499999999999,0.007462706043082967,0.007490621432066491,0.024132291477376125,-0.2859186588913437,-0.016249531612076172,,Opp Eunos Stn,Jln Eunos,1.32135678897249,103.90537221650075
40089,553.0,557.15,0.007463056713457483,0.007490974729241974,0.024132291477376125,-0.2859125389387059,-0.01624918663987051,,Aft Stevens Stn Exit 5,Dunearn Rd,1.320510556,103.8273903
98299,311.3333333333333,324.15,0.0402156207448483,0.04103521878335109,0.024132291477376125,0.28569018317929246,0.016504632698956707,,Parc Olympia,Flora Dr,1.356011,103.965559
63079,1179.8333333333333,1188.7,0.00748077058575447,0.00750882145377553,0.024132291477376125,-0.28560339374889715,-0.016231760449248386,,Blk 248,Hougang Ave 3,1.35978917315442,103.89296017669749
44591,671.4444444444445,676.5,0.007490055181828659,0.00751817580964955,0.024132291477376125,-0.28544135756801414,-0.016222626516111168,,Blk 490B,Choa Chu Kang Ave 6,1.37543194866252,103.7419701443328
50171,1609.0555555555557,1675.1,0.040200981193795116,0.04101997860667249,0.024132291477376125,0.28543469151077555,0.016489751636416815,,Zhongshan Mall,Balestier Rd,1.32663388888255,103.84641000001729
62139,2043.388888888889,2058.9,0.00755852493742637,0.007587162694638112,0.024132291477376125,-0.2842464129937544,-0.01615526521370653,,S'goon Stn Exit A/Blk 413,Upp S'goon Rd,1.3490461240579,103.87341165935781
40071,380.0,395.6,0.04012884095899416,0.04094488188976328,0.024132291477376125,0.2841756891759679,0.016416424472012227,,Leng Kwang Baptist Ch,Bt Timah Rd,1.31918027796911,103.829213610999
54581,391.6111111111111,394.6,0.007584016953868122,0.007612848450545489,0.024132291477376125,-0.28380152245094326,-0.01613018470787625,,Blk 574,Ang Mo Kio Ave 10,1.37105833303092,103.85665833302312
66339,3614.222222222222,3641.75,0.00758556492979956,0.007614408212190334,0.024132291477376125,-0.28377450693987255,-0.01612866169990372,,Blk 101,Ang Mo Kio Ave 3,1.37125183222903,103.87055805068519
46379,321.44444444444446,323.9,0.0075865865671405075,0.0076154376292208855,0.024132291477376125,-0.2837566771698264,-0.01612765653969237,,Blk 409,Woodlands St 41,1.42911804399457,103.77294013114384
59129,1188.888888888889,1237.45,0.040000665632773824,0.040811466990381455,0.024132291477376125,0.2819387539147869,0.016286153314182247,,Opp Blk 121,Yishun Ring Rd,1.43490004260739,103.830267560125
58121,629.7777777777777,634.65,0.007694471561625171,0.007724150079267769,0.024132291477376125,-0.2818738518599051,-0.016021505751408895,,Blk 424A CP,Canberra Rd,1.45329115486737,103.81929476185202
28089,349.77777777777777,352.5,0.007730574114855671,0.007760532150776552,0.024132291477376125,-0.28124378461746924,-0.015985980974178898,,Bef Yuhua CC,Boon Lay Way,1.34016358625469,103.73634638831608
59031,621.3888888888889,626.25,0.007780064583973179,0.007810407926448391,0.024132291477376125,-0.2803800694335419,-0.015937280453663244,,Opp Yishun Sports Hall,Yishun Ave 2,1.41277747172151,103.83083958669692
21609,693.2222222222222,698.65,0.007788095818420437,0.007818501920615175,0.024132291477376125,-0.28023990711013963,-0.015929377183515295,,Opp Blk 364,Corporation Dr,1.33775166774993,103.72102625466782
76139,2613.6666666666665,2720.0,0.03986284013511909,0.04066802651708312,0.024132291477376125,0.279533402396011,0.016146092821517376,,Opp Century Sq,Tampines Ave 4,1.35162691843499,103.94385009279503
68019,1097.7777777777778,1142.45,0.0398515571686211,0.04065628476084545,0.024132291477376125,0.2793364903509681,0.016134627743875165,,Aft Jln Kayu,Sengkang West Ave,1.39106694073297,103.87060612962611
53271,989.4444444444445,1029.7,0.039839685872465225,0.04064393089522093,0.024132291477376125,0.27912931068737706,0.01612256498037544,,Opp Kuo Chuan Presby Sch,Bishan St 13,1.3493461110909,103.85391500001569
17181,636.7222222222222,662.6,0.03977675814695747,0.040578447599965255,0.024132291477376125,0.27803108646400165,0.0160586247103531,,Opp Blk 317,C'wealth Ave West,1.31749570803723,103.7638854582427
80069,4171.444444444444,4340.599999999999,0.03974088199460901,0.04054111631870401,0.024132291477376125,0.2774049704041462,0.016022173090213875,,Opp Mohd Salleh Mque,Geylang Rd,1.31214703288286,103.87715016317217
84411,762.0555555555555,768.15,0.007955168368550147,0.007986894794320671,0.024132291477376125,-0.27732413158936486,-0.01576495225999044,,Blk 526,Bedok Nth St 3,1.33383806396564,103.92928425024714
28319,626.7222222222223,631.75,0.00797765211215129,0.008009558367996574,0.024132291477376125,-0.2769317418810813,-0.01574282272275731,,Blk 207,Jurong East Ctrl,1.33862623918679,103.74173313734524
20101,1420.9444444444443,1478.55,0.03971272547478222,0.04051181871459301,0.024132291477376125,0.2769135785435597,0.015993565844494927,,Nan Hua Pr Sch,C'wealth Ave West,1.31993714188512,103.76221926730373
27131,1210.388888888889,1259.45,0.039701256661634154,0.040499885347396736,0.024132291477376125,0.2767134230745523,0.015981913670947052,,Blk 932,Jurong West St 91,1.34193999997072,103.6885297219715
53371,1042.888888888889,1085.15,0.039686277991592966,0.0404843001596592,0.024132291477376125,0.27645201304994954,0.015966695727066927,,Blk 257,Bishan St 22,1.35994333341045,103.84379568310376
46869,600.2222222222222,624.5500000000001,0.03966664245689344,0.040463869894659346,0.024132291477376125,0.2761093307160189,0.015946746873613256,,Blk 628A,Woodlands Ring Rd,1.43507671767646,103.80054550817393
63011,1050.2222222222222,1058.7,0.008032340812564875,0.008064686608180358,0.024132291477376125,-0.2759773063750384,-0.015688993504947707,,Opp Upp S'goon Shop Ctr,Upp S'goon Rd,1.35432115760902,103.87823575937183
92061,1174.1666666666667,1183.65,0.008037390801500344,0.008069777336548015,0.024132291477376125,-0.27588917320111617,-0.015684022732704684,,CHIJ Katong Convent (Pr),Marine Parade Rd,1.30585304722559,103.91059595623031
44469,747.0,777.25,0.03964483134723995,0.04044117647058787,0.024132291477376125,0.2757286799175531,0.015924588189368715,,Blk 414,Choa Chu Kang Way,1.38243888902379,103.74275222200647
19021,380.0,395.4,0.03962442732913196,0.04041994750656168,0.024132291477376125,0.2753725858944564,0.015903859457150376,,SP SMA,C'wealth Ave West,1.30965490194051,103.7812018067838
01511,566.4444444444445,571.05,0.008083550835528364,0.008116310945760721,0.024132291477376125,-0.2750835812762156,-0.01563858562501855,,DUO,Beach Rd,1.29919826103807,103.85864518302436
65061,4309.166666666667,4344.2,0.008095214449211241,0.008128069293531279,0.024132291477376125,-0.27488002611868734,-0.015627104346800483,,Blk 298A,Punggol Rd,1.39490129020977,103.9018594759131
58621,1195.8333333333333,1244.1,0.03953666807610379,0.04032864503550982,0.024132291477376125,0.2738409980812437,0.01581470840526806,,Blk 126 CP,Canberra st,1.445953,103.834031
43679,707.8333333333334,736.4,0.03951005977446531,0.04030096402539353,0.024132291477376125,0.2733766259596317,0.0157876796606941,,Blk 402,Bt Batok Rd,1.36506686600259,103.74421935477038
53381,2492.6666666666665,2513.2,0.008200477276435691,0.008234193289667386,0.024132291477376125,-0.2730429632700607,-0.015523481019014365,,Bishan Nth Shop Mall,Bishan St 22,1.35830432828214,103.84496212009292
41051,1864.8333333333333,1880.2,0.008202090266093087,0.008235819562304977,0.024132291477376125,-0.27301481312957,-0.015521893067290628,,Tan Kah Kee Stn,Bt Timah Rd,1.32612500001248,103.80715333299845
44641,855.0,862.05,0.008202250690955815,0.008235981308410899,0.024132291477376125,-0.27301201337049946,-0.015521735132512794,,Blk 602,Bt Panjang Ring Rd,1.38178063199093,103.76285898246775
84269,1165.2777777777778,1212.25,0.03948541837716757,0.040275329871861734,0.024132291477376125,0.2729465805513186,0.015762649541299252,,Blk 95,Bedok Nth Ave 4,1.33402333297056,103.94185027798375
59419,3172.1111111111113,3198.3,0.008219506204525828,0.008253379088171526,0.024132291477376125,-0.2727108675268119,-0.015504747307887593,,Blk 413,Yishun Ring Rd,1.42536,103.84607
58119,582.9444444444445,606.45,0.03946401837356195,0.040253068214252265,0.024132291477376125,0.27257310443804134,0.015740912449524365,,Blk 502A,Canberra Rd,1.45099925490468,103.82102323159111
58351,2225.8888888888887,2244.3,0.008233648256100956,0.008267637960284,0.024132291477376125,-0.27246405829474907,-0.015490824426799735,,Blk 483,Sembawang Dr,1.45593548683251,103.81491062256012
67599,1343.7222222222222,1354.8500000000001,0.008241098434899286,0.008275149762445474,0.024132291477376125,-0.2723340366427859,-0.015483489630090379,,Opp Blk 293D,Sengkang East Rd,1.3972004371065,103.89490664468322
54231,1917.611111111111,1933.6,0.008299042121538314,0.008333574634429118,0.024132291477376125,-0.27132279462275116,-0.015426441461147904,,Blk 129,Ang Mo Kio Ave 3,1.36966012463918,103.84193909880943
96189,735.4444444444445,741.6,0.008323740532745205,0.008358479179239233,0.024132291477376125,-0.270891754199036,-0.0154021237582326,,Blk 166,Simei Rd,1.3452978033151,103.95793622236005
75071,618.3333333333333,643.2,0.03936560619142515,0.040150699677072986,0.024132291477376125,0.27085560008799864,0.015640956088387066,,Opp Blk 819,Tampines Ave 3,1.34893303477474,103.93654250213598
67191,803.8888888888889,810.65,0.008364971089768858,0.008400055218111048,0.024132291477376125,-0.2701721922555322,-0.015361527402451417,,Blk 223D,Compassvale Rd,1.389133,103.897095
63219,1625.5555555555557,1639.25,0.008384046389793731,0.008419290935172387,0.024132291477376125,-0.26983928722223505,-0.01534274494903069,,Bef Yio Chu Kang Chapel,Yio Chu Kang Rd,1.368497,103.876166
10271,305.55555555555554,308.15,0.008427599123510987,0.008463211308445047,0.024132291477376125,-0.26907919829836935,-0.015299859499916198,,Opp Tanglin View,Alexandra Rd,1.29115999997607,103.81757666701353
46289,786.1111111111111,792.8,0.00846211878246006,0.008498023715414853,0.024132291477376125,-0.2684767559673517,-0.015265867400204561,,Blk 891C CP,Woodlands Ave 7,1.43872239825648,103.79091198323174
54109,311.77777777777777,314.45,0.008507227579247711,0.008543516873890487,0.024132291477376125,-0.2676895103944379,-0.015221446226441934,,Bef Ang Mo Kio Ave 10,Ang Mo Kio Ave 1,1.35708169204878,103.85433890252277
43621,374.72222222222223,377.95,0.008554170579262887,0.008590862043471858,0.024132291477376125,-0.26687025402820824,-0.015175216681708927,,Opp Parkview Apts,Bt Batok East Ave 3,1.34169275195642,103.75908187494267
61011,385.94444444444446,389.3,0.008634545868827281,0.008671931083990761,0.024132291477376125,-0.265467532266883,-0.015096057923418085,,Blk 103,Upp S'goon Rd,1.3333927981396,103.86946402615806
63281,1773.2222222222222,1788.65,0.008657927774893714,0.008695516032064662,0.024132291477376125,-0.26505946769083727,-0.015073028722727736,,Blk 105 Mkt/FC,Hougang Ave 1,1.354154,103.889794
76351,2088.8333333333335,2107.05,0.008679031582560448,0.008716803572852592,0.024132291477376125,-0.2646911608340734,-0.015052242794029771,,Blk 484,Tampines Ave 9,1.36213822350227,103.95309131019367
65209,463.3333333333333,481.8,0.0389998041116808,0.03977027997128539,0.024132291477376125,0.2644715666322395,0.015269500458139513,,Blk 201A,Punggol Field,1.40040560689368,103.90387509832152
52359,338.22222222222223,341.2,0.008739946059434622,0.008778250900753338,0.024132291477376125,-0.2636280721316347,-0.014992243389253552,,Blk 52,Lor 6 Toa Payoh,1.33862833298637,103.85268888900069
43279,1552.4444444444443,1566.1,0.008752089877565261,0.008790501394750155,0.024132291477376125,-0.2634161363731479,-0.014980281561569022,,Aft Hillview Stn,Hillview Rd,1.36203855984679,103.76591020179649
07529,1924.5,2000.95,0.03893603128334622,0.03970397299402758,0.024132291477376125,0.2633585935459713,0.015204755915066714,,Jln Besar Stn Exit A,Jln Besar,1.30431906266143,103.85501564257024
77291,684.3888888888889,711.6,0.038933854996435535,0.039701710302342305,0.024132291477376125,0.26332061265625945,0.01520254654064887,,Blk 753,Pasir Ris St 71,1.37746279073187,103.93476034022859
44269,3131.722222222222,3159.35,0.008780434834145368,0.008819095922964029,0.024132291477376125,-0.26292145588572174,-0.014952360824715167,,Blk 223,Bt Panjang Rd,1.37577833299245,103.77422500002575
15159,939.9444444444445,948.25,0.008788100116955633,0.008826828836276121,0.024132291477376125,-0.26278768020587107,-0.014944810127040225,,Mapletree Business City,Pasir Panjang Rd,1.27426303773784,103.79839350407595
80251,1044.3333333333333,1053.6,0.008825734294180876,0.008864795918367592,0.024132291477376125,-0.26213088282884733,-0.014907737687856904,,Aft Lor 14 Geylang,Guillemard Rd,1.31009487384598,103.87992501726275
45021,294.1666666666667,305.85,0.03881886028032788,0.039582156973461756,0.024132291477376125,0.2613137074047096,0.015085810324170341,,Heavy Veh Pk,Woodlands Rd,1.39385694401888,103.75383583300305
08019,343.3333333333333,356.95,0.03878313139066503,0.03954501452081303,0.024132291477376125,0.26069016139561035,0.015049543083152922,,Aft Haw Par Glass Twr,Clemenceau Ave,1.296188,103.8440945
70279,1549.3333333333333,1610.6,0.038757512761205426,0.039518383143410586,0.024132291477376125,0.260243061183181,0.015023539238118397,,Opp Trinity Paya Lebar,Paya Lebar Rd,1.33155751923227,103.88951499040957
84011,2605.777777777778,2629.25,0.008964007979650468,0.009004305016836073,0.024132291477376125,-0.2597177094682532,-0.014771515932494388,,Chai Chee Ind Pk,New Upp Changi Rd,1.32257749632692,103.92233358172962
44089,682.3888888888888,688.55,0.008975129947726757,0.009015527192911536,0.024132291477376125,-0.2595236071921192,-0.014760558191811032,,Opp Blk 296A,Choa Chu Kang Ave 1,1.37648110284286,103.74094532328145
63341,2351.777777777778,2373.1,0.009021755097586848,0.009062573789846857,0.024132291477376125,-0.258709897995073,-0.01471462018426373,,Opp Blk 709,Hougang Ave 2,1.36751402871615,103.88882988119938
64041,2134.4444444444443,2218.6,0.0386522037535606,0.039408918257973595,0.024132291477376125,0.25840519238684384,0.014916653744566497,,The Midtown,Upp S'goon Rd,1.37016500002901,103.89535999996711
83111,1488.611111111111,1502.15,0.00904781955346401,0.009088874799537964,0.024132291477376125,-0.2582550171522898,-0.014688938922272507,,Blk 17,Jln Eunos,1.32346854012914,103.90527311322877
76281,665.2777777777778,671.35,0.009072370934323004,0.009113649628950631,0.024132291477376125,-0.2578265427245379,-0.014664747878186854,,Junyuan Pr Sch,Tampines Ave 4,1.34758373789104,103.93848632286071
46071,1109.7777777777778,1153.5,0.038606879163588737,0.03936180854256279,0.024132291477376125,0.2576141807585033,0.014870654105845165,,Blk 137,Marsiling Rd,1.43864652268091,103.77679962439775
59761,2142.3333333333335,2226.6,0.03856252315195796,0.039315707620528564,0.024132291477376125,0.2568400729064845,0.014825639489649715,,Blk 504C,Yishun Ring Rd,1.41849608053432,103.84326740385671
52159,981.3333333333333,1019.95,0.038558151299459276,0.039311163895487534,0.024132291477376125,0.2567637746726561,0.014821202831340197,,Blk 128,Lor 1 Toa Payoh,1.33810803464351,103.84385638188928
07231,548.5,570.1,0.038555551827141876,0.03930846223839927,0.024132291477376125,0.2567184082869505,0.014818564835145027,,Bef Tai Hoe Hotel,Kitchener Rd,1.309658889,103.8573711
46789,679.5,685.75,0.009142502883862313,0.009184423218221724,0.024132291477376125,-0.2566025892891461,-0.014595641972768135,,Opp Admiralty Pr Sch,Woodlands Ave 6,1.44351138898079,103.80106305603081
50229,1121.7777777777778,1165.85,0.03850203681939135,0.039252845126175766,0.024132291477376125,0.2557844562435303,0.014764258264903721,,Opp Blk 104,Balestier Rd,1.32095764720403,103.85283489560972
10129,1291.0555555555557,1303.05,0.009240402235693779,0.009283226555445626,0.024132291477376125,-0.2548940349314836,-0.014499166802474102,,Blk 121,Kim Tian Rd,1.28231999999009,103.8285719444802
45469,548.3333333333334,553.45,0.009271209597917718,0.00931432038834969,0.024132291477376125,-0.2543563801667573,-0.014468805653662736,,Blk 537,Choa Chu Kang Nth 5,1.39231423792189,103.74449399998608
54229,1203.5,1214.8,0.00933775325969588,0.009381486093814678,0.024132291477376125,-0.2531950500743822,-0.014403222617150827,,Ang Mo Kio Pr Sch,Ang Mo Kio Ave 3,1.36960577947339,103.83993274827546
76459,698.2777777777777,704.85,0.009354693934868763,0.009398585842536349,0.024132291477376125,-0.2528993988382208,-0.014386525800866473,,Blk 323,Tampines St 33,1.35208003080961,103.95873194771903
76219,760.7222222222222,767.9,0.009378970577644807,0.009423090948873147,0.024132291477376125,-0.2524757191812213,-0.014362598124197429,,Blk 230E,Tampines Ave 7,1.35644168689504,103.95114418566536
44201,1173.5555555555557,1184.65,0.009401321959674469,0.009445653202156339,0.024132291477376125,-0.25208563946718704,-0.01434056751987907,,Aft Petir Stn,Petir Rd,1.37732275970527,103.7672668951858
59121,477.6111111111111,482.15,0.009438773379451426,0.009483459082993974,0.024132291477376125,-0.251432031600909,-0.014303652483460192,,Blk 121,Yishun Ring Rd,1.43453851053761,103.82999668990018
81099,1227.5555555555557,1275.45,0.038243653103820385,0.038984353803020955,0.024132291477376125,0.25127510439462547,0.014502093576426327,,Blk 102,Aljunied Rd,1.31982276662398,103.88194665985091
58511,1331.6666666666665,1383.6000000000001,0.03822934185168947,0.03896948474237129,0.024132291477376125,0.2510253422487639,0.014487574885068386,,Blk 104C,Canberra st,1.44964,103.8315
76061,2359.5555555555557,2382.15,0.009526145771596717,0.009571663920922891,0.024132291477376125,-0.249907195342583,-0.014217526073168339,,Blk 938,Tampines Ave 5,1.3482019444416,103.94189805552267
76421,1285.611111111111,1297.95,0.009544529817103964,0.009590224102940333,0.024132291477376125,-0.24958635418811911,-0.014199403236722408,,Opp Blk 331,Tampines St 32,1.35384124345467,103.95987193850509
44579,1084.8333333333333,1095.25,0.009547523355502463,0.009593246354566546,0.024132291477376125,-0.2495341105013132,-0.014196452200365715,,Aft Blk 272,Choa Chu Kang Ave 2,1.37850611289436,103.74345256107138
59751,354.44444444444446,368.25,0.03810495879819076,0.0388402625820571,0.024132291477376125,0.24885459030711224,0.014361397670083997,,Opp The Shaughnessy,Yishun Ave 1,1.41725535689777,103.84590800002533
52151,863.3333333333334,896.9,0.03810020665620861,0.038835325877362506,0.024132291477376125,0.248771655203458,0.014356577292154631,,Blk 131,Lor 1 Toa Payoh,1.33834001400213,103.84365712218609
44259,6140.722222222223,6199.95,0.009597311072557346,0.009643512948775669,0.024132291477376125,-0.24866520770123512,-0.014147370070422707,,Blk 183,Bt Panjang Rd,1.38029564329691,103.76297124601712
66359,6830.277777777777,6896.25,0.009611042221314037,0.009657376609224971,0.024132291477376125,-0.24842556960756987,-0.014133833088370023,,S'goon Stn Exit C/Blk 201,S'goon Ctrl,1.35080698547823,103.87328604946424
43459,573.2222222222222,595.5,0.03806277341175246,0.038796439628483025,0.024132291477376125,0.2481183645356392,0.014318607345104735,,Aft PIE,Bt Batok Rd,1.34808666498981,103.73807456781998
11221,355.5,358.95,0.009630893060961654,0.00967741935483908,0.024132291477376125,-0.24807912973898338,-0.014114262622932208,,Lien Twrs,Holland Rd,1.310019,103.805506
14309,323.94444444444446,336.55,0.03805941994101847,0.03879295606086518,0.024132291477376125,0.24805983925504574,0.01431520586304345,,Blk 41,Telok Blangah Rise,1.27128899958763,103.82302593897191
12121,443.6111111111111,460.85,0.03804017056773823,0.03877296013994818,0.024132291477376125,0.2477238962688568,0.014295681118942116,,Blk 7,Ghim Moh Rd,1.31164833301814,103.7871516670319
06159,648.2222222222222,654.55,0.009699512727192605,0.00974670545952364,0.024132291477376125,-0.24688156890158305,-0.014046609151538771,,Opp Hotel Miramar,Havelock Rd,1.28909385421188,103.8368794036018
65071,750.0555555555555,757.45,0.00979725256944075,0.009845402766476871,0.024132291477376125,-0.24517579832939582,-0.013950237513055568,,Blk 203A,Punggol Rd,1.39845074063981,103.90416383740006
46499,511.5,516.55,0.009805427817195955,0.00985365853658538,0.024132291477376125,-0.24503312266386976,-0.01394217627899703,,Opp Blk 402,Woodlands Ave 3,1.4322913388299,103.77219638823969
50211,2120.5555555555557,2202.45,0.03787474162970028,0.03860113124541732,0.024132291477376125,0.24483680531594842,0.014127901139772652,,Opp Balestier Pt,Balestier Rd,1.32306968689436,103.8525670514891
65171,1453.6666666666667,1468.05,0.009839154069489098,0.009887717690192912,0.024132291477376125,-0.24444452698631847,-0.013908919683251572,,Coral Edge Stn Exit B,Punggol Field,1.39452041732154,103.91205304613206
53069,400.22222222222223,404.2,0.00986532843328991,0.00991415120465241,0.024132291477376125,-0.24398772801375826,-0.013883109038787497,,Aft Windsor Pk Rd,Upp Thomson Rd,1.35777159286274,103.82894351047115
52169,493.77777777777777,512.85,0.037822666085599366,0.03854704693465107,0.024132291477376125,0.24392797501077504,0.014075091252596619,,Blk 117,Lor 1 Toa Payoh,1.34013183349101,103.84465978021645
64119,3156.222222222222,3277.9,0.037815402881824056,0.0385395037832127,0.024132291477376125,0.24380121647531244,0.014067725845313643,,Blk 953,Yio Chu Kang Rd,1.37679164872283,103.87713655364794
11061,575.3888888888889,597.6,0.03781100821586403,0.03853493975903597,0.024132291477376125,0.24372452009749165,0.014063269366190085,,Opp Queensway Sec Sch,Queensway,1.30265777802206,103.80118694402536
84031,12557.555555555555,13041.4,0.037803437755238534,0.03852707760092643,0.024132291477376125,0.2435923992688117,0.014055592469196446,,Bedok Stn Exit B,New Upp Changi Rd,1.32428292329305,103.93003627080394
01559,362.3888888888889,366.0,0.009888267989522248,0.009937318452835985,0.024132291477376125,-0.24358738339420372,-0.013860487695454839,,Village Hotel Bugis,Ophir Rd,1.30168731070562,103.85752923961614
45319,680.6666666666666,687.4499999999999,0.009901914081588359,0.009951100244498178,0.024132291477376125,-0.24334922972282136,-0.01384703065306209,,Blk 530,Choa Chu Kang Nth 5,1.39292754317447,103.74210769996479
78089,956.7777777777778,993.65,0.037775130161466386,0.0384976798143846,0.024132291477376125,0.2430983708427849,0.014026887401710066,,Blk 405,Pasir Ris Dr 6,1.37361141865113,103.95608873577847
44209,536.7777777777777,542.15,0.009940102505301418,0.009989669421487135,0.024132291477376125,-0.24268275955191018,-0.01380937030653272,,Opp Petir Stn,Petir Rd,1.37719530827914,103.76698269593902
67529,2235.4444444444443,2257.85,0.009968531036990136,0.010018382352940865,0.024132291477376125,-0.24218662049899467,-0.013781333956451118,,Opp Blk 157A,Sengkang East Dr,1.38731666838873,103.9092635072425
12101,2868.388888888889,2978.55,0.03767320600540813,0.038391837208851816,0.024132291477376125,0.2413195749904468,0.013923538833938516,,Ngee Ann Poly,Clementi Rd,1.33243896358504,103.77768506316727
54071,946.0555555555555,955.6,0.010027574991436694,0.010078019592890616,0.024132291477376125,-0.2411561764380681,-0.013723101987352949,,Blk 310C,Ang Mo Kio Ave 1,1.36433664907741,103.84490672378502
66041,981.8888888888889,991.8,0.010033152798344602,0.010083653628758594,0.024132291477376125,-0.24105883170472286,-0.013717600709915585,,Blk 230,Boundary Rd,1.3557230306281,103.8697219448858
85021,806.2222222222223,814.4000000000001,0.010079791716989028,0.01013076393668262,0.024132291477376125,-0.24024488221276116,-0.01367160049264281,,Country Pk,Bedok Rd,1.32190305598591,103.95468472199643
65159,494.6666666666667,499.7,0.010103461543853776,0.010154673839946273,0.024132291477376125,-0.2398317927992122,-0.013648253993891983,,Cove Stn Exit A,Punggol Field,1.39856872266182,103.90665292741664
84059,2950.5,2980.5,0.010113013882416588,0.010164323225478628,0.024132291477376125,-0.23966508393575153,-0.013638831983071064,,Blk 65,New Upp Changi Rd,1.32493504095045,103.93953481204565
84089,599.0,605.1,0.010115333741093302,0.010166666666666995,0.024132291477376125,-0.23962459740977243,-0.013636543761902894,,Blk 40,Bedok Sth Rd,1.3206814195738,103.9400309260245
97051,292.27777777777777,303.5,0.03755088022250064,0.03826482288312228,0.024132291477376125,0.23918472684762276,0.013799517428904699,,Komo Shoppes,Upp Changi Rd Nth,1.36044412865764,103.9703768491515
92071,1752.388888888889,1770.3,0.010163317018812457,0.010215138937296205,0.024132291477376125,-0.23878718595904982,-0.01358921367473292,,Marine Terr Stn Exit 4,Marine Parade Rd,1.306815,103.914746
95019,628.5555555555555,635.0,0.01018446028588027,0.010236498411578442,0.024132291477376125,-0.23841819045082496,-0.013568357507556092,,Aft Changi Airport Ter 2,Airport Blvd,1.3479795,103.984849
43619,1188.111111111111,1200.3,0.010198241192298951,0.010250420482152944,0.024132291477376125,-0.2381776839788852,-0.013554763491733764,,Blk 289E,Bt Batok East Ave 3,1.34406411828167,103.75861329619691
63061,606.6666666666666,612.9,0.010205562422897607,0.010257816785518672,0.024132291477376125,-0.2380499127504881,-0.013547541472247338,,Opp Blk 25,Upp S'goon Rd,1.36623834226067,103.89129134480065
44281,2174.277777777778,2196.6,0.01020948549219014,0.010261780104711429,0.024132291477376125,-0.23798144674933716,-0.01354367154330775,,Blk 8,Teck Whye Ave,1.38104915821148,103.75422740795686
63279,644.1111111111111,650.75,0.01023848556525575,0.010291078194971184,0.024132291477376125,-0.23747533306950322,-0.013515063822895485,,Opp Yuying Sec Sch,Hougang Ave 1,1.35623805601182,103.88983499998875
59551,667.1666666666666,674.0500000000001,0.010249118788803635,0.010301820902968772,0.024132291477376125,-0.23728976043711222,-0.013504574252273619,,Blk 722,Yishun Ave 3,1.42539008150192,103.82822466548578
59201,1365.4444444444443,1379.55,0.010269900298449208,0.010322816718166419,0.024132291477376125,-0.23692707837436605,-0.0134840731750472,,Opp Chongfu Pr Sch,Yishun Ave 6,1.43871588444799,103.8403521964609
67121,396.8333333333333,412.0,0.037414435850258165,0.03812316715542575,0.024132291477376125,0.23680347893931458,0.013661199626726826,,Blk 142A,Sengkang East Way,1.38949805550873,103.90518999989366
11341,331.1111111111111,343.75,0.0373499317256929,0.03805620608899316,0.024132291477376125,0.2356777431601552,0.013595816407205462,,Garlick Ville,Sixth Ave,1.32551506183496,103.79282790894261
17249,405.8888888888889,410.15,0.010417963518667861,0.010472419442927372,0.024132291477376125,-0.2343430565664421,-0.013337995636035962,,Blk 355,Clementi Ave 2,1.31517111,103.7693364
65151,484.1666666666667,489.25,0.010422990558887513,0.010477499141188675,0.024132291477376125,-0.23425532389699386,-0.013333035633989767,,Cove Stn Exit B,Punggol Field,1.39885650320272,103.90662105241732
66421,649.7222222222223,656.55,0.010437949614263253,0.01049261504311379,0.024132291477376125,-0.23399425619051162,-0.013318275917836972,,Blk 537,S'goon Nth Ave 4,1.37365500000249,103.87340722201968
44051,405.3333333333333,420.75,0.03723888061291536,0.03794093519278047,0.024132291477376125,0.233739662272899,0.01348326171366444,,Opp Blk 632 CP,Woodlands Rd,1.38440811744123,103.75801976703181
46119,2100.722222222222,2122.85,0.01047336497050022,0.010528402632761747,0.024132291477376125,-0.23337618201438218,-0.013283331614307269,,Marsiling CC,Admiralty Rd,1.44101545973486,103.77252382232057
21761,463.77777777777777,481.4,0.03721425130699707,0.03791537174276879,0.024132291477376125,0.23330982788517662,0.013458300631756952,,Blk 138B,Yuan Ching Rd,1.32831333299986,103.72476805601295
22249,836.1666666666666,845.0,0.010496185084233112,0.010551463268962311,0.024132291477376125,-0.23297792192346956,-0.013260814370790519,,Blk 622,Jurong West St 62,1.34016007378301,103.69865436006683
55019,618.0555555555555,641.5,0.03717179761848577,0.03787130934218807,0.024132291477376125,0.2325689196651743,0.013415276502015704,,Aft Lentor Stn Exit 4,Yio Chu Kang Rd,1.382212,103.836047
10461,490.27777777777777,495.5,0.010573776805657076,0.010629876738663564,0.024132291477376125,-0.23162377941611498,-0.013184248608384826,,Opp Blk 95,Kay Siang Rd,1.29680597432594,103.81169140516062
66431,693.1666666666666,719.4,0.03709452792891277,0.03779111644657844,0.024132291477376125,0.23122039730659472,0.013336973243465054,,Opp Blk 506A,S'goon Nth Ave 4,1.37297644274866,103.87526422817183
28491,2916.6666666666665,2947.8,0.010614097851230575,0.01067062721352684,0.024132291477376125,-0.2309200904045809,-0.013144458363313566,,Opp Jurong Polyclinic,Jurong East Ave 1,1.34905596073619,103.7307863306416
58009,4042.8333333333335,4086.0,0.01061811759335285,0.01067468985698418,0.024132291477376125,-0.2308499372545221,-0.013140491450551272,,Sembawang Int,Sembawang Vista,1.44748179252514,103.81941391689068
54191,1125.2777777777778,1167.8,0.037059387864460724,0.037754649040596,0.024132291477376125,0.2306071275645086,0.013301365142552785,,Mayflower Stn Exit 2,Ang Mo Kio Ave 4,1.37447193336668,103.83756404776227
76229,610.5555555555555,617.1,0.010644454388266666,0.010701308139534115,0.024132291477376125,-0.2303903035095068,-0.013114500391806767,,Opp Tampines East Stn,Tampines Ave 7,1.35614001051089,103.95353851635838
52499,332.6111111111111,345.2,0.03704066612418888,0.03773522064945798,0.024132291477376125,0.23028039290972202,0.013282394555159243,,St. Michael's Ter,Whampoa Rd,1.32603759751245,103.85537211273478
46761,1297.2222222222222,1311.15,0.010671206065821615,0.010728346456692385,0.024132291477376125,-0.2299234291696238,-0.01308809919600103,,Blk 706,Woodlands Ave 7,1.4396175,103.7972525
46429,1350.888888888889,1401.85,0.03700309017931147,0.037696227500616304,0.024132291477376125,0.2296246118124773,0.013244320227100093,,Blk 856,Woodlands St 83,1.44071444400658,103.7931500000338
76269,626.0,632.75,0.010708014272472255,0.010765550239234483,0.024132291477376125,-0.22928104675652103,-0.013051772070246185,,Opp Blk 489A,Tampines St 45,1.36187820405808,103.95739818627865
92129,760.0,768.2,0.010717655852938712,0.010775295663600408,0.024132291477376125,-0.22911278042980338,-0.013042256283616833,,The Holy Family Ch,East Coast Rd,1.30687389,103.9065139
28249,1270.7777777777778,1284.5,0.01073200107311667,0.01078979556176901,0.024132291477376125,-0.22886242546842558,-0.01302809805592568,,Jurong East Lib,Jurong Town Hall Rd,1.332605,103.739045
75249,1148.7777777777778,1192.05,0.03694436639833398,0.03763529184383499,0.024132291477376125,0.22859975546756267,0.013184820436605823,,Temasek Poly West G,Tampines Ave 1,1.34791499671757,103.93017010145029
82091,898.2777777777778,932.1,0.03692040420218046,0.03761042812133189,0.024132291477376125,0.2281815635807793,0.013160542594075121,,Aft Queen of Peace Ch,Tg Katong Rd,1.31264667096781,103.89411050584133
41139,319.27777777777777,331.3,0.036849500553553405,0.037536860364266636,0.024132291477376125,0.22694414233569823,0.01308870836164492,,Aft The Japanese Assn,Adam Rd,1.32962999996746,103.81485527800427
50031,2426.1666666666665,2452.65,0.01085211555764154,0.010911213348897384,0.024132291477376125,-0.22676616924083948,-0.012909541314634744,,Opp Novena Ch,Thomson Rd,1.321378056,103.8417481
10051,675.3888888888889,700.75,0.03680902518736584,0.037494866529773935,0.024132291477376125,0.2262377600973684,0.013047704055031258,,Blk 149,Jln Bt Merah,1.2774116353284,103.83214410914843
59381,957.3888888888889,967.9,0.010907773493378237,0.010967480146077832,0.024132291477376125,-0.2257948184927248,-0.012854600368383281,,Blk 314,Yishun Ring Rd,1.43181131616813,103.84196021620254
80051,2802.5555555555557,2833.45,0.010959461946796978,0.01101973684210549,0.024132291477376125,-0.22489274375293025,-0.012803575030677862,,Aft Lor 1 Geylang,Sims Ave,1.31251499997324,103.87326194447365
84151,577.7222222222222,599.35,0.03669021038844278,0.03737160410866838,0.024132291477376125,0.22416418618030856,0.012927346146066455,,Casafina,Bedok Sth Ave 1,1.31656999665769,103.93334015990408
45309,833.6666666666666,842.95,0.01106080758305783,0.011122204472843945,0.024132291477376125,-0.22312404431596516,-0.012703521910987007,,Blk 754,Choa Chu Kang Nth 5,1.3919980495631,103.74665022024047
50169,964.9444444444445,1000.9499999999999,0.03659705856852735,0.0372749755564497,0.024132291477376125,0.22253848647072638,0.012832994514912148,,Aft Irrawaddy Rd,Balestier Rd,1.32647401158756,103.84420812253344
27309,1467.111111111111,1483.5,0.011101399125816869,0.01116324831605224,0.024132291477376125,-0.22241563454646443,-0.01266344521039876,,Blk 705,Pioneer Rd Nth,1.3410704693164,103.69426536144466
07031,4392.277777777777,4555.85,0.03655600044368512,0.03723238786529894,0.024132291477376125,0.2218219338398427,0.012791410345068885,,Tekka Ctr,S'goon Rd,1.30572083298412,103.85120583303191
54379,1835.3333333333333,1903.55,0.036474930379303494,0.03714830277727379,0.024132291477376125,0.22040708676288082,0.012709306608349631,,Blk 475,Ang Mo Kio Ave 10,1.36288998904353,103.85594804936484
54389,2323.6666666666665,2409.95,0.03644420111577329,0.03711643246343599,0.024132291477376125,0.2198707949884197,0.012678187275326913,,Blk 465,Ang Mo Kio Ave 10,1.36638973614786,103.85660537812751
63209,1380.2222222222222,1431.4,0.03638258366878233,0.03705252996540983,0.024132291477376125,0.21879543794473186,0.012615790553186677,,Parkwood Residences,Yio Chu Kang Rd,1.36605804817414,103.87522122785421
21591,3289.3888888888887,3326.9,0.011335713329073016,0.011400205987133124,0.024132291477376125,-0.21832634748228963,-0.01243207112615906,,Opp Blk 117,Corporation Dr,1.33476103645994,103.72242808341083
96219,749.4444444444445,758.0,0.011336153786336567,0.011400651465798314,0.024132291477376125,-0.21831866055522703,-0.012431636144595741,,Tanah Merah Ferry Ter,Tanah Merah Ferry Rd,1.31520306285456,103.98889428788505
91099,513.7222222222222,519.6,0.011354611737169229,0.011419320021586304,0.024132291477376125,-0.21799652959379887,-0.012413407488060501,,Bef Wilkinson Rd,Mountbatten Rd,1.30320972763591,103.88471920227425
45069,1082.388888888889,1094.8,0.011390701712238993,0.011455822778318789,0.024132291477376125,-0.21736668186733454,-0.012377764869390769,,Aft Mandai Est,Woodlands Rd,1.4069390779681,103.75626773948963
80071,1864.611111111111,1933.5,0.03626022221787295,0.03692564247640096,0.024132291477376125,0.21665996731852147,0.012491892996137849,,Yi Xiu Fty Bldg,Sims Ave,1.31380009198455,103.87655394006379
76399,421.22222222222223,426.1,0.011486409469163128,0.011552631578947438,0.024132291477376125,-0.21569637555686644,-0.012283237237136351,,Blk 417,Tampines St 41,1.3586225675181,103.94723337005571
08069,2526.8333333333335,2556.35,0.011609020256007518,0.011676666446890836,0.024132291477376125,-0.21355655348204775,-0.012162125082998071,,Bencoolen Stn Exit B,Bras Basah Rd,1.29821382250893,103.84936128375956
65289,1649.7222222222222,1669.0,0.011610723845732807,0.011678389930333164,0.024132291477376125,-0.2135268221754113,-0.01216044221111065,,Opp Punggol Sec/Blk 195E,Punggol Ctrl,1.40173746082241,103.90762981656073
61111,779.3333333333334,788.45,0.011615321645096266,0.011683041435283745,0.024132291477376125,-0.21344658068258077,-0.012155900312579288,,Blk 114B,Bidadari Pk Dr,1.3354995,103.872035
54091,545.1666666666666,551.55,0.011619747564031613,0.011687519072322225,0.024132291477376125,-0.21336933887308784,-0.012151528184997977,,Blk 331,Ang Mo Kio Ave 1,1.36167975047647,103.85092799797833
63369,971.2222222222222,982.6,0.011634908326596971,0.011702857142857345,0.024132291477376125,-0.213104750942096,-0.01213655153533781,,S'goon Sports Cplx,Yio Chu Kang Link,1.356702,103.874108
75471,395.1111111111111,409.65,0.036046514674024976,0.03670406732117874,0.024132291477376125,0.2129303108041925,0.012275538959587958,,Blk 602B,Tampines Ave 6,1.361598056,103.9379408
64231,595.4444444444445,602.45,0.011677085748608818,0.011745529061103079,0.024132291477376125,-0.21236866416700306,-0.012094885123097088,,Blk 316,Hougang Ave 7,1.36479332441286,103.8968501202605
07359,762.1666666666666,790.1,0.03594793859831036,0.03660187813933185,0.024132291477376125,0.2112099461585366,0.012175757727517366,,Opp Arc 380,Lavender St,1.31368253065979,103.86071451807119
54609,751.0,778.5,0.035916364547991186,0.03656914893617001,0.024132291477376125,0.2106589110367235,0.01214379974373518,,Opp Townsville Pr Sch,Ang Mo Kio Ave 10,1.359358,103.855321
21449,2126.5,2151.8,0.011821738965166695,0.011891891891891732,0.024132291477376125,-0.2098441542608974,-0.011951971134341283,,Boon Lay Shop Ctr,Boon Lay Pl,1.34639805597018,103.71306138901696
46321,559.7222222222222,580.2,0.03586929635343328,0.036520360645992525,0.024132291477376125,0.20983746975631887,0.012096161083589917,,W'lands Civic Ctr,Woodlands Ave 5,1.43457763941924,103.78655642033898
67241,375.55555555555554,389.3,0.035850079915737076,0.0365004426084388,0.024132291477376125,0.209502101566945,0.012076712387635816,,Blk 248A,Compassvale Rd,1.39299612191324,103.89844142173672
10139,1855.6666666666665,1877.8,0.01185050989962022,0.011921005385996613,0.024132291477376125,-0.2093420395429244,-0.011923543660325319,,Blk 1,Jln Bt Merah,1.28635135443034,103.8081000223439
75179,462.8888888888889,479.8,0.03580632327226141,0.036455089820359346,0.024132291477376125,0.20873845397900448,0.012032428276630938,,Blk 871C,Tampines Ave 5,1.357,103.9317
57089,870.6666666666666,881.1,0.011898340433807775,0.011969407265774487,0.024132291477376125,-0.2085072937955148,-0.011876282305341528,,Blk 713,Sembawang Rd,1.42740500891774,103.82685672676006
43441,459.72222222222223,476.5,0.03576885336574609,0.03641625467261567,0.024132291477376125,0.20808452347936068,0.01199450822658774,,Opp Blk 258,Bt Batok East Ave 2,1.35173000550557,103.75897289147882
65319,680.5555555555555,705.35,0.03573309801969593,0.03637919791327041,0.024132291477376125,0.20746051574937185,0.011958324659627076,,Oasis Stn Exit A,Punggol Dr,1.40257805553795,103.91244500001986
30111,466.5,483.5,0.03571808260207909,0.036363636363636216,0.024132291477376125,0.20719846440049738,0.011943129796850365,,Blk 804B,Brickland Rd,1.37245788679333,103.74282538457524
17031,906.6666666666666,917.65,0.012027997060093831,0.012100624311421171,0.024132291477376125,-0.20624450666059874,-0.011748157211797809,,Kent Ridge Sec Sch,West Coast Rd,1.30172305827699,103.76567633935802
54571,733.0555555555555,741.9499999999999,0.012044033184303693,0.012116854612880727,0.024132291477376125,-0.20596464178523222,-0.011732309355427475,,Blk 532,Ang Mo Kio Ave 10,1.37425472964633,103.85491933752174
84081,400.3333333333333,405.2,0.012053311945628309,0.012126245847176743,0.024132291477376125,-0.205802707433285,-0.011723139412858366,,Opp Blk 40,Bedok Sth Rd,1.3204380811482,103.94022038903293
78109,1658.5555555555554,1718.75,0.035629102520783995,0.03627142474558078,0.024132291477376125,0.20564557050694415,0.01185309102078324,,Downtown East,Pasir Ris Dr 3,1.375403,103.954556
59561,5847.666666666667,5919.15,0.012148071374671332,0.012222158896613811,0.024132291477376125,-0.20414895148503537,-0.01162948642463093,,Opp Khatib Stn Exit D,Yishun Ring Rd,1.41870141531997,103.83293375107691
63199,854.5555555555555,865.05,0.012191613110733357,0.012266233766233826,0.024132291477376125,-0.20338905449391909,-0.011586450119666426,,Aft Phillips Ave,Yio Chu Kang Rd,1.36327972197547,103.87383805598819
60099,999.2777777777778,1011.55,0.012194162290646737,0.012268814218272953,0.024132291477376125,-0.2033445658188871,-0.011583930472487442,,Bef Lavender St,Bendemeer Rd,1.315304,103.861404
52139,598.2777777777778,605.65,0.012226792018617871,0.012301844813201292,0.024132291477376125,-0.20277510685034972,-0.011551678198827867,,Oleander Twrs,Lor 1 Toa Payoh,1.33271833297864,103.84404416701967
76549,1891.5,1914.8,0.012236583637188048,0.012311756935271369,0.024132291477376125,-0.20260422203585735,-0.01154199964250017,,Opp Citylife @ Tampines,Tampines Ave 9,1.360559,103.940515
47009,7057.555555555556,7144.55,0.012249350283934035,0.012324680844366285,0.024132291477376125,-0.20238141657777683,-0.011529380267832982,,Woodlands Temp Int,Woodlands Sq,1.437553,103.786282
53389,4433.0,4592.9,0.03542722531301479,0.03606224627875493,0.024132291477376125,0.20212237881471926,0.011648841561444263,,Opp Bishan Nth Shop Mall,Bishan St 22,1.35804473736933,103.84516933880761
84569,640.6111111111111,648.55,0.012297441222818506,0.012373365659363861,0.024132291477376125,-0.20154212620804493,-0.011481842644615043,,Opp Blk 53,Chai Chee St,1.3279697494091,103.92011115886494
44791,688.1666666666666,696.7,0.012306072715454697,0.012382103990326992,0.024132291477376125,-0.20139148808755888,-0.011473310220595365,,West View Pr Sch,Senja Rd,1.38372439268243,103.76068878232401
14039,964.8888888888889,999.65,0.035356262080789236,0.03598872656160136,0.024132291477376125,0.20088391770762729,0.011577054236930243,,Opp St. Theresa's Convent,Lower Delta Rd,1.27663637861466,103.82345826768822
43179,1386.2777777777778,1403.5,0.012337973910876876,0.012414400704817466,0.024132291477376125,-0.20083474357971945,-0.011441774534474303,,Blk 231,Bt Batok East Ave 3,1.3489707828044,103.75430345301592
81081,3773.3888888888887,3820.35,0.01236527746930527,0.012442043597933812,0.024132291477376125,-0.20035823773101033,-0.011414783008724765,,Opp Aljunied Stn,Aljunied Rd,1.31621665907428,103.88168156879213
22181,624.6111111111111,647.1,0.03531605563281026,0.035947073972117,0.024132291477376125,0.20018222867071858,0.011536383134348108,,S'pore Post,Pioneer Rd Nth,1.33301611112037,103.69637694442996
44459,824.8888888888889,854.5500000000001,0.035284289588905615,0.035914166554554317,0.024132291477376125,0.1996278428476907,0.011504251135546258,,Opp South View Stn,Choa Chu Kang Way,1.38028731431529,103.74454562435122
46851,707.3888888888889,716.25,0.012431233874096392,0.012508822837423977,0.024132291477376125,-0.1992071565367689,-0.01134957733163999,,Blk 664,Woodlands Ring Rd,1.43612666735899,103.79761267660548
64209,1168.2777777777778,1182.95,0.012470031579513652,0.012548106618520155,0.024132291477376125,-0.19853005308901492,-0.0113112192196821,,Aft Defu Ave 1,Tampines Rd,1.36146974234447,103.89452504836862
75561,1655.5,1714.85,0.03520164189984154,0.035828554180501015,0.024132291477376125,0.19818546282515231,0.011420656101227205,,Blk 648C,Tampines Nth Dr 2,1.366506,103.941333
13062,648.7777777777778,656.95,0.012498516502754242,0.012576949384404625,0.024132291477376125,-0.19803292988217105,-0.011283056094542415,,Stellar RV,River Valley Rd,1.29476674399435,103.82853268161283
65251,2508.0555555555557,2539.65,0.012513544155693168,0.012592166153709809,0.024132291477376125,-0.19777066500059715,-0.011268197887812862,,Punggol Stn/Waterway Pt,Punggol Ctrl,1.40502618974463,103.90299618971393
84401,734.8333333333333,761.15,0.035139742897844606,0.035764439411097915,0.024132291477376125,0.19710519204073604,0.011358052109597745,,Opp Blk 550,Bedok Nth St 3,1.33316500001136,103.9269811109948
83291,890.7777777777777,922.65,0.035116238514003584,0.035740094692250035,0.024132291477376125,0.19669498996396556,0.011334281041103508,,Aft Joo Chiat Pl,Still Rd,1.31473309387158,103.90589521764187
78231,289.6666666666667,300.05,0.035099228669587035,0.035722477064220326,0.024132291477376125,0.19639813157565789,0.011317078548636148,,Opp Blk 482,Pasir Ris St 41,1.373443032341,103.95986036196572
64159,368.72222222222223,373.45,0.012706309762329226,0.012787377911345307,0.024132291477376125,-0.1944064903552688,-0.011077586031063484,,Bef Greenwich Dr,Tampines Rd,1.36751138265993,103.9099923734176
84061,2363.0555555555557,2393.35,0.012733195354448945,0.012814607665734223,0.024132291477376125,-0.19393727891806173,-0.011050997908986365,,The Tanamera Condo,New Upp Changi Rd,1.32584790501258,103.94223128727671
43191,1063.2777777777778,1076.95,0.012764663035079948,0.012846479093803997,0.024132291477376125,-0.19338810017620256,-0.01101987748798705,,Blk 288C,Bt Batok East Ave 6,1.346377,103.759219
84351,845.6111111111111,875.7,0.034923406200843665,0.035540389789356065,0.024132291477376125,0.19332965114625106,0.011139281913983043,,Bedok Ctrl PO,Bedok Nth St 1,1.32766562447954,103.93409675152876
63191,439.5,455.15,0.034911257415248365,0.03552780930760419,0.024132291477376125,0.19311762869481652,0.011126997874258315,,Aft S'goon Nth Ave 1,Yio Chu Kang Rd,1.36426277802723,103.87403972199432
11099,393.8888888888889,399.0,0.012860115729604438,0.012943162633651929,0.024132291477376125,-0.19172224525347337,-0.010925472164912565,,Opp Leedon Green,Farrer Rd,1.31305333300118,103.80437666697586
06149,482.3333333333333,488.6,0.012882184451606271,0.012965517241379653,0.024132291477376125,-0.19133709856517675,-0.01090364431326317,,Havelock Stn Exit 4,Havelock Rd,1.28984045728104,103.83411526676929
77289,3075.3333333333335,3184.25,0.03479236726402313,0.03540470256799212,0.024132291477376125,0.19104273971793417,0.011006791978363288,,Blk 738,Pasir Ris Dr 1,1.37889759950996,103.93596534133927
52099,1274.5555555555557,1291.15,0.012925684137440996,0.013009581881533117,0.024132291477376125,-0.19057793544101415,-0.010860617996721684,,Opp NKF,Kim Keat Rd,1.32652328466497,103.85488905075222
11141,1700.4444444444443,1722.6,0.01293756326269424,0.013021615620714033,0.024132291477376125,-0.19037061914282669,-0.010848867816319156,,Queenstown Stn Exit A/D,C'wealth Ave,1.29463705145492,103.80582510668431
44819,1220.888888888889,1236.8,0.012937679330546459,0.01302173319996403,0.024132291477376125,-0.19036859350904073,-0.01084875300766506,,Opp West Spring Sec Sch,Senja Rd,1.387188,103.759842
09141,352.3888888888889,357.0,0.012963867618061009,0.013048262851753117,0.024132291477376125,-0.18991155153771358,-0.010822848491217466,,British Council,Napier Rd,1.30543500002797,103.82177666702269
14279,2107.1111111111113,2181.6,0.03472448815107487,0.03533442260053726,0.024132291477376125,0.18985810312890283,0.010938168063230726,,Blk 25,Telok Blangah Way,1.27591552267791,103.81920892602811
44589,473.77777777777777,490.55,0.0347168055051279,0.03532646852328593,0.024132291477376125,0.18972402442495315,0.010930401413045469,,Opp Blk 489A,Choa Chu Kang Ave 5,1.37512566998176,103.7401815256426
63039,4584.888888888889,4644.95,0.01301191653010747,0.013096939888063654,0.024132291477376125,-0.1890729946267419,-0.010775318463392334,,Kovan Stn Exit C,Upp S'goon Rd,1.360036,103.885203
54019,2285.8333333333335,2366.3,0.03458202850197889,0.035186939727425204,0.024132291477376125,0.18737187569531338,0.010794160424433097,,Blk 307A,Ang Mo Kio Ave 6,1.366576359,103.8443435
41041,1380.611111111111,1398.85,0.013114798000376737,0.013201174152559886,0.024132291477376125,-0.18727749158139093,-0.010673540338277398,,Coronation Plaza,Bt Timah Rd,1.32398472197176,103.8102991670086
72039,1793.6666666666667,1856.8,0.034573688296966054,0.03517830609212446,0.024132291477376125,0.1872263211706725,0.010785730229064209,,Kaki Bt Stn Exit A,Kaki Bt Ave 1,1.33546648279458,103.90985114690736
13081,690.8333333333334,715.15,0.03454456340088985,0.03514815707058488,0.024132291477376125,0.18671802906069887,0.01075629162841615,,St. Thomas Wk,River Valley Rd,1.295875,103.836253
71111,1091.611111111111,1130.0,0.03453185078363141,0.03513499771190338,0.024132291477376125,0.1864961665334414,0.01074344235221326,,Blk 343,Ubi Ave 1,1.3267052749653,103.90058695177659
40199,488.1666666666667,494.65,0.013166769444764803,0.013253833049403892,0.024132291477376125,-0.18637047804021745,-0.010622122277073563,,Aft Balmoral Rd,Stevens Rd,1.31258333303153,103.83191222199584
70139,591.8888888888889,599.75,0.013171864357337526,0.013258995502248364,0.024132291477376125,-0.18628156085215455,-0.010617081470443957,,Aft Jln Belangkas,MacPherson Rd,1.33218202150261,103.88328460405727
45269,746.3888888888889,756.3,0.013173825530398808,0.013260982680443047,0.024132291477376125,-0.18624733416201514,-0.01061514111741416,,Blk 544,Choa Chu Kang St 52,1.39436168074215,103.74373102471621
44871,484.22222222222223,501.25,0.03449102754570266,0.03509274101213693,0.024132291477376125,0.1857837131846476,0.010702181374390274,,Blk 810 CP,Choa Chu Kang Ave 7,1.37415475892549,103.74679713839167
16991,870.5,901.0500000000001,0.034454085938736334,0.035054503729202456,0.024132291477376125,0.18513900264897395,0.010664845101281144,,Opp Nan Hua High Sch,Clementi Ave 1,1.30777929773028,103.76988582423061
92049,5189.777777777778,5258.95,0.01323797420773154,0.013325984117130664,0.024132291477376125,-0.1851278017019453,-0.010551671351614812,,Marine Pde Stn/Parkway Pde,Marine Parade Rd,1.302999,103.905955
93131,505.5,523.25,0.0344443460932915,0.035044422507404,0.024132291477376125,0.18496902138692864,0.01065500142983133,,Opp Eastern Lagoon II,Bedok Sth Ave 1,1.31277833350682,103.93415826027375
11169,7231.0,7484.4,0.03443883356759869,0.035038716814158134,0.024132291477376125,0.1848728159512646,0.010649430183525216,,C'wealth Stn Exit B/C,C'wealth Ave,1.30270500001823,103.79838166697326
58259,4342.333333333333,4400.35,0.013269209578316676,0.013357636224098184,0.024132291477376125,-0.18458267727029112,-0.010520765083712783,,Opp Sun Plaza,Sembawang Dr,1.44777267175187,103.81895151565973
75201,297.11111111111114,307.55,0.03441763167767142,0.035016772269847514,0.024132291477376125,0.18450279734799255,0.010628002732703437,,Blk 833,Tampines St 83,1.35078500992301,103.93353377368994
64059,1603.388888888889,1624.85,0.013287826457546892,0.01337650195643877,0.024132291477376125,-0.18425777266632992,-0.010502343896823568,,Blk 355,Upp S'goon Rd,1.37249135705281,103.89837470452339
43699,1462.5555555555557,1513.7,0.03434861237294484,0.034945338597024665,0.024132291477376125,0.18329826195886717,0.010558252297708563,,Blk 298,Bt Batok Ave 1,1.34475341160997,103.74628307427523
45071,717.7222222222222,727.4,0.013375403831716426,0.013465254695834428,0.024132291477376125,-0.182729359030583,-0.010415682495621553,,Bef Mandai Rd,Woodlands Rd,1.40955433592964,103.75568311864467
11171,461.8888888888889,468.15,0.013435502251360809,0.013526164186269864,0.024132291477376125,-0.1816805122828659,-0.010356208254898636,,Opp Blk 7B,C'wealth Ave,1.30535666699303,103.79479722196947
57129,1543.0555555555557,1563.95,0.01344144206725506,0.013532184362968493,0.024132291477376125,-0.18157684971370705,-0.010350329935516732,,Blk 114,Sembawang Rd,1.43418656873084,103.82641445936885
43409,1417.8333333333333,1437.05,0.013453091535112982,0.013543991542346742,0.024132291477376125,-0.18137354143126444,-0.010338800976341723,,Opp Blk 122,Bt Batok West Ave 3,1.35235542005389,103.74623591627208
67211,647.8888888888889,656.7,0.013487401821252298,0.013578767123288,0.024132291477376125,-0.1807747531063234,-0.010304844834903107,,Ranggung Stn Exit A,Sengkang East Ave,1.38393828115359,103.89765917692944
63019,1287.1666666666667,1304.7,0.013519276535176594,0.013611075171431954,0.024132291477376125,-0.1802184707576072,-0.010273298082190772,,Aft Upp S'goon Shop Ctr,Upp S'goon Rd,1.35347964311763,103.87800141702434
43249,501.77777777777777,508.65,0.013575936816614842,0.01366850828729298,0.024132291477376125,-0.17922962692006722,-0.010217218299980043,,Hillview Apts,Hillview Ave,1.35565052307818,103.76204709426311
95029,6651.222222222223,6742.3,0.013598451744554652,0.013691331217639276,0.024132291477376125,-0.17883669297796878,-0.010194933161100794,,Changi Airport Ter 1,PTB1 Basement,1.361057,103.990812
40339,678.3888888888889,701.95,0.03409206423271183,0.03467985935072432,0.024132291477376125,0.17882094484955768,0.01029902871057083,,Blk 448B,Bukit Batok West Avenue 9,1.35347432348291,103.74087652056193
54291,932.8333333333333,945.65,0.013631458361128779,0.013724790290915657,0.024132291477376125,-0.17826065649228803,-0.010162262505605582,,Blk 564,Ang Mo Kio Ave 3,1.3693065,103.858548
44121,1677.9444444444443,1736.1,0.03405176705636492,0.03463816551404706,0.024132291477376125,0.17811767240739151,0.010258317332730069,,Blk 113,Choa Chu Kang Way,1.377619,103.750861
20169,292.05555555555554,302.2,0.03403045332011434,0.034616113744076145,0.024132291477376125,0.17774570184509716,0.010236785182875578,,Blk 35,West Coast Rd,1.319148,103.742719
98119,885.0,915.65,0.03400876940395303,0.03459367945823904,0.024132291477376125,0.17736727084677584,0.010214879530623626,,Loyang Pt/Opp Blk 256,Pasir Ris Dr 2,1.3671897219745,103.96432861100051
14509,469.94444444444446,486.2,0.03393458168344665,0.034516928158546914,0.024132291477376125,0.1760725354804536,0.01013993677144023,,Blk 92B,Telok Blangah St 31,1.275651111,103.8068061
71121,878.7222222222222,909.05,0.03389334197984173,0.034474265866751556,0.024132291477376125,0.1753528139094242,0.01009827975881561,,Ubi Stn Exit B,Ubi Ave 2,1.330081111,103.8994169
84541,765.4444444444445,776.1,0.013806826054629795,0.013902580458103905,0.024132291477376125,-0.17520011286948456,-0.009988661723101424,,Blk 42,Chai Chee St,1.32761801937398,103.92519155563974
05521,628.6111111111111,650.3,0.03386802071557238,0.03444807200211799,0.024132291477376125,0.17491090335946058,0.010072703117153638,,Maritime Hse,Cantonment Rd,1.27676861098316,103.84059222200347
72079,1343.2222222222222,1389.5,0.033847822343379796,0.034427178045958455,0.024132291477376125,0.1745583983001142,0.010052301498794946,,Blk 609,Bedok Reservoir Rd,1.33201510811169,103.91201112281274
10599,879.4444444444445,909.75,0.03384160540645098,0.034420747097425514,0.024132291477376125,0.17444989937256944,0.010046022086861096,,Opp Blk 36,Jln Rumah Tinggi,1.28883435010664,103.80924997344987
59099,644.3888888888889,653.4,0.013865721671226794,0.013962296634242519,0.024132291477376125,-0.17417225762323887,-0.009930352677838854,,Blk 220,Yishun Ave 2,1.43272835490407,103.83522544787667
53059,1214.611111111111,1231.6,0.013878837093655783,0.013975595265298337,0.024132291477376125,-0.17394336527896465,-0.009917367411026659,,Upp Thomson Stn Exit 2,Upp Thomson Rd,1.355471,103.8312231
45279,529.6666666666666,537.15,0.014003253974088636,0.014101758793969878,0.024132291477376125,-0.1717720229845205,-0.009794176755169554,,Blk 563,Choa Chu Kang St 52,1.39565860027275,103.74540871067298
60261,3147.6666666666665,3192.15,0.014028807587267877,0.014127673089139012,0.024132291477376125,-0.17132605744609103,-0.009768873095295933,,Potong Pasir Stn Exit C,Upp S'goon Rd,1.33132471594343,103.86891794930561
59461,1794.611111111111,1820.0,0.014040384873331924,0.014139414003279662,0.024132291477376125,-0.1711240088912785,-0.00975740883990788,,Opp Blk 419,Yishun Ave 11,1.4233562505923,103.84695938114267
01519,431.72222222222223,437.85,0.014061666014342222,0.014160996276800054,0.024132291477376125,-0.17075260718606833,-0.009736335123455427,,The Gateway,Beach Rd,1.29907492488417,103.8589102973441
57079,384.27777777777777,397.45,0.033617444990990286,0.03418889689978413,0.024132291477376125,0.1705378177552148,0.009819635125361312,,Khatib Camp,Sembawang Rd,1.42443860227619,103.82566793061787
63049,728.1666666666666,738.55,0.014139563553718482,0.014239999999999264,0.024132291477376125,-0.16939312749736096,-0.009659193016076663,,Glad Tidings Ch,Upp S'goon Rd,1.36219166668854,103.88752277779692
84249,1083.5,1098.95,0.014145672940989229,0.01424619640387284,0.024132291477376125,-0.16928650554278404,-0.009653142622074692,,Blk 124,Bedok Nth Rd,1.32941668893627,103.93960622332179
18119,734.4444444444445,759.45,0.033435360535674974,0.03400060432089506,0.024132291477376125,0.16736005218504896,0.009635779406275009,,Opp Fairfield Meth Pr Sch,Dover Rd,1.30004638896912,103.78466749999943
84039,4111.222222222223,4251.0,0.033425891417856235,0.03399081329370437,0.024132291477376125,0.1671947957026539,0.009626219091389745,,Bedok Stn Exit A,New Upp Changi Rd,1.32353645344906,103.92886300203479
54239,1376.4444444444443,1423.25,0.033415428858577734,0.03397999516011964,0.024132291477376125,0.1670122015290136,0.009615655872482618,,Blk 209,Ang Mo Kio Ave 3,1.369186093503,103.84332015576305
44509,2245.277777777778,2321.45,0.03334813762015365,0.03391041970667505,0.024132291477376125,0.16583782461546778,0.009547719870441108,,Blk 442,Choa Chu Kang Ave 4,1.38081340360597,103.73845177601393
28459,1790.9444444444446,1816.85,0.014353172012429027,0.014456673383971767,0.024132291477376125,-0.16566520023189998,-0.009447625247170617,,Opp Parc Oasis,Jurong East Ave 1,1.34440772894012,103.7343152870331
67051,1471.7222222222222,1521.55,0.033274020706359764,0.03383379229695569,0.024132291477376125,0.16454432497864646,0.00947289808193093,,Opp Seletar Hills Est,Yio Chu Kang Rd,1.3873944756683,103.87302341120069
62029,405.0,410.9,0.014427441840302535,0.01453201970443362,0.024132291477376125,-0.1643690319153357,-0.009374054360783314,,Paya Lebar Gdns,Upp Paya Lebar Rd,1.3441045,103.8827165
66381,1927.1666666666667,1955.2,0.014434178055559244,0.014538853833521227,0.024132291477376125,-0.16425147046354166,-0.009367381268698939,,Opp S'goon Stn Exit F,S'goon Ave 2,1.35020472222222,103.8712252777778
13069,499.44444444444446,506.75,0.014492607977187433,0.014598134991119305,0.024132291477376125,-0.16323174259662399,-0.009309496991353717,,RV Residences,River Valley Rd,1.29488000002792,103.82880805602646
67499,1042.5555555555557,1057.85,0.01454972777793273,0.014656090289608341,0.024132291477376125,-0.16223487915834303,-0.009252907331041928,,Fernvale Pr Sch,Sengkang West Ave,1.39068028707514,103.87467870992985
67041,1333.111111111111,1378.05,0.03312962059957769,0.03368451736487054,0.024132291477376125,0.16202423238279184,0.009327140611604704,,Opp The Greenwich,Yio Chu Kang Rd,1.38802587904105,103.87037184486725
78189,1117.4444444444443,1155.1,0.033113440681190376,0.03366779256904463,0.024132291477376125,0.16174185798960014,0.009310809912958544,,Opp Blk 187,Pasir Ris St 11,1.3648,103.958657
63299,978.0,992.45,0.014652091068588113,0.014759959141981976,0.024132291477376125,-0.16044841946231755,-0.009151486007607436,,Blk 115,Lor Ah Soo,1.35263165715857,103.88833522800789
46489,1954.9444444444443,1983.8500000000001,0.014670175959714982,0.01477831113130933,0.024132291477376125,-0.1601327991955373,-0.009133566458072602,,Aft Gambas Ave,Woodlands Ave 9,1.44952095631928,103.80160651744906
46349,439.3333333333333,445.85,0.014690951973185484,0.014799394398183329,0.024132291477376125,-0.15977021305287323,-0.009112979989850235,,Aft Blk 353,Woodlands Ave 1,1.4318970485931,103.78622445675852
05271,389.5,402.6,0.032996319199713575,0.03354673495518601,0.024132291477376125,0.15969783610580293,0.009192604857941695,,Opp Fairfield Meth Ch,Tg Pagar Rd,1.27975329525167,103.84382212419122
14199,556.1111111111111,574.75,0.03290883731877514,0.03345632229756669,0.024132291477376125,0.1581710890324292,0.00910432265224257,,Blk 118,Depot Rd,1.28131676735406,103.81275056370772
84539,2261.0555555555557,2294.75,0.014785649749778251,0.014895498194856636,0.024132291477376125,-0.1581175330725496,-0.009019140749087039,,Bedok Nth Stn Exit B,Bedok Nth Rd,1.3350342184363,103.91851751540032
63391,660.8888888888889,670.75,0.014788547203132829,0.014898438811482572,0.024132291477376125,-0.1580669662765241,-0.009016269424112317,,Blk 639,Hougang Ave 8,1.3708774514093,103.88018734514235
28529,1359.4444444444446,1404.95,0.0329017871315207,0.03344903626265919,0.024132291477376125,0.1580480480936429,0.00909720830288738,,Blk 441,Jurong West Ave 1,1.35117921308914,103.7206511492765
07211,5028.611111111111,5196.4,0.032815833317336285,0.03336021119370863,0.024132291477376125,0.15654796907335164,0.009010476276478543,,Aft Farrer Pk Stn Exit G,S'goon Rd,1.31313747728456,103.8563561439714
52009,29874.38888888889,30322.6,0.014891259866885775,0.015002687087289007,0.024132291477376125,-0.15627440926813527,-0.008914477617844741,,Toa Payoh Int,Lor 6 Toa Payoh,1.33202083385749,103.84692763524869
76149,1938.5555555555557,2003.2,0.0327861268875953,0.03332951420714887,0.024132291477376125,0.1560295279495337,0.008980502622864442,,Opp Tampines Stn/Int,Tampines Ave 4,1.35370728527221,103.94636710560508
84051,1064.8333333333333,1080.85,0.014915572848550163,0.015027365129006638,0.024132291477376125,-0.15585009541933706,-0.00889038108078308,,Bedok Sports Cplx,New Upp Changi Rd,1.325207,103.938755
54471,299.8333333333333,309.85,0.032754079176419815,0.03329639889196632,0.024132291477376125,0.15547022642651392,0.008948167625268786,,Opp Blk 538,Ang Mo Kio Ave 5,1.37613470846106,103.853296559924
96129,1308.6666666666667,1328.4,0.014955060717131374,0.015067447187579509,0.024132291477376125,-0.15516094713921996,-0.008851243501676919,,Melville Pk,Simei Rd,1.3474583546739,103.95795115114063
46809,831.9444444444445,859.65,0.03272097111877681,0.03326218902154379,0.024132291477376125,0.15489241957589167,0.008914763864146118,,Opp W'lands Mart,Woodlands Ave 6,1.44649662319346,103.79808713932866
92149,493.72222222222223,510.15,0.03266665137542546,0.03320606400898344,0.024132291477376125,0.1539444231645382,0.008859961361552045,,St. Patrick's Green,East Coast Rd,1.30928064742874,103.91434517290193
43099,530.9444444444445,539.0,0.015030083405638273,0.015143603133159524,0.024132291477376125,-0.15385163978453306,-0.008776882067891682,,Assumption Eng Sch,Upp Bt Timah Rd,1.36872205121157,103.76498636840047
60199,875.3333333333334,904.4,0.03263029894008618,0.0331685051350318,0.024132291477376125,0.15330999494158637,0.008823287511636177,,Boon Keng Stn/Blk 22,Boon Keng Rd,1.3179530560114,103.8612788890282
05019,540.3333333333334,548.55,0.015064529461396248,0.01517857142857187,0.024132291477376125,-0.15325048198758573,-0.008742737753037688,,Aft Duxton Plain Pk,New Bridge Rd,1.28118388885484,103.84105000000471
52391,829.6666666666666,857.15,0.03255031814341347,0.03308587479935803,0.024132291477376125,0.15191415793012464,0.008742604247997878,,Opp Blk 231,Lor 8 Toa Payoh,1.3376513888146,103.8598834966415
40129,1137.7777777777778,1175.45,0.032545866831442005,0.03308127622207085,0.024132291477376125,0.15183647295750852,0.008738114029961152,,Newton Life Ch,Newton Rd,1.31453779264106,103.84082845008946
92111,1038.2777777777778,1072.65,0.032538030960401976,0.03307318116213247,0.024132291477376125,0.1516997201459621,0.00873020971915507,,Opp Roxy Sq,East Coast Rd,1.30477657929676,103.90293341562067
84659,1861.9444444444443,1923.55,0.03253390348429086,0.03306891718605592,0.024132291477376125,0.15162768680596683,0.008726046217904276,,Bef Heartbeat @ Bedok,Bedok Nth St 1,1.327201,103.93063
44229,3265.222222222222,3373.05,0.032479769889256715,0.0330129949652997,0.024132291477376125,0.15068293908331848,0.008671441728599912,,Bef Pending Stn,Pending Rd,1.37656055754166,103.771459794786
40381,319.27777777777777,329.84999999999997,0.03247642565107345,0.033009540329574684,0.024132291477376125,0.15062457493060255,0.008668068496690561,,Blk 111,Plantation Cres,1.35636,103.73427
67391,1234.4444444444443,1275.2,0.03245613306721751,0.03298857810954308,0.024132291477376125,0.15027042567499782,0.008647600223005564,,Blk 333B,Sengkang East Way,1.39425676218487,103.89144488028346
43499,1239.611111111111,1258.7,0.015269507619534828,0.015386682190676742,0.024132291477376125,-0.14967317203852493,-0.00853953083940287,,Blk 419,Bt Batok West Ave 4,1.36259558126251,103.74686723054008
52179,1031.7777777777778,1065.8,0.032411469488534905,0.032942442173212134,0.024132291477376125,0.14949095011607552,0.008602551417577906,,Braddell Stn/Blk 106,Lor 1 Toa Payoh,1.34069018059141,103.84803485038329
44389,326.55555555555554,331.6,0.015282890785819347,0.015400271370420509,0.024132291477376125,-0.1494396069878175,-0.008526261870289353,,Opp Blk 201,Petir Rd,1.37154303506556,103.77461859337586
62229,529.6666666666666,537.85,0.01530316130662257,0.015420854271357275,0.024132291477376125,-0.14908584277995987,-0.00850616397755806,,The Minton,Lor Ah Soo,1.35108999372692,103.88212234368397
52261,690.1666666666666,700.85,0.01533871496200856,0.015456956836267058,0.024132291477376125,-0.14846535498607605,-0.008470912120732314,,Opp Blk 73,Lor 4 Toa Payoh,1.33403167346972,103.85128140448401
62049,476.22222222222223,483.59999999999997,0.015341551300289247,0.015459837019790711,0.024132291477376125,-0.1484158547796026,-0.00846809980483561,,Aft Paya Lebar Cres,Upp Paya Lebar Rd,1.348714,103.8803845
59439,1837.2777777777778,1865.7,0.015343023086166419,0.015461331560337495,0.024132291477376125,-0.14839016894893114,-0.008466640481114231,,Blk 858,Yishun Ring Rd,1.417834,103.838374
76349,339.3333333333333,344.6,0.015356507433344824,0.015475024485798372,0.024132291477376125,-0.14815483807389573,-0.008453270210911027,,Dunman Sec Sch,Tampines Ave 9,1.3603851367314,103.95556569101933
77019,1271.0,1312.75,0.03229517829109341,0.032822327044025136,0.024132291477376125,0.1474614184753706,0.008485266638856861,,Blk 515,Pasir Ris Dr 1,1.3737108000359,103.94351079998545
67251,607.3333333333334,627.3,0.03229478206041936,0.03282191780821939,0.024132291477376125,0.14745450339746535,0.008484867046139058,,Compassvale Stn Exit A,Compassvale St,1.39442862205324,103.9003121852631
22519,1221.1666666666667,1240.15,0.015413129300555717,0.015532524205646174,0.024132291477376125,-0.14716666464728612,-0.008397125394146335,,Blk 608,Jurong West St 63,1.33773359608761,103.6999522210238
10371,1602.7222222222222,1627.8,0.015516231092510324,0.015637232826410424,0.024132291477376125,-0.1453673165144189,-0.008294884090326882,,Blk 129,Lower Delta Rd,1.28365072319387,103.824502653383
55159,761.7222222222223,773.65,0.015517409440859886,0.015638429601572586,0.024132291477376125,-0.14534675180004822,-0.008293715515551804,,Opp Ang Mo Kio Cmty Hosp,Ang Mo Kio Ave 9,1.383362,103.84065
27189,377.3333333333333,389.7,0.032164360813631276,0.03268722466960325,0.024132291477376125,0.1451783719894131,0.008353347769052461,,Opp PUB Sub-Stn,Nanyang Ave,1.35607204234326,103.68903921690323
01219,840.3333333333334,853.5,0.015528567562650863,0.01564976228209127,0.024132291477376125,-0.14515201856379428,-0.008282649874312877,,Blk 461,Victoria St,1.30526598535719,103.86072019914616
59451,304.0,308.8,0.015615151375356184,0.01573770491803233,0.024132291477376125,-0.14364094471362848,-0.008196779487573882,,Bet Blks 349/350,Yishun Ave 11,1.42569613726662,103.84360741617542
64201,1829.5555555555554,1858.5,0.015688131330636956,0.01581183611532707,0.024132291477376125,-0.14236728744946564,-0.008124395091620697,,Aft Hougang Ave 3,Tampines Rd,1.36172833297814,103.89420777799334
71189,565.3333333333334,574.3000000000001,0.015708810865425527,0.01583284284873465,0.024132291477376125,-0.1420063850674124,-0.00810388335345719,,Paya Lebar Air Base,Airport Rd,1.344908,103.8991505
03218,423.72222222222223,430.45,0.015716268487317997,0.01584041857423098,0.024132291477376125,-0.14187623351743978,-0.008096486139679853,,Prince Edward Rd Stn Exit 2,Shenton Way,1.2740788888387,103.84687388890413
46681,649.4444444444445,659.8,0.01579533229115615,0.015920737956952122,0.024132291477376125,-0.14049640000420466,-0.008018059374515291,,Blk 899A,Woodlands Ave 4,1.4357329097814,103.79577696652271
10389,1017.6111111111111,1050.6,0.031872770246463844,0.03238614671393447,0.024132291477376125,0.14008948912280483,0.008059364307956379,,Blk 48,Lower Delta Rd,1.28875832991208,103.82573455047122
54189,3039.4444444444443,3137.9,0.03186871651044143,0.032381961701504966,0.024132291477376125,0.14001874270603762,0.00805527790968115,,Mayflower Stn Exit 5,Ang Mo Kio Ave 4,1.37046966291161,103.83679073259783
84579,1140.4444444444443,1177.4,0.03186306926837634,0.0323761316071256,0.024132291477376125,0.13992018617978308,0.008049585193585892,,Aft Chai Chee St,Chai Chee Dr,1.32584772443012,103.91948961283839
46251,329.5,340.2,0.03186215632578282,0.03237518910741275,0.024132291477376125,0.13990425336697812,0.008048664902603274,,Riverside Sec Sch,Woodlands St 81,1.4409223616912,103.78908630031805
82121,410.72222222222223,417.3,0.015849974392958543,0.015976251518013747,0.024132291477376125,-0.139542777744202,-0.007963853915392878,,Questa @ Dunman,Dunman Rd,1.30965150589688,103.8965764453886
67469,306.6111111111111,316.55,0.031798927322181925,0.03230991511648965,0.024132291477376125,0.13880077119256143,0.007984929004940154,,Bef Sengkang East Ave,Sengkang East Rd,1.38533638989648,103.8907421565758
85061,531.6666666666666,540.2,0.01589305863852264,0.016020025031289062,0.024132291477376125,-0.1387908649467418,-0.007921111865718637,,Opp Bedok Mkt Pl,Bedok Rd,1.33146,103.94739
59421,3307.5,3414.25,0.03175578231548393,0.03226537705909184,0.024132291477376125,0.13804779798256364,0.007941440426591003,,Blk 624,Yishun Ring Rd,1.41762836917061,103.8351341252188
43239,586.9444444444445,596.4,0.015954444584449057,0.016082396295945742,0.024132291477376125,-0.137719548094794,-0.007860210295505763,,The Petals Condo,Hillview Ave,1.35308576389352,103.76002837789773
11199,673.8333333333334,684.7,0.01597446748621234,0.016102741417633685,0.024132291477376125,-0.13737010537203115,-0.007840344579077086,,Blk 15,C'wealth Ave West,1.30837970735444,103.78843145303215
65529,927.4444444444445,942.4,0.01597982550992416,0.016108185734801224,0.024132291477376125,-0.1372765963284059,-0.007835028549875734,,Aft Punggol Field,Punggol East,1.39161433333333,103.914103333333
21029,345.77777777777777,356.95,0.03170914690763382,0.03221723806472269,0.024132291477376125,0.13723390976151767,0.007894435762477049,,Aft Corp Pl,Jln Ahmad Ibrahim,1.32429728567538,103.72180766916203
75271,764.8888888888889,777.25,0.016010703772285417,0.016139561874365604,0.024132291477376125,-0.1367377042037145,-0.007804391746578458,,Blk 721,Tampines Ave 9,1.36024833439953,103.93601495043112
43251,608.0,627.6,0.03167685665357034,0.03218390804597716,0.024132291477376125,0.13667037534317783,0.007861891120517312,,Hillbrooks,Hillview Ave,1.35859534411792,103.76319656643706
75479,1300.0555555555557,1341.9,0.03165555379144447,0.03216191980870253,0.024132291477376125,0.13629859455775956,0.007840421006297105,,Blk 619A,Tampines Ave 6,1.361776111,103.9381889
76209,657.1111111111111,667.8,0.016111282829745832,0.016241769373627975,0.024132291477376125,-0.1349823832164069,-0.0077045926287174936,,Blk 233,Tampines Ave 7,1.35660332787929,103.94766913185744
59759,444.8888888888889,452.15,0.016153403570092983,0.016284575130824454,0.024132291477376125,-0.13424728565833538,-0.0076627955312597714,,The Shaughnessy,Yishun Ave 1,1.41755035688919,103.84631099997239
96429,297.77777777777777,302.65,0.016175643410939244,0.01630717738936426,0.024132291477376125,-0.13385915257797532,-0.007640725864354534,,Changi Lodge 2,Tanah Merah Coast Rd,1.313721111,103.9953811
46011,1014.4444444444445,1031.05,0.016220722544284527,0.01635299266878235,0.024132291477376125,-0.13307242469596314,-0.00759599015999353,,Blk 188A,Marsiling Rd,1.4385198561158,103.7742921156719
43589,893.9444444444445,908.6,0.016243299334525396,0.016375938916133845,0.024132291477376125,-0.13267841112359063,-0.0075735846099074244,,Opp Blk 347,Bt Batok West Ave 5,1.36227296946091,103.75153180716009
50069,1129.388888888889,1165.5,0.03144608950174632,0.031945741386936524,0.024132291477376125,0.13264299195934248,0.007629336536482991,,Hotel Royal,Newton Rd,1.31702163080967,103.84164776289317
17141,665.0555555555555,686.3,0.031397794316070815,0.03189590457919782,0.024132291477376125,0.13180013704359128,0.007580674065673865,,Clementi Stadium,AYE,1.3109950000148,103.76349999999258
75251,1477.4444444444446,1524.6,0.03139729132059532,0.03189538554035717,0.024132291477376125,0.13179135869015524,0.007580167257281077,,Opp Tropica Condo,Tampines Ave 1,1.3494983330038,103.92783361101397
52239,705.4444444444445,717.0500000000001,0.0162946403720996,0.016428122050959938,0.024132291477376125,-0.1317823995378824,-0.007522631100033408,,Blk 177,Toa Payoh Ctrl,1.33412194449168,103.84894805557066
52089,1761.4444444444443,1790.4,0.01629570273405001,0.016429201866095703,0.024132291477376125,-0.13176385903576637,-0.007521576729279985,,Opp Blk 195,Jln Toa Payoh,1.32991690265608,103.86027368842302
80091,2244.5,2316.1,0.03138819023091077,0.031885994210644024,0.024132291477376125,0.1316325250906562,0.007570997221543217,,Bef Lor 23 Geylang,Sims Ave,1.31489775184137,103.88095141640784
10161,9048.777777777777,9198.05,0.01636001538498455,0.016494573224635142,0.024132291477376125,-0.13064146488349254,-0.007457745758336637,,Opp Tiong Bahru Stn/Plaza,Tiong Bahru Rd,1.28593135445772,103.82668969231534
92201,364.77777777777777,376.4,0.03127964847370812,0.03177399756986565,0.024132291477376125,0.12973823785802785,0.007461639630038301,,Aft Lor M Telok Kurau,Telok Kurau Rd,1.31117244269722,103.9112378097299
52451,1180.388888888889,1199.95,0.016422139448423856,0.01655772395955768,0.024132291477376125,-0.1295572662926004,-0.0073960830850198535,,Blk 114,Whampoa Rd,1.3253199216809,103.85731928602708
85099,5886.666666666667,6073.4,0.03122345141168914,0.0317160165317319,0.024132291477376125,0.12875747819614924,0.0074050248366016955,,Tanah Merah Stn Exit 1,New Upp Changi Rd,1.32684437763421,103.94645987386455
29031,1094.5555555555557,1112.75,0.016471108524557465,0.016607505070994035,0.024132291477376125,-0.12870265053822014,-0.0073474749981050835,,Aft Penjuru Pl,Penjuru Rd,1.31653138767966,103.73538661201253
67119,1157.888888888889,1177.15,0.016483719911783545,0.016620325982741997,0.024132291477376125,-0.12848255469286274,-0.0073349561937917605,,Blk 128,Sengkang East Way,1.39050824371994,103.90323582065614
21501,493.3333333333333,509.0,0.0312006722485485,0.03169251517194818,0.024132291477376125,0.1283599327811924,0.007382077254556591,,Bef Meiji Seika,Quality Rd,1.3304277146486,103.71000208357827
63399,1562.5555555555554,1612.1,0.03119536340256701,0.03168703808982339,0.024132291477376125,0.12826728199478632,0.00737672923245986,,Blk 632,Hougang Ave 8,1.37022333300436,103.8802849999831
18011,699.0,710.65,0.016505882473230038,0.01664285714285753,0.024132291477376125,-0.12809577030432506,-0.0073129559499726425,,Aft HortPark,Alexandra Rd,1.28087089714667,103.8021033300325
53029,384.3333333333333,390.75,0.01651512067191696,0.016652249134947932,0.024132291477376125,-0.1279345438576917,-0.007303785267465547,,Shunfu Est,Upp Thomson Rd,1.34939240848355,103.83729222566143
12061,879.7222222222222,907.6,0.03116267537824058,0.03165331483000142,0.024132291477376125,0.1276968056294019,0.007343800615617473,,Blk 109,Clementi Rd,1.32178500189496,103.77087339859139
84379,1230.2777777777778,1250.8,0.016530041627091485,0.016667418670757057,0.024132291477376125,-0.127674141081708,-0.0072889731812386385,,Opp Blk 546,Bedok Nth Ave 1,1.33041495636834,103.92645503858006
11179,1999.0,2032.4,0.016562088298978317,0.016700000000000024,0.024132291477376125,-0.12711485769651168,-0.007257159586926552,,Blk 8,C'wealth Ave,1.30627521395682,103.79427940117534
59049,9608.777777777777,9769.4,0.01657630822048972,0.01671445749699266,0.024132291477376125,-0.12686668946649363,-0.007243042761285031,,Opp Khatib Stn,Yishun Ave 2,1.41700998157675,103.83339984073773
76541,923.4444444444445,952.65,0.031103771343401476,0.031592548076923826,0.024132291477376125,0.1266688034667164,0.007284465748839743,,Citylife @ Tampines,Tampines Ave 9,1.360247,103.940633
54409,534.1666666666666,551.05,0.031060397023686903,0.031547804422298174,0.024132291477376125,0.12591182825112401,0.007240776417883184,,Jing Shan Pr Sch,Ang Mo Kio St 52,1.37270833297137,103.85213888899418
64069,1178.611111111111,1198.45,0.016678301090301773,0.016818160410681175,0.024132291477376125,-0.12508669441128759,-0.007141783466415115,,S'goon Sec Sch,Upp S'goon Rd,1.37526504951859,103.90134716214978
92131,307.8333333333333,317.55,0.030977691505191807,0.031462493254181774,0.024132291477376125,0.12446843898057199,0.007157475491990756,,Caltex Stn,East Coast Rd,1.30878111099591,103.91089222198016
07369,894.0,922.15,0.03096801656689685,0.03145251396648056,0.024132291477376125,0.1242995904879648,0.007147731352699116,,Aft Kallang Bahru,Lavender St,1.31140805601851,103.86237888899062
05199,915.7777777777778,944.6,0.030954539883710552,0.031438613501394416,0.024132291477376125,0.12406439336608369,0.007134158433261051,,Opp Hong Lim Cplx,Sth Bridge Rd,1.28451455846092,103.84666049314171
50251,1277.388888888889,1299.0,0.016763659895218552,0.016904958498109312,0.024132291477376125,-0.12359699958310841,-0.007057030658452262,,Farrer Pk Stn Exit A,Rangoon Rd,1.31240499998142,103.85486499997727
59331,618.7222222222222,629.2,0.016765880352705764,0.016907216494845084,0.024132291477376125,-0.12355824782178611,-0.007054825868353793,,Blk 773,Yishun Ave 3,1.422973728077,103.83276716795122
27361,558.7777777777777,576.35,0.030908788821529143,0.03139142516871821,0.024132291477376125,0.12326593887996715,0.0070880820297837864,,Blk 710,Jurong West Ave 5,1.34294490356227,103.6945223808434
95061,539.7777777777778,556.75,0.03090240081540685,0.0313848366550235,0.024132291477376125,0.12315445442687488,0.0070816487654979795,,Airline Hse,Airline Rd,1.378238,103.996862
54101,887.2222222222222,915.05,0.030848986402204126,0.03132974731048299,0.024132291477376125,0.12222225797478184,0.007027857526808452,,Aft Ang Mo Kio Ave 10,Ang Mo Kio Ave 1,1.35732097800984,103.85465761724518
21571,1212.388888888889,1233.05,0.016884263822801948,0.017027608625978116,0.024132291477376125,-0.12149220152092556,-0.006937270614862701,,Opp Jurong Sec Sch,Corporation Dr,1.33056719470166,103.72307005592994
21211,576.0555555555555,594.1,0.030790913319160396,0.0312698565514593,0.024132291477376125,0.12120875770903879,0.00696937801247023,,Opp Lakepoint Condo,Corporation Rd,1.34004972199531,103.71606833298439
01039,1786.2777777777778,1816.75,0.016905804814711267,0.017049516645426473,0.024132291477376125,-0.12111626485835808,-0.006915878828244246,,Bugis Cube,Nth Bridge Rd,1.29820784139683,103.85549139837407
10381,437.8333333333333,451.55,0.03077856400492518,0.03125712115457631,0.024132291477376125,0.12099323560132305,0.006956942707979814,,Opp Blk 48,Lower Delta Rd,1.28906972186602,103.82559411728036
17171,15549.111111111111,15814.4,0.016916364872857415,0.017060256804168013,0.024132291477376125,-0.12093196911967097,-0.00690539174680866,,Clementi Stn Exit A/Mall,C'wealth Ave West,1.315334,103.764861
11051,1030.4444444444443,1048.05,0.01692479963899718,0.017068835505763824,0.024132291477376125,-0.12078476429988046,-0.006897015190706286,,Opp Queenstown Polyclinic,Queensway,1.29872166703909,103.8002979755481
44189,1031.4444444444446,1063.65,0.03071686907832749,0.031193499784761387,0.024132291477376125,0.11991652637177051,0.006894820489644966,,Blk 803,Keat Hong Cl,1.374321,103.742872
47529,1214.6666666666667,1252.55,0.030686902974984775,0.031162599396764922,0.024132291477376125,0.11939355338481447,0.006864648227473749,,Blk 573A,Woodlands Dr 16,1.431536111,103.7981161
27149,327.61111111111114,337.84999999999997,0.030682513065799277,0.031158072696534,0.024132291477376125,0.11931694002294525,0.006860228192807724,,Juying Pr Sch,Jurong West St 91,1.33906525108364,103.68875795867145
12071,333.1666666666667,338.9,0.017011586189456196,0.01715710723192064,0.024132291477376125,-0.11927015223964418,-0.006810823468317102,,Blk 116,Clementi Rd,1.32402249998323,103.77219388896603
17259,1267.2777777777778,1289.05,0.017021077641055093,0.017166761575189197,0.024132291477376125,-0.1191045059847256,-0.006801396616582319,,Opp Blk 460,Clementi Ave 2,1.31092798217655,103.76746074010758
70221,1765.7777777777778,1820.8,0.03066760033453253,0.031142695427961158,0.024132291477376125,0.11905668077184915,0.006845213268758552,,Blk 79 FC,Circuit Rd,1.32620809233247,103.88512100988676
04019,604.8333333333334,623.7,0.030666613759959382,0.031141678129298384,0.024132291477376125,0.11903946292255213,0.006844219941362042,,Opp Bencoolen Stn Exit B,Bencoolen St,1.29807216909408,103.84975607305783
45489,330.3888888888889,340.7,0.03064058248539414,0.03111483654652116,0.024132291477376125,0.11858516116506432,0.006818010844157904,,Bef Choa Chu Kang Lk,Choa Chu Kang Nth 5,1.3937917601606,103.75199938008781
47549,789.7777777777778,803.45,0.017141824133992678,0.017289588309681567,0.024132291477376125,-0.11699721985032784,-0.00668146412786528,,Blk 693 CP,Woodlands Ave 6,1.4379048516895,103.80352352573782
76129,921.5555555555555,950.15,0.03052418188833883,0.030994821148982027,0.024132291477376125,0.1165537202656829,0.006700823447043415,,St. Hilda's Sec Sch,Tampines Ave 4,1.34988214931301,103.93791583710507
59073,5298.333333333333,5462.55,0.030517735146696978,0.030988174613160266,0.024132291477376125,0.11644121075138221,0.00669433352784345,,Opp Yishun Stn,Yishun Ave 2,1.42868146490253,103.83546942999693
27179,455.6111111111111,469.75,0.03049509928492622,0.03096483757148046,0.024132291477376125,0.11604616625369794,0.006671546391968508,,Aft Lor Danau,Nanyang Ave,1.35618418171977,103.6917825773122
28381,634.7222222222222,645.75,0.017198110644589093,0.017346849602377642,0.024132291477376125,-0.11601489911828992,-0.006625552120039148,,Blk 515,Jurong West St 51,1.34626967118054,103.72129604136144
46479,1321.0555555555554,1344.0,0.017206248637728017,0.017355128797747588,0.024132291477376125,-0.11587287362598563,-0.006617468012703759,,Blk 774,Woodlands Ave 9,1.44796869795143,103.79840963198184
65539,1342.7222222222222,1366.05,0.017211592672135012,0.01736056559308721,0.024132291477376125,-0.11577960872583297,-0.006612159328088626,,Blk 224A,Sumang Lane,1.402291,103.8937
11439,830.6666666666666,856.35,0.030414517107351102,0.030881763527054216,0.024132291477376125,0.11463983385138628,0.006590429874974017,,Blk 92,C'wealth Dr,1.30606472198412,103.80029777801455
14049,770.5,783.95,0.01728334968311085,0.017433570965651193,0.024132291477376125,-0.11452729447142748,-0.006540874228330013,,Opp Blk 55,Henderson Rd,1.27324166755337,103.81304231999674
04222,4898.666666666667,5049.85,0.03038937036352074,0.03085584053336822,0.024132291477376125,0.11420096905863104,0.00656511772155231,,Clarke Quay Stn Exit E,Eu Tong Sen St,1.28898962180798,103.84708976365569
43009,21740.222222222223,22410.85,0.030379736751317665,0.03084590971579815,0.024132291477376125,0.1140328417952562,0.006555420910258772,,Bt Batok Int,Bt Batok Ctrl,1.34999354306126,103.75106190953444
21581,1538.611111111111,1586.1,0.03037859224823336,0.030844729910150175,0.024132291477376125,0.1140128677535954,0.006554268905134253,,Blk 65,Corporation Dr,1.33243350969467,103.72328639029729
09159,1032.5,1064.35,0.030352283529552437,0.030817610062893037,0.024132291477376125,0.11355372399926095,0.006527788100376095,,Aft Tomlinson Rd,Tanglin Rd,1.30602637557418,103.82568042620605
59181,3149.222222222222,3246.3,0.030350884744423823,0.03081616817155822,0.024132291477376125,0.11352931218874109,0.006526380185259248,,Opp Blk 245,Yishun Ave 9,1.43416611096992,103.84218833299445
84629,606.6666666666666,617.3,0.017347290553970218,0.01749862863412012,0.024132291477376125,-0.11341138868149354,-0.006477349555775186,,Blk 716,Bedok Reservoir Rd,1.33815749250804,103.92537872720727
28629,811.6111111111111,825.85,0.01737064310528158,0.01752239010049889,0.024132291477376125,-0.11300383640909187,-0.006454147996194936,,Blk 266,Jurong East Ctrl,1.342682,103.744754
61019,669.8888888888889,681.65,0.01737875020019608,0.017530639284531475,0.024132291477376125,-0.1128623501572932,-0.0064460931930203505,,Opp Blk 101,Upp S'goon Rd,1.33320166700854,103.86976166703383
46841,1460.7777777777778,1505.75,0.030301662390424866,0.030765430221951537,0.024132291477376125,0.11267027619058553,0.006476837806770731,,Opp Blk 739A CP,Woodlands Circle,1.44498571659794,103.79690162812369
59041,2312.8333333333335,2384.0,0.030293523515694254,0.030757040985377827,0.024132291477376125,0.11252823531260918,0.006468646251203626,,Bef Khatib Stn,Yishun Ave 2,1.41625420109094,103.832591612732
66589,690.0,711.25,0.03028914961034701,0.030752532561504273,0.024132291477376125,0.11245190125215594,0.00646424406223734,,Buangkok Sports Pk,Buangkok Cres,1.381992,103.8794283
45249,466.44444444444446,480.79999999999995,0.03024858392646923,0.03071072022819085,0.024132291477376125,0.11174394277577852,0.006423416979973277,,Blk 511A,Choa Chu Kang Way,1.38856706129182,103.74086222271667
13019,1324.1666666666667,1364.85,0.030238707764533856,0.030700540812476203,0.024132291477376125,0.1115715824976358,0.006413477428414023,,Napier Stn Exit 1,Napier Rd,1.3067380217198,103.82013079894885
99131,788.0555555555555,812.2,0.030140350769228164,0.030599169189607776,0.024132291477376125,0.10985504127655163,0.00631449449065098,,Blk 4,Changi Village Rd,1.38894186746545,103.98734296938127
59471,834.9444444444445,860.5,0.03011289910527104,0.030570877915863746,0.024132291477376125,0.10937595066766002,0.00628686986248578,,Blk 430B,Yishun Ave 1,1.42111543044621,103.84901971560181
44149,1997.1666666666667,2058.25,0.030111745341759644,0.030569688881474832,0.024132291477376125,0.10935581501161909,0.006285708846083104,,Opp Phoenix Stn,Choa Chu Kang Rd,1.37798495709362,103.75776732086608
46299,375.94444444444446,387.45,0.030066647023625492,0.030523212969786842,0.024132291477376125,0.10856875231375769,0.006240328076357601,,Opp Blk 106,Woodlands Ave 5,1.43692705673107,103.78274585693057
58049,727.2777777777778,740.25,0.017655412010291194,0.017812190098406205,0.024132291477376125,-0.10803400622657396,-0.006171176743048272,,Opp Blk 590C,Sembawang Rd,1.44919525191106,103.82703542333945
27301,720.8888888888889,742.9,0.03003538365298386,0.030490995844235553,0.024132291477376125,0.10802313922086478,0.006208870103770081,,Blk 978,Pioneer Rd Nth,1.34045284969365,103.69439784182157
75481,423.27777777777777,430.85,0.017689928734075266,0.01784732224695574,0.024132291477376125,-0.10743161512050173,-0.0061368724360345225,,Blk 609D,Tampines Ave 6,1.363804,103.93794
84041,1658.611111111111,1709.15,0.029997781457843153,0.030452247849228474,0.024132291477376125,0.10736690000003796,0.006171035152827192,,Blk 221A,New Upp Changi Rd,1.3246905167586,103.93468799273933
40189,1841.1666666666665,1874.1,0.017719576232773093,0.01787749932145182,0.024132291477376125,-0.10691420247019974,-0.006107406443459922,,Newton Stn Exit B,Scotts Rd,1.312274,103.8381
64441,357.44444444444446,368.35,0.029971022625812083,0.03042467451952893,0.024132291477376125,0.106899900799151,0.00614411155132668,,Hougang G. Shop Mall,Hougang St 51,1.37980640697067,103.88818499902484
20231,1057.8333333333333,1076.8,0.01775425346091808,0.017912797103730525,0.024132291477376125,-0.10630901021764255,-0.006072940405651676,,Bef Hasanah Mque,Teban Gdns Rd,1.322339,103.739647
83062,4474.0,4554.2,0.017763085814817003,0.017921787709496838,0.024132291477376125,-0.10615486663589134,-0.006064161651343145,,Kembangan Stn,Sims Ave East,1.32096859171096,103.9133277893385
09037,2994.5555555555557,3085.55,0.02992425359152584,0.030376483679525248,0.024132291477376125,0.10608368050924562,0.006097056263250404,,Bef Cairnhill Rd,Orchard Rd,1.3023400420296,103.83701253388183
81109,540.1666666666666,556.6,0.029914556571523754,0.030366492146597455,0.024132291477376125,0.10591444664333172,0.006087300167274384,,Opp Paya Lebar Green,Paya Lebar Rd,1.3209137166719,103.89117183414866
83011,585.7222222222222,596.25,0.01778429435560991,0.017943376574188815,0.024132291477376125,-0.10578473196070204,-0.006043081499031152,,Casa Sarina,Sims Ave East,1.31971491091921,103.90725404505461
64549,2619.8888888888887,2666.95,0.017796856446046228,0.01795616415126357,0.024132291477376125,-0.10556549645040703,-0.006030595243904571,,Opp Hougang Ctrl Int,Hougang Ctrl,1.3714805,103.8922875
13199,917.9444444444445,945.8,0.029862209293772146,0.030312556677346912,0.024132291477376125,0.10500087400121404,0.006034635614365178,,Aft Orchard Stn Exit 12,Paterson Rd,1.302127,103.829875
64499,1034.3333333333333,1065.7,0.029846334590915014,0.03029620090148158,0.024132291477376125,0.10472382627581292,0.006018665240223623,,Regentville,Hougang Ave 9,1.3748828566071,103.87828864496953
05029,1107.3333333333333,1140.9,0.029836156285758086,0.03028571428571486,0.024132291477376125,0.10454619294827645,0.006008425727365775,,Boat Quay,Sth Bridge Rd,1.28712283362119,103.84819780822524
28329,1672.7777777777778,1702.95,0.017865871234981512,0.01802642060541713,0.024132291477376125,-0.10436103987155723,-0.005961994288014181,,Blk 246,Jurong East Ave 1,1.3414709231345,103.74043571670437
47671,1149.2777777777778,1184.1,0.029823700110900297,0.030272880946631553,0.024132291477376125,0.10432880589274499,0.005995894788550451,,Opp Admiralty Sec Sch,Woodlands Cres,1.446563,103.803336
12051,389.55555555555554,396.6,0.017876247873873652,0.018036984352774413,0.024132291477376125,-0.1041799451935498,-0.00595167946106732,,Pine Gr Condo,Ulu Pandan Rd,1.3204289505949,103.7750613105408
11149,2618.166666666667,2697.35,0.029784274073191952,0.030232262169901443,0.024132291477376125,0.10364073669441236,0.0059562331383240736,,Queenstown Stn Exit B/C,C'wealth Ave,1.29506407111991,103.80596280094791
70181,1913.0555555555557,1947.65,0.0179125066271002,0.01807389777377883,0.024132291477376125,-0.10354715192505834,-0.005915635854873472,,Blk 36,Circuit Rd,1.32886177068404,103.88691723349123
22511,1115.388888888889,1149.1,0.029749625111398892,0.03019656631002735,0.024132291477376125,0.10303603775052224,0.0059213784030802555,,Blk 658C,Jurong West St 63,1.33746181720219,103.70029665103546
50051,465.6111111111111,479.7,0.02974720267045239,0.030194070722704882,0.024132291477376125,0.10299376094319,0.005918941620895731,,Thomson Med Ctr,Thomson Rd,1.325878056,103.8418119
70171,799.2777777777778,813.8,0.017983794730185743,0.018146476917736035,0.024132291477376125,-0.1023030211223746,-0.005844766940221335,,Blk 77,Circuit Rd,1.32833666697134,103.88547138902759
01311,4016.722222222222,4137.75,0.029678679220792148,0.030123480689723342,0.024132291477376125,0.10179787929199563,0.005850014946511009,,Lavender Stn Exit B,Kallang Rd,1.3070916463394,103.86219695240973
52251,421.6666666666667,429.35,0.01801498476642127,0.018178233438485118,0.024132291477376125,-0.10175868787267543,-0.0058137587189072,,Chung Hwa Free Clinic,Lor 4 Toa Payoh,1.3329698063249,103.85142087938439
76559,299.1666666666667,308.2,0.029650440765365715,0.03009439200444187,0.024132291477376125,0.10130505747887937,0.005821611696732106,,Aft Tampines Stn Exit E,Tampines Ctrl 1,1.355625,103.943569
52081,2596.3888888888887,2643.75,0.01806987598209897,0.018234124013431895,0.024132291477376125,-0.10080071803948412,-0.0057591851297216145,,Aft Blk 195,Jln Toa Payoh,1.33081389290944,103.8608407974236
93201,654.0,665.95,0.01807984495180115,0.018244274809160316,0.024132291477376125,-0.10062673806609895,-0.0057492735237573344,,Victoria Sch,Marine Parade Rd,1.30920003741893,103.92781269211483
84479,1232.7777777777778,1255.35,0.01812986521899873,0.01829520893371732,0.024132291477376125,-0.0997537767656095,-0.005699539592915719,,Blk 713,Bedok Reservoir Rd,1.33742106440195,103.92253160478627
04143,767.8333333333334,790.9,0.0295609068866014,0.030002167786689918,0.024132291477376125,0.09974249862777951,0.005731560617863268,,Bef Stamford Rd,Hill St,1.29411640848293,103.85020606905503
22231,429.8333333333333,442.75,0.029540023075151467,0.029980657640232545,0.024132291477376125,0.09937803117840545,0.0057105573288972035,,Blk 639,Jurong West St 61,1.34079486676221,103.69717899290252
40069,958.6111111111111,976.1999999999999,0.018163229586465768,0.018329184276037858,0.024132291477376125,-0.09917149675700848,-0.0056663648335577,,Anglo-Chinese Sch,Dunearn Rd,1.31830398893217,103.83435129198834
82119,894.3888888888889,921.2,0.029503983146051738,0.02994353787925789,0.024132291477376125,0.09874905686181146,0.005674312244855273,,Tg Katong Cplx,Tg Katong Rd,1.31619210726015,103.8940879247112
80101,4142.166666666667,4266.15,0.029485766307637107,0.029924775735146143,0.024132291477376125,0.09843113383092426,0.005655992205278471,,Kallang Stn/Opp Blk 2C,Lor 1 Geylang,1.31251933500742,103.87153830811837
43539,1795.611111111111,1849.35,0.029472636070179803,0.029911252667058325,0.024132291477376125,0.09820198293252567,0.005642787789989199,,Opp Blk 140,Bt Batok West Ave 3,1.35142277800259,103.7433686110311
65221,856.9444444444445,872.75,0.018254946221183843,0.01842258628504835,0.024132291477376125,-0.09757084411747442,-0.005575163716487404,,Blk 303D,Punggol Ctrl,1.40402842836975,103.90480763848863
21429,1850.1666666666667,1884.35,0.018297409099891304,0.01846583235797259,0.024132291477376125,-0.09682977550877288,-0.005532936678746165,,Blk 185,Boon Lay Ave,1.34740203306581,103.71059149459593
43059,353.5,360.05,0.018308106925008616,0.0184767277856137,0.024132291477376125,-0.09664307543998019,-0.0055222979871124974,,The Rail Mall,Upp Bt Timah Rd,1.35940861,103.7674364
11029,1550.4444444444443,1596.65,0.02934740295130922,0.02978228174461091,0.024132291477376125,0.09601639552089145,0.005516855892791263,,Blk 166/Aft Mei Chin Rd,Queensway,1.29013472201419,103.80202111098815
59051,1729.9444444444443,1762.0,0.018349722222867015,0.018519112879930393,0.024132291477376125,-0.09591679894099177,-0.0054809116401830895,,Blk 790,Yishun Ave 2,1.41968270185637,103.83429674432547
66529,556.3333333333334,566.7,0.018429605200143584,0.018600478468899808,0.024132291477376125,-0.0945226690884888,-0.0054014633212046475,,Blk 538,S'goon Nth Ave 5,1.37512174055594,103.87318199195964
19071,1780.4444444444443,1813.6,0.018440536882910585,0.01861161354705921,0.024132291477376125,-0.09433188770047413,-0.005390590626092833,,Opp ACS Independent,Dover Rd,1.30515500002931,103.78108305597279
41079,2513.4444444444443,2560.25,0.01844353826174583,0.018614670790985412,0.024132291477376125,-0.0942795071811753,-0.005387605421982342,,Natl JC,Dunearn Rd,1.32940305598521,103.80304777797754
50159,1688.2222222222222,1738.35,0.0292432807534464,0.02967506413207906,0.024132291477376125,0.09419923910912913,0.005412164718199772,,Bef Kim Keat Lane,Kim Keat Rd,1.32456066077113,103.85326623915941
64009,14470.055555555555,14739.65,0.018458497637965365,0.018629908745043375,0.024132291477376125,-0.09401843387527842,-0.00537272652969004,,Hougang Ctrl Int,Hougang Ctrl,1.37060695394614,103.89266808874676
67219,1012.1111111111111,1031.0,0.01847276260434061,0.018644439570081058,0.024132291477376125,-0.09376947951545499,-0.005358538103879617,,Ranggung Stn Exit B,Sengkang East Ave,1.38368835333684,103.89751366061326
44059,630.8888888888889,642.7,0.018519209087989985,0.018691753121153613,0.024132291477376125,-0.09295888842825499,-0.005312339432608057,,Blk 632 CP,Woodlands Rd,1.38449631673384,103.75817595629141
44689,1957.3333333333333,1993.95,0.01852521600899859,0.01869787234042554,0.024132291477376125,-0.09285405473044812,-0.005306364404457052,,Sunshine Pl,Choa Chu Kang Ave 3,1.37811000397911,103.73849893266107
60039,584.3333333333334,601.65,0.029155111507400022,0.029584282460136373,0.024132291477376125,0.09266049603549073,0.005323522193500423,,Opp Blk 66,Kallang Bahru,1.31996473842763,103.86983042567824
53241,824.7222222222222,849.1500000000001,0.029154380250764333,0.029583529570073104,0.024132291477376125,0.09264773403361735,0.005322787044272596,,Opp Blk 217,Bishan Rd,1.35615639153054,103.84995659632311
59771,345.1666666666667,355.4,0.02913334094859632,0.029561868078959396,0.024132291477376125,0.0922805529366146,0.005301635976882213,,Blk 469B,Yishun Ave 1,1.423939,103.852066
50059,1693.611111111111,1743.7,0.02912933956787178,0.02955774841818792,0.024132291477376125,0.09221072023245791,0.005297613390341622,,Opp Thomson Med Ctr,Thomson Rd,1.325264,103.842208
03041,664.3333333333333,676.8,0.018564090969650948,0.01873747494989937,0.024132291477376125,-0.09217560301259727,-0.005267694976880757,,Telok Ayer Stn Exit A,Cross St,1.28179509394707,103.84893207391676
43069,1147.5555555555557,1169.15,0.01862683147016586,0.018801393054076982,0.024132291477376125,-0.09108064626823373,-0.005205283016326904,,Hillview Stn Exit A,Upp Bt Timah Rd,1.36296778241046,103.76768583722071
80011,867.6666666666666,893.25,0.029025909122446514,0.029451266308518933,0.024132291477376125,0.090405636389303,0.005193640387483391,,Aft Padang Jeringau,Kallang Rd,1.30972720802554,103.86737828692955
43809,508.5,523.5,0.029015575173572117,0.02944062806673184,0.024132291477376125,0.09022528674396922,0.0051832528214671375,,Blk 514,Bt Batok St 52,1.35437129288657,103.7518708699386
65191,12887.666666666666,13131.6,0.018749316271151173,0.01892618838255824,0.024132291477376125,-0.0889430229177631,-0.005083428320874203,,Bef Punggol Rd,TPE,1.39527356921611,103.90539999997036
46179,700.2222222222222,713.5,0.018758153121901877,0.01893519252099501,0.024132291477376125,-0.08878880085627161,-0.005074636352774275,,Blk 18,Marsiling Lane,1.44401436320878,103.77787477069215
42019,1091.7222222222222,1123.8,0.028933207702673158,0.029355839137730103,0.024132291477376125,0.08878779713140955,0.00510046182883139,,Opp Sixth Ave Stn,Dunearn Rd,1.33170368135595,103.79657033601987
42071,2686.1111111111113,2737.0,0.018761046725319197,0.018938140919615862,0.024132291477376125,-0.08873830124993591,-0.005071757429176816,,Pei Hwa Presby Pr Sch,Upp Bt Timah Rd,1.33876225175982,103.77694915592028
10369,627.0,638.9,0.018771747677216233,0.0189490445859876,0.024132291477376125,-0.08855154661210857,-0.00506111069294706,,Opp Cendex Ctr,Lower Delta Rd,1.28037471151153,103.82387343933006
66369,1236.7222222222222,1260.2,0.018790875836546483,0.018968535392072872,0.024132291477376125,-0.08821771907018547,-0.005042079161330027,,Blk 238,S'goon Ave 2,1.35355301663986,103.86822572103661
59449,739.0,753.05,0.01880849260847839,0.018986486486486365,0.024132291477376125,-0.08791026849069623,-0.005024551060162943,,Opp Naval Base Pr Sch,Yishun Ave 4,1.41552972203074,103.83953916700452
44271,533.0555555555555,543.2,0.01881695617949397,0.018995110787474807,0.024132291477376125,-0.08776256096383792,-0.0050161299791559215,,Bet Blks 13/14,Teck Whye Ave,1.37867114732017,103.75614774814443
45369,1055.7777777777778,1075.9,0.018862097188669047,0.01904111029334447,0.024132291477376125,-0.08697475321544615,-0.00497121438939036,,Blk 765,Choa Chu Kang Nth 5,1.3925860608387,103.75002597798891
84341,489.5,498.85,0.018882774407771308,0.0190621814475019,0.024132291477376125,-0.08661389124710209,-0.004950639748464787,,Opp Fengshan Pr Sch,Bedok Nth Rd,1.33110349338955,103.93198370934411
84639,427.72222222222223,440.25,0.028802399686068014,0.02922119994816623,0.024132291477376125,0.08650491575776517,0.004968995229560654,,Aft Waterfront Waves,Bedok Reservoir Rd,1.33857139776249,103.92937717202952
28541,945.5,963.55,0.018890700684520922,0.019070258848388935,0.024132291477376125,-0.08647556066138068,-0.0049427526805984065,,Blk 551,Jurong West St 42,1.35235805602121,103.7172600000334
93031,1794.388888888889,1828.65,0.01890304206446558,0.019082835659251125,0.024132291477376125,-0.08626017702410886,-0.004930472225263825,,Siglap Stn/Opp Victoria Sch,Marine Parade Rd,1.309633889,103.9286839
75551,591.1666666666667,608.45,0.028768784308873308,0.029186602870813344,0.024132291477376125,0.08591825508927212,0.004935213385514923,,Blk 641A,Tampines St 62,1.366268,103.943413
58381,844.3888888888889,860.55,0.01893634756515805,0.019116777288558203,0.024132291477376125,-0.08567892436739859,-0.00489733038451773,,Blk 469B,Sembawang Way,1.44797049342873,103.81337787352544
66271,3057.8888888888887,3116.45,0.018963618132758597,0.019144569560479892,0.024132291477376125,-0.0852029942796279,-0.004870192999872239,,S'goon Gdn Circus,S'goon Gdn Way,1.36398333300081,103.86578916701893
84521,2633.277777777778,2683.85,0.019015804184047802,0.019197756079043213,0.024132291477376125,-0.08429223538622006,-0.004818259749640869,,Blk 506,Bedok Nth Ave 3,1.33230500002897,103.93393805556471
54011,1793.6666666666667,1828.2,0.01905940912744608,0.01924219910846954,0.024132291477376125,-0.0835312352910712,-0.004774863960057654,,Blk 207,Ang Mo Kio Ave 6,1.36567044820875,103.84341042482097
43231,501.1111111111111,510.8,0.01911249165062845,0.0192963044921446,0.024132291477376125,-0.08260483103402272,-0.004722033496527391,,Opp The Petals Condo,Hillview Ave,1.35393625714127,103.76006304222618
98049,358.72222222222223,369.15,0.028576200217533376,0.02898841698841681,0.024132291477376125,0.08255724827646133,0.004741697485229584,,Loyang Valley,Loyang Ave,1.368333,103.969362
10469,393.6111111111111,405.05,0.028575553626774663,0.028987751654230665,0.024132291477376125,0.08254596387633246,0.004741047828743129,,Bef Margaret Dr,Kay Siang Rd,1.29668400003303,103.81216918970023
46769,632.3333333333334,644.6,0.019183240469317298,0.01936842105263198,0.024132291477376125,-0.08137011190453962,-0.004651616265191637,,Blk 666,Woodlands Ave 7,1.4395995,103.7980195
70251,1405.4444444444443,1446.1,0.02849670474491539,0.0289066203191654,0.024132291477376125,0.08116988121411634,0.004661828243792609,,MacPherson Stn Exit C,Paya Lebar Rd,1.32497158481981,103.89037074589527
12091,5790.444444444444,5902.8,0.01921447864356729,0.019400264758360788,0.024132291477376125,-0.08082493854290056,-0.0046205229132938366,,SIM Campus,Clementi Rd,1.32918315486756,103.7771471166854
58339,488.22222222222223,502.35,0.028468924755897795,0.028878037701567046,0.024132291477376125,0.08068506062640152,0.0046339191368967355,,Opp Blk 589D,Canberra Link,1.44936138505812,103.82430573345592
19019,2063.222222222222,2122.8,0.028453429358498816,0.028862094951017724,0.024132291477376125,0.08041463259746713,0.004618352055688583,,Blk 27,C'wealth Ave West,1.30807305598128,103.78475916699466
57029,959.2777777777778,978.0,0.019309048070949686,0.019496673416256383,0.024132291477376125,-0.0791744985324907,-0.004526385994950485,,Aft The Springside,Sembawang Rd,1.40396290628178,103.81862261343507
01139,1140.0,1162.25,0.01931274086268253,0.019500438212094934,0.024132291477376125,-0.07911005137028727,-0.00452270991143092,,Bugis Stn/Parkview Sq,Nth Bridge Rd,1.30033057855542,103.85716080665901
43429,1047.8333333333333,1068.35,0.01937255193286802,0.019561417447957478,0.024132291477376125,-0.07806621948897106,-0.004463167568737504,,Blk 240,Bt Batok East Ave 2,1.35108692530475,103.75389074656302
77021,1037.111111111111,1057.45,0.019402751346852654,0.01959220807021278,0.024132291477376125,-0.07753917472925576,-0.004433102485826304,,Opp Blk 571,Pasir Ris Dr 1,1.3726630000055,103.94557280001845
06081,337.44444444444446,347.15,0.028273465269668563,0.028676953381484488,0.024132291477376125,0.07727387198525164,0.004437573096686956,,Havelock Stn Exit 3,Zion Rd,1.28837086415387,103.83349881780524
09219,3240.777777777778,3304.4,0.019435618554428657,0.019625719769673273,0.024132291477376125,-0.07696557123058448,-0.004400380444211786,,Far East Plaza,Scotts Rd,1.30731999685228,103.83316088291699
21241,821.5,837.65,0.019444973501236973,0.019635258358662536,0.024132291477376125,-0.07680230727800423,-0.004391066619163362,,Blk 216 CP,Boon Lay Ave,1.34973665190679,103.71235425312759
21371,2018.4444444444443,2058.15,0.01947083020728524,0.01966162310866569,0.024132291477376125,-0.07635105211678911,-0.004365323118814279,,Blk 680C,Jln Boon Lay,1.34522722613512,103.70617873626036
72019,2993.5555555555557,3052.45,0.01947627381317041,0.01966717375978589,0.024132291477376125,-0.0762560494800759,-0.004359903261275959,,Opp Blk 322,Jln Eunos,1.32884628389091,103.90546507501655
11039,358.6111111111111,368.9,0.02820949818906282,0.028611154024409096,0.024132291477376125,0.07615750877884311,0.0043733242124139315,,Blk 19,Queensway,1.29245762862665,103.79998683928974
50179,1081.4444444444443,1102.75,0.019491614887900965,0.019682816670088057,0.024132291477376125,-0.0759883147137902,-0.004344628954985314,,Opp Zhongshan Mall,Balestier Rd,1.32640402126103,103.8464203281907
52229,308.1666666666667,317.0,0.028170876966695957,0.028571428571428196,0.024132291477376125,0.07548348534008988,0.0043345348359715655,,Jackson Sq,Lor 3 Toa Payoh,1.33775023417492,103.8488028810671
53341,362.77777777777777,369.95,0.01952410204067334,0.019715943799632728,0.024132291477376125,-0.07542134398927668,-0.004312282421416994,,Bright Hill Stn Exit 2,Sin Ming Ave,1.36355638900203,103.83394166697735
01629,355.3333333333333,365.5,0.028131898969770752,0.02853133769878402,0.024132291477376125,0.07480323541755556,0.004295388650485757,,Shaw Twrs,Beach Rd,1.297085,103.856894
77259,389.77777777777777,397.5,0.01956844309250716,0.01976116007961382,0.024132291477376125,-0.07464749721790652,-0.00426813160188189,,Opp Blk 713,Pasir Ris Dr 3,1.3827163599648,103.93855855739126
83301,651.2777777777778,669.85,0.028075054302433067,0.028472872838769644,0.024132291477376125,0.07381117364929303,0.004238301435776385,,Aft East Coast Rd,Still Rd,1.30887166700305,103.90817888897894
53351,353.55555555555554,363.65,0.028072940488217846,0.028470698840488785,0.024132291477376125,0.0737742830425511,0.004236178664822914,,Ai Tong Sch,Sin Ming Ave,1.36080972198475,103.83211750001261
10189,1241.888888888889,1266.55,0.019647484373738422,0.019841766493831552,0.024132291477376125,-0.07326805677262774,-0.004189424568729511,,Blk 104A CP,Tiong Bahru Rd,1.28858805222806,103.82183192865197
44261,4403.888888888889,4491.35,0.019660914928275375,0.019855463626275348,0.024132291477376125,-0.07303366469494127,-0.004176050190675251,,Blk 270,Bt Panjang Rd,1.3760822219899,103.774277778025
46969,617.1111111111111,629.4,0.01968630580459596,0.01988135897896861,0.024132291477376125,-0.07259053926488646,-0.004150765026923691,,Blk 532,Woodlands Ave 4,1.43059181782407,103.79269972105995
76391,675.8333333333334,695.05,0.027996438376333366,0.028392021669539417,0.024132291477376125,0.07243915656637556,0.004159355414932152,,Blk 418,Tampines St 41,1.35844376751138,103.947541136035
58549,4396.944444444444,4484.45,0.019701564877417255,0.019896921541629187,0.024132291477376125,-0.07232423560837611,-0.0041355691749911955,,Canberra Stn,Canberra Link,1.442578,103.830142
65629,361.27777777777777,371.55,0.027959997502699174,0.028354546848643105,0.024132291477376125,0.07180318490486845,0.004122763637475104,,Samudera Stn Exit A,Punggol Way,1.41645968650579,103.90252132088521
14299,661.4444444444445,680.2,0.027919251886736163,0.02831264676283159,0.024132291477376125,0.07109208622641049,0.00408185087048182,,Opp Blk 27,Telok Blangah Way,1.27488820445716,103.82127132943862
63031,5944.777777777777,6113.1,0.027916228759481854,0.028309538047542233,0.024132291477376125,0.07103932615039885,0.004078815407861193,,Kovan Stn Exit B,Upp S'goon Rd,1.36050444441455,103.88535194446017
21421,2460.9444444444443,2510.2,0.019809264251410497,0.02000676971680053,0.024132291477376125,-0.07044464977546423,-0.004028309423408833,,Blk 176,Boon Lay Ave,1.34720307776277,103.71032595632526
10421,407.94444444444446,419.5,0.027865165250461565,0.02825703029479696,0.024132291477376125,0.07014815803516612,0.004027544929249948,,Blk 63B,Lengkok Bahru,1.288964,103.814975
54621,612.5555555555555,629.85,0.027797301219870008,0.028187250996016062,0.024132291477376125,0.06896378466571464,0.0039594098852116085,,Blk 223,Ang Mo Kio Ave 1,1.36595331171712,103.83773071305599
77381,575.6111111111111,587.2,0.019898971050770875,0.02009827536371573,0.024132291477376125,-0.0688790730878577,-0.003938959983227429,,Blk 524B,Pasir Ris Dr 8,1.370821,103.94712
05651,332.94444444444446,342.35,0.027775689923688063,0.028165030776909024,0.024132291477376125,0.06858662104230309,0.0039377132554969186,,Aft Keppel Rd,Tg Pagar Rd,1.273218611,103.8430731
44099,1437.2777777777778,1466.25,0.019943490286706833,0.020143690370427708,0.024132291477376125,-0.06810211662047341,-0.003894615119687909,,Opp Choa Chu Kang Mkt,Choa Chu Kang Ave 1,1.37631844004137,103.74462947882313
81161,1018.2777777777778,1046.95,0.027741559336613264,0.02812993949964518,0.024132291477376125,0.06799096885272972,0.0039034488566923272,,Blk 56,Guillemard Rd,1.31054638768125,103.88318148792811
46221,370.55555555555554,378.05,0.019969725633940172,0.020170454545454658,0.024132291477376125,-0.06764425335578628,-0.0038684816062251747,,Opp Casablanca,Woodlands Ave 2,1.4309096816047,103.78759769642132
60121,7214.277777777778,7416.95,0.027702047160172327,0.02808931665062533,0.024132291477376125,0.06730139634815267,0.0038637832301342146,,Boon Keng Stn/Blk 102,S'goon Rd,1.32008815616383,103.86179781146463
21551,801.6111111111111,824.15,0.027694886356360193,0.028081954731086115,0.024132291477376125,0.06717642491240047,0.0038565947842659535,,Blk 151,Yung Ho Rd,1.3266610431866,103.7209862100987
67539,389.8333333333333,400.8,0.027673240728510073,0.028059701492538107,0.024132291477376125,0.06679866212750145,0.003834865913168741,,Blk 122C,Sengkang East Way,1.38772020397705,103.90661294770753
51071,1764.4444444444443,1813.95,0.0276554505579778,0.028041412297815628,0.024132291477376125,0.06648818536930187,0.003817007678568896,,MacRitchie Resvr,Thomson Rd,1.34219256998908,103.83596576505084
59281,1309.2777777777778,1335.8,0.02003953945898651,0.02024167903328377,0.024132291477376125,-0.0664258518773643,-0.0037989354270627426,,Blk 654,Yishun Ave 4,1.4228063053424,103.84070404095088
65199,12984.611111111111,13247.7,0.020057527553680288,0.020260031402278344,0.024132291477376125,-0.06611192091663631,-0.003781015506807035,,Aft Punggol Rd,TPE,1.39591721161169,103.90542736761212
70061,448.61111111111114,461.2,0.027614686240743147,0.027999505745706157,0.024132291477376125,0.06577676031341076,0.0037760885976472094,,Bef Bidadari Pk Dr,Upp Aljunied Rd,1.337594,103.874302
47571,431.6111111111111,443.7,0.02756069983582954,0.027944009246179704,0.024132291477376125,0.06483458137510206,0.0037218997980279795,,Blk 618,Woodlands Ave 5,1.43349024051919,103.79639715585557
70269,752.5,773.55,0.027553197485821634,0.02793629727936278,0.024132291477376125,0.06470364922326534,0.003714369553272397,,Citipoint Ind Cplx,Paya Lebar Rd,1.32824611112671,103.89014388885742
53289,600.0,612.25,0.020177748603391166,0.020382695507487582,0.024132291477376125,-0.06401380489723828,-0.0036612418152341527,,Zion Bible Presby Ch,Bishan St 13,1.347206111,103.8545811
15169,901.7777777777778,920.2,0.020200738084811043,0.020406153846153602,0.024132291477376125,-0.06361258897572787,-0.0036383362405723275,,HarbourSide Bldg 2,Pasir Panjang Rd,1.27481499269165,103.79673994290195
70231,1420.7777777777778,1449.8,0.020207083675558124,0.02041262894654586,0.024132291477376125,-0.06350184476220609,-0.0036320137171579774,,Opp Mattar Stn Exit B,Mattar Rd,1.325842,103.884002
80109,631.3888888888889,644.3,0.02021078951274191,0.02041641043661581,0.024132291477376125,-0.0634371699288114,-0.003628321332783992,,Opp Kallang Stn/Blk 2C,Lor 1 Geylang,1.31324473748019,103.871430158598
28499,3267.777777777778,3358.8,0.02746530161726035,0.027845949896326758,0.024132291477376125,0.06316967717501891,0.0036261510840493553,,Jurong Polyclinic,Jurong East Ave 1,1.34963044051902,103.73046199733298
28291,2574.277777777778,2645.95,0.027450630595126313,0.02783087045626112,0.024132291477376125,0.06291363626841898,0.0036114269705816633,,Blk 303,Jurong Town Hall Rd,1.34446090409168,103.73638303040048
12179,367.1666666666667,377.4,0.02741610298566055,0.027795382526029377,0.024132291477376125,0.06231105518377652,0.0035767752653995608,,Montview,Mt Sinai Rise,1.31679504687757,103.7769949436126
63221,2433.277777777778,2483.4,0.020381069665025286,0.02059018189287255,0.024132291477376125,-0.060465414848062345,-0.003458644565726816,,Kovan Hub,Hougang St 21,1.35799327947024,103.8855063915276
09169,2488.6111111111113,2557.45,0.02727508836870296,0.027650458572289753,0.024132291477376125,0.05985004667054584,0.0034352662485023764,,Delfi Orchard,Orchard Rd,1.3070135326348,103.82835507326037
65069,3162.722222222222,3228.05,0.020438723504458522,0.02064902453158226,0.024132291477376125,-0.0594592312854867,-0.0034011884741658054,,Blk 190C,Punggol Rd,1.39504382175966,103.90236824858533
19031,3181.722222222222,3269.55,0.027221291165759,0.027595175339069477,0.024132291477376125,0.05891116971374848,0.0033812856898574315,,Dover Stn Exit A,C'wealth Ave West,1.31123416666912,103.77838361113201
05519,375.55555555555554,383.35,0.020488001524308963,0.02069932133372669,0.024132291477376125,-0.05859922379843621,-0.003352076848096606,,Blk 1G,Cantonment Rd,1.27553472200739,103.84112694400494
43241,607.8888888888889,620.5,0.020500108344924328,0.020711678832117157,0.024132291477376125,-0.0583879337262054,-0.0033400105374321474,,Opp Hillview Apts,Hillview Ave,1.35584392851879,103.76188709548238
45321,7491.388888888889,7697.55,0.027144308984192733,0.02751607186552295,0.024132291477376125,0.057567664988570764,0.0033040461826132927,,Yew Tee Stn,Choa Chu Kang Dr,1.397347,103.747665
93081,349.22222222222223,358.85,0.027119404312263562,0.02749048223350321,0.024132291477376125,0.057133024871402344,0.0032790595356413186,,Opp Chiang Ct,Upp East Coast Rd,1.31342707975776,103.92903327944508
10231,727.0555555555555,747.0,0.02702562011313603,0.027394124380008465,0.024132291477376125,0.055496288783761206,0.0031849722245618642,,Blk 51 CP,Ganges Ave,1.29041850946952,103.82788100149519
63239,294.6111111111111,302.7,0.026995595351498203,0.027363277579402087,0.024132291477376125,0.05497229208332955,0.0031548522870664076,,Opp Blk 211,Hougang St 21,1.35891911967242,103.8878789953328
54461,625.0,638.1,0.02071056555613815,0.020926517571885583,0.024132291477376125,-0.05471500251068631,-0.0031302341818223575,,Blk 649,Ang Mo Kio Ave 5,1.37747997146347,103.84339938777067
66471,330.0,339.05,0.026974290244584864,0.02734138972809675,0.024132291477376125,0.054600472121539456,0.0031334801933559763,,Bef Yio Chu Kang Rd,Ang Mo Kio Ave 5,1.37895833299995,103.8743605559661
45439,1800.5555555555554,1849.8000000000002,0.026967488821410868,0.027334402368323074,0.024132291477376125,0.05448177265126877,0.00312665748125928,,Blk 691A,Choa Chu Kang Cres,1.40127194398549,103.75115527801049
47561,405.05555555555554,416.15,0.026955882763856742,0.02732247913531285,0.024132291477376125,0.054279221972041394,0.00311501520309908,,Blk 620,Woodlands Ave 5,1.4332085,103.7984235
52559,1467.2777777777778,1498.1,0.020774793824550386,0.020992092020129447,0.024132291477376125,-0.0535940810150082,-0.0030662049067086217,,Caldecott Stn Exit 1,Toa Payoh Lk,1.336478,103.83967
65431,2909.0555555555557,2970.15,0.02077691099978285,0.02099425364158748,0.024132291477376125,-0.05355713175128286,-0.0030640942209348996,,Twin Waterfalls,Punggol Way,1.40238938083661,103.89673562171807
44249,808.5,830.55,0.026874655998458508,0.027239036442247698,0.024132291477376125,0.052861640125137076,0.0030335387241719487,,Blk 174,Bt Panjang Rd,1.38049595009817,103.76649141308671
14051,398.3333333333333,409.2,0.026848355630995968,0.0272120200333897,0.024132291477376125,0.05240264211753429,0.0030071589204270378,,Aft Telok Blangah Hts,Henderson Rd,1.275847,103.815157
54329,1614.1666666666667,1658.05,0.02680699886752347,0.027169538747291375,0.024132291477376125,0.051680877599916235,0.0029656786483451547,,Blk 420,Ang Mo Kio Ave 8,1.36449772525141,103.85247983714417
78071,757.1111111111111,777.7,0.026795903103736585,0.02715814157995061,0.024132291477376125,0.05148723264502103,0.0029545500398288414,,Blk 446,Pasir Ris Dr 6,1.37031163160495,103.95718010428234
58269,500.11111111111114,510.7,0.020910660650541146,0.021130820399112744,0.024132291477376125,-0.05122291253160586,-0.002930745474233182,,Opp Visionaire,Canberra Link,1.44702361616489,103.82761997468876
05411,1058.888888888889,1081.35,0.02097052233687613,0.021191948841598033,0.024132291477376125,-0.05017819728956082,-0.00287105744076916,,Tg Pagar Plaza,Tg Pagar Rd,1.2753515,103.843144
59159,699.1111111111111,713.95,0.02097355757302033,0.021195048405015276,0.024132291477376125,-0.05012522588736364,-0.0028680309143691678,,Opp Yishun Stn Exit B,Yishun Ave 5,1.43055466220788,103.8346706884974
40361,1106.5,1130.05,0.02104118188455395,0.021264108352144578,0.024132291477376125,-0.04894503613132115,-0.0028005982714342597,,Blk 438A,Bt Batok West Ave 8,1.35715418971956,103.74085618975258
05069,2343.777777777778,2407.0,0.02660589431261773,0.02696299104392696,0.024132291477376125,0.04817117036281941,0.0027639979620868826,,Outram Pk Stn Exit 4,New Bridge Rd,1.28027629959632,103.84029791443083
44629,2311.6666666666665,2374.0,0.026596177607156157,0.026953012395502927,0.024132291477376125,0.04800159294327664,0.0027542544470087276,,Blk 457,Choa Chu Kang Ave 4,1.37851168892339,103.73644907938714
84471,1938.1666666666667,1990.3999999999999,0.026579581445646205,0.026935969058873455,0.024132291477376125,0.04771195421188735,0.0027376127135419637,,Blk 745,Bedok Reservoir Rd,1.3373330466218,103.92199745160043
70021,721.4444444444445,740.9,0.02657393966784838,0.026930175330666904,0.024132291477376125,0.04761349304885499,0.0027319555066998777,,Opp Canossa Catholic Pr,Aljunied Rd,1.32640814876454,103.88033937941422
54319,1966.0,2008.05,0.02115243412015655,0.021377732587697366,0.024132291477376125,-0.04700344521797433,-0.002689651437223146,,Opp Christ The King Ch,Ang Mo Kio Ave 8,1.36205969144532,103.85305482306448
21379,1690.4444444444443,1735.9,0.02651905033693236,0.026873809367404692,0.024132291477376125,0.04665555610881079,0.002676917731081161,,Blk 263,Jln Boon Lay,1.34534855216089,103.70648912988919
59241,1201.2777777777778,1227.05,0.021209639773108968,0.021436162839055514,0.024132291477376125,-0.04600508347393497,-0.0026325980156638503,,Blk 236,Yishun Ring Rd,1.43427221606754,103.83922930159359
20219,499.94444444444446,510.7,0.021243310207303523,0.021470555617166962,0.024132291477376125,-0.04541746194231819,-0.0025990156568244135,,Opp Blk 41,Teban Gdns Rd,1.32205689998871,103.74143326706027
66429,1589.7222222222222,1624.0,0.02131967486706632,0.021548562847064252,0.024132291477376125,-0.044084734301447284,-0.0025228465617314695,,Blk 530,S'goon Nth Ave 4,1.37352182697727,103.87243744452265
27419,789.1666666666666,806.2,0.02132757536533525,0.021556633621598188,0.024132291477376125,-0.04394685360568614,-0.0025149659640771485,,Blk 827,Jurong West St 81,1.34575472199235,103.6928200000021
84021,2561.166666666667,2616.4,0.021328203936835877,0.021557275743186166,0.024132291477376125,-0.04393588368038625,-0.0025143389732153977,,Blk 32,New Upp Changi Rd,1.32338320435233,103.92508721683168
14291,963.8333333333334,989.6,0.026355445303186897,0.026705821385385242,0.024132291477376125,0.04380029621063964,0.0025128881585177254,,Blk 27,Telok Blangah Way,1.27468440821038,103.82132649422054
59329,312.3333333333333,320.7,0.02635184764904075,0.02670212765957444,0.024132291477376125,0.04373750940404928,0.002509281470356887,,Naval Base Sec Sch,Yishun Ring Rd,1.41968029160119,103.83179596945222
52481,1769.0,1816.25,0.02634482279686967,0.026694915254236975,0.024132291477376125,0.04361491061698588,0.0025022390155905547,,Toa Payoh Polyclinic,Lor 8 Toa Payoh,1.33524833301564,103.85859277800392
51069,563.1666666666667,575.35,0.02136539892870193,0.0215952732644025,0.024132291477376125,-0.043286751032957024,-0.002477236812163991,,Mt Alvernia Hosp,Thomson Rd,1.34125785266365,103.83660435635784
84199,408.5,419.4,0.02626973570967195,0.026617826617826624,0.024132291477376125,0.04230447936656548,0.002426966868572178,,Opp Blk 220 CP,Bedok Nth Ave 3,1.32553283664673,103.9355563841307
07319,1541.7222222222222,1575.15,0.021436631880214385,0.021668047102885186,0.024132291477376125,-0.04204358274390351,-0.0024061777906993916,,Aft Allenby Rd,Jln Besar,1.31038833299803,103.85870666696984
40231,3295.611111111111,3383.3,0.026252085511430323,0.026599706769578353,0.024132291477376125,0.04199644542604204,0.002409273990026063,,Raffles Town Club,Whitley Rd,1.32230868317131,103.82577145824762
27409,1001.6111111111111,1028.25,0.026222673584880063,0.02656951293843788,0.024132291477376125,0.0414831440166394,0.0023797916356547142,,Blk 821,Jurong West St 81,1.34719000000045,103.69416749997193
21431,1297.111111111111,1331.6000000000001,0.026221704747507957,0.026568518360010476,0.024132291477376125,0.041466235719668974,0.002378820493121973,,Blk 210,Boon Lay Pl,1.34765638897246,103.71241055602675
22461,643.7222222222222,660.85,0.026219383347407366,0.026566135286514723,0.024132291477376125,0.04142572229252626,0.0023764935735281073,,Opp Blk 653B,Pioneer Rd Nth,1.33596194443399,103.6962049999685
40181,2594.222222222222,2663.05,0.026175373551660108,0.026520957314723658,0.024132291477376125,0.0406576566526918,0.0023323801595023746,,Newton Stn Exit A,Scotts Rd,1.312465,103.83808
44809,771.5,791.95,0.02612815917270872,0.026472491909384475,0.024132291477376125,0.039833664140048866,0.002285056775851153,,Blk 628,Senja Rd,1.38500083704863,103.75978425435241
42151,7238.388888888889,7396.2,0.021564755005513803,0.021798954792070616,0.024132291477376125,-0.039807558501122955,-0.0022783547640505717,,Beauty World Stn Exit C,Jln Jurong Kechil,1.34009254981171,103.77531978477353
83081,785.0555555555555,805.85,0.02611030608757403,0.02645416637218217,0.024132291477376125,0.03952208938665209,0.0022671630551328423,,Opp Perpetual Succour Ch,Sims Ave East,1.32138694232025,103.91736615804473
43199,873.6666666666667,896.8,0.026104464951961504,0.02644817073170704,0.024132291477376125,0.03942014900075799,0.002261308693811529,,Ch of St. Mary,Bt Batok East Ave 6,1.34663409083885,103.75920055445125
10349,752.8888888888889,769.35,0.02159996209503401,0.02183492999263097,0.024132291477376125,-0.03919311902736713,-0.0022432272704057243,,Blk 116,Henderson Rd,1.284977,103.821011
40229,922.2222222222222,942.4499999999999,0.02167340290496167,0.021909977133229664,0.024132291477376125,-0.03791141885790962,-0.0021699485141129836,,Bef Stevens Stn Exit 2,Stevens Rd,1.319241,103.825711
28639,1543.6666666666667,1577.75,0.021825257340489124,0.022065170479067846,0.024132291477376125,-0.03526123218458556,-0.0020184120894443484,,Blk 288E,Toh Guan Rd,1.34045649755771,103.74395996871245
59621,799.3888888888889,817.05,0.021825738763777025,0.022065662525161105,0.024132291477376125,-0.035252830312243855,-0.0020179316377513814,,Bet Blks 318A/318B,Yishun Ave 6,1.43416283001882,103.84410555917717
64529,662.1666666666666,676.8000000000001,0.021825917974077846,0.02206584568987236,0.024132291477376125,-0.03524970270685446,-0.00201775278906867,,Hougang Polyclinic,Hougang Ave 4,1.3699286957754,103.88933520735068
10079,3390.0555555555557,3478.9,0.02586231149535223,0.026199642851291182,0.024132291477376125,0.03519405009639489,0.002018637036561722,,Blk 201,Jln Bt Merah,1.2803950142786,103.82708906887606
65809,411.6111111111111,422.4,0.02581182892763323,0.0261478389659353,0.024132291477376125,0.03431302065698883,0.0019680538396573966,,Anchor Green Pr Sch,Anchorvale Rd,1.390669,103.886047
21441,1975.0,2018.75,0.02189914205200516,0.022140688259109625,0.024132291477376125,-0.03397178497718547,-0.001944673783690081,,Blk 207,Boon Lay Pl,1.34638242521451,103.71326229185901
67261,565.1111111111111,577.65,0.021907435973480993,0.022149165848871482,0.024132291477376125,-0.033827038199862165,-0.001936395956858131,,Blk 203B,Sengkang East Ave,1.38657611,103.8946458
76179,314.94444444444446,321.95,0.02193112306784606,0.02217337787937331,0.024132291477376125,-0.033413647431274986,-0.001912754450088628,,Opp Blk 266,Tampines St 21,1.35172938925372,103.95069571840816
58059,844.0555555555555,866.1,0.025751938967536248,0.026086384853066587,0.024132291477376125,0.03326781197695502,0.0019080478097917924,,Opp Blk 592C,Sembawang Rd,1.45079007708143,103.82866296034206
23049,546.8888888888889,559.05,0.02195355656984166,0.022196309065098254,0.024132291477376125,-0.03302213454712232,-0.0018903636067222254,,Jurong Camp,Upp Jurong Rd,1.33410764081742,103.69061140570352
22259,1106.0555555555557,1134.9,0.02572145010095639,0.026055101119084607,0.024132291477376125,0.03273571564658416,0.001877501234664426,,Blk 668D,Jurong West St 62,1.34089136412278,103.7025463831608
46581,418.44444444444446,429.35,0.02566774674857797,0.026000000000000183,0.024132291477376125,0.031798476584111175,0.00182369849888218,,Blk 189B,Woodlands St 13,1.4364411890996,103.77379636706418
66309,498.6666666666667,511.65,0.02565214168161223,0.025983989326217472,0.024132291477376125,0.03152613458524043,0.0018080650949597137,,Blk 112,S'goon Nth Ave 1,1.36927306510786,103.8719488184558
53379,1928.3333333333333,1971.35,0.02205120511777281,0.022296129923980685,0.024132291477376125,-0.0313179572572216,-0.0017928948912905168,,Blk 245,Bishan St 22,1.36018670154842,103.84386020713477
92161,916.5,937.0,0.02209736907749882,0.022343324250680672,0.024132291477376125,-0.03051229682044352,-0.0017468126350305352,,Aft Katong PO,Tg Katong Rd,1.30380001918907,103.89656923070308
18131,518.3888888888889,531.85,0.025587051871814204,0.02591721039683389,0.024132291477376125,0.03039017733844183,0.0017428597206742822,,Science Pk,AYE,1.28950073498414,103.7918327963467
54391,2462.277777777778,2517.4,0.022130886202818445,0.022377590834254744,0.024132291477376125,-0.0299273508585974,-0.0017133534971249802,,Aft Ang Mo Kio Int,Ang Mo Kio Ave 8,1.371548,103.848298
14331,621.4444444444445,637.55,0.025545602458437067,0.025874687611567772,0.024132291477376125,0.029666795880615868,0.0017013389272963332,,Opp Blk 70B,Telok Blangah Hts,1.27694611110347,103.8110680555484
53161,711.2777777777777,729.7,0.025535006140636085,0.025863817174947266,0.024132291477376125,0.02948186733292527,0.0016907246378036825,,Marymount CC,Marymount Rd,1.362208,103.842055
52369,2944.1666666666665,3010.2,0.022173261811060385,0.02242091562446996,0.024132291477376125,-0.029187805307315247,-0.001671049596959194,,Blk 237,Lor 6 Toa Payoh,1.34001833298065,103.85273333299853
30011,384.05555555555554,394.0,0.0254981408793018,0.025825999134323985,0.024132291477376125,0.028838489192817757,0.001653797728128051,,Tengah Air Base,Old Choa Chu Kang Rd,1.37367799480239,103.71422567942253
17079,876.9444444444445,896.65,0.022196920803898124,0.02244510535974113,0.024132291477376125,-0.028774904970851202,-0.0016474298600634104,,Blk 512,West Coast Rd,1.30968304242083,103.75999360222924
71071,1127.1666666666667,1152.5,0.022206902333254952,0.02245531097650977,0.024132291477376125,-0.02860070580446546,-0.0016374647248425314,,Opp Comfort Driving Ctr,Eunos Link,1.33638181561906,103.89785574766542
10401,309.27777777777777,316.25,0.022222152987360744,0.02247090420769929,0.024132291477376125,-0.02833454907265675,-0.001622238927043476,,Shriro Hse,Hoy Fatt Rd,1.28816729863,103.81167850401884
20159,514.2222222222222,527.5,0.025444498255050796,0.025770972611602248,0.024132291477376125,0.027902309966848157,0.001600067830946156,,Blk 411,West Coast Rd,1.3184165,103.746512
67601,5866.888888888889,6017.8,0.025392978891630946,0.025718126905379,0.024132291477376125,0.027003186211396576,0.00154846736227329,,Buangkok Stn Exit B,Sengkang Ctrl,1.38334470717282,103.8932683273077
44221,2379.6666666666665,2440.85,0.025375388236344776,0.02570008401008147,0.024132291477376125,0.026696191423575457,0.0015308496233857678,,Opp Pending Stn,Pending Rd,1.3762995851872,103.77099428887409
12129,319.0,326.25,0.022403408996237495,0.022656250000000426,0.024132291477376125,-0.025171241675565753,-0.0014412605575070923,,Blk 3,Ghim Moh Rd,1.31182111096862,103.78732611099163
54261,13076.833333333334,13373.55,0.022434962346906673,0.02268851874036146,0.024132291477376125,-0.024620567807188312,-0.0014097521863429632,,Aft Ang Mo Kio Stn Exit A,Ang Mo Kio Ave 3,1.36946941916508,103.85075454495572
64349,1046.2777777777778,1070.1,0.022491952799835957,0.02274680388308262,0.024132291477376125,-0.02362596176663848,-0.0013528404541320025,,Blk 502,Hougang Ave 8,1.37291834719604,103.88673982857989
43691,791.8333333333334,812.05,0.02517958106750484,0.025499264242169296,0.024132291477376125,0.023278934972695627,0.0013347619015324965,,Blk 190,Bt Batok Ave 1,1.34490189049397,103.74605567060456
22239,1236.3333333333333,1264.55,0.0225482840417639,0.022804418103448246,0.024132291477376125,-0.022642860376608703,-0.0012965838348992335,,Blk 624,Jurong West St 61,1.34081972201603,103.69742194398371
42011,662.3333333333334,679.2,0.025109243522667413,0.0254271356783927,0.024132291477376125,0.022051393456934066,0.001264332949748785,,Sixth Ave Ctr,Bt Timah Rd,1.33161452117352,103.79503057628676
45301,1108.0,1133.4,0.022645168427495754,0.022903516681694953,0.024132291477376125,-0.02095201936147531,-0.0011998203805375443,,Blk 708,Choa Chu Kang Nth 5,1.39184565454372,103.74663514172119
92241,1544.7777777777778,1580.25,0.02268847377793115,0.02294781483611308,0.024132291477376125,-0.020196247808218527,-0.0011565660521790225,,Amber Gdns,Amber Rd,1.301778,103.901024
75051,5105.166666666667,5222.400000000001,0.02269957123666977,0.022959167020270066,0.024132291477376125,-0.020002573272768213,-0.001145481366878642,,Tampines West Stn Exit B,Tampines Ave 1,1.3450165,103.940188
92121,1172.0,1198.95,0.022715319587869764,0.02297527706734856,0.024132291477376125,-0.019727730655678444,-0.0011297509312576178,,Opp The Holy Family Ch,East Coast Rd,1.30720333,103.9067761
65031,1458.6666666666667,1495.55,0.024954359894336697,0.025268326101849245,0.024132291477376125,0.019348340850716787,0.0011092655059575516,,Blk 227D,Punggol Rd,1.387135,103.901618
62261,623.6111111111111,638.0,0.022775220523939765,0.02303655607933813,0.024132291477376125,-0.018682330421296404,-0.0010699158762559142,,Opp S'goon Sec Sch,Upp Serangoon View,1.374585,103.902922
84069,2481.222222222222,2538.45,0.022793305845357104,0.023055058191584335,0.024132291477376125,-0.018366702645021497,-0.001051849741245651,,Blk 55,New Upp Changi Rd,1.32548742810424,103.94219019887281
58389,377.27777777777777,386.0,0.022795905442979603,0.02305771772653815,0.024132291477376125,-0.01832133407247225,-0.0010492528746338357,,Opp Blk 469B,Sembawang Way,1.44773992017207,103.8135666814871
43501,528.9444444444445,542.3,0.024889474308433357,0.025201803124016525,0.024132291477376125,0.01821594775034688,0.0010443100520710655,,Opp Blk 291E,Bt Batok St 23,1.34376366037202,103.75423776871699
50029,1286.111111111111,1318.5,0.02485261865410049,0.02516401933701652,0.024132291477376125,0.017572737273087256,0.0010074165888784416,,Opp United Sq,Thomson Rd,1.316795,103.844656
43359,588.7222222222222,602.35,0.022845843278418876,0.023108808290156317,0.024132291477376125,-0.017449811383548983,-0.0009993661910058186,,Blk 169,Bt Batok West Ave 8,1.34689882191148,103.74106453897556
21699,991.6111111111111,1014.5999999999999,0.022895892793521,0.023160015671349565,0.024132291477376125,-0.016576339644187112,-0.0009493654424507913,,Summerdale,Boon Lay Way,1.341617,103.712315
52231,332.77777777777777,341.15,0.024773801850700217,0.025083222370172558,0.024132291477376125,0.016197214449009848,0.0009285234932145877,,Blk 79C,Toa Payoh Ctrl,1.3343049899737,103.8487842386021
53281,2007.3333333333335,2053.9,0.02292199425507846,0.023186721991701218,0.024132291477376125,-0.016120812972650715,-0.0009232884203962179,,Blk 169,Bishan St 13,1.34665638902153,103.85432083296934
59149,917.8888888888889,940.9,0.024733901147253157,0.0250423216444975,0.024132291477376125,0.015500861312110295,0.0008885865377885872,,Blk 145,Yishun Ave 5,1.43061861098729,103.83218000002928
55509,12265.555555555555,12572.5,0.024714926081893296,0.025022871583981338,0.024132291477376125,0.015169705589411208,0.0008695947916264761,,Yio Chu Kang Int,Ang Mo Kio Ave 8,1.38113241525166,103.8455558816965
53009,12822.611111111111,13143.4,0.024707722645727515,0.025015487923751314,0.024132291477376125,0.015043990127347917,0.0008623851173573686,,Bishan Int,Bishan St 13,1.35045541249544,103.84988083722291
46629,539.3333333333334,551.9,0.022990920276320992,0.023257248611968036,0.024132291477376125,-0.014917905581057366,-0.0008544236644914121,,The Woodgrove,Woodlands Ave 1,1.42946092866646,103.7808172850331
04223,1310.8333333333333,1341.35,0.022996159382581816,0.023262609579469,0.024132291477376125,-0.01482647190284878,-0.0008491890209345435,,Old Hill St Police Stn,Hill St,1.29084476137495,103.84857901022669
10018,1420.0,1455.5,0.024675448302388325,0.02498240675580543,0.024132291477376125,0.014480733385385048,0.0008300834623649671,,Outram Pk Stn Exit 6/SGH,Eu Tong Sen St,1.27900819665099,103.83860360621959
10351,1112.888888888889,1140.7,0.024660983843730833,0.024967581047381438,0.024132291477376125,0.0142282974559518,0.0008156071016961633,,Blk 95B,Henderson Rd,1.28675501760897,103.82204990181914
13011,1908.0,1955.6000000000001,0.024628728297580338,0.024934520691460984,0.024132291477376125,0.013665368765381049,0.0007833257683219771,,Napier Stn Exit 2,Napier Rd,1.306504,103.81932
60161,3324.277777777778,3407.0,0.024572396159902254,0.024876785565117184,0.024132291477376125,0.012682251742583766,0.0007269510920967849,,St. Michael's Pl,S'goon Rd,1.32477289725503,103.8655673081052
63029,449.1111111111111,460.3,0.024554124697303337,0.02485805973833588,0.024132291477376125,0.012363375402135768,0.000708666514081677,,Opp The Helping Hand,Upp S'goon Rd,1.35727472200293,103.88218027802674
43339,633.8333333333334,648.7,0.023148220635936134,0.02341822000525061,0.024132291477376125,-0.012172675813397637,-0.0006972453442469028,,Blk 148,Bt Batok St 11,1.34907250002611,103.74377833982919
11009,1857.3333333333333,1903.45,0.02451322430394587,0.024816143497758215,0.024132291477376125,0.011649575525081292,0.0006677379729874445,,Ghim Moh Ter,Ghim Moh Rd,1.3110673548964,103.78932237623975
10091,1792.7777777777778,1834.85,0.02318370323928587,0.02345453419226909,0.024132291477376125,-0.011553428030442297,-0.0006617868519010661,,Bt Merah Town Ctr,Jln Bt Merah,1.28394108576437,103.81783962251122
96309,1921.6666666666667,1966.8,0.02320305613498963,0.02347434119278764,0.024132291477376125,-0.011215678355194476,-0.0006424465765446654,,Expo Stn Exit E,Changi Sth Ave 1,1.33427655612286,103.96175810276951
42169,606.1111111111111,620.4,0.02326317304454051,0.023535871156661878,0.024132291477376125,-0.010166508918820913,-0.0005823664829998404,,Opp Blk 19,Jln Jurong Kechil,1.34038575681297,103.77366130505683
46008,13632.333333333334,13968.85,0.024383661536376167,0.024683374083128665,0.024132291477376125,0.009388426426738827,0.0005380970899351017,,Woodlands Int,Woodlands Sq,1.43684944,103.7857369
52059,2907.777777777778,2979.4,0.02432453437844906,0.02462278925856587,0.024132291477376125,0.008356530286032296,0.0004789398647729089,,Blk 219,Braddell Rd,1.34309745890513,103.85622585798508
52291,741.7222222222223,760.0,0.024311242774728292,0.02460917046899575,0.024132291477376125,0.008124563199094548,0.0004656419835485333,,Blk 59,Lor 5 Toa Payoh,1.3369700601272,103.85224710756584
46009,58573.444444444445,60011.45,0.024253540864599188,0.024550050268414548,0.024132291477376125,0.007117540699433366,0.00040791487048590384,,Woodlands Int,Woodlands Sq,1.436946,103.785936
46471,891.5555555555555,913.4,0.024179353643007495,0.024474044566164303,0.024132291477376125,0.005822814040246005,0.0003337001397496992,,Opp Blk 773,Woodlands Ave 9,1.44796931841747,103.79758820990358
63301,2138.8333333333335,2191.2,0.024177661418594454,0.02447231092764242,0.024132291477376125,0.005793281082765123,0.0003320073520734236,,Paya Lebar Meth Girls' Sch,Lor Ah Soo,1.35149473186732,103.88531199399267
65229,847.3888888888889,867.6,0.023543594043704097,0.023822932355444384,0.024132291477376125,-0.00527255904951202,-0.000302069492883063,,Blk 298,Punggol Ctrl,1.403199,103.9054445
67341,326.05555555555554,333.85,0.023552619223963234,0.02383217258365963,0.024132291477376125,-0.005115050232834832,-0.00029304699814079087,,Opp Blk 204 CP,Compassvale Dr,1.38864779457077,103.89505169031366
28379,467.77777777777777,478.95,0.02355309702142705,0.023832661768191928,0.024132291477376125,-0.0051067116389257716,-0.0002925693405799756,,Aft Jurong West St 51,Boon Lay Way,1.345075,103.723997
93069,610.4444444444445,625.05,0.023606140391417618,0.023886970743231324,0.024132291477376125,-0.004180990689327382,-0.0002395400830403569,,Aft Siglap Rd,East Coast Rd,1.31168943552207,103.92240015622043
59169,2800.1666666666665,2867.1,0.023613792566628433,0.023894805735704846,0.024132291477376125,-0.004047443765293174,-0.00023188971156127324,,Bet Blks 201/202,Yishun Ctrl,1.4304570083984,103.83769416711105
54209,1506.7777777777778,1543.5,0.02406333686594131,0.02435519528371444,0.024132291477376125,0.003798071625611523,0.00021765137980051612,,Bet Blks 152/155,Ang Mo Kio Ave 4,1.37638119735545,103.83952322759048
44349,685.7777777777777,702.2,0.023630574047913022,0.02391198835139916,0.024132291477376125,-0.003754570805049518,-0.00021511198095234654,,Bet Blks 443A/443B,Fajar Rd,1.3813330335154,103.7693280970516
28509,1773.4444444444443,1816.65,0.02405707307845084,0.02434877896055169,0.024132291477376125,0.003688755054948882,0.00021138624860980365,,Blk 422,Jurong West Ave 1,1.35003470887569,103.72654009750788
93021,493.55555555555554,505.4,0.023667379150331236,0.023949674230509737,0.024132291477376125,-0.0031122425674825465,-0.00017831411858223046,,Opp Mandarin Gdns,Marine Parade Rd,1.30867772794032,103.92426998119757
76279,784.7222222222222,803.55,0.023679791780824466,0.02396238421834165,0.024132291477376125,-0.002895615454815115,-0.00016590362441298593,,Blk 491C,Tampines St 45,1.3618856073242,103.95504580030337
18049,869.7222222222222,890.85,0.023974949246408528,0.024264658967650943,0.024132291477376125,0.002255517464720613,0.0001292484295011074,,Opp Science Pk,AYE,1.29018147748939,103.79208093037771
54611,591.3333333333334,605.55,0.02371762573038616,0.024001125492402322,0.024132291477376125,-0.0022353316206330767,-0.00012807523604649348,,Blk 220,Ang Mo Kio Ave 1,1.36489470522366,103.84057417396242
04121,2014.111111111111,2062.95,0.023947286650681576,0.0242363255403624,0.024132291477376125,0.0017727456425444725,0.00010158264108262658,,SMU,Stamford Rd,1.29618544092334,103.84958029974611
27099,1482.0555555555557,1517.7,0.0237501816981025,0.024034463382656048,0.024132291477376125,-0.0016671599272654702,-9.552290806000798e-05,,Blk 271 CP,Jln Bahar,1.35023689448473,103.70360999821403
45411,2357.0555555555557,2413.75,0.02375839978350225,0.024042879019908574,0.024132291477376125,-0.0015237366526604209,-8.730557391034627e-05,,Opp Blk 670,Choa Chu Kang Cres,1.4035145178289,103.74767347957746
75341,1287.388888888889,1318.4,0.023784573329725944,0.024069682204303312,0.024132291477376125,-0.001066951948580251,-6.113397028278043e-05,,Opp The Clearwater Condo,Bedok Reservoir Rd,1.33832204097015,103.933861255669
22009,64518.16666666667,66078.8,0.02390076529187546,0.024188677783087472,0.024132291477376125,0.0009608478227365714,5.505763872556977e-05,,Boon Lay Int,Jurong West Ctrl 3,1.33932334709184,103.70545701843297
64489,1299.2777777777778,1330.7,0.023878404670092834,0.024165776543473454,0.024132291477376125,0.0005706068551302138,3.2696035830513666e-05,,Blk 946A,Hougang Ave 9,1.37488764981722,103.88067688397112
66511,379.27777777777777,388.45,0.023833507539572807,0.024119795471146666,0.024132291477376125,-0.00021294468593198858,-1.2201554753667801e-05,,Yio Chu Kang Amenity Ctr,S'goon Nth Ave 6,1.37665021193432,103.87172116805385
44329,661.1666666666666,677.15,0.023851215822179306,0.02413793103448214,0.024132291477376125,9.610295174939512e-05,5.506668574900139e-06,,Bangkit Stn,Bt Panjang Ring Rd,1.38021501052151,103.77257633645274
42171,304.72222222222223,312.1,0.02384570916876605,0.024132291477376125,0.024132291477376125,0.0,0.0,,Signature Pk Condo,Jln Jurong Kechil,1.34261833302181,103.77026361103131
