stop,baseline_median,2026-08,log_ratio,pct_change,network_shift,robust_z,vs_network,flag,Description,RoadName,Latitude,Longitude
02051,402.3478260869565,16.55,-3.1347453318122467,-0.9564891667564945,0.030621283570598463,-83.03325121209478,-0.957781938004655,drop,The Float @ Marina Bay,Raffles Ave,1.289503056,103.8590339
27439,1388.6666666666667,501.65,-1.0169250863612582,-0.6382945550491725,0.030621283570598463,-27.47095738292433,-0.6490413591133155,drop,Blk 861,Jurong West Ave 5,1.349546,103.697197
16141,199.2173913043478,558.45,1.0275504254934722,1.7942128121606937,0.030621283570598463,26.16709304190105,1.7111926143035912,surge,Tentera Diraja Mque,Clementi Rd,1.29786833526113,103.76959523650599
16031,206.52380952380952,564.75,1.0029062067325043,1.7261932078935285,0.030621283570598463,25.520537071474173,1.6451939731426881,surge,Opp S'pore Science Pk II,Pasir Panjang Rd,1.28800629048399,103.77846479413628
16149,126.78260869565217,337.9,0.9753746281232383,1.6521605988431447,0.030621283570598463,24.798229470744257,1.5733609824694343,surge,SDE3,Clementi Rd,1.29781833402646,103.76994027003138
27251,900.304347826087,2268.5,0.9234718323958448,1.5180173661360352,0.030621283570598463,23.436528262648228,1.443203343727132,surge,Academic Bldg Sth,Nanyang Dr,1.341151,103.683656
16199,188.91304347826087,445.05,0.8538647518642009,1.3487065018315012,0.030621283570598463,21.610344444924667,1.278922955767401,surge,Aft Architecture Dr,Kent Ridge Cres,1.29639303583424,103.77072917887465
27211,1673.5652173913043,3885.1000000000004,0.841852524150327,1.3206620797092055,0.030621283570598463,21.295196392480282,1.251711774929824,surge,Lee Wee Nam Lib,Nanyang Dr,1.34793140650697,103.68050066497821
27219,600.3913043478261,1392.3,0.8401845016855694,1.3167943898207057,0.030621283570598463,21.251434815217248,1.247958999831778,surge,NIE Blk 2,Nanyang Dr,1.34793269501118,103.68025240016884
27349,1350.904761904762,634.3,-0.7551724834711067,-0.530070447340613,0.030621283570598463,-20.60371968247647,-0.5440327498076587,drop,Blk 745,Jurong West St 72,1.34680805601666,103.69781805598312
27241,235.34782608695653,505.85,0.7629105424865239,1.1445088300220747,0.030621283570598463,19.22410580295427,1.0807922989833871,surge,SPMS,Nanyang Dr,1.33998726585628,103.68089382456998
51039,170.08695652173913,362.05,0.7523686209039022,1.1220203303684886,0.030621283570598463,18.9475321202936,1.0589719659356605,surge,Opp S'pore Polo Club,Thomson Rd,1.33165828742218,103.83888866147537
16061,573.3478260869565,1198.45,0.7363832157887096,1.0883686601059797,0.030621283570598463,18.528145357939028,1.026320136598387,surge,Opp Heng Mui Keng Terr,Pasir Panjang Rd,1.29046257201356,103.77356171611027
27071,151.1304347826087,316.65,0.736211871274004,1.0880108602457845,0.030621283570598463,18.523650031061056,1.025972967501553,surge,Nanyang Cres Halls,Nanyang Cres,1.35507533539502,103.68452767084537
27311,148.8695652173913,308.65,0.725677276796354,1.066129968088192,0.030621283570598463,18.247268579426713,1.0047421890319037,surge,Hall 2,Lien Ying Chow Dr,1.34902211051484,103.68539285058924
16039,636.5238095238095,1303.45,0.7159451503727867,1.0461196593964748,0.030621283570598463,17.99194036208137,0.9853264162250477,surge,S'pore Science Pk II,Pasir Panjang Rd,1.28799020188116,103.77872029260048
16131,301.0952380952381,613.65,0.7103106745220886,1.0346232660781833,0.030621283570598463,17.844116483514572,0.97417159776597,surge,Opp Kent Ridge Ter,Clementi Rd,1.29487639088562,103.76935201010454
27061,288.69565217391306,560.65,0.6620479834541904,0.9387588173495414,0.030621283570598463,16.577915620688273,0.8811554236806469,surge,Sch of ADM,Nanyang Dr,1.34984722128218,103.68387082088056
22449,421.22222222222223,813.35,0.6568584806413122,0.9287236842105266,0.030621283570598463,16.441765878642986,0.8714184491983736,surge,Blk 685B,Jurong West St 64,1.343058,103.703812
27199,382.8695652173913,709.45,0.6155957511116519,0.8507588628383742,0.030621283570598463,15.359213236488808,0.7957700780507853,surge,Hall 11,Nanyang Ave,1.35434216792763,103.68685754938303
16189,933.7826086956521,1715.2,0.6075538251864163,0.8359348837209306,0.030621283570598463,15.148228450518358,0.7813865412912051,surge,Information Technology,Kent Ridge Cres,1.297228,103.772756
16069,762.7391304347826,1370.45,0.5853975747306324,0.7957047705795288,0.030621283570598463,14.566945831929166,0.7423517243485314,surge,Heng Mui Keng Terr,Pasir Panjang Rd,1.290648611,103.7736967
27399,754.7777777777778,1333.85,0.5688268167400592,0.7661937665392526,0.030621283570598463,14.13220198319037,0.7137175359121786,surge,Bet Blks 859/860,Jurong West St 82,1.3486765,103.696401
17099,398.6521739130435,669.5,0.5174290991222907,0.6777088772845943,0.030621283570598463,12.783751804493054,0.627861663667719,surge,UTown - Cendana,Clementi Rd,1.3078304704809,103.77165274445558
27231,756.8695652173913,1268.3,0.5157095531084153,0.674826458608226,0.030621283570598463,12.738638475785885,0.6250648859159709,surge,Wee Kim Wee Sch of C&I,Nanyang Dr,1.34207972361937,103.67922271593845
16109,245.33333333333334,401.15000000000003,0.4901395210699855,0.6325439783491198,0.030621283570598463,12.067793234603485,0.584038680719996,surge,The Alpha,Science Pk Rd,1.28911169277414,103.77950843257454
19059,277.7826086956522,445.5,0.47100710251625966,0.6016063630692448,0.030621283570598463,11.565842673110758,0.5540202677752417,surge,UTown - RC4,Dover Rd,1.30894500001531,103.7727225000061
46351,218.0,349.0,0.468861424666958,0.5981735159817343,0.030621283570598463,11.50954951821165,0.5506894156550359,surge,Woodhaven,Woodlands Ave 1,1.43084888887005,103.78373500001297
16091,958.6521739130435,1525.3,0.46403088495310385,0.5904720913374408,0.030621283570598463,11.38281738997218,0.5432168117344067,surge,NUS Sports Ctr,AYE,1.299478,103.779229
16009,1029.0869565217392,1632.05,0.46080620952759244,0.5853515954752657,0.030621283570598463,11.298216081678511,0.5382484533822143,surge,Kent Ridge Ter,Clementi Rd,1.29425341056334,103.76988323197696
27321,312.5652173913044,489.15,0.44670409831367675,0.563151691625069,0.030621283570598463,10.928238672801506,0.5167081415294601,surge,Blk 949,Pioneer Rd Nth,1.34403944399659,103.6917308330011
17131,250.43478260869566,391.55,0.4454802754151954,0.5612398409130199,0.030621283570598463,10.896130939566664,0.5148530947314496,surge,Clementi Flyover,AYE,1.3080413890204,103.76591111102081
19051,945.8695652173913,1458.35,0.4325850611126896,0.5412365690146015,0.030621283570598463,10.557817200426175,0.49544414964434946,surge,New Town Sec Sch,Dover Rd,1.30896444398008,103.77392333299538
28369,274.8095238095238,422.70000000000005,0.4293151612903836,0.5362051104972365,0.030621283570598463,10.472029402755826,0.49056218320568495,surge,Opp Jurong Lake,Boon Lay Way,1.34449722197147,103.72747138899737
43551,250.42857142857144,382.2,0.4213981071198214,0.5240909090909092,0.030621283570598463,10.264320702722806,0.4788079126511729,surge,Opp Blk 435A,Bt Batok West Ave 5,1.359789,103.740915
14121,2370.9523809523807,1683.7,-0.34212589904012347,-0.28974122181847395,0.030621283570598463,-9.7671929571394,-0.3108440612434988,drop,Opp HarbourFront Int,Telok Blangah Rd,1.26591350024271,103.81925660621779
27221,583.5652173913044,868.65,0.39722247908034714,0.48768687244328784,0.030621283570598463,9.630058493019567,0.443485493807367,surge,Sch of CEE,Nanyang Dr,1.34623151653928,103.67851763727317
27461,614.7619047619048,913.75,0.3957904333268871,0.4855579614878966,0.030621283570598463,9.592487907366007,0.4414198359470757,surge,Opp Blk 276B,Jurong West Ave 3,1.353225,103.705048
15221,673.0,983.55,0.3789545730788717,0.46075667655786295,0.030621283570598463,9.150788940715566,0.4173554338961988,surge,Aft Sth Buona Vista Rd,Pasir Panjang Rd,1.27949923466491,103.78548955401584
17139,689.5555555555555,1002.9,0.37415126708888913,0.45375703942075674,0.030621283570598463,9.024771305677804,0.41056376633733,surge,Aft Clementi Ave 2,AYE,1.307653,103.76674
18309,314.5238095238095,454.45,0.3670517960544011,0.4434726833685488,0.030621283570598463,8.838512393243095,0.4005849737234439,surge,Blk S17,Lower Kent Ridge Rd,1.29752011664987,103.78134198615086
16099,271.38095238095235,392.0,0.366607965218841,0.44283216783216833,0.030621283570598463,8.826868223088047,0.3999634888515603,surge,Opp NUS Sports Ctr,AYE,1.30061249997689,103.77815138886747
17191,1001.1739130434783,1436.8,0.3609426140541263,0.43468112798264646,0.030621283570598463,8.678234312001662,0.39205462845884415,surge,NUS High Sch,Clementi Rd,1.30566944,103.7698914
46369,835.9565217391304,1198.9,0.36022137518356256,0.4336467532467532,0.030621283570598463,8.659312174424898,0.3910509865271447,surge,Blk 413,Woodlands St 41,1.42760121342773,103.77315906940312
27539,353.1304347826087,504.05,0.3549921291681972,0.4261694290976057,0.030621283570598463,8.522119745447585,0.3837958247443003,surge,Bef Xingnan Pr Sch,Jurong West St 91,1.34071614464901,103.6868923374865
18041,412.9130434782609,577.95,0.33556020620202087,0.3987237394957984,0.030621283570598463,8.012311504719118,0.3571655871979522,surge,Normanton Pk,AYE,1.28836025261771,103.7931740283919
96119,1328.8695652173913,1858.3,0.335119206644638,0.39810703893811117,0.030621283570598463,8.000741614857848,0.35656720972650047,surge,ITE Coll East Adm Blk,Simei Ave,1.33373145315305,103.9537488312858
27101,1493.0434782608695,2085.4,0.33395390454811835,0.3964787707708882,0.030621283570598463,7.970169210223578,0.3549873198162302,surge,Opp Westwood Sec Sch,Jln Bahar,1.35259472200365,103.70111638902962
96111,1927.6521739130435,2683.45,0.33065446179713387,0.3918787619197911,0.030621283570598463,7.883606335968079,0.35052398403573837,surge,Opp ITE Coll East Adm Blk,Simei Ave,1.33365307929022,103.95337833802823
16159,297.1666666666667,413.45,0.3292997257568713,0.3899944102850758,0.030621283570598463,7.848064017354532,0.3486956192767776,surge,Coll of Design & Engrg,Clementi Rd,1.30060333385651,103.77017032679849
53339,347.6666666666667,479.75,0.3212310285121305,0.3788240917782025,0.030621283570598463,7.6363768696403325,0.3378571874639069,surge,Opp Bright Hill Tp,Sin Ming Ave,1.36312998205072,103.8367836110905
18331,469.3333333333333,640.85,0.31091296834623083,0.36467044649184926,0.030621283570598463,7.365676326515299,0.3241240679252556,surge,Kent Ridge Stn Exit A/NUH,Lower Kent Ridge Rd,1.29485266612069,103.78437805999793
27261,417.0,563.5,0.30045895106496,0.350478468899521,0.030621283570598463,7.091408866316615,0.3103537549901686,surge,Hall 4,Nanyang Dr,1.343777,103.686919
80229,426.82608695652175,335.95,-0.23878222272492344,-0.2124136178861789,0.030621283570598463,-7.055909163745938,-0.23581397486259967,,Blk 45,Sims Dr,1.3172897212662,103.87810554835914
77219,573.8260869565217,773.35,0.29795643018123563,0.3471030935632695,0.030621283570598463,7.0257537187875485,0.3070786670504382,surge,Opp Blk 626,Pasir Ris Dr 3,1.3805766269449,103.94064766803564
27401,683.7619047619048,921.25,0.2977451429251703,0.34681849791376906,0.030621283570598463,7.020210469954661,0.3068025271588628,surge,Opp Blk 821,Jurong West St 81,1.34736600563095,103.6941379590552
40501,365.6111111111111,491.95,0.29610610553379413,0.34461282012426225,0.030621283570598463,6.977209333605978,0.30466238332070605,surge,Blk 131D,Tengah Gdn Ave,1.354773,103.731884
17121,1625.608695652174,2184.55,0.2953702204763191,0.3436237036245056,0.030621283570598463,6.957902944465658,0.30370265493596926,surge,Blk 610,AYE,1.30476410258543,103.76944539352431
75069,845.9047619047619,1136.1499999999999,0.2946921645112903,0.3427129603598542,0.030621283570598463,6.940113736508811,0.3028189712015366,surge,Blk 970A,Bedok Reservoir Rd,1.341667,103.937323
66349,804.9444444444445,638.85,-0.23078103875913225,-0.20608671675742724,0.030621283570598463,-6.845993267699781,-0.22967505532968258,,Opp Daikin S'pore,Ang Mo Kio Ave 3,1.37082760014108,103.86541771672718
44159,1249.0,1665.95,0.28785205800341895,0.33356000000000074,0.030621283570598463,6.760659409150523,0.29393795883961166,surge,Bt Batok Fire Stn,Bt Batok Rd,1.37401429037273,103.7525923087755
16179,677.4782608695652,901.1,0.28487293988686346,0.32959307914130154,0.030621283570598463,6.682500445234956,0.29008890107034474,surge,Opp Yusof Ishak Hse,Kent Ridge Cres,1.29898164227099,103.7741773272528
17091,941.6521739130435,1249.75,0.28280128634637336,0.3268414741017481,0.030621283570598463,6.628149362806598,0.2874190502886682,surge,Aft Clementi Ave 1,Clementi Rd,1.30904805161426,103.77157783850733
05649,726.3888888888889,583.7,-0.21836236214996418,-0.19616589017032035,0.030621283570598463,-6.520181782891209,-0.2200489911824955,,Aft Cantonment Rd,Keppel Rd,1.2723842122117,103.84093912218094
94009,328.1904761904762,433.95,0.27859454373170767,0.3212715174309271,0.030621283570598463,6.517782928392815,0.28201458527362044,surge,Upp East Coast Ter,Upp East Coast Rd,1.31795981372922,103.95256713632443
65449,442.22222222222223,580.15,0.2709376245205295,0.31119328152419123,0.030621283570598463,6.316899026205401,0.27223578867064346,surge,Blk 315B,Sumang Walk,1.40804081420589,103.89593121183572
44151,579.8695652173913,754.9,0.2633828611366438,0.3013248502994009,0.030621283570598463,6.118695243874512,0.2626605631420177,surge,Opp Bt Batok Fire Stn,Bt Batok Rd,1.37392273953012,103.75223395114867
50241,244.38095238095238,318.2,0.26300595497085233,0.30083446535998437,0.030621283570598463,6.108806882869978,0.262184748264881,surge,Opp S'pore Khalsa Assn,Balestier Rd,1.31724802771626,103.8572754498738
67339,294.0,381.8,0.26053730323897906,0.2976271186440674,0.030621283570598463,6.044040313005111,0.25907269656650633,surge,Opp Blk 200B,Sengkang East Ave,1.38648038153055,103.89269086108794
04121,1590.9130434782608,2062.95,0.25968515752001675,0.2965218222537835,0.030621283570598463,6.021683755160339,0.2580002401677266,surge,SMU,Stamford Rd,1.29618544092334,103.84958029974611
17119,502.9130434782609,651.7,0.2587138852365243,0.29526315789473717,0.030621283570598463,5.996201839913067,0.2567789725895084,surge,Opp Blk 343,Clementi Rd,1.31728446989719,103.77193266319905
81181,2148.7619047619046,2783.3,0.25863940125130025,0.29516668512570604,0.030621283570598463,5.9942477075538765,0.2566853661692171,surge,Dakota Stn Exit A/Blk 99,Old Airport Rd,1.30845544825732,103.88847214403829
16151,1084.0869565217392,1403.15,0.25777200946301626,0.29404375525904636,0.030621283570598463,5.971491159868036,0.25559580021074074,surge,The Japanese Pr Sch,Clementi Rd,1.30076138899694,103.76993555602371
17149,776.7826086956521,1002.35,0.2546526183704607,0.2900134160657386,0.030621283570598463,5.889652049667368,0.2516852083594405,surge,Blk 426,AYE,1.31171515103681,103.76346179699715
22489,280.4347826086956,361.55,0.2532616532012417,0.28822029970647367,0.030621283570598463,5.853159237964253,0.24994536814087587,,Blk 683A,Jurong West Ctrl 1,1.34258460261,103.70536833792208
22599,2351.6666666666665,1940.1000000000001,-0.19229461389006008,-0.17493624256163223,0.030621283570598463,-5.836278655894136,-0.19945010782241412,,Blk 678D,Jurong West St 64,1.3443608,103.7034508
18289,686.5555555555555,882.95,0.25125786559529484,0.2856415643180351,0.030621283570598463,5.800588659336527,0.2474432507971465,,Opp R'ford/Normanton Pk,Science Pk Dr,1.28738105702672,103.7912059790003
16169,771.9444444444445,987.1,0.24557673125520463,0.2783583698699053,0.030621283570598463,5.651540667107204,0.24037645083460632,,NUS Raffles Hall,Kent Ridge Cres,1.30098333297992,103.77270416701658
03509,603.5714285714286,501.59999999999997,-0.18472519937333054,-0.1686672967863897,0.030621283570598463,-5.637690492240164,-0.19336742170368415,,Bayfront Stn Exit B/MBS,Bayfront Ave,1.28314999997332,103.86004388891767
27189,307.0869565217391,389.7,0.23755793256475677,0.2681484617555738,0.030621283570598463,5.441162638116007,0.23046989420018557,,Opp PUB Sub-Stn,Nanyang Ave,1.35607204234326,103.68903921690323
19089,1450.8695652173913,1834.45,0.23443760179975826,0.26419758632048584,0.030621283570598463,5.359298875041003,0.22663640512124864,,ACS Independent,Dover Rd,1.30370305599194,103.78184388900041
80279,784.9444444444445,990.35,0.2321815420218023,0.26134869583657366,0.030621283570598463,5.300109783545531,0.22387215938973976,,Mountbatten Stn Exit B,Mountbatten Rd,1.30514903438296,103.88342000727887
19079,245.57142857142858,309.95,0.23198040496183836,0.2610950173812283,0.030621283570598463,5.294832831240605,0.2236260180967262,,Dover Ct Intl Sch,Dover Rd,1.30607,103.780131
17051,740.2608695652174,932.4,0.23048121947963374,0.25920581852308056,0.030621283570598463,5.255500794234347,0.22179295013251474,,Opp Regent Pk,Clementi Ave 6,1.31726409983754,103.76240145648879
67471,1165.0,1465.2,0.2290949318790485,0.25746140651801025,0.030621283570598463,5.219130701370752,0.22010036718970308,,Layar Stn Exit B,Sengkang West Ave,1.39218567915754,103.88018144124133
43779,631.8888888888889,792.9,0.22666263297547573,0.2544066011235959,0.030621283570598463,5.1553178699224915,0.21713632458442042,,Blk 433C,Bt Batok Rd,1.361511,103.741404
54489,3801.4347826086955,4756.05,0.22398613440454973,0.25105367270398893,0.030621283570598463,5.085098312643929,0.21388301663022147,,Opp ITE Coll Ctrl,Ang Mo Kio Ave 5,1.375675,103.855423
62161,405.77777777777777,506.15,0.22053978203798774,0.24674952198852756,0.030621283570598463,4.994681175853834,0.20970674860230956,,St. Gabriel's Sec Sch,S'goon Ave 1,1.34750333302055,103.87601972203167
14189,403.0952380952381,343.65,-0.15912117870718667,-0.14710699976431799,0.030621283570598463,-4.965953538872107,-0.17244771301362505,,Aft Alexandra Rd,Telok Blangah Rd,1.27269303340787,103.80398363214624
22521,6218.391304347826,7701.6,0.2138858932771459,0.23848132768480093,0.030621283570598463,4.820112383610666,0.20168421458760205,,Pioneer Stn Exit A,Jurong West St 63,1.33741647896432,103.69776790191162
75061,1410.904761904762,1745.0,0.2123877696970986,0.23662731871838066,0.030621283570598463,4.780808206249159,0.19988529097135666,,Blk 954D,Bedok Reservoir Rd,1.342039,103.937243
17021,570.304347826087,490.35,-0.15076537130101553,-0.13995053272450497,0.030621283570598463,-4.7467338825868906,-0.16550387520055432,,Waseda S Snr High Sch,West Coast Rd,1.29673702633957,103.76691201794645
17029,543.6666666666666,670.95,0.21000994624123503,0.2336903304773566,0.030621283570598463,4.718424571088257,0.19703556499747735,,Opp Waseda S Snr High Sch,West Coast Rd,1.29694570097768,103.76710295331488
54481,2456.2608695652175,3029.55,0.20969685927846982,0.23330413857777377,0.030621283570598463,4.710210545437775,0.19666084743076367,,ITE Coll Ctrl,Ang Mo Kio Ave 5,1.37599497932237,103.855765341723
43453,336.44444444444446,414.3,0.20760026292717804,0.23072110635495502,0.030621283570598463,4.655205073296378,0.19415456091796257,,Bef PIE,Bt Batok Rd,1.3479,103.7385
67221,344.85714285714283,297.8,-0.14625135462408245,-0.13605947955390293,0.030621283570598463,-4.628305927479623,-0.16172843097809322,,Rumbia Stn Exit B/Blk 153,Rivervale Dr,1.391389,103.9062225
18149,541.6521739130435,665.85,0.2060965820791001,0.22887188526560445,0.030621283570598463,4.615755097650116,0.19236028292387347,,Essec Business Sch,Nth Buona Vista Rd,1.302549,103.787196
67631,563.047619047619,690.45,0.20365216304120448,0.22587167581257908,0.030621283570598463,4.551624287154322,0.18944921413376364,,Blk 441D,Fernvale Rd,1.392329,103.87567
13091,1087.3809523809523,1332.4,0.20304084399677436,0.22512250612530718,0.030621283570598463,4.535585962635065,0.18872230338661075,,Aft Kim Yam Rd,River Valley Rd,1.295871,103.839349
85041,758.8695652173913,928.7,0.20171515962460163,0.22349945642844982,0.030621283570598463,4.500805832088284,0.1871474768982287,,Man Fatt Lam Tp,Bedok Rd,1.3264647104527,103.95116420801885
42259,368.0,449.55,0.19967241464051888,0.22100271002709995,0.030621283570598463,4.447213183105226,0.18472491252744458,,Aft Upp Bt Timah Rd,Jln Jurong Kechil,1.34106160633217,103.7770788000345
17129,1088.3333333333333,1328.05,0.1988985129661467,0.22005813953488357,0.030621283570598463,4.426909405049125,0.1838084066224395,,Aft NUS High Sch,AYE,1.30514136653386,103.76985839745124
59529,378.0,461.1,0.19824511279379475,0.21926121372031712,0.030621283570598463,4.40976705671138,0.1830351586532093,,Opp Yishun Emerald,Yishun Ave 2,1.44035052900307,103.8318142995419
16081,466.95652173913044,568.75,0.19682227879064484,0.21752764099228805,0.030621283570598463,4.3724381468933915,0.1813530929364767,,Aft Palm Green Condo,Pasir Panjang Rd,1.29195777797363,103.76866138900287
82149,485.94444444444446,591.75,0.19662268548634465,0.2172846548773531,0.030621283570598463,4.367201695951116,0.1811173262986161,,Bef Koon Seng Rd,Joo Chiat Rd,1.31101372476887,103.90136361120997
66701,308.6190476190476,375.8,0.19637187956178082,0.2169793909566293,0.030621283570598463,4.360621650971074,0.18082113222074278,,Goldenhill Pk Condo,Lor Chuan,1.352218,103.862853
16011,2550.5,3095.25,0.19351028029954342,0.2135018616500101,0.030621283570598463,4.285545865209136,0.17744692545628393,,Opp Haw Par Villa Stn,Pasir Panjang Rd,1.28277766355314,103.78186930413443
11529,407.6666666666667,494.05,0.19175893974047664,0.2113784665579119,0.030621283570598463,4.239598387397066,0.17538661957482407,,Bef IKEA Ind Bldg,Alexandra Rd,1.28903120647732,103.8060909305284
65529,778.4347826086956,942.4,0.19092135152447298,0.21036425503430645,0.030621283570598463,4.2176237544387645,0.17440254177653555,,Aft Punggol Field,Punggol East,1.39161433333333,103.914103333333
13099,996.2173913043479,1204.55,0.1897223816927811,0.20891393442622957,0.030621283570598463,4.186168056428573,0.1729953123400812,,Bef Kim Yam Rd,River Valley Rd,1.29578024244395,103.83961272081199
43459,492.60869565217394,595.5,0.1893361523025865,0.2084471064916758,0.030621283570598463,4.176035094998277,0.17254235455433042,,Aft PIE,Bt Batok Rd,1.34808666498981,103.73807456781998
06031,294.76190476190476,356.1,0.1884610997645222,0.20739011431331436,0.030621283570598463,4.153077562912953,0.1715167671778506,,The Landmark Condo,Chin Swee Rd,1.28607055552165,103.83879166662209
12091,4892.260869565217,5902.8,0.18773728564898384,0.20651650450930764,0.030621283570598463,4.134087862228191,0.17066911361399237,,SIM Campus,Clementi Rd,1.32918315486756,103.7771471166854
50249,417.77777777777777,503.6,0.18642562027604193,0.20493499602016527,0.030621283570598463,4.09967552859719,0.16913459408256643,,S'pore Khalsa Assn,Balestier Rd,1.317187,103.857005
77171,349.23809523809524,308.5,-0.1236551031874642,-0.11631543167912993,0.030621283570598463,-4.0354796172882965,-0.1425710079852655,,Aft Pasir Ris Stn Exit A,Pasir Ris Ctrl,1.37276133738912,103.95064755544978
43349,1478.608695652174,1775.1,0.18264229130320775,0.20038494314007835,0.030621283570598463,4.000417606923928,0.16471973000725534,,Opp Princess E Pr Sch,Bt Batok West Ave 3,1.34989138902216,103.74073750002215
17109,624.7777777777778,749.1,0.18121121047393185,0.1986683238636366,0.030621283570598463,3.962872336639391,0.16305411402997358,,Opp Blk 352,Clementi Rd,1.31552714122807,103.77218311911328
20139,328.3888888888889,393.34999999999997,0.17999975403279667,0.1972170686456398,0.030621283570598463,3.9310890448854394,0.16164597775224324,,Bef West Coast Rise,West Coast Rd,1.31584166892255,103.75204376675156
27091,748.4347826086956,896.1,0.17984803933999594,0.19703544700353862,0.030621283570598463,3.9271087182464326,0.16146975235791416,,Opp Blk 271 CP,Jln Bahar,1.34910999998031,103.70388500000492
75419,601.952380952381,720.4,0.17935554508878937,0.19644605907439533,0.030621283570598463,3.9141878339771026,0.16089787601639194,,The Alps Residences Condo,Tampines Ave 10,1.35557389,103.92911
62079,796.8095238095239,953.25,0.17905581463500742,0.1960875014921811,0.030621283570598463,3.9063242244104477,0.16054997171058139,,Aft Bartley Stn Exit B,Bartley Rd,1.34296635529936,103.87976646424752
14129,3270.6190476190477,2907.0499999999997,-0.11780223050175742,-0.11112817303213697,0.030621283570598463,-3.8819259657890806,-0.13753787046939583,,HarbourFront Stn Exit A,Telok Blangah Rd,1.26607869101924,103.81977877391114
20039,1878.1304347826087,2244.1,0.17794092848244247,0.1947547431744564,0.030621283570598463,3.8770745125295907,0.15925681161485025,,Opp The Infiniti,AYE,1.32102499760642,103.75471510655738
43781,1191.7142857142858,1423.75,0.17776473757642108,0.1945442567972204,0.030621283570598463,3.872452037647024,0.1590525790993846,,Opp Blk 437A,Bt Batok Rd,1.3591085,103.738945
47069,1013.2857142857143,1208.8500000000001,0.17631174999000798,0.19280985915492949,0.030621283570598463,3.8343320303518675,0.15736971297781369,,Nth Tech,Admiralty Rd West,1.45593908069502,103.79877069336828
58469,254.77777777777777,303.6,0.17469042851545336,0.19087749782797625,0.030621283570598463,3.7917956817858145,0.15549476496562192,,Opp Innova Pr Sch,Champions Way,1.429821,103.790446
16089,581.9444444444445,692.8,0.1740918452739022,0.19016487181930716,0.030621283570598463,3.776091488750678,0.15480331213029894,,Aft Clementi Rd,Pasir Panjang Rd,1.29201138346787,103.76908420716119
44599,301.11111111111114,358.5,0.17391930986484994,0.18995954394998146,0.030621283570598463,3.7715649180399247,0.15460408485583949,,Bet Blks 801B/801C,Choa Chu Kang Ave 6,1.37551323792473,103.7421877620434
42029,322.27777777777777,383.5,0.17343184218519347,0.18937961849114973,0.030621283570598463,3.75877590891251,0.15404138984063218,,Aft Swiss Club Rd,Dunearn Rd,1.33325151466609,103.79206171859214
43771,468.2857142857143,555.5,0.17045538885220246,0.1858447488584481,0.030621283570598463,3.680686857203949,0.1506115464160378,,Opp Blk 433B,Bt Batok Rd,1.36200917978122,103.74136328540868
03222,1341.888888888889,1204.5,-0.10792876196405832,-0.10230845606486809,0.030621283570598463,-3.622889552673724,-0.12898020034568863,,Hub Synergy Pt,Anson Rd,1.27397836925637,103.84489562922414
84201,2061.3333333333335,2439.15,0.16822148494466838,0.18319864231452979,0.030621283570598463,3.6220790383566466,0.14804405961356187,,Bedok Resvr Stn Exit A,Bedok Nth Ave 3,1.336576,103.933159
03519,320.04347826086956,287.25,-0.10774840110437012,-0.10214653304442048,0.030621283570598463,-3.6181576765370203,-0.12882308829781142,,Bayfront Stn Exit A,Bayfront Ave,1.28124500000125,103.85884799997385
99049,493.1904761904762,583.5,0.16783575870786116,0.1827423395644633,0.030621283570598463,3.6119592774594986,0.14760131429349083,,Changi Golf Course,Loyang Ave,1.38749994542049,103.98573364026825
43111,305.7142857142857,361.5,0.16710782547126168,0.1818816953889147,0.030621283570598463,3.5928615091447256,0.1467662411300812,,Min of Defence,Upp Bt Timah Rd,1.37229972154626,103.76298146518725
10049,1889.3809523809523,1698.35,-0.10653254586149341,-0.10105420928006514,0.030621283570598463,-3.5862589795614106,-0.12776321908904548,,Opp Kampong Bahru Ter,Kg Bahru Rd,1.27623302424393,103.83483786772155
67099,316.3333333333333,373.9,0.1667065776186103,0.18140756302520958,0.030621283570598463,3.5823345292769924,0.14630619594057911,,Blk 459B,Sengkang West Rd,1.3937,103.869287
17039,547.4782608695652,646.9,0.16658871830990307,0.1812683313515655,0.030621283570598463,3.5792424190967447,0.14617110104601058,,Opp Kent Ridge Sec Sch,West Coast Rd,1.3015316464856,103.76606427132043
65719,333.94444444444446,394.65,0.16656530146196147,0.18124067009454303,0.030621283570598463,3.5786280639414008,0.14614426164587063,,Blk 432B,New Punggol Rd,1.416996944,103.911575
15139,1155.5,1363.85,0.1656463297993156,0.18015564202334627,0.030621283570598463,3.554518287084613,0.14509147136442246,,Kent Ridge Stn Exit B,Sth Buona Vista Rd,1.29241000003008,103.7845849999835
64397,274.9047619047619,324.05,0.16392327604460544,0.17812392129789484,0.030621283570598463,3.5093129306770985,0.14312011606850572,,Blk 513,Hougang Ave 10,1.371948,103.890003
20059,571.4285714285714,672.0,0.16185736806389617,0.17569253805839735,0.030621283570598463,3.4551125864813366,0.14076097282330322,,Opp Cycle & Carriage,AYE,1.32332108750232,103.74769351004639
05641,845.1904761904761,763.9,-0.10099937709745443,-0.09606640405177334,0.030621283570598463,-3.4410929536277726,-0.12292360893563245,,Bef Cantonment Rd,Keppel Rd,1.27272393115133,103.84140618785226
77231,602.1111111111111,707.6,0.16118974881283155,0.17490788504053095,0.030621283570598463,3.437597192021707,0.1399996330078203,,Tampines Meridian JC,Pasir Ris Dr 1,1.37670503142246,103.93844026085439
46309,331.77777777777777,299.9,-0.10069694957733155,-0.09579298831385712,0.030621283570598463,-3.433158584895965,-0.12265831678392276,,Opp Progen Bldg,Riverside Rd,1.44317008649619,103.78254975765708
22451,509.94444444444446,599.2,0.1610020679997337,0.17468739806458614,0.030621283570598463,3.4326732724842306,0.1397856970262336,,Opp Blk 643,Pioneer Rd Nth,1.33817022625307,103.69561280580359
70089,952.695652173913,862.5,-0.09935070008443159,-0.09457488032824272,0.030621283570598463,-3.3978389159804614,-0.12147640058926179,,HDB CP,Ubi Ave 3,1.33187702164512,103.89443953236938
46239,699.0,632.9,-0.09918912175328387,-0.09442857142857135,0.030621283570598463,-3.3935998108293326,-0.12133443874352494,,Larkin Ter,Jln Datin Halimah,1.49390379286364,103.74403292148666
80289,571.5217391304348,517.6,-0.0989178338831378,-0.09418286755771609,0.030621283570598463,-3.386482409630754,-0.12109603509829453,,Sims Pl Ter,Sims Pl,1.31607500002964,103.8793280559861
67799,540.6666666666666,634.0,0.1589741927969639,0.1723076923076928,0.030621283570598463,3.3794707411989604,0.13747669584914865,,Blk 415A,Buangkok Dr,1.388615,103.8798
28281,1366.611111111111,1602.0,0.15881137034457105,0.17211682983304202,0.030621283570598463,3.375198995775207,0.13729150418108066,,Opp Blk 227,Jurong Town Hall Rd,1.3420603281321,103.73537548132207
42059,1354.7777777777778,1587.5,0.1584148793339928,0.1716521881658748,0.030621283570598463,3.364796814533577,0.1368406677054769,,Opp King Albert Pk Stn,Dunearn Rd,1.33679896138996,103.78180146215335
46459,646.3809523809524,586.15,-0.0976545955320578,-0.093037881574108,0.030621283570598463,-3.3533405881802576,-0.1199850683427456,,Blk 872,Woodlands Ave 9,1.4441853308513,103.78940895329838
99029,511.05555555555554,463.45,-0.09757921626396904,-0.09296951285667726,0.030621283570598463,-3.3513629675341376,-0.11991873096108989,,Aft Cranwell Rd,Loyang Ave,1.38664086819653,103.97959306203218
12069,549.5,643.65,0.15788057769411257,0.17102633969119055,0.030621283570598463,3.350779088160341,0.1362334141151804,,Opp Blk 109A,Clementi Rd,1.32143306,103.7710419
18079,413.0,483.75,0.157767320297447,0.17089371980676354,0.030621283570598463,3.3478077119232044,0.1361047345637863,,Opp NUH,Buona Vista Flyover,1.2964817739742,103.78455389999202
47499,362.9047619047619,424.84999999999997,0.15719498130366727,0.17022376341271878,0.030621283570598463,3.332792052586399,0.13545468356568965,,Opp Twin Fountains,Woodlands Ave 6,1.430873,103.80047
40059,362.0,422.9,0.15509474409374135,0.1677685950413231,0.030621283570598463,3.2776910603187526,0.13307246188005775,,Chancery Ct,Dunearn Rd,1.31662138896806,103.83634361100417
22501,786.6521739130435,918.75,0.15504530523792948,0.16771086332523796,0.030621283570598463,3.276394002063172,0.13301644545869576,,Blk 662A,Jurong West St 63,1.33769199118033,103.70297133237953
53261,281.88888888888886,329.1,0.15434143707801518,0.16688923802042455,0.030621283570598463,3.2579275955765215,0.132219231857627,,Opp Bishan Stadium,Bishan St 14,1.35285975794309,103.85179055539538
04151,406.8695652173913,474.2,0.15278833785163393,0.16507834985609213,0.030621283570598463,3.2171810989144896,0.13046214786062418,,Cath of The Good Shepherd,Victoria St,1.29533777799211,103.85113972198121
67361,479.1111111111111,558.3,0.15266844323182838,0.16493867160379527,0.030621283570598463,3.2140355911177436,0.1303266196559155,,Blk 313B,Anchorvale Dr,1.39099505909557,103.88834913656447
64321,499.09523809523813,581.55,0.15261646219156866,0.16487811845362801,0.030621283570598463,3.212671837117063,0.13026786562945347,,Opp Rio Vista,Hougang Ave 7,1.37229075864076,103.90046238900685
77211,524.8260869565217,610.65,0.15118969858891695,0.16321729783363662,0.030621283570598463,3.17523983188169,0.12865639044796148,,Blk 626,Pasir Ris Dr 3,1.37999169580419,103.94094544562029
74949,1218.7222222222222,1417.5,0.15097682914925326,0.1629697107720341,0.030621283570598463,3.1696550735060676,0.12841615956436792,,Blk 961A,Bedok Reservoir Rd,1.340276,103.936345
59779,349.4761904761905,406.35,0.15037999275715208,0.16227581521739157,0.030621283570598463,3.1539967101217825,0.12774288067356282,,Opp Blks 469A/469B,Yishun Ave 1,1.424119,103.852562
67559,543.8888888888889,632.0,0.14988852186434798,0.16170473083197362,0.030621283570598463,3.1411026742785038,0.1271887640503941,,Opp Blk 471A,Sengkang West Way,1.3954939065925,103.88094503218825
43789,1628.8333333333333,1892.1000000000001,0.14973793693164428,0.16152980877390338,0.030621283570598463,3.1371519875782985,0.12701903918553958,,Blk 436A,Bt Batok Rd,1.35915702140816,103.73950237742633
27109,902.1666666666666,1047.95,0.14963783647992646,0.1614135449344899,0.030621283570598463,3.134525791741931,0.1269062297168561,,Westwood Sec Sch,Jln Bahar,1.35309472199852,103.70082305601869
92169,443.85714285714283,515.65,0.14961245932173384,0.16138407193320517,0.030621283570598463,3.1338600066626374,0.12687763240205716,,Bef Katong PO,Tg Katong Rd,1.303782,103.8967661
40409,811.1428571428571,942.1999999999999,0.14960209209383812,0.16137203166226924,0.030621283570598463,3.133588016174411,0.12686594986538932,,Blk 132B,Tengah Blvd,1.357394,103.731808
21661,360.4347826086956,418.75,0.1495776783557119,0.16134367857572487,0.030621283570598463,3.132947507002704,0.1268384391910065,,Yuan Ching Sec Sch,Yuan Ching Rd,1.34176560473259,103.72141430185464
59631,260.8888888888889,303.05,0.14927183596620708,0.1609885447602886,0.030621283570598463,3.124923547109232,0.126493856926796,,Opp Blk 445,Yishun Ring Rd,1.42333778088573,103.84397389045573
27379,1764.9565217391305,1618.0,-0.08688380755643532,-0.08321638722702276,0.030621283570598463,-3.0707624574070334,-0.1104553851277255,,Blk 755,Jurong West St 75,1.348016,103.7009747
44891,285.3478260869565,330.55,0.1465713808077167,0.15785757667780137,0.030621283570598463,3.054075474280185,0.12345591453961771,,APSN,Choa Chu Kang Gr,1.37409009466488,103.74930160167106
26349,324.76190476190476,297.85,-0.08622498576731186,-0.08261219120011697,0.030621283570598463,-3.0534778696772835,-0.10986914065894006,,Tuas Technology Pk,Tuas Sth Ave 4,1.31161056,103.6309569
22499,1122.611111111111,1299.75,0.1463933161398847,0.1576514215080341,0.030621283570598463,3.0494038401242998,0.12325588454503712,,Opp Blk 662C,Jurong West St 64,1.3377065,103.704634
68009,742.0952380952381,858.95,0.14605003104104508,0.15725408522909376,0.030621283570598463,3.0403975481267267,0.12287035371496949,,Woodleigh Int,Bidadari Pk Dr,1.340141,103.871449
20019,1048.9565217391305,1213.95,0.1459541682377523,0.15714315292558745,0.030621283570598463,3.037882529557383,0.12276271737437112,,Blk 431,AYE,1.31357611099308,103.7615108330155
64551,277.77777777777777,321.35,0.14522294272642622,0.15629732961339177,0.030621283570598463,3.018698386425805,0.1219420247245305,,Blk 836,Hougang Ctrl,1.3703455,103.890922
14369,370.3809523809524,340.25,-0.08461301510790609,-0.08113219643544092,0.030621283570598463,-3.0111868453968764,-0.10843311872899448,,The Interlace,Depot Rd,1.28153635758335,103.80365927155157
46361,592.8695652173913,685.35,0.14472799362392674,0.15572516289625915,0.030621283570598463,3.005713097649465,0.12138685792732413,,Blk 425,Woodlands St 41,1.4274660260627,103.773787554639
77191,563.2222222222222,650.3,0.14352218062395128,0.15433241433635267,0.030621283570598463,2.9740778649843795,0.12003548998828711,,Blk 500A,Pasir Ris Dr 3,1.37654807606486,103.94602815996554
67579,536.4285714285714,619.1,0.14308489455016993,0.1538277511961723,0.030621283570598463,2.96260540060926,0.11954582113686195,,Bef Jln Kayu,Sengkang West Way,1.3947623,103.874852
53219,720.9130434782609,831.6,0.14264864151709578,0.15332450012045334,0.030621283570598463,2.951160038681307,0.11905752239537329,,Raffles Instn,Bishan Rd,1.34606111102286,103.8465836110301
70069,575.0555555555555,663.15,0.14230392091639832,0.15292699392419648,0.030621283570598463,2.942116085425094,0.11867182669648409,,Aft Bidadari Pk Dr,Upp Aljunied Rd,1.337778056,103.8736111
77009,20128.095238095237,23170.35,0.14075030904977304,0.15113718356040026,0.030621283570598463,2.9013561393364977,0.11693519424737006,,Pasir Ris Int,Pasir Ris Dr 3,1.373696,103.94845
47611,931.952380952381,1072.8999999999999,0.14069799995559062,0.15107697019191563,0.030621283570598463,2.899983778642929,0.116876769907174,,Northoaks Condo,Woodlands Ave 7,1.44388706173517,103.80622284389754
19049,675.4782608695652,777.65,0.14066133855553442,0.15103477087216377,0.030621283570598463,2.8990219446598577,0.11683582439166351,,Sch of Science & Tech,C'wealth Ave West,1.31266302174215,103.77479215922537
16041,477.61111111111114,549.8000000000001,0.14048337578863457,0.15082994776552536,0.030621283570598463,2.8943529839365003,0.11663708688264489,,Opp Luxe Ville,Pasir Panjang Rd,1.2893086506189,103.77660095143266
13071,848.2777777777778,975.75,0.13984441883031007,0.15009485183489188,0.030621283570598463,2.877589562046056,0.11592383173999274,,Great World Stn Exit 5,River Valley Rd,1.296373,103.833056
18071,2096.9444444444443,2411.45,0.13968479924986887,0.14991128882768923,0.030621283570598463,2.873401845903285,0.11574572266139244,,NUH,Buona Vista Flyover,1.295425,103.784491
11231,532.2608695652174,612.1,0.13951731400520195,0.1497187117814917,0.030621283570598463,2.869007769306736,0.11555886736423579,,Aft Hyll on Holland,Holland Rd,1.31115316310297,103.80119919777994
75369,347.7826086956522,321.4,-0.07865581976837532,-0.07564198454250816,0.030621283570598463,-2.854896226037778,-0.10310602915646802,,Bef Tampines Lk,Tampines Ave 10,1.370271,103.930686
20029,1317.7391304347825,1514.25,0.13890436596532219,0.14901420988427772,0.030621283570598463,2.85292670710754,0.11487529726099359,,Opp NEWest,AYE,1.31772833949651,103.75767989744158
54351,1491.5555555555557,1378.8,-0.07855122761478572,-0.07554529889079152,0.030621283570598463,-2.8521521876887,-0.10301221617855079,,Nanyang Poly,Ang Mo Kio Ave 5,1.37647777885877,103.85003474200923
18011,618.3809523809524,710.65,0.13886570217631622,0.14896978550011497,0.030621283570598463,2.851912339240431,0.11483219279102877,,Aft HortPark,Alexandra Rd,1.28087089714667,103.8021033300325
65651,350.14285714285717,402.2,0.1382395756864918,0.14825061025223735,0.030621283570598463,2.835485532443878,0.11413438530408651,,Blk 413C,Northshore Dr,1.417212,103.9013
59811,980.7777777777778,1126.3,0.13821568484669733,0.14822317790855605,0.030621283570598463,2.8348587418258653,0.11410776801593363,,Blk 477B,Yishun St 42,1.427487,103.852056
78201,512.5,588.5500000000001,0.1381095046540688,0.1481012658227841,0.030621283570598463,2.8320730403130305,0.11398947811864991,,Opp Blk 242,Pasir Ris St 21,1.37134689166636,103.96205663680765
13109,1016.7142857142857,1167.25,0.13794768622629672,0.14791549691184744,0.030621283570598463,2.8278276360818837,0.11380922867698007,,UE Sq/Bef Mohd Sultan Rd,River Valley Rd,1.29350944398488,103.84272416702719
67481,1809.2857142857142,2076.3,0.13758428754174457,0.14749842171717104,0.030621283570598463,2.818293652009538,0.1134045454035749,,Fernvale Stn/Blk 439A,Sengkang West Ave,1.3914815,103.877678
07551,651.1904761904761,603.0,-0.07676246272328502,-0.0738901869158875,0.030621283570598463,-2.8052228599016282,-0.10140628002985236,,Fu Lu Shou Cplx,Rochor Rd,1.30171975809706,103.8546132267025
77199,748.8095238095239,858.8,0.13688059804119224,0.1466912231677893,0.030621283570598463,2.7998319327592034,0.11262132991768353,,Opp Blk 500A,Pasir Ris Dr 3,1.376671,103.94637
75521,283.5238095238095,325.25,0.13684701956061485,0.1466527196652721,0.030621283570598463,2.7989509810315085,0.11258397041120813,,Blk 660 CP,Tampines Nth Dr 1,1.367719,103.933654
22471,606.4444444444445,695.5,0.13680707166108075,0.14660691421254832,0.030621283570598463,2.797902923748772,0.11253952590627311,,Blk 991B,Upp Jurong Rd,1.33509047686273,103.6931453983202
54471,270.2173913043478,309.85,0.13638979947674734,0.14612856684834846,0.030621283570598463,2.786955535856682,0.11207539095017889,,Opp Blk 538,Ang Mo Kio Ave 5,1.37613470846106,103.853296559924
90061,432.8888888888889,495.85,0.13549968473980556,0.14510883482714487,0.030621283570598463,2.763602837882496,0.11108595667644573,,Dunman High Sch,Tg Rhu Rd,1.2981225,103.8824094
64561,623.0,713.25,0.13508267274145425,0.14463141025640966,0.030621283570598463,2.7526622761268635,0.11062271709625661,,Blk 574,Hougang St 51,1.37715998902026,103.88690877548076
42011,593.8695652173913,679.2,0.1340447091813024,0.14344394094430749,0.030621283570598463,2.7254306749383272,0.10947052925477505,,Sixth Ave Ctr,Bt Timah Rd,1.33161452117352,103.79503057628676
08079,889.4347826086956,1016.9,0.1337870972339994,0.1431494140624996,0.030621283570598463,2.7186720698391933,0.10918475320250151,,Sch of The Arts,Prinsep St,1.29921444445586,103.84910329217985
24049,616.6666666666666,573.1,-0.07314534044365839,-0.07053426875337238,0.030621283570598463,-2.7103254712548144,-0.0981500711624316,,Pasir Laba Camp,Upp Jurong Rd,1.3309125,103.6737755
85049,281.1304347826087,321.34999999999997,0.13326841306461024,0.14255663430420695,0.030621283570598463,2.7050640772411234,0.10860958580809361,,Opp Man Fatt Lam Tp,Bedok Rd,1.32671998700111,103.95124872703616
65359,456.8888888888889,522.05,0.1330505077871713,0.14230769230769166,0.030621283570598463,2.6993472006185706,0.1083680402467087,,Opp Punggol View Pr Sch,Punggol Pl,1.40552300002668,103.90435300000112
46629,483.0869565217391,551.9,0.13291260052958354,0.14215017064846375,0.030621283570598463,2.6957291203854976,0.10821519878909569,,The Woodgrove,Woodlands Ave 1,1.42946092866646,103.7808172850331
11031,665.0,759.55,0.13275218521736232,0.1419669669669664,0.030621283570598463,2.691520527738658,0.1080374383601022,,Opp Queen's Cl,Queensway,1.29119666696879,103.80045500000118
59019,271.1666666666667,309.75,0.13257410664841007,0.14176362522963834,0.030621283570598463,2.6868485288784827,0.10784013820671941,,Aft Sg Seletar Bridge,Lentor Ave,1.403681,103.82751
81091,931.0,1063.05,0.1325048465930898,0.14168454935622357,0.030621283570598463,2.6850314494768694,0.10776341179452964,,Sims Urban Oasis,Aljunied Rd,1.31935333297674,103.88173111103306
96059,264.38888888888886,301.8,0.13187626606949632,0.14096713418463447,0.030621283570598463,2.6685402596215386,0.10706731208940455,,Changi Ct,Upp Changi Rd East,1.34351280089212,103.96217940266345
15191,1158.6190476190477,1321.75,0.13162135884625137,0.14067633048620196,0.030621283570598463,2.661852614592393,0.10678514859921834,,Pasir Panjang Stn/FC,Pasir Panjang Rd,1.27581227029734,103.79263571257981
21071,485.17391304347825,451.75,-0.07122630889391779,-0.0687488821319975,0.030621283570598463,-2.6599785189753824,-0.09641773101980483,,Jurong Abattoir,Jln Buroh,1.31394221438857,103.72226742161243
46509,343.4761904761905,319.8,-0.0712070987962603,-0.06873099253524972,0.030621283570598463,-2.659474530455665,-0.09640037294945158,,Marsiling Pk,Woodlands Ctr Rd,1.43804390195153,103.7709643228368
70129,425.3333333333333,485.0,0.13098711098976068,0.13995308835027354,0.030621283570598463,2.645212738834027,0.10608339505748791,,Opp Jln Muhibbah,MacPherson Rd,1.33157543468156,103.88058185579888
47061,280.4761904761905,319.84999999999997,0.13092586109557836,0.13988326848249089,0.030621283570598463,2.643605810849995,0.10601564964130478,,Aft Attap Valley Rd,Admiralty Rd West,1.45605441023441,103.79808423496016
59521,588.2380952380953,670.6,0.13083258683587395,0.13977695167286167,0.030621283570598463,2.6411587042858162,0.10591249166142991,,Yishun Emerald,Yishun Ave 2,1.44003661278482,103.83171080846517
63009,4078.9523809523807,4648.65,0.1307066309364604,0.13963339908262046,0.030621283570598463,2.637854175156035,0.10577320423109095,,Buangkok Int,Sengkang Ctrl,1.383707,103.892257
43089,710.4782608695652,809.35,0.13012138998398903,0.13896663407479828,0.030621283570598463,2.6225000251369655,0.10512624979840914,,St. Joseph's Ch (Bt Timah),Upp Bt Timah Rd,1.36705664197789,103.76608527288596
46211,998.3913043478261,931.2,-0.06959901406091351,-0.0672322283128859,0.030621283570598463,-2.6172854557410092,-0.0949461392301834,,Johor Bahru Checkpt,Johor Bahru,1.46491732433248,103.76547712149443
03381,546.8333333333334,622.6,0.12953803274745734,0.13830240340736266,0.030621283570598463,2.6071952955438054,0.10448175440711047,,The Sail,Marina Blvd,1.28162601329006,103.85306513725685
80159,971.4347826086956,906.5,-0.06910944551997833,-0.06677546275596909,0.030621283570598463,-2.604441329248505,-0.09450294485393848,,Suntec City,Nicoll Highway,1.294924,103.857158
73049,426.3809523809524,397.85,-0.06909036927591838,-0.06675766016713117,0.030621283570598463,-2.6039408524588,-0.09448567120636131,,Air Force Trg Cmd,Airport Rd,1.35075966304764,103.89911545547028
92081,841.7777777777777,957.7,0.12887488563653804,0.1375477916941336,0.030621283570598463,2.5897972303831724,0.10374956332464538,,St. Patrick's Sch,Marine Parade Rd,1.30751338586806,103.91754269765207
11369,4525.782608695652,5147.3,0.12865511684588427,0.1372978216604542,0.030621283570598463,2.584031463365403,0.10350702027060192,,Buona Vista Stn Exit D,Nth Buona Vista Rd,1.3063259638605,103.79084827741467
74961,457.1904761904762,520.05,0.12856102190246066,0.13719081272084827,0.030621283570598463,2.5815628256679535,0.10340319072495625,,Blk 966,Tampines St 96,1.338423,103.939921
14151,596.3888888888889,678.2,0.12834732850277675,0.13694782851297402,0.030621283570598463,2.575956450203324,0.1031674259374948,,Opp Hotel Faber Pk,Telok Blangah Rd,1.26964765905364,103.8129359412343
46088,1161.5555555555557,1085.95,-0.06724503814163985,-0.06503392908343683,0.030621283570598463,-2.555527475112383,-0.09281315472414542,,Blk 25,Woodlands Ctr Rd,1.44180914262822,103.77108660594439
63351,410.3809523809524,466.35,0.12755876499313157,0.13605162634564222,0.030621283570598463,2.555268010039444,0.10229785126286077,,Opp Hougang Swim Cplx,Hougang Ave 10,1.36922638899711,103.88786388897049
46359,845.7619047619048,960.75,0.1273349906747434,0.13579743560904306,0.030621283570598463,2.5493971555812283,0.10205121290922764,,Aft Blk 336,Woodlands Ave 1,1.430947,103.783354
28379,421.60869565217394,478.95,0.1272352502842109,0.13568415637860087,0.030621283570598463,2.5467804061676236,0.10194129937236591,,Aft Jurong West St 51,Boon Lay Way,1.345075,103.723997
20341,315.42857142857144,295.25,-0.06589384097458151,-0.06376975169300202,0.030621283570598463,-2.5200780009757096,-0.09158653791486017,,Pan Tech Ind Cplx,Pandan Loop,1.31186472196722,103.75047333297755
22529,2023.2173913043478,2295.5,0.1262030723552634,0.1345125330240351,0.030621283570598463,2.519700594509693,0.1008044866815716,,Pioneer Stn Exit B,Jurong West St 63,1.33777262767008,103.69728617102128
12039,499.0869565217391,566.3,0.1261062679879723,0.13440271257172737,0.030621283570598463,2.5171608734399147,0.10069792915742727,,Opp Pandan Valley Condo,Ulu Pandan Rd,1.32104526183447,103.78018998386835
48131,1533.9444444444443,1740.15,0.12605162661567526,0.1343407289442256,0.030621283570598463,2.515727324020733,0.10063778715522932,,S'pore Zoo,Mandai Lake Rd,1.40462388269986,103.78935694475769
75379,301.0,341.45,0.1256986442690442,0.13394039735099295,0.030621283570598463,2.506466618867804,0.10024935000608982,,Bef Tampines Ave 5,Tampines Ave 10,1.35943002306953,103.9309897702735
64339,533.0,604.0,0.1248326190706468,0.13295880149812755,0.030621283570598463,2.4837459244933977,0.09929691881869512,,Blk 602,Hougang Ave 4,1.37136834322266,103.88702988625133
46991,381.05555555555554,431.85,0.12482521623811138,0.1329504144248946,0.030621283570598463,2.4835517067086803,0.09928878093782012,,Blk 589,Woodlands Ave 1,1.42764093083406,103.79587149975599
54441,380.1111111111111,430.75,0.12475575420302132,0.13287172011661758,0.030621283570598463,2.4817293282457604,0.09921242475390318,,Blk 507,Ang Mo Kio St 53,1.37418169489017,103.85076922983178
75221,1041.1666666666667,976.45,-0.06411001868311406,-0.062098192867423324,0.030621283570598463,-2.473278345287069,-0.0899646435757606,,Opp Temasek Poly East G,Tampines Ave 1,1.34567355960876,103.93595044893453
75371,320.6190476190476,363.05,0.12392345761862966,0.1319292271246664,0.030621283570598463,2.4598935244402598,0.09829793462355588,,Aft Tampines Ave 5,Tampines Ave 10,1.35909826524265,103.93052373888251
50041,311.1666666666667,352.35,0.12392183392082945,0.13192738921516242,0.030621283570598463,2.459850925747354,0.09829615132106323,,Novena Lodge,Thomson Rd,1.32362333324914,103.84161545670325
28389,840.6111111111111,788.9,-0.06341168909178574,-0.061442999537923516,0.030621283570598463,-2.4549572464939433,-0.0893289170097131,,Opp Blk 515,Jurong West St 51,1.34646209983221,103.72147231551902
04331,553.2380952380952,519.55,-0.06270842429779133,-0.060782713291519797,0.030621283570598463,-2.4365066696767843,-0.08868824884486,,Bef Fort Canning Stn,River Valley Rd,1.29183939431601,103.84504089382705
14009,2612.1739130434785,2454.3,-0.06231658779814442,-0.0604146215663111,0.030621283570598463,-2.4262266023419197,-0.08833109366955308,,HarbourFront Int,Seah Im Rd,1.26703502614245,103.81901469907409
17189,1093.4444444444443,1235.85,0.12232094709424679,0.1301167512690353,0.030621283570598463,2.4178506925184515,0.09653931010791253,,Blk 317,C'wealth Ave West,1.31790502165515,103.76406408827933
46491,404.17391304347825,456.75,0.12200679369811418,0.129761777014701,0.030621283570598463,2.4096086883441856,0.09619488266400754,,Blk 402,Woodlands Ave 3,1.43188974761143,103.77200799456398
46261,562.2380952380952,528.6,-0.06158043862614626,-0.05972269191748382,0.030621283570598463,-2.406913283997495,-0.0876597222745921,,Blk 808,Woodlands Ave 9,1.442639,103.7869635
14201,1162.6666666666667,1093.2,-0.061552436807200905,-0.059696362073904434,0.030621283570598463,-2.4061786393574063,-0.08763417472963148,,Blk 110,Depot Rd,1.28167307267242,103.80914683892263
66461,412.6666666666667,466.25,0.1218039497991743,0.1295326349717965,0.030621283570598463,2.404286956087371,0.09597254877030931,,Ang Mo Kio Linear Pk,Ang Mo Kio Ave 5,1.37889000002038,103.87128027800178
54371,2315.5238095238096,2615.15,0.12163606734717103,0.12934302218019525,0.030621283570598463,2.3998824585163403,0.09578856965535805,,Blk 409 Mkt/FC,Ang Mo Kio Ave 10,1.36238306289968,103.85568284134345
44129,900.5217391304348,1016.9499999999999,0.12146192323935345,0.12914637087050806,0.030621283570598463,2.395313682621426,0.09559776114710963,,Sol Acres Condo,Choa Chu Kang Way,1.37741713631203,103.75092697249079
15169,978.1904761904761,920.2,-0.06104901765156523,-0.059222876039488365,0.030621283570598463,-2.392971133619021,-0.08717475666601875,,HarbourSide Bldg 2,Pasir Panjang Rd,1.27481499269165,103.79673994290195
54061,577.0555555555555,651.65,0.12137101690322893,0.1290437289764539,0.030621283570598463,2.3929286999631794,0.09549816889562945,,Blk 244,Ang Mo Kio Ave 1,1.36728801688172,103.83404076959498
62051,1162.2857142857142,1312.3,0.12129454017929664,0.1289573867125143,0.030621283570598463,2.3909222868998676,0.09541439198813105,,Aft Jln Chermat,Upp Paya Lebar Rd,1.35170429575719,103.87775496869286
58021,574.2857142857142,648.4,0.12118204787260467,0.1288303948348646,0.030621283570598463,2.387970983260493,0.09529117322710397,,Opp The Nautical,Sembawang Rd,1.44324136994568,103.82367863032862
70081,583.1739130434783,548.85,-0.0605532210460904,-0.05875632628758577,0.030621283570598463,-2.3799636100900203,-0.08672206879770089,,Opp HDB CP,Ubi Ave 3,1.33227580149459,103.89497442435284
67691,602.3333333333334,679.4,0.12021102492994462,0.12773480662983389,0.030621283570598463,2.362495609620624,0.09422813656902619,,Blk 338A,Anchorvale Cres,1.39899,103.8887775
46621,763.9444444444445,861.6,0.12014787466553489,0.12766359212724215,0.030621283570598463,2.3608388242753806,0.09415903795469813,,Blk 335,Woodlands Ave 1,1.42955535916481,103.78064562823636
67789,332.7142857142857,375.15,0.1197028051134259,0.1271618150684928,0.030621283570598463,2.34916215564318,0.09367216943495349,,Blk 409A,Buangkok Dr,1.388633,103.877235
20299,1483.6666666666667,1399.1,-0.05864661752532374,-0.05696003592276616,0.030621283570598463,-2.329942714660338,-0.08497914887798379,,Blk 501,West Coast Rd,1.3109280417106,103.75857544044081
55229,302.1428571428571,340.4,0.11885064024172554,0.12620169651272434,0.030621283570598463,2.3268050953147523,0.09274057742237432,,Bef Ang Mo Kio St 62,Ang Mo Kio St 64,1.38851043039698,103.84591573293089
15229,586.5555555555555,660.65,0.11876591102375578,0.12610627836611213,0.030621283570598463,2.3245821730838108,0.09264799429010909,,Bef Sth Buona Vista Rd,Pasir Panjang Rd,1.27937638961898,103.78572727156029
70111,439.2857142857143,494.7,0.11854703820178081,0.12585983127839107,0.030621283570598463,2.3188399123457173,0.09240886951008581,,Opp Cencon Bldg,MacPherson Rd,1.3307766855737,103.87714812684305
67291,493.1904761904762,555.05,0.11793719606058861,0.12517344382347226,0.030621283570598463,2.302840335275324,0.0917428756422503,,Renjong Stn Exit B,Sengkang East Ave,1.38717956363215,103.88971793853818
65459,676.9444444444445,761.75,0.11786497936110418,0.12509219044497252,0.030621283570598463,2.300945686527516,0.09166403642187418,,Opp Blk 322 CP,Sumang Walk,1.41060953055987,103.8977216527095
93099,302.38095238095235,340.2,0.11747953122445942,0.12465860932349775,0.030621283570598463,2.2908332217561718,0.09124333763718323,,Siglap Sth CC,Upp East Coast Rd,1.31390444400831,103.93171138898548
18111,773.7826086956521,730.8,-0.05707523251054436,-0.055476992143658976,0.030621283570598463,-2.28871647929052,-0.08354016852433811,,Fairfield Meth Pr Sch,Dover Rd,1.30059305599352,103.78448416698873
23049,591.9047619047619,559.05,-0.057007716771241945,-0.05541321982170191,0.030621283570598463,-2.2869451630736353,-0.08347829097244423,,Jurong Camp,Upp Jurong Rd,1.33410764081742,103.69061140570352
75591,298.1666666666667,335.4,0.11730009640446859,0.12445682451253466,0.030621283570598463,2.2861256408304866,0.09104754815157896,,Bef Blk 631B,Tampines Ave 12,1.362079,103.942426
27301,660.6521739130435,742.9,0.1171666163899765,0.12430674201603273,0.030621283570598463,2.2826237119951847,0.09090192482815801,,Blk 978,Pioneer Rd Nth,1.34045284969365,103.69439784182157
21371,1831.086956521739,2058.15,0.11683754581486028,0.12393682661730507,0.030621283570598463,2.2739903466166003,0.09054300016337127,,Blk 680C,Jln Boon Lay,1.34522722613512,103.70617873626036
11291,339.5,381.7,0.11683626684208992,0.12393538913362748,0.030621283570598463,2.2739567919931525,0.09054160538946109,,Cold Storage Jelita,Holland Rd,1.31792777802094,103.78592333300938
14211,507.57142857142856,570.5500000000001,0.1167462936810244,0.12383426966292115,0.030621283570598463,2.2715962917464485,0.09044349032787806,,ISS Intl Sch,Depot Rd,1.28161168409316,103.80521877469815
46279,1359.888888888889,1285.25,-0.05640707285304103,-0.05484568909209676,0.030621283570598463,-2.2711869069414314,-0.08292762242071498,,Blk 803,Woodlands Ave 2,1.44021958652464,103.78690125681027
11151,712.9444444444445,801.3,0.11667745234863425,0.12375690607734853,0.030621283570598463,2.269790197793919,0.09036842532892463,,Blk 42,C'wealth Ave,1.29863585845076,103.80247592925552
40081,841.3333333333334,945.3,0.11638382479410225,0.12342698852394118,0.030621283570598463,2.262086701476755,0.09004831011428016,,Stevens Stn Exit 1,Bt Timah Rd,1.32012951912406,103.82605259642706
47621,595.047619047619,668.55,0.11628528333697474,0.12331628984580977,0.030621283570598463,2.2595014068054846,0.08994090045770106,,Aft Gambas Ave,Woodlands Ave 7,1.44689218119453,103.80982770058664
02061,1513.1666666666667,1699.8500000000001,0.11626289348374197,0.12329113924050636,0.030621283570598463,2.258913995476887,0.08991649711410207,,The Esplanade,Raffles Ave,1.2899155,103.8565215
11181,1283.5652173913045,1441.55,0.11599207197597572,0.12298696903029334,0.030621283570598463,2.251808829577142,0.08962136425098167,,Opp Blk 43,C'wealth Ave,1.30722333300814,103.79227638896938
67321,389.0,436.8,0.11561544596507023,0.1225641025641023,0.030621283570598463,2.2419278186053244,0.08921106177330917,,Blk 311A,Sengkang East Ave,1.39056792623455,103.88425489183726
67301,839.5238095238095,942.5,0.1155710845517488,0.12251430513851892,0.030621283570598463,2.240763970121518,0.08916274390293602,,Blk 305D,Sengkang East Ave,1.38888930138858,103.88694431255796
20031,532.5,597.85,0.11555207865170747,0.12249297094657889,0.030621283570598463,2.2402653388496465,0.08914204358141138,,The Infiniti,AYE,1.32055987103977,103.75464677812963
42991,430.3333333333333,483.0,0.11520372032389581,0.12210200927357066,0.030621283570598463,2.231125947624501,0.0887626979582997,,Bef Hillview Stn Exit B,Upp Bt Timah Rd,1.36164,103.766952
05631,893.3913043478261,845.65,-0.05485599391197482,-0.053378542608526515,0.030621283570598463,-2.230493413685394,-0.08150406703042914,,Blk 16,Cantonment Link,1.27346055934188,103.84034718190608
59589,611.6190476190476,686.4,0.11517307742331173,0.12206762534006968,0.030621283570598463,2.2303220126117504,0.0887293356223485,,Blk 505C,Yishun St 41,1.4196568772859,103.84477283466764
75171,373.4347826086956,418.95,0.1147180140165327,0.12155712958662393,0.030621283570598463,2.2183831491635093,0.0882340074532298,,UWCSEA,Tampines Ave 5,1.3575,103.9313
14259,495.83333333333337,469.6,-0.05424614815675444,-0.0528010734652802,0.030621283570598463,-2.214493741798788,-0.08094375535003606,,Blk 11,Telok Blangah Cres,1.27784501068205,103.81865821941
65201,477.6086956521739,535.7,0.11455593493880745,0.12137536337209244,0.030621283570598463,2.214130906623343,0.08805764178193128,,Opp Blk 201A,Punggol Field,1.40083471013366,103.903580214986
12029,412.6666666666667,462.8,0.11439292828493297,0.12119258662368967,0.030621283570598463,2.209854328562416,0.08788029560121831,,Opp Moonbeam Wk,Holland Rd,1.31958369390988,103.7824392109149
93201,593.9130434782609,665.95,0.11429983113639253,0.12108821164949196,0.030621283570598463,2.2074118686166426,0.08777902176197046,,Victoria Sch,Marine Parade Rd,1.30920003741893,103.92781269211483
59671,2372.7619047619046,2659.6,0.11407566296499372,0.1208369275211138,0.030621283570598463,2.2015306811867075,0.08753520365692649,,Bef Yishun Stn,Yishun Ave 2,1.427779,103.835106
67399,913.8333333333334,1024.25,0.11394986495033432,0.12069593732920374,0.030621283570598463,2.198230294258853,0.08739840249227213,,Blk 325 CP,Sengkang East Way,1.39385005995777,103.89167010585574
67609,3220.9523809523807,3609.55,0.11387261000946935,0.12060936137509093,0.030621283570598463,2.196203464204076,0.08731439883788138,,Buangkok Stn Exit A,Sengkang Ctrl,1.38393305306468,103.89303978530081
50021,1068.0555555555554,1196.95,0.11383616225297466,0.12056851842228337,0.030621283570598463,2.1952472352889347,0.08727476938964598,,United Sq/Bef Novena Stn,Thomson Rd,1.3173533543911,103.84421700922245
27341,1050.6666666666667,1177.25,0.1136540794966363,0.12036450079239293,0.030621283570598463,2.1904701841531606,0.0870768134254691,,Blk 729,Jurong West St 72,1.346726,103.697809
78101,1686.0,1889.0,0.11362502550772025,0.12033195020746944,0.030621283570598463,2.189707935198118,0.08704522996659586,,Opp Downtown East,Pasir Ris Dr 3,1.375053,103.954039
27411,465.47826086956525,521.6,0.11360493437891606,0.12030944170006577,0.030621283570598463,2.1891808322939053,0.08702339022025794,,Blk 844A CP,Jurong West St 81,1.34590833297224,103.69273749998102
82071,1541.4444444444443,1725.95,0.11298838722447346,0.11961893098977087,0.030621283570598463,2.173005345149394,0.08635339560506562,,Opp Tg Katong Girls' Sch,Tg Katong Rd,1.307258,103.895454
11091,491.26086956521743,550.1,0.11290748222173352,0.11952835188129238,0.030621283570598463,2.170882753515783,0.08626550773594974,,Leedon Green,Farrer Rd,1.31219444050072,103.80367378215983
59199,898.8888888888889,1006.1,0.11255889374132888,0.11913816520558142,0.030621283570598463,2.161737324098291,0.08588691408381874,,Blk 250,Yishun Ave 6,1.43609553700432,103.84224938363205
40209,687.6111111111111,769.55,0.11242785900826036,0.11899152884227511,0.030621283570598463,2.158299548698694,0.08574463450387612,,Novotel Mercure @ Stevens,Stevens Rd,1.31388805600649,103.82738777802837
42231,380.55555555555554,425.84999999999997,0.11217619933511447,0.11870995923121781,0.030621283570598463,2.151697105108725,0.0854714307426635,,Bef Jln Jurong Kechil,Toh Tuck Rd,1.34056805598593,103.7706058329681
13079,400.3333333333333,447.9,0.11200780858723025,0.11852159468438589,0.030621283570598463,2.147279272088121,0.08528866278528217,,Great World Stn Exit 4,River Valley Rd,1.29612213279141,103.83229211134126
27391,435.0,486.65,0.1119556920689897,0.11846330275229354,0.030621283570598463,2.1459119637407507,0.08523210279275961,,Blk 857,Jurong West St 82,1.3485045,103.6961505
15151,544.0,608.55,0.11193518534791114,0.11844036697247702,0.030621283570598463,2.1453739575220987,0.0852098484689045,,Opp Mapletree Biz City,Pasir Panjang Rd,1.27389192906939,103.79822208982421
47491,633.8333333333334,708.95,0.11183204776981714,0.11832501969020685,0.030621283570598463,2.142668080840073,0.08509792832509518,,Twin Fountains,Woodlands Ave 6,1.431049,103.8005965
40451,1126.6666666666667,1259.45,0.11131819892973827,0.11775051729234425,0.030621283570598463,2.129186946028199,0.08454049524368991,,Blk 306B,Tengah Blvd,1.361662,103.735908
83031,413.0,461.65000000000003,0.11110485486972532,0.11751207729468649,0.030621283570598463,2.1235897357009255,0.08430913965123438,,Opp Hong San Si Tp,Sims Ave East,1.32027026937212,103.91000032422843
92109,324.2857142857143,362.4,0.11080023895364466,0.11717171717171737,0.030621283570598463,2.1155979530788307,0.08397889213122398,,Opp Katong Shop Ctr,Mountbatten Rd,1.30356602776936,103.90145614778639
65619,325.8333333333333,364.1,0.1107209316933,0.11708312085670589,0.030621283570598463,2.113517279182393,0.08389292814384683,,Nibong Stn Exit A,Punggol Way,1.4115376363476,103.9000027461105
62091,328.04761904761904,366.55,0.11065688478180391,0.11701157742402299,0.030621283570598463,2.1118369697590413,0.08382351037242743,,Opp Gambir Ridge,Bartley Rd,1.34366730308769,103.8751907687792
82033,535.1304347826087,508.95,-0.0500647982448541,-0.04883221149947333,0.030621283570598463,-2.104793500285558,-0.07709281414682638,,Blk 414,Sims Ave,1.31798449318919,103.898237229405
82129,944.9565217391305,1055.3,0.11033090694006376,0.11664751574206002,0.030621283570598463,2.1032847441093576,0.08347026550181728,,Tg Katong Sec Sch,Dunman Rd,1.309501,103.896589
95039,384.69565217391306,365.9,-0.04995926123020045,-0.04873182279337127,0.030621283570598463,-2.1020246729355336,-0.07699540813774974,,AirFreight Ter Bldg,Airport Cargo Rd,1.372277,103.99465
59611,748.7142857142858,836.1,0.11025135609739944,0.1165586890243907,0.030621283570598463,2.10119767968358,0.08338407795738623,,Opp Yishun Community Hosp,Yishun Ctrl 2,1.42362582861812,103.83666744952643
30031,1004.6190476190476,955.65,-0.0499210003120254,-0.04869542570319204,0.030621283570598463,-2.1010208746281074,-0.07696009245898447,,Opp Army Logistics Base,Old Choa Chu Kang Rd,1.37461935383489,103.71983865916742
10279,549.1666666666666,613.15,0.11001793535996551,0.1162980914874282,0.030621283570598463,2.095073745592864,0.08313122315891007,,Tanglin View,Alexandra Rd,1.29151373164978,103.81757660887743
03217,655.5652173913044,623.75,-0.049670460131578054,-0.048457055824117946,0.030621283570598463,-2.0944478016055363,-0.0767288049017857,,Aft Straits Blvd,Shenton Way,1.27552218897645,103.8479443674916
14221,403.26086956521743,383.70000000000005,-0.04959657656313077,-0.04838674983867484,0.030621283570598463,-2.0925094215432845,-0.07666058781121725,,Opp Ch of St. Teresa,Kg Bahru Rd,1.27359332247784,103.82893371728431
75319,591.3888888888889,562.8,-0.04946374744200277,-0.04826033949170037,0.030621283570598463,-2.0890245692886906,-0.07653793330272843,,Aft Tampines Lk,Tampines Ave 10,1.367593,103.931091
14119,3713.391304347826,3534.3,-0.04941665527867123,-0.048215518956818915,0.030621283570598463,-2.0877890779283175,-0.07649444445226906,,Opp VivoCity,Telok Blangah Rd,1.26592360897281,103.8222827803663
55071,285.5217391304348,318.75,0.10972502889154878,0.11597116843702569,0.030621283570598463,2.087389167405649,0.08281401347615457,,Bef ECON Medicare Ctr,Yio Chu Kang Rd,1.39246274085167,103.85261828242731
02111,568.3888888888889,540.95,-0.049389914673638735,-0.04819006732364076,0.030621283570598463,-2.0870875219973186,-0.07646974902477897,,Esplanade Bridge,Esplanade Dr,1.29095592348389,103.85453419435228
66341,707.6111111111111,673.5500000000001,-0.04926107079492059,-0.04806742453939594,0.030621283570598463,-2.0837072249854245,-0.07635075013915542,,Daikin S'pore,Ang Mo Kio Ave 3,1.37114196132937,103.86525341485559
75139,800.2173913043479,761.75,-0.04920198652987917,-0.04801117864119844,0.030621283570598463,-2.0821571135904824,-0.07629617538983273,,Blk 863,Tampines Ave 5,1.35563964372785,103.93612503756641
19081,1538.6666666666667,1716.8,0.10947845956962876,0.1156960381034857,0.030621283570598463,2.0809202722559275,0.08254705767199454,,Opp ACS Boarding Sch,Dover Rd,1.30256972202724,103.78282472199413
58509,413.27777777777777,393.45,-0.049044320106531814,-0.04786107013544349,0.030621283570598463,-2.0780206397042607,-0.07615052682993213,,Blk 590A,Montreal Link,1.45059927113154,103.82696425665894
28651,907.3888888888889,1012.3,0.10929503181585076,0.11549140725337972,0.030621283570598463,2.076107934299612,0.08234850670728222,,Opp IMM Bldg,Toh Guan Rd,1.33515192012369,103.74794188238828
46511,441.77777777777777,492.90000000000003,0.1092650536584836,0.1154579673776668,0.030621283570598463,2.075321439226827,0.08231606037976502,,Marsiling Pr Sch,Woodlands Ctr Rd,1.43438229479103,103.77255675974702
12179,338.2608695652174,377.4,0.10918249899011112,0.11536588491605733,0.030621283570598463,2.0731555676185383,0.08222671382436454,,Montview,Mt Sinai Rise,1.31679504687757,103.7769949436126
53021,503.0,561.1,0.10910350193666041,0.11527777777777747,0.030621283570598463,2.0710830321874054,0.0821412244795544,,Lakeview Est,Upp Thomson Rd,1.34967996840542,103.83652457261991
47579,502.2857142857143,560.2,0.10891931894238205,0.11507238149304626,0.030621283570598463,2.0662508800402097,0.08194193082241234,,Blk 556,Woodlands Ave 5,1.4333134741952,103.79597019770507
44799,682.7777777777777,761.4,0.10883837379422445,0.11498212544686366,0.030621283570598463,2.064127235167309,0.08185435641693344,,Blk 610,Senja Rd,1.38338692962433,103.7609562427946
67329,358.6666666666667,400.0,0.10878375071654389,0.11492122335495794,0.030621283570598463,2.0626941657184448,0.08179526381630838,,Opp Blk 310B,Sengkang East Ave,1.39001974230515,103.88460168183559
95131,649.8260869565217,619.15,-0.04828107472474752,-0.04713407709265817,0.030621283570598463,-2.057996435923252,-0.07544513382633856,,Police Pass Off,Airline Rd,1.385586,103.999695
77249,1029.0555555555557,1147.15,0.1085392131631906,0.11464861657947245,0.030621283570598463,2.056278575244765,0.08153075659155844,,Blk 640,Pasir Ris Dr 1,1.37599439507295,103.939861116152
67341,299.4347826086956,333.85,0.10845196952349401,0.11455137481910352,0.030621283570598463,2.053989685640484,0.08143640402779997,,Opp Blk 204 CP,Compassvale Dr,1.38864779457077,103.89505169031366
22151,311.4347826086956,296.85,-0.047805747669617205,-0.046681046479264576,0.030621283570598463,-2.0455259434162354,-0.07500556342291738,,Hitachi,Pioneer Rd,1.32095233702714,103.69627164313702
96439,452.14285714285717,503.85,0.10805392175090489,0.11410781841109725,0.030621283570598463,2.0435466618068285,0.081006026337103,,Changi Naval Base,Tanah Merah Coast Rd,1.317708,104.015614
17169,1105.3333333333333,1231.5,0.10799338286498017,0.11404037360650787,0.030621283570598463,2.0419583875540606,0.0809405854174708,,Blk 329,C'wealth Ave West,1.31284527799656,103.76679666702314
20291,620.1304347826087,591.65,-0.04693709426025894,-0.045852582948341304,0.030621283570598463,-2.022736296339178,-0.0742017147695565,,Opp Blk 501,West Coast Rd,1.31095062259154,103.75771430804498
40441,531.4444444444445,591.5,0.10687231055022028,0.11279215358931545,0.030621283570598463,2.01254637797004,0.0797294518642533,,Blk 238,Tengah Dr,1.361914,103.733399
65521,366.78260869565213,408.25,0.1068341898763796,0.11274973401111257,0.030621283570598463,2.011546259057469,0.07968829263449638,,Waterwoods,Punggol East,1.39031766666667,103.912942666667
43529,1300.2777777777778,1446.95,0.10680207526598906,0.11271399906075272,0.030621283570598463,2.010703712848667,0.07965361942239653,,Opp Bt Batok Driving Ctr,Bt Batok West Ave 5,1.36769649857951,103.7502379581868
59609,379.9047619047619,422.8,0.10671227070880018,0.11261407675959535,0.030621283570598463,2.0083476360265453,0.07955666596068342,,Opp Blk 391,Yishun Ave 6,1.4289961111075,103.8495613888577
09111,1276.7777777777778,1420.6,0.10666053982531931,0.1125565217391302,0.030621283570598463,2.0069904450401146,0.07950082098505304,,Opp Four Seasons Hotel,Orchard Blvd,1.30453752623147,103.82914529614989
28049,861.1904761904763,958.0,0.10641485857147615,0.11228322103170287,0.030621283570598463,2.0005448488930035,0.07923564044610619,,Opp The Synergy,Boon Lay Way,1.33069921313648,103.7481034124348
64429,530.3913043478261,506.5,-0.046001958609768856,-0.044959908361970335,0.030621283570598463,-1.9982024474942313,-0.07333556286623244,,Blk 412,Hougang Ave 10,1.37481689904602,103.8952195672541
03511,761.4347826086956,727.2,-0.04594123807725925,-0.04490191605839409,0.030621283570598463,-1.9966094076335494,-0.07327929359981934,,Aft Bayfront Stn Exit E,Bayfront Ave,1.28194779470571,103.85897064872482
75299,759.5714285714286,844.75,0.10615377720112829,0.11199286250939074,0.030621283570598463,1.9936952213838939,0.07895390890519896,,Bef Tampines Ave 9,Tampines Ave 10,1.364115,103.931119
84019,1325.0,1265.75,-0.04571232638978895,-0.0446832579185523,0.030621283570598463,-1.990603771193216,-0.07306713211690853,,Opp Chai Chee Ind Pk,New Upp Changi Rd,1.32221972730517,103.92262015530929
58251,2601.0,2891.35,0.10578894039659037,0.1115872405841666,0.030621283570598463,1.9841235073647399,0.07856033860766072,,Sun Plaza/ Sembawang Stn,Sembawang Dr,1.44803148822713,103.81895207486829
44491,387.8888888888889,370.75,-0.04507208480102154,-0.044071428571428886,0.030621283570598463,-1.9738066462468662,-0.07247348112514584,,Bet Blks 416/417,Choa Chu Kang Ave 4,1.38353368663411,103.74184597655336
47041,455.5238095238095,506.25,0.10536312335235021,0.11111400855324884,0.030621283570598463,1.9729519399097775,0.07810116700072645,,Opp W'lands Auto Hub,Admiralty Rd West,1.4525686110144,103.79164305597227
44141,2493.9444444444443,2770.4,0.1050861454826375,0.11080629717873954,0.030621283570598463,1.9656852581343949,0.07780259818654164,,Phoenix Stn,Choa Chu Kang Rd,1.37835602806756,103.75773677895589
14141,7348.523809523809,8162.45,0.10503135043538059,0.11074543216275828,0.030621283570598463,1.964247676959783,0.07774354156026048,,HarbourFront Stn/Vivocity,Telok Blangah Rd,1.26552421466644,103.82211326846237
80199,388.1304347826087,371.15,-0.044617596533831794,-0.04363687150838002,0.030621283570598463,-1.9618828719332773,-0.07205183539554928,,Stadium Stn,Stadium Cres,1.30155838525089,103.87513532479657
07221,765.2777777777778,849.95,0.1048086342613308,0.11049807873559062,0.030621283570598463,1.958404583557667,0.07750353736947692,,Sri Vadapathira K Tp,S'goon Rd,1.314966,103.857819
05421,323.76190476190476,359.6,0.10467699765513228,0.11035190615835795,0.030621283570598463,1.954951017652823,0.07736170779583738,,Aft Craig Rd,Tg Pagar Rd,1.27777470568529,103.84346347289251
92099,785.4285714285714,751.35,-0.044300258896579514,-0.04333333333333291,0.030621283570598463,-1.9535573272691638,-0.07175731578889466,,One Amber,Mountbatten Rd,1.3023783312326,103.89900426571224
64081,491.2608695652174,469.95,-0.044256867398630106,-0.043291821232998386,0.030621283570598463,-1.9524189251012125,-0.0717170370744956,,Hougang 1/Opp Blk 931A,Hougang St 91,1.37602972196856,103.880089999971
62121,275.55555555555554,306.0,0.10443602255582451,0.11008437123342707,0.030621283570598463,1.948628890313635,0.07710212172945612,,Aft Wolskel Rd,Upp S'goon Rd,1.34682778451192,103.87156809881778
21631,439.6666666666667,488.1,0.10427823580178952,0.10990922844175484,0.030621283570598463,1.9444892594791134,0.07693218268932155,,Blk 115,Yuan Ching Rd,1.33363626085559,103.72493610114242
52419,489.4347826086956,468.5,-0.04362401047458242,-0.04268617021276578,0.030621283570598463,-1.9358155412959572,-0.07112938084238839,,Opp Blk 105,Jln Rajah,1.32803305599299,103.85391750002599
55011,420.4347826086957,402.45,-0.04361247426894277,-0.04267512637986184,0.030621283570598463,-1.9355128819702656,-0.07111866513810398,,Bef Lentor Stn Exit 5,Yio Chu Kang Rd,1.382262,103.835704
75541,554.7142857142857,615.5,0.10380403504722047,0.1093830334190233,0.030621283570598463,1.9320483161478867,0.07642162169944125,,Opp Blk 648A,Tampines St 62,1.368309,103.941523
52321,733.6666666666666,814.0,0.1037712316361672,0.10934664246823944,0.030621283570598463,1.9311876988374914,0.07638631197766084,,Aft SAFRA Toa Payoh,Lor 6 Toa Payoh,1.3312589884768,103.8527071071997
58019,879.6111111111111,842.4,-0.04317476958926836,-0.04225600908460025,0.030621283570598463,-1.9240294352165996,-0.07071200043794414,,Aft Sembawang Shop Ctr,Sembawang Rd,1.44085,103.824719
15141,519.0,575.7,0.10349338904589445,0.10903846153846214,0.030621283570598463,1.92389833059571,0.07608728755938993,,Labrador Pk Stn,Pasir Panjang Rd,1.27275860463579,103.80095947823813
84679,818.0434782608696,783.5,-0.04309059728052578,-0.04217539016880803,0.030621283570598463,-1.9218211238357443,-0.07063377682944956,,Opp Blk 156,Bedok Sth Ave 3,1.31804305599346,103.94476555602924
92041,3538.5555555555557,3923.1,0.10313585559257632,0.10864201406328627,0.030621283570598463,1.9145182244088463,0.07570261912541155,,Marine Pde Stn Exit 2,Marine Parade Rd,1.302345,103.904508
90049,291.30434782608694,323.05,0.10310227833383845,0.10860478952848479,0.030621283570598463,1.9136373047368491,0.07566650058662833,,Tanjong Rhu Stn Exit 1,Tg Rhu Rd,1.297117,103.873563
74009,561.1666666666666,537.65,-0.04273235649339391,-0.04183219685739717,0.030621283570598463,-1.912422460318872,-0.07030078029921892,,Tampines Nth Int,Tampines St 62,1.368916,103.939651
43801,363.22222222222223,402.75,0.10303169256931088,0.10852654057352067,0.030621283570598463,1.9117854445531244,0.07559057652391828,,Ren Ci @ Bt Batok St 52,Bt Batok St 52,1.35520792569828,103.75173377561002
20271,778.9047619047619,863.3,0.10274811865188216,0.10821223592624277,0.030621283570598463,1.9043457114802598,0.07528561033285634,,Opp German Ctr,Jurong Town Hall Rd,1.325103,103.745617
08041,2841.0434782608695,3147.7000000000003,0.10246634121031484,0.10790001070876723,0.030621283570598463,1.896953110037137,0.07498266178865991,,YMCA,Orchard Rd,1.29811014243867,103.84780636909545
21491,346.6666666666667,384.15000000000003,0.10238870246631215,0.10781399808245457,0.030621283570598463,1.89491621067513,0.07489920472476672,,Bef Intl Rd,Quality Rd,1.3268635454851,103.71082676692178
59081,483.9130434782609,463.95,-0.04203971014118135,-0.04116829552586789,0.030621283570598463,-1.8942504647380374,-0.06965660445876937,,Blk 774,Yishun Ring Rd,1.42371474872973,103.83164666791833
43751,1573.3333333333333,1742.9,0.10229208214740648,0.10770696591149617,0.030621283570598463,1.8923813182259543,0.07479535263800641,,Opp Blk 443D,Bt Batok Rd,1.3561115,103.736562
10041,2015.8260869565217,1933.05,-0.041908781782643345,-0.04104274904606897,0.030621283570598463,-1.890815480138525,-0.06953478815068385,,Bef Kampong Bahru Ter,Kg Bahru Rd,1.27605834770353,103.83519065305671
40051,868.695652173913,962.15,0.1020658375500636,0.1074563815427683,0.030621283570598463,1.886445654506699,0.07455221350171794,,Balmoral Plaza,Bt Timah Rd,1.31588,103.83632
04179,957.304347826087,1059.8,0.10161320107236094,0.10695521981761298,0.030621283570598463,1.8745704630092448,0.07406594203309558,,Aft Bras Basah Stn Exit A,Bras Basah Rd,1.29647916306741,103.85147164487202
17369,475.5,526.45,0.1015863510335615,0.1069254984260237,0.030621283570598463,1.8738660360172454,0.07403710370803565,,Aft West Coast Lk,West Coast Highway,1.29840583296856,103.76386861099263
27409,929.047619047619,1028.25,0.10134987253654515,0.1066637652961951,0.030621283570598463,1.8676618797562377,0.07378314705683804,,Blk 821,Jurong West St 81,1.34719000000045,103.69416749997193
17141,620.0869565217391,686.3,0.10129977939183554,0.10660833041652057,0.030621283570598463,1.8663476558360723,0.07372935922947775,,Clementi Stadium,AYE,1.3109950000148,103.76349999999258
73041,462.95652173913044,444.45,-0.04070583752076207,-0.0398884828038606,0.030621283570598463,-1.8592555105507713,-0.0684148168667517,,ST Aero,Airport Rd,1.35049911274132,103.89882183551578
11401,1254.2777777777778,1387.7,0.10101117275611937,0.10628900199159128,0.030621283570598463,1.858775886357924,0.07341951852463321,,Holland V Stn/Blk 12,Holland Ave,1.30906722197973,103.79507444402137
84259,977.8333333333334,1081.8,0.10094417144568091,0.10621488166184154,0.030621283570598463,1.8570180664931277,0.07334760041957239,,Blk 88,Bedok Nth Ave 4,1.33328807616427,103.93910677080204
95061,579.8695652173913,556.75,-0.04061539784884527,-0.03980164670658695,0.030621283570598463,-1.8568827711099956,-0.06833056079843841,,Airline Hse,Airline Rd,1.378238,103.996862
46679,641.7222222222222,709.95,0.10088947570965878,0.10615437807934949,0.030621283570598463,1.8555830908087694,0.07328889448805656,,Opp 888 Plaza,Woodlands Dr 50,1.43677694401385,103.7948505560336
95139,1073.611111111111,1030.9,-0.040557075884264826,-0.03974564441917014,0.030621283570598463,-1.8553526591282665,-0.06827622242185959,,Police Pass Off,Airline Rd,1.385469,103.999182
14161,2214.777777777778,2449.95,0.10087222143071273,0.10613529234780843,0.030621283570598463,1.8551304143747471,0.07327037582184492,,Telok Blangah Stn,Telok Blangah Rd,1.27075866533548,103.81009913005327
26261,576.4285714285714,553.5,-0.04051794211783122,-0.039708065314200826,0.030621283570598463,-1.85432596111936,-0.06823975984771292,,Aft Tuas Sth Ave 4,Tuas Sth Ave 3,1.314416,103.6286355
10329,622.3913043478261,688.45,0.10071975980408254,0.10596666201701795,0.030621283570598463,1.8511304914753908,0.0731067557477414,,Crescent Girls' Sch,Tanglin Rd,1.29364671283262,103.81597460107542
47599,854.0952380952381,944.65,0.1006596694159878,0.10590020604778001,0.030621283570598463,1.849553983834197,0.07304227428369894,,Blk 683A,Woodlands Ave 6,1.4399264222862,103.80263149734922
43041,613.5238095238095,678.6,0.10065671536848608,0.10589693917086443,0.030621283570598463,1.8494764826130103,0.07303910447053125,,Hume Stn Exit 1,Upp Bt Timah Rd,1.355809,103.768503
50129,525.2222222222222,580.85,0.10048908332646356,0.10571157094594585,0.030621283570598463,1.8450785546991348,0.07285924380990492,,Opp Natl Skin Ctr,Moulmein Rd,1.3189880880064,103.84929028517206
30021,571.0,631.45,0.10046217471375307,0.10568181818181836,0.030621283570598463,1.8443725909851858,0.07283037504443132,,Opp Keat Hong Camp,Old Choa Chu Kang Rd,1.3744419562273,103.71705234322658
12099,2518.304347826087,2784.2,0.10033687312237927,0.10554328316995708,0.030621283570598463,1.8410852280221919,0.07269595611279299,,Opp SIM Campus,Clementi Rd,1.32783806,103.7767036
15059,1154.0,1108.75,-0.03996557924174926,-0.039177489177489144,0.030621283570598463,-1.8398343873008958,-0.06772494791323251,,Opp Alexandra Pt,Alexandra Rd,1.27686194443878,103.80270111113056
43609,668.4782608695652,642.25,-0.03996524274699187,-0.03917716586569708,0.030621283570598463,-1.8398255591576091,-0.06772463420751225,,Blk 531,Bt Batok West Ave 5,1.3566605,103.750018
76369,605.9130434782609,582.2,-0.03985534388916001,-0.039071566731141094,0.030621283570598463,-1.8369422962161672,-0.06762217257952206,,Blk 496F,Tampines Ave 9,1.36025642698418,103.95022273065783
46019,576.2608695652174,637.0,0.10004400537803715,0.10521955260977589,0.030621283570598463,1.8334016657844734,0.0723818440666497,,Aft W'lands Ctr Rd,Marsiling Rd,1.4386733329964,103.7741286109918
59581,827.1111111111111,914.1,0.09988601137585817,0.10504494834294928,0.030621283570598463,1.8292565976696649,0.07221242755099064,,Blk 432C,Yishun St 41,1.41903123253322,103.84618997941803
46229,669.4444444444445,739.8,0.09978984094918264,0.10493868080875045,0.030621283570598463,1.8267335084149936,0.07210931738250016,,Casablanca,Woodlands Ave 2,1.43013056874728,103.78706868583511
27141,1128.0,1246.35,0.09968901576558409,0.10482728077945133,0.030621283570598463,1.8240882987998168,0.07200122721293453,,Blk 920,Jurong West St 91,1.33967546710179,103.68779973857258
11341,311.04347826086956,343.75,0.09967698517248902,0.10481398913194931,0.030621283570598463,1.8237726689204996,0.07198833047995033,,Garlick Ville,Sixth Ave,1.32551506183496,103.79282790894261
46171,1114.0,1071.0,-0.03932834226347204,-0.03856502242152486,0.030621283570598463,-1.8231160901262873,-0.06713067845098893,,Opp Blk 19,Marsiling Lane,1.44412876526641,103.77800011395242
10287,415.82608695652175,459.5,0.09964377854751483,0.10477730259726734,0.030621283570598463,1.8229014730492474,0.07195273395650685,,Opp Cycle & Carriage,Alexandra Rd,1.291914,103.813405
58529,576.8260869565217,554.55,-0.039314321748123326,-0.03855154251316752,0.030621283570598463,-1.822748253434238,-0.06711759905065806,,Blk 108 CP,Canberra st,1.44801889,103.832461
67551,1468.0555555555557,1621.9,0.09959495724117495,0.10472336724274783,0.030621283570598463,1.8216206165772184,0.07190040110119007,,Blk 471A,Sengkang West Way,1.395806,103.8804
30029,442.5217391304348,425.45,-0.03925169098825165,-0.03849132437996364,0.030621283570598463,-1.8211050976044603,-0.0670591700873096,,Keat Hong Camp,Old Choa Chu Kang Rd,1.37415602765485,103.71709630730658
67769,654.7142857142858,723.35,0.09954954698838314,0.10467320261437918,0.030621283570598463,1.8204292511561468,0.07185172693816981,,Blk 326D,Anchorvale Rd,1.39607378603056,103.88766378607079
20129,519.7826086956521,499.8,-0.039125877109369434,-0.03837034563366189,0.030621283570598463,-1.8178042944691344,-0.06694178579859919,,Bet Blks 50/51,West Coast Rd,1.32034555007728,103.73754105423453
70371,1344.095238095238,1484.7,0.09942122212146387,0.10453145466775213,0.030621283570598463,1.817062570732408,0.07171419053281249,,MacPherson Stn Exit A,Circuit Link,1.32623288866609,103.88932330108935
20319,607.695652173913,584.55,-0.03876681618009936,-0.038024999999999684,0.030621283570598463,-1.8083841140276964,-0.06660670089479655,,Blk T Pandan Light Ind Pk,Pandan Loop,1.31259468493848,103.75284421307401
22349,2050.222222222222,2263.85,0.09907271012423813,0.10414657927522865,0.030621283570598463,1.8079191478973298,0.07134075035778518,,Blk 734A CP,Jurong West Ave 4,1.34520537289138,103.7007962851633
40321,392.5217391304348,433.4,0.09882945672170429,0.10387802452767618,0.030621283570598463,1.8015372478963443,0.07108017476922167,,Dulwich College,Bt Batok West Ave 8,1.35174487949103,103.73947152056856
14281,996.8333333333334,1100.25,0.09861491555309243,0.10364122264907324,0.030621283570598463,1.795908630701627,0.07085040862487955,,SAFRA Mt Faber,Telok Blangah Way,1.27699671573899,103.81804377490617
67151,396.72222222222223,437.90000000000003,0.0985177691941681,0.10353401313032558,0.030621283570598463,1.793359937274703,0.07074638445959527,,Kangkar Stn Exit B,Rivervale Dr,1.38353305558266,103.90215499999188
81109,578.1428571428571,556.6,-0.03790731851031737,-0.0371978293043902,0.030621283570598463,-1.7858346733107648,-0.065804106664699,,Opp Paya Lebar Green,Paya Lebar Rd,1.3209137166719,103.89117183414866
67159,353.3888888888889,389.9,0.09805690645311849,0.10302555259445051,0.030621283570598463,1.7812689247876339,0.07025303103872131,,Kangkar Stn Exit A,Rivervale Dr,1.38436793782529,103.90225602044251
52409,447.9047619047619,494.15,0.09804999329458486,0.10301792723029649,0.030621283570598463,1.7810875538962383,0.07024563223542123,,Opp Blk 102,Jln Rajah,1.32801971174787,103.85105250762084
64129,1065.4444444444446,1175.3,0.09804375288442468,0.10301104396749378,0.030621283570598463,1.7809238329649275,0.07023895348454304,,Blk 988B,Yio Chu Kang Rd,1.37995970749936,103.87686804999332
28341,2339.1739130434785,2578.9,0.09752539007109462,0.10243943222354385,0.030621283570598463,1.7673242713372468,0.06968432517144478,,Chinese Gdn Stn,Boon Lay Way,1.34247027799798,103.73271277802048
52049,644.7142857142857,710.7,0.09729935053426253,0.1021902654867264,0.030621283570598463,1.7613939875043998,0.06944256154712469,,Blk 19,Jln Tenteram,1.32721151783698,103.85978762051998
47591,734.5,809.65,0.09728585495458564,0.1021753908905503,0.030621283570598463,1.7610399228168925,0.06942812889721418,,Bef Admiralty Stn/Blk 680,Woodlands Ave 6,1.43973872693624,103.8025081158021
78079,715.0,788.0,0.09708615388522812,0.10195530726256927,0.030621283570598463,1.7558006445932208,0.06921458427952634,,Blk 429,Pasir Ris Dr 6,1.36995048419615,103.95691414168428
11099,362.0,399.0,0.09706171284313125,0.10192837465564743,0.030621283570598463,1.755159419085346,0.06918845188021422,,Opp Leedon Green,Farrer Rd,1.31305333300118,103.80437666697586
46079,1084.888888888889,1195.3999999999999,0.09691814375317698,0.10177018315767974,0.030621283570598463,1.7513927972589844,0.06903496048576171,,Opp Blk 137,Marsiling Rd,1.43886731397133,103.77691747568024
54439,746.3333333333334,822.2,0.09668786955584441,0.1015165031222124,0.030621283570598463,1.7453514145491198,0.06878881765957394,,Blk 549,Ang Mo Kio St 54,1.37328474238491,103.85715387505564
92069,1124.8260869565217,1084.65,-0.036338179749662025,-0.035685873175253034,0.030621283570598463,-1.744667369775187,-0.06433707298973067,,Tao Nan Sch,Marine Parade Rd,1.30566306799291,103.9110051545323
70191,468.04761904761904,515.6,0.09656458421902858,0.10138071065989851,0.030621283570598463,1.7421169492427735,0.0686570597922772,,Opp Blk 66,Circuit Rd,1.327333,103.887875
14191,537.4444444444445,591.95,0.09642575437055267,0.10122781675608765,0.030621283570598463,1.7384746642802766,0.06850870859261907,,Blk 105 CP,Depot Rd,1.28121833300943,103.81211444400743
43759,1659.2222222222222,1827.0,0.09627101081456768,0.10105742203185601,0.030621283570598463,1.7344148735854445,0.06834337654781471,,Blk 443D,Bt Batok Rd,1.35596765339105,103.73690126563862
92181,320.3809523809524,352.85,0.09624590750181028,0.10102978218995412,0.030621283570598463,1.7337562730066143,0.06831655792652046,,i12 Katong,Joo Chiat Rd,1.30528972611328,103.90534997934479
50199,932.8888888888889,1027.05,0.09606161445811434,0.10082688875669292,0.030621283570598463,1.7289212336464512,0.0681196927574272,,Opp Shaw Plaza,Balestier Rd,1.32496824756028,103.85050892832005
75531,611.5238095238095,673.25,0.0960131476645465,0.10077353650003842,0.030621283570598463,1.72764967803121,0.06806792567527496,,Opp Blk 662B,Tampines St 64,1.36908,103.935023
77321,1339.6666666666667,1474.7,0.09596545080491659,0.1007210343112884,0.030621283570598463,1.7263983220980623,0.06801698340425165,,Pasir Ris Int/Polyclinic,Pasir Ris Dr 8,1.37313477197799,103.94802646457005
27479,368.5,355.59999999999997,-0.03553603495921642,-0.03491204330175913,0.030621283570598463,-1.7236226165030386,-0.06358623474698356,,Opp Corporation Pr Sch,Jurong West St 23,1.3518923433776,103.70818261767401
53011,285.27777777777777,314.05,0.09576876595600492,0.10050456045022317,0.030621283570598463,1.7212381762403346,0.0678069413019624,,St. Theresa's Hme,Upp Thomson Rd,1.34555351143315,103.8382633553218
21619,536.8888888888889,518.25,-0.03526654984725308,-0.03465193141912808,0.030621283570598463,-1.7165525117546985,-0.06333385117332993,,Aft Corp Rd,Corporation Dr,1.33793509893342,103.71816213921478
02119,350.60869565217394,385.85,0.09551812382879099,0.10022876221095584,0.030621283570598463,1.714662428582741,0.06753933743654265,,Opp War Memorial Pk,Nicoll Highway,1.29192,103.855306
40021,297.27777777777777,327.15,0.09544562839332649,0.10014900353883353,0.030621283570598463,1.7127604670280696,0.06746194851260545,,Bef Winstedt Rd,Bt Timah Rd,1.311033889,103.8427911
46111,940.8695652173914,908.4499999999999,-0.035026778004292325,-0.03442044038221861,0.030621283570598463,-1.7102619525728402,-0.06310923807771494,,Blk 23,Admiralty Rd,1.44132222201705,103.77372416702165
77351,309.05555555555554,340.05,0.0952776012084593,0.09996416412829223,0.030621283570598463,1.7083521723028998,0.06728260095449866,,Blk 562,Pasir Ris St 51,1.36789609661968,103.95008847029645
54247,1027.4444444444443,992.1999999999999,-0.03487063790328193,-0.03426966292134866,0.030621283570598463,-1.7061655226754064,-0.06296294043834583,,Blk 322,Ang Mo Kio Ave 3,1.36873836498602,103.84719306132868
60191,386.0,424.65,0.09519271930028417,0.09987080103359165,0.030621283570598463,1.7061252441521573,0.06719201181551139,,Blk 7,Boon Keng Rd,1.31718305596849,103.86195722198198
96049,477.60869565217394,461.25,-0.03477747397674147,-0.03417968750000048,0.030621283570598463,-1.703721310768452,-0.06287563831992221,,Upp Changi Stn/SUTD,Upp Changi Rd East,1.3408744614671,103.96143293297968
28251,311.47826086956525,300.8,-0.03477035520554406,-0.03417281202170552,0.030621283570598463,-1.703534545504581,-0.06286896712226256,,S'pore Science Ctr,Jurong Town Hall Rd,1.33382805600325,103.7369883329766
11041,586.7777777777778,645.4,0.09506955969075914,0.09973534971644527,0.030621283570598463,1.7028940773772556,0.06706058495745436,,Aft C'wealth Dr,Queensway,1.29624499998226,103.79952333299494
46731,491.5,540.55,0.09494093766960265,0.09959390862944172,0.030621283570598463,1.6995196009325484,0.06692334629446701,,Yew Huat Scaffolding Work,Gambas Ave,1.44852127932275,103.8043021981092
20021,746.9444444444445,821.4,0.09489819161782975,0.09954690633588267,0.030621283570598463,1.6983981324350474,0.06687774050860919,,NEWest,AYE,1.31675923723731,103.75788959223745
41079,2328.391304347826,2560.25,0.09488842989237334,0.09953617291324501,0.030621283570598463,1.6981420276691903,0.06686732599184268,,Natl JC,Dunearn Rd,1.32940305598521,103.80304777797754
18101,635.047619047619,698.35,0.0948778989716299,0.09952459384592274,0.030621283570598463,1.6978657426001929,0.06685609095574666,,5 Sci Pk Dr,Buona Vista Flyover,1.2928415,103.7862945
16049,677.047619047619,744.4,0.09470346698758636,0.0993328183158929,0.030621283570598463,1.693289414098541,0.06667001336052616,,Whitehaven,Pasir Panjang Rd,1.28910696351866,103.77738952047318
55181,752.9565217391304,727.5,-0.03434707723414032,-0.03376391211579517,0.030621283570598463,-1.6924295921597132,-0.062472216237695416,,Opp Yio Chu Kang Stn,Ang Mo Kio Ave 6,1.38143251435794,103.84389230276943
92171,518.952380952381,570.5,0.09452725094422121,0.09913911530359824,0.030621283570598463,1.6886662797225718,0.06648206555139152,,Marshall Lane,Joo Chiat Rd,1.30837865741776,103.90304313394574
65451,680.6521739130435,657.75,-0.0341754189639456,-0.033598035463706995,0.030621283570598463,-1.6879260337168978,-0.06231126802642475,,Blk 322 CP,Sumang Walk,1.41068999997892,103.89759188105812
40431,979.4444444444445,1076.4,0.09430002664931436,0.09888939256572983,0.030621283570598463,1.682704913045745,0.0662397624456345,,Blk 237A,Tengah Garden Walk,1.36142,103.73163
10249,937.8333333333334,1030.65,0.09427677156458003,0.09886383809692886,0.030621283570598463,1.6820948018458892,0.06621496723792017,,Opp Gan Eng Seng Sec Sch,Alexandra Rd,1.29088138899671,103.82407777797806
67639,343.0,377.0,0.09425253824618984,0.09883720930232613,0.030621283570598463,1.6814590260949758,0.06618912962421353,,Blk 436A,Fernvale Rd,1.393047,103.875914
44519,827.1111111111111,799.5,-0.03391080510870559,-0.03334227827720432,0.030621283570598463,-1.6809837293321437,-0.062063109764432904,,Blk 408,Choa Chu Kang Ave 3,1.380017,103.740996
11261,2147.7391304347825,2360.05,0.09422521619693214,0.09880718722810156,0.030621283570598463,1.6807422156233918,0.06615999955024439,,Holland Village,Holland Rd,1.31223168432152,103.79444621838488
52069,413.33333333333337,399.55,-0.03383220018147526,-0.03326629123089266,0.030621283570598463,-1.6789214815693445,-0.06198938040572182,,Opp BCA Acad,Braddell Rd,1.34314389988912,103.85856611406128
28439,566.9047619047619,622.95,0.0941165049942354,0.09868774106993157,0.030621283570598463,1.677890111532059,0.06604410231420424,,Blk 124,Jurong East Ctrl,1.33451434015094,103.7385749816785
75499,602.047619047619,661.5,0.09402439402295215,0.09858654453569168,0.030621283570598463,1.675473524542524,0.06594591247875926,,Opp Blk 614,Tampines Ave 6,1.366074,103.936768
06131,299.3888888888889,329.0,0.09401472297468505,0.09857592010356866,0.030621283570598463,1.67521979874752,0.06593560371423791,,Aft Blk 87,Zion Rd,1.29152472200833,103.83222750001508
19071,1650.952380952381,1813.6,0.093907208159413,0.09845781326568762,0.030621283570598463,1.6723990826031891,0.06582100600529882,,Opp ACS Independent,Dover Rd,1.30515500002931,103.78108305597279
55171,337.1111111111111,370.4,0.09390507635785372,0.0984554715741045,0.030621283570598463,1.6723431535011435,0.06581873388883816,,Castle Green,Ang Mo Kio Ave 6,1.385783333,103.8429056
40421,854.3333333333334,938.5,0.09385656234604856,0.09840218238503573,0.030621283570598463,1.6710703590869147,0.06576702800044029,,Blk 220A,Tengah Garden Walk,1.35938,103.729694
10101,960.6111111111111,1055.05,0.093680693099917,0.09820902420705985,0.030621283570598463,1.6664563231459204,0.06557960883779049,,Opp Bt Merah Sec Sch,Jln Bt Merah,1.28506195168861,103.8137833011436
10659,302.3888888888889,332.15000000000003,0.09357739475255666,0.09809558688884767,0.030621283570598463,1.6637462285850477,0.0654695419101804,,Blk 1003,Bt Merah Ctrl,1.28362333298689,103.81472833301791
65261,1251.9444444444446,1374.85,0.09357538504323859,0.09809338003813212,0.030621283570598463,1.663693502646724,0.06546740062826557,,Blk 649,Punggol Ctrl,1.3968515,103.914998
67739,430.7142857142857,473.0,0.09344332791770515,0.09794837855724713,0.030621283570598463,1.660228904163031,0.06532670735596804,,Aft Sengkang East Dr,Buangkok Dr,1.37998423176832,103.90195091871207
28631,1931.9444444444446,2121.15,0.09338526649795309,0.09788463196620029,0.030621283570598463,1.6587056277323082,0.065264854770481,,Opp Blk 288D,Toh Guan Rd,1.34053157728505,103.74418616293988
21419,523.695652173913,506.70000000000005,-0.03292766239645317,-0.032391448458733645,0.030621283570598463,-1.6551903862136659,-0.061140530507019834,,Blk 188,Boon Lay Dr,1.34388060681347,103.71057645840757
50049,518.5555555555555,569.3,0.09318879290675319,0.09766894781864806,0.030621283570598463,1.6535510243483007,0.06505557891814755,,Opp Novena Lodge,Thomson Rd,1.32354108650178,103.84189326889334
75021,309.44444444444446,339.65,0.09285059473898905,0.09729778095919786,0.030621283570598463,1.6446781910612636,0.0646954399753884,,Blk 879B,Tampines Street 86,1.35168445182114,103.92851745350569
52301,373.1428571428571,361.25,-0.032303114251607035,-0.031786941580756206,0.030621283570598463,-1.638804988251331,-0.06055398442300814,,Blk 35,Toa Payoh East,1.334033333,103.8545343
77169,407.60869565217394,394.65,-0.032227981678409456,-0.031714194509470564,0.030621283570598463,-1.6368338397947457,-0.06048339877487015,,Opp Blk 742,Pasir Ris Dr 10,1.37694324707892,103.9363320444146
41021,1659.611111111111,1820.5,0.09247466362108625,0.0968853501053828,0.030621283570598463,1.6348154110272595,0.06429526305260432,,Botanic Gdns Stn,Bt Timah Rd,1.32264999998361,103.81554000003177
75149,535.3478260869565,587.3,0.0924541419964493,0.09686284046692614,0.030621283570598463,1.6342770138047478,0.06427342220881863,,Blk 867A,Tampines Ave 5,1.35597194444127,103.93366388890493
77179,795.6086956521739,770.45,-0.0320917257569695,-0.03158225084597764,0.030621283570598463,-1.6332590833633287,-0.06035537535288549,,Opp Pasir Ris Stn Exit A,Pasir Ris Ctrl,1.37254332490473,103.95081255052568
72049,582.8095238095239,639.3000000000001,0.09236204475797738,0.09676182707993504,0.030621283570598463,1.6318607871038162,0.06417541007904666,,Opp Blk 660A CP,Kaki Bt Ave 1,1.33490332816583,103.90747460787432
10011,491.04347826086956,475.55,-0.03199443365315702,-0.03148802686224261,0.030621283570598463,-1.6307065662311977,-0.06026395090315107,,Bef Neil Rd,New Bridge Rd,1.2777380589964,103.83749709165197
65531,486.44444444444446,533.55,0.09224894762951408,0.09663779348073831,0.030621283570598463,1.6288936155998082,0.06405506170164169,,Blk 226A,Sumang Lane,1.4024,103.8936
42061,367.60869565217394,403.2,0.09217416898608821,0.09655579146025041,0.030621283570598463,1.6269317527046454,0.06397549608253882,,King Albert Pk,Bt Timah Rd,1.33687567142278,103.78038743713434
44369,520.7619047619048,571.1,0.09210243859251221,0.09647713790270998,0.030621283570598463,1.6250498624861944,0.06389917943859379,,Dairy Farm Mall,Petir Rd,1.36578306,103.7753769
67491,887.2777777777778,972.95,0.09207546073335049,0.09644755769591672,0.030621283570598463,1.624342082049755,0.06387047810352063,,Opp Fernvale Pr Sch,Sengkang West Ave,1.39087538517899,103.87466488789592
75291,926.2222222222222,1015.5500000000001,0.09197656149051525,0.09633912522468507,0.030621283570598463,1.6217474006542507,0.06376526732148054,,Aft Tampines Ave 9,Tampines Ave 10,1.364015,103.930753
80231,497.6666666666667,545.7,0.09196233603464066,0.09632352941176464,0.030621283570598463,1.62137418722367,0.0637501348832425,,Opp Blk 53,Sims Dr,1.31856503177728,103.88010860959606
18129,749.7222222222223,821.95,0.0918597393481555,0.09621105602012858,0.030621283570598463,1.6186825011598351,0.06364100324252343,,Ayer Rajah Ind Est,Buona Vista Flyover,1.29776225378985,103.78570767644749
21681,356.5652173913043,390.95,0.09181650886893422,0.09616366731517477,0.030621283570598463,1.6175483234155115,0.06359502252612521,,Opp Blk 200,Boon Lay Way,1.34228732259066,103.71466298692037
53391,389.82608695652175,427.4,0.09179466792934399,0.09613972633218365,0.030621283570598463,1.6169753131680062,0.06357179286516948,,Opp Blk 203,Bishan St 22,1.35444291744538,103.84696320325273
54379,1736.5217391304348,1903.55,0.09178595009348722,0.09613017040762697,0.030621283570598463,1.6167465954765645,0.06356252086127337,,Blk 475,Ang Mo Kio Ave 10,1.36288998904353,103.85594804936484
47569,471.16666666666663,516.55,0.09177410822729826,0.09611719025767805,0.030621283570598463,1.6164359169616667,0.063549926370789,,Opp Blk 620,Woodlands Ave 5,1.4329425,103.7995535
83299,563.8888888888889,546.45,-0.031357921653691,-0.030871361132965798,0.030621283570598463,-1.6140072893137687,-0.059665607225306214,,Aft Lor G Telok Kurau,Still Rd,1.31574389673514,103.90586328314893
40221,993.1111111111111,1088.45,0.09157927850891046,0.09590365485637663,0.030621283570598463,1.6113244415741925,0.0633427354222753,,Stevens Stn Exit 3,Stevens Rd,1.31902531287493,103.82545561296305
62071,1194.4444444444443,1308.95,0.09147093227016168,0.09578492424946539,0.030621283570598463,1.6084819125325631,0.06322753247740702,,Bartley Stn Exit A,Bartley Rd,1.34252980960729,103.88002892732668
28679,697.4761904761905,676.1,-0.03108211897619384,-0.03060403599672748,0.030621283570598463,-1.606771439416269,-0.059406224714485,,Bef Toh Guan Rd East,Toh Guan Rd East,1.33661449274468,103.75110456918219
66579,1336.7222222222222,1295.85,-0.031030086300245507,-0.030553594418373103,0.030621283570598463,-1.6054063307220967,-0.059357281830072973,,Blk 998B,Buangkok Cres,1.38402973472559,103.88070409002009
67719,275.6666666666667,302.1,0.09124937194122307,0.09554216867469827,0.030621283570598463,1.6026691434253562,0.06299198953002473,,Opp Sengkang Fire Stn,Buangkok Dr,1.37972132476485,103.89527238603087
46519,718.8571428571429,787.45,0.09101621322631104,0.09528676324667588,0.030621283570598463,1.5965520836538292,0.06274417257524817,,Opp Blk 144,Woodlands Ctr Rd,1.43554811627266,103.77213801008084
67661,1303.3333333333333,1427.6,0.09100288917856947,0.0952721696907745,0.030621283570598463,1.5962025192102929,0.0627300126154899,,Opp Blk 178A,Rivervale Cres,1.38889400053531,103.90878400579224
58279,534.7222222222222,585.75,0.09098305011691288,0.09525044073421102,0.030621283570598463,1.5956820294400085,0.06270892925838302,,Opp Blk 336A CP,Sembawang Cres,1.44658462255674,103.81456918653721
84121,664.2380952380952,727.6,0.09097987004687891,0.0952469577666428,0.030621283570598463,1.5955985983811145,0.06270554977493574,,Aft Bedok Sth Ave 1,Bedok Sth Rd,1.318437,103.931033
43769,588.2777777777778,644.4,0.09097259800855628,0.09523899311775284,0.030621283570598463,1.595407812061602,0.06269782176755134,,Dulwich Coll/Blk 445,Bt Batok Rd,1.3517415,103.737677
17371,290.0,317.7,0.09092695425179809,0.09518900343642597,0.030621283570598463,1.594210320522878,0.06264931735363738,,Blk 201,Clementi Ave 6,1.32058194734278,103.76356592222618
54039,860.4782608695652,834.6,-0.030499791921415387,-0.030039366104774638,0.030621283570598463,-1.5914937372638913,-0.058858332000687616,,Bef Al-Muttaqin Mque,Ang Mo Kio Ave 6,1.37091786093364,103.84563650364578
43311,691.4761904761905,670.75,-0.030387607990978616,-0.029930546004676185,0.030621283570598463,-1.5885505240619078,-0.058752745106807995,,Midview Bldg,Bt Batok St 23,1.339803833761,103.75695468286781
16991,822.8260869565217,901.0500000000001,0.09071050278431869,0.0949519738230941,0.030621283570598463,1.5885315854830757,0.06241933024090215,,Opp Nan Hua High Sch,Clementi Ave 1,1.30777929773028,103.76988582423061
59379,453.72222222222223,496.85,0.09061209492502265,0.09484422724496021,0.030621283570598463,1.5859497958316398,0.062314784973060776,,Opp Chung Cheng High Sch,Yishun St 61,1.41946852245611,103.83823983239508
46129,908.8695652173913,881.8,-0.030202579928937823,-0.029751039327184255,0.030621283570598463,-1.5836962010513338,-0.058578571838359635,,Marsiling Lane Mkt/FC,Admiralty Rd,1.44378798401059,103.77675415681387
11189,2328.1304347826085,2548.6,0.09044149015726966,0.09465745753220012,0.030621283570598463,1.5814738766619605,0.06213356446487079,,Blk 43,C'wealth Ave,1.30740138898924,103.79254222202354
67549,607.3333333333334,664.85,0.09034144259967203,0.09454794520547975,0.030621283570598463,1.5788490685347976,0.06202730591144663,,Opp Hockey Stadium,Sengkang East Way,1.39454660425441,103.88618230819876
64061,1343.086956521739,1470.05,0.0902614917233251,0.0944604386362169,0.030621283570598463,1.5767515089836364,0.06194239929185917,,Opp S'goon Sec Sch,Upp S'goon Rd,1.37557886299976,103.90111900001394
67279,894.5238095238095,978.95,0.09009274084127039,0.09427576305434497,0.030621283570598463,1.5723242276254594,0.06176321069482952,,Blk 301D,Sengkang East Rd,1.3882215,103.891787
46341,391.04347826086956,428.0,0.09008417135725999,0.09426638571587005,0.030621283570598463,1.5720994020343484,0.06175411197095839,,Rosewood,Woodlands Ave 1,1.43172193690625,103.78630311506315
20179,407.6111111111111,395.65,-0.029709595391361532,-0.02927260367097239,0.030621283570598463,-1.570762453822839,-0.0581143512135397,,Blk 31,West Coast Rd,1.32000211967899,103.73910069465363
65269,931.0869565217391,1018.8000000000001,0.08993569729874107,0.09410392760518793,0.030621283570598463,1.5682040953938734,0.06159648073116943,,Blk 162B,Punggol Ctrl,1.396356,103.915423
83029,589.8571428571429,645.45,0.08992158856761012,0.09408849129593767,0.030621283570598463,1.567833944307473,0.061581503057511464,,Aft Kg Eunos,Changi Rd,1.31774429797349,103.90635251996308
63329,317.8333333333333,347.8,0.0898301918226263,0.09398849973863001,0.030621283570598463,1.5654360954764739,0.061484482397350784,,Opp Blk 627,Hougang Ave 2,1.36862870083779,103.882008479663
40031,405.1111111111111,443.25,0.0897606721871016,0.09391244870041082,0.030621283570598463,1.563612205831346,0.06141069094802645,,Newton FC,Bt Timah Rd,1.31178509472011,103.84098359641321
64461,1132.0,1099.2,-0.02937700058664916,-0.028949691085613953,0.030621283570598463,-1.5620366281512892,-0.05780103283897664,,Blk 579,Buangkok Green,1.37938472998807,103.88640309201648
68029,981.5,1073.6000000000001,0.0896034345513046,0.09374045801526697,0.030621283570598463,1.5594869814456018,0.06124381036067044,,Blk 448A,Jln Kayu,1.39312162118162,103.87264955115819
62011,693.6111111111111,673.6,-0.029232213971285503,-0.02880908581940373,0.030621283570598463,-1.5582380638101245,-0.05766460516330989,,Aft Bartley Rd,Upp Paya Lebar Rd,1.3421349999944,103.88345100001618
57119,1959.1739130434783,1902.75,-0.029207575223447968,-0.0287851565965753,0.030621283570598463,-1.5575916513726797,-0.057641386913105,,Blk 101,Sembawang Rd,1.43130257113028,103.82688773076856
75261,398.44444444444446,435.85,0.08951519392517593,0.09364394993045898,0.030621283570598463,1.5571719352998479,0.06115016967388623,,Blk 709,Tampines Ave 6,1.35801998380195,103.93796778680796
14239,986.6086956521739,958.2,-0.029186958551049358,-0.0287651331719127,0.030621283570598463,-1.5570507605147084,-0.05762195841402216,,Opp Keppel DP Blk 519,Kg Bahru Rd,1.27178138152481,103.8271423936315
54031,775.9565217391305,753.65,-0.029130326618886926,-0.028710128707330848,0.030621283570598463,-1.5555649875546653,-0.05756858821348518,,Opp Al-Muttaqin Mque,Ang Mo Kio Ave 6,1.37008641040706,103.84534111753092
58211,2419.714285714286,2646.05,0.08938315637151373,0.09349955739156125,0.030621283570598463,1.5537078502960227,0.061010067251008396,,Sembawang Stn,Sembawang Way,1.44926202582359,103.81979401898032
58111,761.4782608695652,739.65,-0.029045818712082117,-0.028628043565034265,0.030621283570598463,-1.5533478715558628,-0.05748894194224556,,Blk 351 CP,Canberra Rd,1.45096272310028,103.82075231895968
75581,574.2777777777778,628.0,0.08927824076692126,0.0933848382423956,0.030621283570598463,1.5509553260144398,0.06089875657753946,,Blk 637 CP,Tampines Ave 12,1.363484,103.944546
53039,754.952380952381,825.45,0.08916103332589298,0.09325669291338586,0.030621283570598463,1.5478803179766392,0.06077441863589925,,Thomson CC,Upp Thomson Rd,1.35144681735328,103.83591070615076
27429,370.3478260869565,359.8,-0.02881537182852867,-0.02840416813019524,0.030621283570598463,-1.5473019583186483,-0.05727171817789304,,Blk 711,Jurong West St 71,1.34286500004293,103.69555805555355
77029,1496.3478260869565,1453.85,-0.028792624678657397,-0.028382066842823697,0.030621283570598463,-1.5467051730968437,-0.057250273552477415,,Blk 571,Pasir Ris Dr 1,1.373014,103.945543
52061,842.7777777777777,921.25,0.08892717302125686,0.09300105346326057,0.030621283570598463,1.5417448515747658,0.060526374612162794,,BCA Acad,Braddell Rd,1.34352174018964,103.85873879159365
58229,504.5217391304348,490.35,-0.02843433793102257,-0.028033886643158114,0.030621283570598463,-1.5373053037784044,-0.05691243830182229,,Blk 358A CP,Sembawang Way,1.44875084068886,103.8168059210019
85091,5517.777777777777,6029.0,0.08859059203571285,0.09263323199581373,0.030621283570598463,1.532914446040454,0.060169481664859664,,Tanah Merah Stn Exit 2,New Upp Changi Rd,1.32754912682416,103.94636119805759
67089,449.8695652173913,437.35,-0.028160407259829157,-0.027767598842816224,0.030621283570598463,-1.5301185670974407,-0.056654062306112855,,Bef Fernvale Lane,Sengkang West Rd,1.39029406445756,103.86916019529639
40069,893.4782608695652,976.1999999999999,0.08845073983850416,0.09248043552228619,0.030621283570598463,1.5292453391412,0.06002122500068699,,Anglo-Chinese Sch,Dunearn Rd,1.31830398893217,103.83435129198834
64579,984.8571428571429,1076.0,0.08842321859110047,0.09245036951166544,0.030621283570598463,1.528523302585891,0.05999205229573705,,Bet Blks 544/546,Hougang Ave 6,1.37820828048176,103.89268060309126
52449,362.52173913043475,352.45,-0.02809706760394537,-0.027706016026791264,0.030621283570598463,-1.5284568129524359,-0.05659430920668955,,Bef Blk 105,Lor 1 Toa Payoh,1.34044945876465,103.85000305578686
65801,433.7142857142857,473.9,0.08841525471341871,0.09244166940519262,0.030621283570598463,1.5283143654427487,0.05998361068230296,,Blk 309D,Anchorvale Rd,1.3904399999914,103.88569800003212
46251,311.3478260869565,340.2,0.0883514215646386,0.09237193763919865,0.030621283570598463,1.5266396642134163,0.05991595075027402,,Riverside Sec Sch,Woodlands St 81,1.4409223616912,103.78908630031805
53121,1819.888888888889,1987.9,0.08825693973865789,0.09226873321942819,0.030621283570598463,1.5241608764183083,0.059815812686549105,,Marymount Stn,Marymount Rd,1.35016694219359,103.83947418569129
14219,334.95652173913044,365.95,0.08824384698663756,0.09225443250938263,0.030621283570598463,1.5238173801577788,0.059801936871762884,,Opp Blk 114,Depot Rd,1.28218647936578,103.80684961252827
46319,304.5238095238095,332.7,0.08821467393440052,0.09222256857855321,0.030621283570598463,1.5230520075045664,0.059771019665474434,,Opp Blk 18,Marsiling Rd,1.44229032785462,103.7802984405171
81131,328.3478260869565,319.3,-0.027856357833307754,-0.02747194719471949,0.030621283570598463,-1.5221416466712336,-0.056367194906021476,,Opp Grandlink Sq,Guillemard Rd,1.31431505362846,103.89221613925537
81031,1185.4761904761904,1294.8,0.0881405353652438,0.09214159576175958,0.030621283570598463,1.5211069373446184,0.059692452670900946,,Blk 134,Sims Ave,1.31580283030533,103.88604854571838
77339,1186.8333333333333,1296.25,0.08811571997403345,0.09211449417707326,0.030621283570598463,1.5204558905615513,0.059666156314403786,,Opp Blk 756,Pasir Ris Dr 12,1.3780301775267,103.93278653475954
78169,696.3333333333333,760.4,0.08789530743169305,0.09187380497131921,0.030621283570598463,1.5146732343292968,0.05943261834115314,,Opp Blk 216,Pasir Ris Dr 4,1.36906973013181,103.96024801184656
42041,1306.1304347826087,1425.9,0.08767003221243286,0.09162786056413008,0.030621283570598463,1.5087630028297863,0.059193981306279335,,The Nexus,Bt Timah Rd,1.33442500001261,103.78689111113574
93139,343.7391304347826,334.45,-0.02731507333435257,-0.026945390339261355,0.030621283570598463,-1.5079407207707831,-0.05585628283400035,,Eastern Lagoon II,Bedok Sth Ave 1,1.31278641539067,103.9338525622476
15149,560.0869565217391,545.0,-0.02725692047865902,-0.026888802789615952,0.030621283570598463,-1.5064150454628855,-0.05580137658419988,,Opp Labrador Pk Stn,Pasir Panjang Rd,1.27341871854745,103.80055546758587
75349,1320.2608695652173,1284.75,-0.02724427922422379,-0.026876501365625693,0.030621283570598463,-1.5060833945143177,-0.05578944065372148,,The Clearwater Condo,Bedok Reservoir Rd,1.33811824869625,103.9339578151498
61101,1955.0,1902.45,-0.027233542519358167,-0.026866053169733554,0.030621283570598463,-1.50580171057453,-0.05577930288919178,,Blk 120,Potong Pasir Ave 1,1.33560138948489,103.86370334032118
18141,1040.7826086956522,1136.1,0.08754786897432876,0.09149451191519611,0.030621283570598463,1.5055579764611686,0.05906459464305037,,Aft Anglo-Chinese JC,Nth Buona Vista Rd,1.30418279677397,103.78788091438994
28409,2413.9565217391305,2349.3,-0.027138303939076458,-0.02677336886072256,0.030621283570598463,-1.5033030688730675,-0.05568937236816674,,Blk 454,Jurong West Ave 1,1.35081149361542,103.71793769087185
47059,881.8695652173913,858.3,-0.027059367612841,-0.02669654289372601,0.030621283570598463,-1.5012321266571216,-0.05561482901434585,,Bef W'lands Ind Pk E4,Admiralty Rd West,1.45396450182247,103.7954729366899
52149,542.6190476190476,592.25,0.08736717388262338,0.09129730203223523,0.030621283570598463,1.500817331545535,0.058873244157566826,,Blk 139A,Lor 1 Toa Payoh,1.33640498933489,103.84357399610558
75129,1348.5217391304348,1312.55,-0.027016866717854526,-0.026655175746641405,0.030621283570598463,-1.5001170899960483,-0.05557469094642113,,Darul Ghufran Mque,Tampines Ave 5,1.35563642049496,103.93936521711959
43731,469.1111111111111,456.6,-0.02697363331825997,-0.02661309383124559,0.030621283570598463,-1.498982835633967,-0.05553385934700954,,Opp Blk 217,Bt Batok St 21,1.34630310628015,103.75421605015862
58531,670.5652173913044,652.7,-0.026962602581375172,-0.02660235659717684,0.030621283570598463,-1.4986934375864878,-0.055523441132055214,,Blk 129A,Canberra Way,1.44543806,103.8323
28289,1623.7777777777778,1771.8000000000002,0.08718916327730497,0.0911030568282842,0.030621283570598463,1.4961471157523605,0.05868477026609231,,Blk 228,Jurong Town Hall Rd,1.342062,103.73576
58411,400.30434782608694,389.7,-0.02678010950672327,-0.026424702058504897,0.030621283570598463,-1.4939056215018236,-0.05535106497264149,,Blk 404A CP,Admiralty Link,1.45461200191848,103.81658372927154
21501,522.7391304347826,509.0,-0.026582991956145108,-0.02623277436493429,0.030621283570598463,-1.488734123454416,-0.055164839734884244,,Bef Meiji Seika,Quality Rd,1.3304277146486,103.71000208357827
01319,1127.3478260869565,1097.8,-0.026535786764871006,-0.026186806411837266,0.030621283570598463,-1.4874956667376726,-0.05512023755770257,,Lavender Stn Exit A/ICA,Kallang Rd,1.30757426746418,103.86325596123476
27159,783.2380952380953,854.4,0.08685652864202265,0.09074017851721396,0.030621283570598463,1.4874202451017402,0.05833267360667436,,Blk 924,Jurong West St 92,1.34033777802121,103.69005138898682
67249,721.5555555555555,787.1,0.08683067482667095,0.09071197908657488,0.030621283570598463,1.4867419546338587,0.058305312022852454,,Blk 259C,Compassvale Rd,1.39376571527248,103.89850423466406
46439,1255.2777777777778,1369.2,0.08680351034196931,0.0906823508601247,0.030621283570598463,1.4860292779636115,0.05827656409485744,,Blk 880,Woodlands St 82,1.44413536712492,103.79265007190847
75489,1067.0434782608695,1039.15,-0.026463516169206613,-0.026116425809077397,0.030621283570598463,-1.4855996039910162,-0.05505194806680827,,Opp Blk 609D,Tampines Ave 6,1.363941111,103.9381689
63101,952.6521739130435,927.75,-0.026459411359035734,-0.026112428193672082,0.030621283570598463,-1.4854919118158578,-0.05504806922647278,,Opp Blk 169,Hougang Ave 3,1.35110728949265,103.8903098431232
46449,1385.5,1511.05,0.08668375991995436,0.09055174900829445,0.030621283570598463,1.482887553283033,0.05814984261732518,,Blk 875,Woodlands St 82,1.442376,103.789952
76289,853.3888888888889,930.65,0.08657074412966281,0.09042850640483771,0.030621283570598463,1.4799225157351095,0.058030261734006196,,Blk 801,Tampines Ave 4,1.3471495,103.9382105
96251,589.304347826087,574.05,-0.02618125413254191,-0.025841496648744938,0.030621283570598463,-1.4781942889026978,-0.05478518745870209,,Bef Changi General Hosp,Simei St 3,1.34026697859529,103.95138028105873
64239,304.94444444444446,332.54999999999995,0.08638924778920742,0.09023061558017047,0.030621283570598463,1.475160849574366,0.05783825053860216,,Opp Blk 316,Hougang Ave 7,1.36439805444874,103.89682349089492
61029,559.9130434782609,545.5,-0.02603158317939336,-0.02569568250523187,0.030621283570598463,-1.4742675810083927,-0.05464370566918588,,Opp Woodleigh Pk,Upp S'goon Rd,1.336175,103.870563
58371,653.4444444444445,712.45,0.08632565806717096,0.09016129032258038,0.030621283570598463,1.4734925347927434,0.057770985037010815,,Bet Blks 325/326,Sembawang Cres,1.44449009584233,103.8190895319006
44069,875.1111111111111,954.1,0.08632312497977246,0.09015852885225106,0.030621283570598463,1.4734260777142294,0.05776830561405172,,Blk 634 CP,Woodlands Rd,1.38592018696626,103.75717769160771
57111,973.2608695652174,948.35,-0.025901561121369987,-0.02556899321670762,0.030621283570598463,-1.4708563737505125,-0.05452078050691352,,Opp Blk 101,Sembawang Rd,1.43123622644607,103.82654938929034
44541,355.3478260869565,387.4,0.08612844298752975,0.08994631527574491,0.030621283570598463,1.468318478011435,0.05756239721696241,,Northvale Condo,Choa Chu Kang Dr,1.38764444400097,103.74593527798108
13081,656.1739130434783,715.15,0.08594095094146503,0.08974197816738301,0.030621283570598463,1.4633995108911344,0.05736413126649226,,St. Thomas Wk,River Valley Rd,1.295875,103.836253
81011,1392.142857142857,1517.15,0.08593024519722636,0.08973031173092767,0.030621283570598463,1.4631186392221027,0.057352811457129386,,Aft Aljunied Stn,Sims Ave,1.31532318660502,103.88335173265862
46669,422.5,460.5,0.08592853985079785,0.0897284533648171,0.030621283570598463,1.4630738984280975,0.05735100830582617,,W'lands Pr Sch,Woodlands Dr 50,1.43740934044808,103.79182446445486
52479,301.4347826086956,293.85,-0.025398907098510115,-0.025079068430131576,0.030621283570598463,-1.4576689417328308,-0.05404541211079551,,Opp EAIM,Ah Hood Rd,1.32749617656635,103.84578619081431
54509,623.7619047619048,679.65,0.08567759918382478,0.08945503048780457,0.030621283570598463,1.4564903183995308,0.057085709227133324,,Aft Blk 5000,Ang Mo Kio Ave 5,1.37758835823729,103.86257049780349
67409,10454.619047619048,11389.9,0.08567524921488179,0.0894524703053263,0.030621283570598463,1.4564286655443461,0.05708322511146536,,Sengkang Stn,Sengkang East Way,1.392423,103.896122
41029,918.0555555555555,1000.25,0.08565792567171826,0.08943359729190657,0.030621283570598463,1.4559741719217254,0.05706491284320484,,Opp Botanic Gdns Stn,Dunearn Rd,1.32333331915013,103.81630566925632
46531,963.5555555555555,1049.75,0.08559204282963684,0.08936182467457596,0.030621283570598463,1.454245695750109,0.05699527269655277,,Blk 173,Woodlands Ave 3,1.43240249999047,103.77751138903017
22341,592.5,645.5,0.08553598416218922,0.08930075821398457,0.030621283570598463,1.4527749627362534,0.05693602061087896,,Blk 673C,Jurong West Ave 4,1.34491616105023,103.70103326346653
28229,667.6666666666666,727.3,0.08542737137009837,0.08918245264207383,0.030621283570598463,1.4499254405066304,0.05682123007259231,,German Ctr,Jurong Town Hall Rd,1.32536675242565,103.74593185918442
75111,620.3888888888889,605.0,-0.025077129958750888,-0.024765310683951765,0.030621283570598463,-1.4492269240378848,-0.053740976571590666,,Blk 874A,Tampines St 84,1.35304499998303,103.93201333297846
27331,426.3478260869565,415.8,-0.02499177219832216,-0.024682063282124002,0.030621283570598463,-1.446987511615736,-0.05366020257327058,,West Grove Pr Sch,Jurong West St 72,1.34537305600812,103.69941138898014
27149,310.17391304347825,337.84999999999997,0.08520556977267457,0.08894089702389313,0.030621283570598463,1.4441063415749287,0.056586851429310435,,Juying Pr Sch,Jurong West St 91,1.33906525108364,103.68875795867145
13119,1033.7777777777778,1125.8,0.08519506081677974,0.08892945345216434,0.030621283570598463,1.4438306327670067,0.05657574786303325,,Great World Stn Exit 3,Kim Seng Rd,1.29425,103.832501
84561,329.6111111111111,321.5,-0.024839657512860214,-0.024533691816501446,0.030621283570598463,-1.4429966909275673,-0.053516239443469386,,Blk 53,Chai Chee St,1.32804725721627,103.91973825722668
64421,559.8888888888889,609.6,0.08491925341594797,0.08862916006339167,0.030621283570598463,1.4365946589499694,0.056284376635250814,,Blk 421,Hougang Ave 10,1.37505042808455,103.89511829229477
03011,2645.8333333333335,2880.35,0.08489497741843888,0.08860273282538872,0.030621283570598463,1.4359577634865826,0.05625873458959911,,Fullerton Sq,Fullerton Rd,1.28561840945474,103.85342223246427
08069,2348.3478260869565,2556.35,0.08483379727123364,0.08853613398723056,0.030621283570598463,1.4343526653566392,0.056194114501483504,,Bencoolen Stn Exit B,Bras Basah Rd,1.29821382250893,103.84936128375956
21621,393.9047619047619,428.85,0.08479168389267233,0.08849029301820813,0.030621283570598463,1.4332477954231364,0.05614963553549161,,Blk 354,Kang Ching Rd,1.3392149977089,103.72205929003123
43119,306.7826086956522,299.35,-0.02444525654886842,-0.024148891086310947,0.030621283570598463,-1.4326493433210412,-0.053142871712446645,,Bef Hazel Pk Terr,Upp Bt Timah Rd,1.37337830995776,103.76300821940876
76059,4005.6666666666665,4360.1,0.08476467867929927,0.08846089850249501,0.030621283570598463,1.4325392973324338,0.05612111437434184,,Opp Our Tampines Hub,Tampines Ave 5,1.35296163572491,103.94165154852797
52341,868.5652173913044,847.6,-0.024405403838754225,-0.02411000000000034,0.030621283570598463,-1.4316037833902537,-0.05310513613786598,,Pei Chun Public Sch,Lor 6 Toa Payoh,1.33625777803173,103.85562250002782
58069,666.0555555555555,650.0500000000001,-0.024286889959815205,-0.02399433663696102,0.030621283570598463,-1.4284945001644518,-0.052992909304514925,,Blk 101A,Sembawang Rd,1.452187,103.830428
07517,951.0434782608695,1035.1,0.08460823906711301,0.08829063342010236,0.030621283570598463,1.428435009578322,0.055955908119525555,,ibis S'pore on Bencoolen,Bencoolen St,1.30145216158073,103.85247781934106
11079,341.0,332.8,-0.02426872583486972,-0.02397660818713379,0.030621283570598463,-1.4280179533708612,-0.05297570759316873,,Opp Blk 95,Queensway,1.305441389003,103.80185250000659
44371,385.94444444444446,420.1,0.08458920685014082,0.08826992103374025,0.030621283570598463,1.4279356878658676,0.05593581112881491,,Blk 219,Petir Rd,1.37402225721945,103.77263963002856
46469,720.304347826087,703.05,-0.024211790892019636,-0.023921036769137836,0.030621283570598463,-1.426524230742334,-0.05292178728424262,,Blk 759,Woodlands Ave 9,1.44668865905093,103.79491852510797
54089,343.57142857142856,373.95,0.08449127495563502,0.08816334991708058,0.030621283570598463,1.425366385438305,0.0558324063977478,,Opp Ang Mo Kio Swim Cplx,Ang Mo Kio Ave 1,1.36297001065247,103.8484911674186
24511,433.7826086956522,423.45,-0.02405194286305612,-0.02376499999999988,0.030621283570598463,-1.42233052111454,-0.05277038659843748,,Gul Circle Stn Exit A,Tuas Rd,1.319446944,103.6608911
53019,331.72222222222223,360.95,0.08419810637085234,0.08784438136583696,0.030621283570598463,1.417674930469846,0.05552291487420913,,Opp St. Theresa's Hme,Upp Thomson Rd,1.34600349626668,103.83871779531225
07371,2139.190476190476,2326.95,0.08409321933684755,0.0877302865788532,0.030621283570598463,1.4149231557548942,0.05541221001219769,,Aft Kallang Rd,Lavender St,1.30950750000455,103.86350138902452
42129,565.8260869565217,615.5,0.08400579087077009,0.08763519214543242,0.030621283570598463,1.4126294171188305,0.055319940975125874,,Sixth Ave Ville,Sixth Ave,1.33016133420747,103.79515526101162
97179,443.55555555555554,433.2,-0.023569774076824146,-0.023294176455886,0.030621283570598463,-1.4096805316579655,-0.05231355191859979,,SATS Catering,Changi Nth Cres,1.34529387211141,103.9698135852748
11519,2437.904761904762,2651.2999999999997,0.08387811763586939,0.08749633910615634,0.030621283570598463,1.4092798326548464,0.055185213465137876,,Opp Queensway Shop Ctr,Alexandra Rd,1.28665742231261,103.80334129425303
10239,1244.888888888889,1215.95,-0.023501513615477698,-0.023227503790243548,0.030621283570598463,-1.407889677208258,-0.0522488601965237,,Blk 79,Ganges Ave,1.29060688839488,103.82865297447873
92211,357.8333333333333,349.5,-0.023497321661663406,-0.023223409196470195,0.030621283570598463,-1.4077796987669582,-0.05224488725919102,,CHIJ Katong Convent (Sec),Marine Terr,1.30595638898755,103.91698861102066
10081,971.3333333333334,1056.25,0.08372779515298667,0.08733287624271562,0.030621283570598463,1.4053360314842793,0.05502660732528171,,Opp Blk 120,Jln Bt Merah,1.2822783541702,103.82241744338572
30041,560.1666666666666,547.2,-0.023377766064333727,-0.023106623106622776,0.030621283570598463,-1.4046430854297205,-0.05213157105690689,,Opp Home Team Acad,Old Choa Chu Kang Rd,1.37462014104762,103.72188815233464
46499,528.7826086956521,516.55,-0.023360611300397238,-0.02308986458760724,0.030621283570598463,-1.404193019832106,-0.05211531045829255,,Opp Blk 402,Woodlands Ave 3,1.4322913388299,103.77219638823969
05271,370.2608695652174,402.6,0.08351932050099808,0.08710621852676029,0.030621283570598463,1.3998665730188573,0.05480668394550243,,Opp Fairfield Meth Ch,Tg Pagar Rd,1.27975329525167,103.84382212419122
28211,781.8095238095239,849.95,0.08346397065459854,0.08704604902974641,0.030621283570598463,1.3984144363535023,0.0547483021732908,,Bef Jurong East Stn,Jurong Gateway Rd,1.33418677275445,103.74070680700304
14131,1031.4347826086957,1121.15,0.08332660868993624,0.0868967405036643,0.030621283570598463,1.394810662209822,0.05460342982448307,,Caribbean at Keppel Bay,Telok Blangah Rd,1.26740130257465,103.81675441150337
67419,1518.5238095238096,1650.55,0.08331723833079874,0.08688655593857698,0.030621283570598463,1.3945648251758238,0.05459354785789682,,Sengkang General Hosp,Sengkang East Rd,1.39451056390105,103.89388277014375
71169,697.5652173913044,681.7,-0.022973017689950304,-0.02271114707163706,0.030621283570598463,-1.3940242672591623,-0.05174784520019298,,Aztech Bldg,Ubi Ave 2,1.32706502989935,103.89217317535862
70011,370.2608695652174,402.5,0.08327151973154745,0.08683686614357698,0.030621283570598463,1.39336537009907,0.05454533442024313,,Opp Blk 125,Aljunied Rd,1.32317687661433,103.88116008329277
84141,353.7391304347826,345.7,-0.022922822808673082,-0.02266209094251778,0.030621283570598463,-1.3927073742186715,-0.051700246601268915,,Opp Lion Hme for Elders,Bedok Sth Rd,1.32021707852141,103.93816948878941
30011,403.14285714285717,394.0,-0.022882657345132174,-0.02262283492400157,0.030621283570598463,-1.3916536090127536,-0.05166215693715854,,Tengah Air Base,Old Choa Chu Kang Rd,1.37367799480239,103.71422567942253
22441,349.27777777777777,379.65000000000003,0.08315382724936615,0.08670896114195062,0.030621283570598463,1.3902776367135348,0.054421229665504084,,Blk 669 CP,Jurong West St 64,1.342816,103.70358
81169,764.0869565217391,746.85,-0.022787072917276774,-0.022529408421890607,0.030621283570598463,-1.3891458937912173,-0.05157150627468893,,Opp Blk 56,Guillemard Rd,1.31078371924435,103.88313174959588
59119,3362.521739130435,3286.95,-0.022724291443728006,-0.022468039451403705,0.030621283570598463,-1.3874987838970525,-0.05151196066713628,,Opp Blk 701A,Yishun Ave 5,1.43037444021889,103.82794865433573
42159,1477.6666666666667,1605.5,0.08291711875376517,0.08645175834084759,0.030621283570598463,1.3840674463006832,0.054171668740261074,,Opp Beauty World Stn,Jln Jurong Kechil,1.34036805329812,103.77530898996658
59339,710.1304347826087,694.3,-0.022512458450410833,-0.022260943996086812,0.030621283570598463,-1.3819412173176022,-0.05131101832428128,,Blk 776,Yishun Ave 3,1.42273567302859,103.83378411194366
02161,787.3888888888889,769.95,-0.022367961321011265,-0.02211965330138834,0.030621283570598463,-1.3781502478156271,-0.05117392558522105,,Aft Promenade Stn Exit C,Temasek Ave,1.2927795,103.860879
42181,327.2608695652174,355.55,0.0826658561603919,0.08617880794701985,0.030621283570598463,1.3774754203384836,0.053906828106578326,,Opp The Hillford,Jln Jurong Kechil,1.3436280559857,103.76943333300858
15199,869.0,849.8,-0.022316128322547257,-0.022068965517241364,0.030621283570598463,-1.3767903777809107,-0.05112474381015487,,Opp Currency Hse,Pasir Panjang Rd,1.27604240853686,103.79318399639808
61079,349.6190476190476,379.8,0.0825740032719171,0.08607904386798934,0.030621283570598463,1.3750656043073748,0.053810028165978574,,Blk 121,Potong Pasir Ave 1,1.33598640879377,103.86525430193133
93041,321.05555555555554,314.0,-0.022151424617934623,-0.021907883387958807,0.030621283570598463,-1.3724692765684274,-0.050968447669321765,,Hua Xin Ct,Marine Parade Rd,1.31120679321816,103.9333999156994
02151,1634.217391304348,1598.75,-0.02192838951566234,-0.02168971018346145,0.030621283570598463,-1.366617815891682,-0.05075675671360863,,Suntec Convention Ctr,Temasek Blvd,1.29317776320814,103.85784623004031
70281,2617.608695652174,2561.05,-0.02183542524441684,-0.02159875805273291,0.030621283570598463,-1.3641788420620324,-0.05066850690528579,,Aft Tai Seng Stn,Upp Paya Lebar Rd,1.3354935,103.8879965
41009,1274.4285714285713,1383.55,0.08209292051375972,0.08555667562724019,0.030621283570598463,1.3624441074535676,0.05330318025872459,,Tengah Int,Tengah Blvd,1.3627,103.735967
67379,2548.5,2766.5,0.08204712408758219,0.0855069621494418,0.030621283570598463,1.3612426105403772,0.053254943841923495,,Opp Blk 313 CP,Anchorvale Rd,1.3929735,103.8871335
63231,733.0555555555555,795.8,0.08201899175233596,0.08547642473321693,0.030621283570598463,1.36050454172627,0.05322531373752755,,Bet Blks 210/211,Hougang St 21,1.35901223241231,103.88763070107527
55179,445.17391304347825,435.65,-0.021576856713018344,-0.021345741570843745,0.030621283570598463,-1.3573951404011386,-0.05042300791751738,,Opp Castle Green,Ang Mo Kio Ave 6,1.385991667,103.8431694
46941,721.0,705.6,-0.021560403967781028,-0.021329639889196325,0.030621283570598463,-1.3569634926882905,-0.050407384640660885,,Opp Nylect Engrg,Woodlands Ave 9,1.45167306508663,103.80547695607456
44241,1801.5,1763.15,-0.021505602193949258,-0.021276005547850575,0.030621283570598463,-1.355525735037923,-0.05035534385497099,,Opp Lompang Rd,Bt Panjang Rd,1.38117443945082,103.76586096715347
29021,347.2857142857143,339.9,-0.021433981842045924,-0.021205906480721716,0.030621283570598463,-1.3536467318292469,-0.050287327534867435,,Aft Jln Buroh,Penjuru Rd,1.31267499889159,103.73450231627747
42031,818.6086956521739,888.4,0.08172005213883349,0.08515198132725048,0.030621283570598463,1.3526616803322118,0.05291051002530223,,The Tessarina,Bt Timah Rd,1.33332611108217,103.78997500000864
58541,3344.222222222222,3628.6,0.08158932384692363,0.08501013053442692,0.030621283570598463,1.3492319446015788,0.0527728738294611,,Opp Canberra Stn,Canberra Link,1.44284,103.830351
42039,657.8888888888889,713.8,0.08144786862972087,0.08485666104553082,0.030621283570598463,1.3455207815041577,0.05262396414620247,,Opp The Nexus,Dunearn Rd,1.33474752657285,103.7877986922408
14229,869.7826086956522,851.65,-0.02104321076176241,-0.02082334731376072,0.030621283570598463,-1.3433946164151593,-0.049916134766913325,,Ch of St. Teresa,Kg Bahru Rd,1.27370670186653,103.82857888915174
01112,5663.782608695652,5545.85,-0.021038320222356077,-0.02081855860004531,0.030621283570598463,-1.343266310158733,-0.04991148833296931,,Opp Bugis Stn Exit C,Victoria St,1.30009212839081,103.85520027125814
52079,3588.9444444444443,3892.8,0.08124881726733868,0.08464074033952858,0.030621283570598463,1.3402985487355685,0.05241445876392067,,Opp Trellis Twrs,Jln Toa Payoh,1.32931477158443,103.84382885735747
40349,443.55555555555554,434.34999999999997,-0.020924726246390968,-0.020707323169207627,0.030621283570598463,-1.3402861035602955,-0.0498035578714012,,Blk 461,Bt Batok West Ave 8,1.35497444398167,103.73939913984925
63181,441.3478260869565,432.2,-0.020896994326725427,-0.020680165126794114,0.030621283570598463,-1.3395585398908985,-0.049777206734619495,,Bef St. Helier's Ave,Yio Chu Kang Rd,1.36083138898279,103.87346222201559
45139,12134.173913043478,11884.1,-0.020822655855901928,-0.020607361281792795,0.030621283570598463,-1.3376082251899326,-0.049706565999596934,,Kranji Stn,Woodlands Rd,1.42525961270458,103.76178101875855
51099,1061.391304347826,1039.55,-0.0207728952756856,-0.020558624923265892,0.030621283570598463,-1.3363027263001999,-0.04965927767040772,,Catholic JC,Whitley Rd,1.325881667006,103.8345342161876
43149,608.0434782608696,595.55,-0.020726597714729067,-0.02051327812678499,0.030621283570598463,-1.3350880818132722,-0.04961527819435984,,Blk 291A,Bt Batok East Ave 6,1.34399483001027,103.7561003299722
13089,491.4782608695652,533.05,0.08103914826414105,0.084413348636003,0.030621283570598463,1.3347977557444923,0.05219382320442805,,Opp St. Thomas Wk,River Valley Rd,1.29575111096804,103.83604111103381
44441,608.7777777777778,660.25,0.08103739110300712,0.08441144314868777,0.030621283570598463,1.3347516555603816,0.05219197433196094,,Blk 239,Choa Chu Kang Way,1.37924285981093,103.74754322627454
06169,775.5555555555555,841.1,0.08103058589503753,0.08440406352840252,0.030621283570598463,1.3345731168172625,0.05218481397111558,,River Pl Condo,Havelock Rd,1.28937078931125,103.83998944937589
50019,539.5,585.1,0.080995786403121,0.08436632747456105,0.030621283570598463,1.3336601311192904,0.05214819911128005,,Parish of Christ Ch,Keng Lee Rd,1.31194891032358,103.84763856174139
52561,402.23809523809524,436.25,0.08097791936737853,0.08434695323571074,0.030621283570598463,1.3331913786404568,0.052129400509738286,,Blk 269A,Kim Keat Ave,1.33319,103.859677
92159,596.2777777777778,646.6,0.08089092721441649,0.08425262766254278,0.030621283570598463,1.3309090869426174,0.05203787748894332,,St. Patrick's Sch,East Coast Rd,1.309748,103.9166295
46561,647.7777777777778,702.4,0.08083546909256345,0.08419249871553304,0.030621283570598463,1.3294541096053145,0.0519795350619352,,Blk 183C,Woodlands St 13,1.434716944,103.7772439
56091,2706.6666666666665,2934.15,0.08067130389880184,0.0840145266527153,0.030621283570598463,1.3251471365504022,0.05180685081248795,,Springleaf Stn Exit 3,Upp Thomson Rd,1.3962,103.818459
46759,452.52173913043475,490.6,0.08062217294505913,0.08396126929345304,0.030621283570598463,1.3238581562916558,0.05175517580818595,,Blk 676A,Woodlands Ring Rd,1.439275,103.801227
52371,538.5652173913044,527.75,-0.020247931909015193,-0.020044319097501734,0.030621283570598463,-1.3225299951672607,-0.049160252631857825,,First Toa Payoh Pr Sch,Lor 8 Toa Payoh,1.33992964917756,103.85651585657361
59821,1147.7142857142858,1244.0,0.08049222540597167,0.08382042034572752,0.030621283570598463,1.3204489040830873,0.05161851169114234,,Blk 334B,Yishun Ave 6,1.432912,103.845777
65729,460.94444444444446,499.65000000000003,0.08046262042294927,0.08378833433553909,0.030621283570598463,1.3196721994647271,0.05158737900380129,,Punggol Coast Stn,New Punggol Rd,1.414675,103.911277
60101,1363.142857142857,1477.4,0.0804341339925303,0.08375746151429446,0.030621283570598463,1.3189248407498018,0.05155742345976512,,Kwong Wai Shiu Hosp,S'goon Rd,1.31783421341306,103.86004042483177
59249,1226.0869565217392,1201.75,-0.020032430831116166,-0.01983311483541828,0.030621283570598463,-1.3168761941723708,-0.048955323560966005,,Blk 257,Yishun Ring Rd,1.43436086302643,103.8394374423364
14399,653.5652173913044,640.6,-0.020006168434379745,-0.019807372965792068,0.030621283570598463,-1.3161871843249764,-0.04893034652038226,,Blk 85,Telok Blangah Hts,1.27763662023223,103.80858552939208
04321,700.5238095238095,759.15,0.080260942385312,0.08356978007059457,0.030621283570598463,1.3143810542836563,0.051375318309510816,,UE Sq,Clemenceau Ave,1.2921400077773,103.84303646191061
46409,367.42857142857144,398.2,0.08021568761127718,0.08352074447460228,0.030621283570598463,1.313193767941722,0.05132773963364414,,Blk 701A CP,Woodlands Ave 4,1.440652,103.795673
55021,1211.7619047619048,1313.05,0.08021364665749342,0.08351853306109576,0.030621283570598463,1.3131402222859618,0.05132559392450562,,Opp Seasons Pk,Yio Chu Kang Rd,1.3857011784032,103.83872706499656
83151,362.22222222222223,392.55,0.08019329520046803,0.08349648210461927,0.030621283570598463,1.3126062895135628,0.051304198134579655,,Parkway East Hosp,Joo Chiat Pl,1.31488002411227,103.90911503893872
63071,723.9565217391304,709.7,-0.0198612832085594,-0.01966534724721107,0.030621283570598463,-1.3123860328788952,-0.04879254059608682,,Opp Blk 248,Hougang Ave 3,1.3597807263938,103.89332464938751
65091,417.7826086956522,409.55,-0.019854227464654706,-0.019658430232558036,0.030621283570598463,-1.3122009211741328,-0.04878582909617575,,Blk 301A,Punggol Rd,1.4039796271467,103.90655641325277
67369,1172.888888888889,1270.6,0.07995387632271012,0.08323710364410809,0.030621283570598463,1.3063249905870797,0.05105252619198931,,Blk 306 CP,Anchorvale Dr,1.39071731059511,103.88853458899818
75339,690.6086956521739,677.1999999999999,-0.019578097277672235,-0.019387690953667887,0.030621283570598463,-1.3049564788673889,-0.04852313388193355,,Blk 734,Tampines St 71,1.35846309875614,103.93415212517196
82069,2316.8695652173915,2272.0,-0.019547928065896336,-0.019358106206974215,0.030621283570598463,-1.3041649713667465,-0.048494428141847165,,Aft Lor 106 Changi,Changi Rd,1.31709537499354,103.90295147896967
44341,419.4347826086957,411.3,-0.01953813280533634,-0.019348500517063424,0.030621283570598463,-1.303907986787183,-0.04848510785119926,,Blk 401A CP,Fajar Rd,1.3811702972192,103.76917730998287
43069,1079.3478260869565,1169.15,0.07984889524311267,0.08312339021249136,0.030621283570598463,1.303570748529178,0.05094219135471256,,Hillview Stn Exit A,Upp Bt Timah Rd,1.36296778241046,103.76768583722071
59429,1744.8695652173913,1711.35,-0.019386053634245393,-0.019199352509027708,0.030621283570598463,-1.299918097839997,-0.04834039125120921,,Blk 846,Yishun Ring Rd,1.417434,103.835047
76529,555.6111111111111,545.05,-0.019156264719360827,-0.018973949495957612,0.030621283570598463,-1.293889446808387,-0.04812168529523557,,Blk 519A,Tampines Concourse,1.35741,103.940604
14491,321.5652173913044,315.45,-0.019140089039061614,-0.018958080603854746,0.030621283570598463,-1.2934650680616062,-0.04810628789140175,,Opp Telok Blangah Mkt/FC,Telok Blangah Dr,1.27278805556375,103.8079488888896
64409,1436.3333333333333,1409.15,-0.019093463228053942,-0.01891233766233779,0.030621283570598463,-1.2922418117362424,-0.04806190404037309,,Blk 477A,Upp S'goon Rd,1.37820165544364,103.90352727356866
63081,346.2608695652174,339.7,-0.019073958321318862,-0.018893201452360567,0.030621283570598463,-1.2917300887222363,-0.04804333639551433,,Opp Blk 241,Hougang Ave 3,1.3568307844677,103.89260949897677
80119,516.3333333333334,559.05,0.07933865338269364,0.08257087628865928,0.030621283570598463,1.2901842450081922,0.05040609343723321,,Aft Geylang Rd,Sims Way,1.30992065473549,103.87599804972949
63179,435.95238095238096,471.9,0.07905972856404642,0.08226896251089792,0.030621283570598463,1.2828664838510715,0.05011314996461701,,Bef Tai Seng Chr Ch,Yio Chu Kang Rd,1.35999305129204,103.87393532776181
08057,4286.95652173913,4207.75,-0.018644592704156082,-0.018471857477464715,0.030621283570598463,-1.280465422312429,-0.047634511173667474,,Dhoby Ghaut Stn,Orchard Rd,1.29930997279734,103.84529021429745
80029,357.77777777777777,387.25,0.07894626860674059,0.08214617528646637,0.030621283570598463,1.279889793313141,0.04999401093033841,,Bef Kg Bugis,Kallang Rd,1.3094187398083,103.86753497349068
46821,280.6666666666667,303.8,0.07893148512342751,0.08213017751479339,0.030621283570598463,1.2795019396955245,0.04997848847613725,,Blk 713,Woodlands Circle,1.44215561041047,103.79755539404626
61089,332.27777777777777,326.15,-0.018557528441180082,-0.01838639773295494,0.030621283570598463,-1.278181238764801,-0.047551590564640554,,Bet Blks 138/144,Potong Pasir Ave 3,1.3330716590648,103.86530804883829
66021,284.95652173913044,308.4,0.07879516076676385,0.08198266686939272,0.030621283570598463,1.2759253878246615,0.049835360590315195,,New Tech Pk,Lor Chuan,1.350294,103.8611675
44321,652.7826086956521,640.85,-0.018420262062234904,-0.018251645940014657,0.030621283570598463,-1.274579972370167,-0.047420842446890224,,Opp Bangkit Stn,Bt Panjang Ring Rd,1.379874,103.772318
21599,1065.695652173913,1046.25,-0.018398013836403493,-0.018229803537947464,0.030621283570598463,-1.2739962767220223,-0.047399649014913434,,Blk 117,Corporation Dr,1.33468356164521,103.72268493639599
65259,1485.695652173913,1458.6,-0.018393548571612683,-0.018225419664268966,0.030621283570598463,-1.2738791278021058,-0.0473953953926097,,Punggol Stn/Int,Punggol Ctrl,1.4053405,103.9014515
20131,427.34782608695656,419.55,-0.018372164902833,-0.0182044254973614,0.030621283570598463,-1.2733181143306203,-0.04737502499347061,,S'pore Food Ind Bldg,West Coast Rd,1.3155936163792,103.7518511517015
50201,1091.111111111111,1180.5,0.07867219539655235,0.08184962864991328,0.030621283570598463,1.272699317035519,0.04970627513322223,,Shaw Plaza,Balestier Rd,1.32495,103.85092
70039,1106.7222222222222,1197.35,0.07863975568542614,0.08181453432970577,0.030621283570598463,1.2718482416124752,0.04967222351720482,,Aljunied Pk,Aljunied Rd,1.32930256265165,103.87975573742911
44049,573.4347826086956,563.05,-0.01824367053060172,-0.018078262185892067,0.030621283570598463,-1.2699469868325977,-0.04725261018069648,,Opp Junction 10,Woodlands Rd,1.38103523807931,103.7608578414621
59801,1087.5238095238096,1176.45,0.07852860800736483,0.0816942998381381,0.030621283570598463,1.268932215117716,0.04955556137031892,,Blk 382C,Yishun Ave 6,1.431669,103.847891
60071,508.6190476190476,550.25,0.07852494561322843,0.08169033825453144,0.030621283570598463,1.2688361299945512,0.04955171749122402,,Kolam Ayer Ind Est,Jln Kolam Ayer,1.327057,103.870325
44701,728.8888888888889,788.5,0.07850751813944257,0.08167148728877993,0.030621283570598463,1.2683789096892537,0.04953342661556289,,Blk 548B,Bt Panjang Ring Rd,1.38927144639115,103.76879686807085
28481,277.27777777777777,300.0,0.07849044928742366,0.08165302455579959,0.030621283570598463,1.267931098042709,0.04951551243770275,,Blk 306,Jurong East St 32,1.34618139069958,103.73421591577221
50331,426.77777777777777,461.7,0.07847504596734378,0.08163636363636406,0.030621283570598463,1.26752698263298,0.04949934653884046,,Blk 122,Mcnair Rd,1.31862919267946,103.85727882383885
67201,975.8333333333334,1055.55,0.07844811476456215,0.08160723426036531,0.030621283570598463,1.2668204262548644,0.049471082639711735,,Blk 206A,Compassvale Rd,1.38669709800422,103.89628892246895
84139,333.7391304347826,327.75,-0.018053929856925777,-0.017891934017405072,0.030621283570598463,-1.2649690256081867,-0.04707181809784577,,Panasonic,Bedok Sth Rd,1.321745,103.92772
65271,1032.2777777777778,1116.5,0.0783579895687625,0.08150975858917224,0.030621283570598463,1.2644559372850437,0.04937650311496587,,Bet Blks 622A/622B,Punggol Ctrl,1.400166,103.910274
78219,392.42857142857144,385.4,-0.0180264278949247,-0.017864923747277456,0.030621283570598463,-1.2642474950170683,-0.04704561034281665,,Opp Blk 204,Pasir Ris St 21,1.36725694472542,103.96327818546209
43091,354.4444444444444,348.1,-0.018010548502307877,-0.01784932791497304,0.030621283570598463,-1.2638308895566663,-0.04703047788577057,,Opp Cashew Stn,Upp Bt Timah Rd,1.36863253283887,103.76474109358477
41061,300.4782608695652,295.09999999999997,-0.018000675208273975,-0.01783963080473082,0.030621283570598463,-1.2635718577217636,-0.04702106889102458,,Chinese High Sch,Bt Timah Rd,1.32705333303352,103.80572472199289
65489,439.23809523809524,475.09999999999997,0.07831221010267075,0.08146024878312591,0.030621283570598463,1.2632548853299517,0.04932846431852765,,One Punggol,Sentul Cres,1.40819500002156,103.90566900789092
75571,1229.2222222222222,1329.35,0.07824724396933913,0.08138999277456593,0.030621283570598463,1.2615504595663063,0.04926029571995518,,Blk 637B,Tampines Nth Dr 2,1.36378,103.943296
17161,1493.2222222222222,1614.7,0.07816248053055297,0.08129833432480699,0.030621283570598463,1.2593266395315683,0.049171360578385635,,Blk 455,C'wealth Ave West,1.31240993603605,103.76685476875124
75289,599.4761904761905,648.15,0.07794082357071996,0.08105868358445653,0.030621283570598463,1.253511335254458,0.0489388302161946,,Opp Blks 741/742,Tampines Ave 9,1.36045667202312,103.93331674675824
05269,606.6521739130435,596.05,-0.017601773905348672,-0.01744776760160226,0.030621283570598463,-1.2531064410039936,-0.04664084852358665,,Maxwell Stn Exit 2,Sth Bridge Rd,1.280894,103.844567
59059,2770.4444444444443,2722.15,-0.017579345898128373,-0.017425730665918356,0.030621283570598463,-1.2525180286824786,-0.04661946633787479,,Blk 608,Yishun Ave 2,1.42054602879781,103.83497942324875
17279,464.1304347826087,456.05,-0.017525077062217953,-0.017372406057206934,0.030621283570598463,-1.2510942529805047,-0.04656772608220426,,Blk 723,Clementi West St 2,1.30292494255611,103.76319287727786
24709,948.0952380952381,931.65,-0.01747915334874328,-0.017327279112939898,0.030621283570598463,-1.2498894166081604,-0.046523939926235616,,Tuas Cres Stn Exit A,Pioneer Rd,1.32089,103.649026
96109,816.9565217391304,883.1,0.07776099512977819,0.08086429596555604,0.030621283570598463,1.2487934274452799,0.048750218141129516,,Opp Blk 3012,Simei Ave,1.33737118239889,103.95067333143491
54199,1231.2173913043478,1209.95,-0.01741012799896069,-0.01725944744363344,0.030621283570598463,-1.2480784948481483,-0.04645812363620961,,Bef Mayflower Stn Exit 3,Ang Mo Kio Ave 4,1.37430000000968,103.83767277798232
60089,2761.6666666666665,2984.9,0.07770481208897362,0.08080357142857214,0.030621283570598463,1.2473194314212523,0.04869129782000679,,Opp St. Andrew's Village,Jln Toa Payoh,1.32865054961465,103.86615967295366
40371,647.3333333333334,699.7,0.0776748679920507,0.08077120822622051,0.030621283570598463,1.2465338299448032,0.04865989617629192,,Opp Blk 465A,Bt Batok West Ave 5,1.35813308018627,103.74305344718294
78191,951.2608695652174,935.1,-0.017116711528855078,-0.01697105287188316,0.030621283570598463,-1.2403805364584577,-0.04617829769398655,,Aft Blk 182,Pasir Ris St 11,1.36488943048941,103.96176906896966
43681,753.1304347826086,740.35,-0.017092495010665232,-0.016947247045257935,0.030621283570598463,-1.2397452014709516,-0.04615519917370105,,Bt Batok Hme for the Aged,Bt Batok West Ave 2,1.36178500002853,103.74358000000312
68031,691.7222222222222,747.4,0.07730850929951227,0.08037533082043383,0.030621283570598463,1.236922188274357,0.048275780874097535,,Jln Kayu Shophouse,Jln Kayu,1.39705024252478,103.87307298530668
28641,1508.7777777777778,1630.05,0.07726150624611172,0.08032455107447753,0.030621283570598463,1.2356890347668679,0.0482265098695435,,Blk 284,Toh Guan Rd,1.33917889755759,103.74610320575732
42171,288.82608695652175,312.1,0.07724158539382486,0.08030303030303047,0.030621283570598463,1.2351663991699766,0.04820562851206513,,Signature Pk Condo,Jln Jurong Kechil,1.34261833302181,103.77026361103131
22511,1063.608695652174,1149.1,0.07724158539382397,0.08030303030302952,0.030621283570598463,1.2351663991699533,0.0482056285120642,,Blk 658C,Jurong West St 63,1.33746181720219,103.70029665103546
63261,382.22222222222223,375.8,-0.016900492898413333,-0.016758480719048806,0.030621283570598463,-1.2347079100390295,-0.0459720413744024,,Opp Blk 232,Hougang Ave 1,1.35896472197244,103.88913833298105
45029,302.3333333333333,297.25,-0.016900249864760575,-0.016758241758241792,0.030621283570598463,-1.2347015339042966,-0.04597180951347461,,Opp Heavy Veh Pk,Woodlands Rd,1.39303959514259,103.75414864750223
52331,2659.869565217391,2615.3,-0.016891867670217664,-0.016749999999999533,0.030621283570598463,-1.2344816219655348,-0.045963812630066866,,Blk 27,Lor 6 Toa Payoh,1.33246306626276,103.85581029367948
42149,478.39130434782606,516.85,0.0771684418144094,0.08022401596227183,0.030621283570598463,1.233247433167112,0.04812896180430522,,Aft Bt Timah Rd,Clementi Rd,1.33607426889198,103.77862313710679
71049,401.5652173913044,394.85,-0.016821762901454207,-0.016681067069877535,0.030621283570598463,-1.232642380996322,-0.045896927799313925,,Air Force Museum,Airport Rd,1.3461065,103.898851
69009,2094.9523809523807,2262.9500000000003,0.07710302810196357,0.0801533568101785,0.030621283570598463,1.231531264894956,0.048060402040190395,,Punggol Coast Int,Sentul Wk,1.414795,103.908557
84369,2320.173913043478,2281.6,-0.016757910569039858,-0.016618277857905272,0.030621283570598463,-1.2309671764727539,-0.04583600414775229,,Blk 45,Bedok Nth Rd,1.329162,103.924608
84599,702.2222222222222,690.6,-0.016665193629950004,-0.01652709748775425,0.030621283570598463,-1.2285346915516577,-0.04574753288133799,,Opp SBST Bedok Nth Depot,Bedok Nth Ave 4,1.33772607555094,103.94646797815965
17201,1814.4444444444443,1784.45,-0.01665982641260566,-0.01652181896076871,0.030621283570598463,-1.2283938793614957,-0.045742411187200974,,Blk 308,Clementi Ave 4,1.32055715133061,103.76734890374861
05189,498.95652173913044,490.75,-0.016550680850347277,-0.016414470823550503,0.030621283570598463,-1.2255303795846018,-0.04563825252200604,,Opp Sri Mariamman Tp,Sth Bridge Rd,1.2820913960391,103.84528061446953
28689,944.3809523809524,928.95,-0.016457149212519617,-0.01632247015564354,0.030621283570598463,-1.2230765205498386,-0.0455489853300961,,Opp Toh Guan Ctr,Toh Guan Rd East,1.33727934409499,103.75440999786483
14339,397.95652173913044,391.45,-0.01644330230723412,-0.016308849171752293,0.030621283570598463,-1.2227132386227015,-0.04553576904579421,,Blk 70A,Telok Blangah Hts,1.276660654539,103.81124504785828
40411,370.3888888888889,400.0,0.07671169566669,0.07973074046372441,0.030621283570598463,1.2212644219935065,0.04765034225082729,,Blk 221B,Tengah Gdn Ave,1.3576545,103.7292115
59441,1338.5,1316.8,-0.016332730504943882,-0.016200074654721883,0.030621283570598463,-1.2198123205767686,-0.045430226380642216,,Naval Base Pr Sch,Yishun Ave 4,1.41588388901051,103.83948333301474
54579,1103.0434782608695,1190.85,0.07652739223649618,0.079531760721459,0.030621283570598463,1.2164291101372953,0.047457274491178425,,Blk 540,Ang Mo Kio Ave 10,1.37487817367914,103.85483080978989
01611,409.2173913043478,402.65,-0.01613907603247622,-0.01600953895071525,0.030621283570598463,-1.2147316784761497,-0.045245351774378974,,Aft Raffles Hotel,Beach Rd,1.29527259171342,103.85533686181174
09179,1866.111111111111,1836.25,-0.01612248754407286,-0.015993215900976132,0.030621283570598463,-1.214296469459318,-0.0452295137066044,,Royal Thai Embassy,Orchard Rd,1.30587966240898,103.83049004618626
05049,3422.608695652174,3368.0,-0.016079204512436718,-0.015950624182467094,0.030621283570598463,-1.2131609129706356,-0.04518818745108455,,Chinatown Stn Exit E,New Bridge Rd,1.28531114761754,103.84455070696784
96139,458.1111111111111,494.55,0.07637600394940769,0.07936834462729914,0.030621283570598463,1.2124573469493791,0.047298713731018585,,Blk 148,Simei St 1,1.34646413372668,103.95585291875304
64331,1063.142857142857,1147.5,0.07628709700819059,0.07927238555510877,0.030621283570598463,1.2101248196246601,0.04720560574487462,,Blk 508,Hougang Ave 4,1.37143555507852,103.88805955105329
63091,547.4782608695652,538.85,-0.015856321952858465,-0.01573127229488648,0.030621283570598463,-1.2073134543436417,-0.04497535283270691,,Opp Blk 106,Hougang Ave 3,1.35385498086943,103.89147049226345
40111,654.8888888888889,706.8,0.0761701700068933,0.07914619684906009,0.030621283570598463,1.2070571690926577,0.04708316629203169,,Ferrell Residences,Bt Timah Rd,1.31806499998598,103.83262555597635
06011,1798.1666666666667,1940.35,0.0760600126155424,0.07902732746641972,0.030621283570598463,1.2041671233681255,0.04696782869466658,,Outram Pk Stn Exit 7,Outram Rd,1.28165999996967,103.83801388886192
40329,442.23809523809524,477.25,0.0760265216216025,0.07899119037387152,0.030621283570598463,1.2032884669052284,0.046932765288617936,,Millennia Institute,Bt Batok West Ave 8,1.35096917519706,103.73961904709157
56029,709.6086956521739,698.55,-0.015684649389013927,-0.015562285854136595,0.030621283570598463,-1.2028095208982865,-0.0448113872291979,,Bef Sembawang Hills FC,Upp Thomson Rd,1.37359500001635,103.82870000002058
44611,708.4347826086956,697.4,-0.015676567636528915,-0.015554329840044732,0.030621283570598463,-1.2025974912384552,-0.04480366760005895,,Blk 516,Jelapang Rd,1.3871248273065,103.76757814102818
63271,799.3913043478261,786.95,-0.015666102449332087,-0.0155440273779129,0.030621283570598463,-1.2023229307287724,-0.044793671239323866,,Blk 239,Hougang Ave 1,1.35639501261001,103.88997632456076
76341,451.4782608695652,444.45,-0.01565471254205697,-0.015532814451811323,0.030621283570598463,-1.2020241096290751,-0.044782791465850985,,Blk 464,Tampines Ave 9,1.35976305104284,103.95535006454477
44559,945.9565217391304,931.25,-0.015652161498872275,-0.015530303030303706,0.030621283570598463,-1.2019571814696604,-0.04478035466239306,,Blk 483,Choa Chu Kang Ave 5,1.37620955732727,103.73789066346548
44661,605.6086956521739,596.2,-0.015631864554576325,-0.015510321100917893,0.030621283570598463,-1.2014246788716576,-0.044760966425700925,,Blk 532,Jelapang Rd,1.38447517162011,103.76499586025828
81209,426.4347826086957,419.85,-0.015525245780189323,-0.0154053504221339,0.030621283570598463,-1.1986274709013771,-0.044659114581131684,,Geylang Meth Pr Sch,Geylang East Ctrl,1.31843612461246,103.88429716458627
11239,726.9565217391305,784.3000000000001,0.07582448685343479,0.07877321865854324,0.030621283570598463,1.1979879626831373,0.04672126983553248,,Fairlodge,Holland Rd,1.31152857401616,103.80165517330278
44231,1205.611111111111,1187.1,-0.015460303111914264,-0.015341406142087356,0.030621283570598463,-1.1969236607576694,-0.04459707018027765,,Zhenghua Pr Sch,Bt Panjang Rd,1.37916686797468,103.76933485417399
46271,342.60869565217394,337.35,-0.015422634597590523,-0.015304314817157457,0.030621283570598463,-1.1959354045232418,-0.04456108089350357,,Opp Blk 802,Woodlands Ave 2,1.44040195107982,103.78588806965098
17229,1127.388888888889,1216.15,0.07572120700010831,0.0786618088720399,0.030621283570598463,1.195278353324418,0.046613170198663574,,Blk 335,Clementi Ave 5,1.31728402491862,103.76824211745355
43521,1045.0869565217392,1127.35,0.07569989401839905,0.07863881961762256,0.030621283570598463,1.1947191943709377,0.04659086398901722,,Bt Batok Driving Ctr,Bt Batok West Ave 5,1.36756037490262,103.750164221858
28561,763.0,751.35,-0.01536614796163338,-0.015248691099476411,0.030621283570598463,-1.1944534434969396,-0.04450710983879341,,Blk 402,Jurong West St 42,1.35318546958489,103.72232429359829
92139,456.72222222222223,492.7,0.07566554684539195,0.07860177205971607,0.030621283570598463,1.1938180755328678,0.046554917168883506,,Opp Caltex Stn,East Coast Rd,1.30853972762017,103.91062932209371
96101,1558.5217391304348,1681.1,0.07566381603912742,0.07859990521062764,0.030621283570598463,1.1937726667846806,0.04655310578664426,,Blk 3012,Simei Ave,1.33638500905398,103.9510568939649
84459,894.2222222222222,880.65,-0.01527682858704349,-0.015160729800173198,0.030621283570598463,-1.1921100957334732,-0.04442176199986807,,Bet Blks 705/706,Bedok Nth Rd,1.336324,103.918288
47559,1025.142857142857,1105.65,0.07553045986856599,0.07845607684811379,0.030621283570598463,1.1902739870697319,0.046413550777634996,,Opp Blk 630,Woodlands Ave 6,1.43461254485308,103.80204564158956
43268,612.2380952380952,660.35,0.07552993009735065,0.07845550551327861,0.030621283570598463,1.190260088201784,0.046412996418003304,,Hillington Green Condo,Hillview Ave,1.36036935442362,103.76427530511685
80089,3042.8333333333335,2996.95,-0.015188964225709256,-0.015074193725017402,0.030621283570598463,-1.1898049211219586,-0.04433779703957151,,Bef Lor 18 Geylang,Geylang Rd,1.31275356421909,103.88079905478979
15041,3205.0,3456.4,0.07549280731918806,0.07841547099189014,0.030621283570598463,1.1892861496853044,0.04637415138149312,,Alexandra Retail Ctr,Alexandra Rd,1.274632,103.801892
96261,334.3333333333333,329.3,-0.01512372959483077,-0.0150099403578528,0.030621283570598463,-1.188093451162932,-0.04427545273503513,,Blk 233,Simei St 3,1.34404967237603,103.95585935578698
76099,2001.391304347826,1971.4,-0.015091043143215188,-0.014977744001737027,0.030621283570598463,-1.1872359023540568,-0.04424421298030754,,Blk 285,Tampines Ave 2,1.35026359502623,103.95249172187374
64109,2172.5555555555557,2342.8,0.07540921231028364,0.07832532460893625,0.030621283570598463,1.1870929841145357,0.0462866833809861,,Gracehaven S Army,Yio Chu Kang Rd,1.37202330151763,103.87690900449827
11361,2754.6666666666665,2970.3,0.0753401698826206,0.07825087698076677,0.030621283570598463,1.1852816143060108,0.046214447702025985,,Buona Vista Stn Exit C,Nth Buona Vista Rd,1.30649698638726,103.79058123542397
85031,312.8888888888889,337.45,0.07533730471029454,0.07824778761061929,0.030621283570598463,1.1852064447787605,0.0462114501216376,,Excelsior Gdns,Bedok Rd,1.32501115145725,103.95232021806196
65281,957.6086956521739,1032.6000000000001,0.07532017514410239,0.0782293178519598,0.030621283570598463,1.1847570402591943,0.046193529126841625,,Punggol Sec/Blk 601B,Punggol Ctrl,1.40201165055481,103.90783309940194
65329,454.05555555555554,489.65,0.07531153103306476,0.07821999755829515,0.030621283570598463,1.1845302567829308,0.04618448575289503,,Kadaloor Stn Exit A,Punggol Dr,1.39988799999567,103.91612399998853
77311,641.304347826087,631.75,-0.014986853967225322,-0.014875109997969592,0.030621283570598463,-1.1845024363658068,-0.04414462838468202,,Bet Blks 771/772,Pasir Ris St 71,1.37581953068998,103.936865329717
75241,1124.0869565217392,1107.4,-0.01494279334860682,-0.014831703829655329,0.030621283570598463,-1.1833464794127864,-0.04410251187786597,,Opp Temasek Poly West G,Tampines Ave 1,1.34844803009871,103.92980219657613
55309,352.1304347826087,346.90000000000003,-0.014922410159196708,-0.01481162275301615,0.030621283570598463,-1.1828117141221,-0.0440830274397321,,Opp AMK Police Div HQ,Ang Mo Kio Ave 9,1.384084,103.844597
47501,417.7826086956522,411.6,-0.01487335098230158,-0.01476328903654529,0.030621283570598463,-1.1815246169723208,-0.04403612978950756,,Opp Blk 583,Woodlands Dr 16,1.43046208317462,103.79470229416464
76249,2408.608695652174,2373.2,-0.014803828733022328,-0.014694790783277886,0.030621283570598463,-1.1797006587537628,-0.04396966672071658,,Blk 370,Tampines Ave 7,1.35836639849151,103.95947435534286
15049,745.5217391304348,803.75,0.07510693221654652,0.07799941758881826,0.030621283570598463,1.1791624832030412,0.0459704595407517,,Opp Alexandra Retail Ctr,Alexandra Rd,1.274590541032,103.80216344738955
43141,712.5,702.05,-0.014754423880066092,-0.014646110721793783,0.030621283570598463,-1.1784044925836465,-0.0439224330159017,,Opp Blk 291A,Bt Batok East Ave 6,1.34421891680123,103.75586020801809
40401,686.3333333333334,739.9,0.07504628751381581,0.07793404461687696,0.030621283570598463,1.1775714327824287,0.04590702889655346,,Blk 224A,Tengah Blvd,1.357112,103.731092
46779,8534.111111111111,9198.05,0.07491184340129386,0.07778913247240185,0.030621283570598463,1.1740442102527586,0.04576642230634891,,Admiralty Stn,Woodlands Ave 7,1.44071357576488,103.80070754495145
82139,576.3333333333334,621.2,0.07484178400926655,0.07771362586605156,0.030621283570598463,1.1722061597696376,0.04569315911301692,,Maranatha Hall,Dunman Rd,1.30938972202558,103.89936888898059
02171,319.2173913043478,344.1,0.07483411713637622,0.07770536320434428,0.030621283570598463,1.172005014726663,0.04568514194721703,,Opp The Ritz-Carlton,Temasek Ave,1.29070000003898,103.86092194446034
54359,1236.6666666666667,1218.8500000000001,-0.014499986160411815,-0.014395367627255495,0.030621283570598463,-1.1717291652648991,-0.043679139869781544,,Blk 502,Ang Mo Kio Ave 5,1.37615334768079,103.8499921086812
67371,830.2777777777778,894.85,0.07480897995865199,0.0776782730735812,0.030621283570598463,1.1713455256799652,0.04565885670433011,,Blk 313 CP,Anchorvale Rd,1.39259972198676,103.88713972197542
10021,346.2608695652174,341.3,-0.014388737452099676,-0.014285714285714353,0.030621283570598463,-1.1688104881804622,-0.04357274449129562,,Blk 3,Neil Rd,1.27744837946643,103.83838894560753
40369,887.6111111111111,956.5,0.07466602656734711,0.07752422632072496,0.030621283570598463,1.1675950570797056,0.04550938690847791,,Blk 464A,Bt Batok West Ave 8,1.3576342194572,103.74139552039492
83049,615.5555555555555,663.3,0.07458542168151361,0.07743737610380247,0.030621283570598463,1.1654803391944801,0.04542511714003145,,Bef Lor 110 Changi,Changi Rd,1.318489754773,103.91002178191968
46471,926.4761904761905,913.4,-0.01419901102587584,-0.014098680494942688,0.030621283570598463,-1.1638329007465662,-0.04339126775124259,,Opp Blk 773,Woodlands Ave 9,1.44796931841747,103.79758820990358
57021,630.9444444444445,622.05,-0.014174713534110595,-0.014074725274725966,0.030621283570598463,-1.1631954413683814,-0.04336802427607028,,Forest Hills Condo,Sembawang Rd,1.40414074099185,103.81834244198308
78081,747.9565217391304,737.4499999999999,-0.014127538547650254,-0.014028213166144473,0.030621283570598463,-1.1619577770931782,-0.043322894111068884,,Blk 467,Pasir Ris Dr 6,1.37368803498525,103.95635599319583
45059,479.23809523809524,516.35,0.07443761538607063,0.07727813584531501,0.030621283570598463,1.1616025517217974,0.045270608145286294,,Opp Da Di Glass,Woodlands Rd,1.40340952558706,103.75620896675814
41119,331.0,356.65,0.07441988563790503,0.0772590361445791,0.030621283570598463,1.1611374010654985,0.04525207592492526,,Opp Lutheran Twrs,Farrer Rd,1.32074221277671,103.81245374678939
65711,350.27777777777777,377.4,0.07437453701527463,0.07721018503874734,0.030621283570598463,1.1599476525489516,0.04520467625774344,,Blk 446B,New Punggol Rd,1.417097,103.91168
52209,469.82608695652175,463.4,-0.013742533875493734,-0.013648536337612392,0.030621283570598463,-1.1518569468806459,-0.04295449804300334,,Blk 101C CP,Lor 2 Toa Payoh,1.339253,103.846775
43019,858.3888888888889,924.4499999999999,0.07405856336222527,0.07686986876979744,0.030621283570598463,1.1516578928345873,0.04487447128878443,,Springdale Condo,Upp Bt Timah Rd,1.34820194,103.7710775
63229,348.2608695652174,343.5,-0.01372502979094925,-0.01363127100709541,0.030621283570598463,-1.151397716645804,-0.04293774569100729,,Opp Kovan Hub,Hougang St 21,1.35757166659958,103.88511923530164
43171,1353.2222222222222,1457.3,0.07404408995013956,0.07685428290121468,0.030621283570598463,1.1512781741229805,0.04485934849942308,,Blk 229,Bt Batok East Ave 3,1.34859644473183,103.75460496382075
78241,431.94444444444446,465.15,0.07389805479530587,0.07669703580135961,0.030621283570598463,1.1474468535943916,0.044706773443617634,,Bet Blks 453/454,Pasir Ris St 41,1.37212,103.957637
46461,523.2173913043478,516.15,-0.013573499364348152,-0.013481794807995039,0.030621283570598463,-1.1474222243418872,-0.042792710650994825,,Opp Blk 757A CP,Woodlands Ave 9,1.44659598354815,103.79359661898341
11111,1300.388888888889,1400.2,0.07389694211287345,0.07669583778014935,0.030621283570598463,1.1474176616984404,0.044705611017390505,,Farrer Rd Stn Exit B,Farrer Rd,1.31780157259006,103.80771866952543
46331,1345.608695652174,1327.55,-0.013501232653762685,-0.013410499806276534,0.030621283570598463,-1.145526263522624,-0.04272353392928818,,Blk 511,Woodlands Ave 2,1.43314769562187,103.78816378743082
50121,747.2380952380953,804.55,0.07380403747028641,0.07659581238464919,0.030621283570598463,1.144980252262676,0.044608557524420105,,Natl Skin Ctr,Moulmein Rd,1.31930304159281,103.84933923160258
42221,444.1111111111111,478.2,0.07379410791169505,0.07658512231652483,0.030621283570598463,1.1447197442931105,0.04459818507404014,,Forett @ Bt Timah,Toh Tuck Rd,1.339618,103.767643
46551,531.5652173913044,524.45,-0.013450325746929614,-0.013360274308106155,0.030621283570598463,-1.144190690061435,-0.042674800704998093,,Blk 101,Woodlands St 13,1.435183889,103.7817369
20121,378.76190476190476,373.7,-0.01341878412998021,-0.013329153605015248,0.030621283570598463,-1.1433631766817918,-0.042644604644052134,,Opp Blk 51,West Coast Rd,1.32023972200054,103.73707999997312
54321,1177.1739130434783,1161.5,-0.013392850015716107,-0.013303564838734221,0.030621283570598463,-1.1426827795234227,-0.04261977615788661,,Blk 354,Ang Mo Kio Ave 8,1.3639846735447,103.85237785571755
64021,752.4444444444445,742.45,-0.013353771204390519,-0.013265005161480655,0.030621283570598463,-1.1416575232949817,-0.042582362145709436,,Blk 458,Hougang Ave 10,1.37788950153352,103.89663845377325
59311,902.7222222222222,890.8000000000001,-0.013280144676912187,-0.013192352615724837,0.030621283570598463,-1.1397258868578668,-0.04251186821460788,,Blk 760,Yishun Ring Rd,1.4260484365847,103.83218609995292
71079,1792.1904761904761,1768.55,-0.013271145241888327,-0.013183471864460344,0.030621283570598463,-1.1394897812421205,-0.042503251323606245,,Comfort Driving Ctr,Eunos Link,1.33554558497215,103.89825312082961
41031,522.0,561.9,0.07352052840505774,0.07629063097514313,0.030621283570598463,1.1375422206264667,0.044312443506234145,,Bef Crown Ctr,Bt Timah Rd,1.3230683576264,103.811977237669
49251,339.57142857142856,365.55,0.07351005853966797,0.07627936241610679,0.030621283570598463,1.1372675373815653,0.04430150975276333,,TimMac @ Kranji,Kranji Loop,1.437161,103.756171
42089,1225.4444444444443,1318.95,0.0734745694118919,0.07624116687805843,0.030621283570598463,1.136336458670107,0.04426444906067668,,Opp Bt Timah Plaza,Jln Anak Bt,1.34007090936874,103.77941451542826
65559,359.0,354.3,-0.01314152842317462,-0.013055555555555886,0.030621283570598463,-1.1360892056823946,-0.04237913559754508,,Opp Blk 227A,Punggol Field,1.404046,103.8925
47511,513.7391304347826,507.05,-0.013080361550596109,-0.012995185404172627,0.030621283570598463,-1.1344844558203047,-0.04232055913270233,,Blk 554,Woodlands Dr 16,1.43190354583508,103.79644777764182
97049,413.8888888888889,408.55,-0.012951750803837925,-0.012868237814676376,0.030621283570598463,-1.1311102751662496,-0.04219738334396213,,Changi Prison,Upp Changi Rd Nth,1.35817903735465,103.96973879358464
70119,1090.6190476190477,1173.6,0.07326570514021391,0.07601640202407944,0.030621283570598463,1.1308567782967065,0.04404636230314312,,Cencon Bldg,MacPherson Rd,1.33075033509776,103.8777335022986
43109,459.6521739130435,494.65,0.07322677770565722,0.07597451628126528,0.030621283570598463,1.1298354935292667,0.04400572104773545,,Cashew Stn,Upp Bt Timah Rd,1.37043731031208,103.76391083181434
59819,1318.2173913043478,1301.3999999999999,-0.012829959130612245,-0.012748006064201197,0.030621283570598463,-1.1279149970267346,-0.04208072385672678,,Blk 467C,Yishun St 42,1.42696,103.851955
52429,1085.2222222222222,1167.65,0.07314341136981994,0.07588481996726708,0.030621283570598463,1.12764832733459,0.0439186897439694,,Blk 17A,Lor 7 Toa Payoh,1.33630975081569,103.85712939407202
17221,867.3913043478261,856.35,-0.012796187911161994,-0.012714664797476844,0.030621283570598463,-1.1270289886782476,-0.042048373208379175,,Blk 377,Clementi Ave 5,1.31735631283972,103.76790022594946
17379,520.2222222222222,559.75,0.0730986924080792,0.07583670859091894,0.030621283570598463,1.126475098351955,0.04387200782781349,,Blk 304,Clementi Ave 6,1.32049089180327,103.76389432891798
46039,773.5652173913044,763.75,-0.012752879079774182,-0.012671905697446258,0.030621283570598463,-1.125892755317491,-0.04200688454449049,,Opp Kranji Lodge 1,Woodlands Rd,1.4330873187738,103.76200180616921
75361,790.8695652173913,780.9,-0.012669832738925635,-0.012589908307252979,0.030621283570598463,-1.1237139843847002,-0.04192732341810933,,Bef Tampines Ind Ave 5,Tampines Ave 10,1.370387,103.930339
12209,643.6111111111111,635.5,-0.01266278845391966,-0.012582952684650654,0.030621283570598463,-1.1235291733110695,-0.041920574457348266,,Opp Clementi Loop,Clementi Ave 6,1.32653202760922,103.76429968220569
71179,438.5238095238095,471.8,0.0729805763184137,0.07570964247020597,0.030621283570598463,1.1233762513681074,0.04374871702959442,,Aft SCDF HQ,Airport Rd,1.334175,103.891169
43831,494.8333333333333,488.6,-0.012651117553558855,-0.012571428571428619,0.030621283570598463,-1.1232229801879794,-0.04190939274258481,,Blk 334,Bt Batok West Ave 7,1.36512501870188,103.74788610102789
63069,946.6521739130435,934.75,-0.012639182989301112,-0.012559643971371078,0.030621283570598463,-1.1229098696832347,-0.04189795828043524,,Blk 25,Upp S'goon Rd,1.36637999879956,103.89194715850095
81099,1185.6666666666667,1275.45,0.07293453113203618,0.07566011235955067,0.030621283570598463,1.1221682280807572,0.04370065853182723,,Blk 102,Aljunied Rd,1.31982276662398,103.88194665985091
16891,822.2777777777778,884.35,0.0726893847582124,0.07539645050273333,0.030621283570598463,1.1157366648341551,0.04344483045897406,,Opp Blk 420A,Clementi Ave 1,1.30982186660782,103.76816139829276
55209,743.8888888888889,800.05,0.07268830226702327,0.0753952863961809,0.030621283570598463,1.1157082650237145,0.04344370093975009,,Opp Blk 646,Ang Mo Kio Ave 6,1.37863166702811,103.84468444401317
66439,991.7222222222222,1066.55,0.07267069343089272,0.07537635010353072,0.030621283570598463,1.115246286567716,0.0434253272723787,,Blk 504A CP,S'goon Nth Ave 4,1.37393762072692,103.87551294197841
96131,343.2608695652174,339.05,-0.012307046115278553,-0.012231624147512006,0.030621283570598463,-1.114196058100036,-0.04157968441098568,,Blk 130,Simei St 1,1.34639164071686,103.95526044455801
78209,706.3913043478261,697.75,-0.012290959814625246,-0.01221573448063958,0.030621283570598463,-1.113774024282273,-0.04156426684963145,,Blk 242,Pasir Ris St 21,1.3713650312338,103.96221418839181
43259,736.695652173913,792.25,0.07260708634951474,0.07530795072788311,0.030621283570598463,1.1135775163532795,0.0433589601434071,,Opp Hillbrooks,Hillview Ave,1.35757277797812,103.76266305599302
61021,488.1666666666667,525.0,0.07259794970356825,0.07529812606473618,0.030621283570598463,1.1133378109260685,0.04334942738554197,,Aft Woodleigh Pk,Upp S'goon Rd,1.33627668492978,103.87018878876424
43419,3722.391304347826,4002.65,0.07257155109832247,0.07526974006866166,0.030621283570598463,1.1126452275661272,0.04332188477941979,,Aft Bt Batok Stn/Blk 628,Bt Batok Ctrl,1.351623356,103.749933755
47509,438.05555555555554,471.04999999999995,0.07245895686971515,0.07514867771732277,0.030621283570598463,1.1096912499437175,0.04320441936970161,,Blk 583,Woodlands Dr 16,1.430331111,103.7948411
40389,2516.3478260869565,2486.0499999999997,-0.012108628180683034,-0.012035613741169666,0.030621283570598463,-1.1089904436921778,-0.04138949776389524,,Tengah CC,Plantation Cres,1.356473,103.734424
21249,462.6190476190476,457.05,-0.012084848482722954,-0.012012119967132797,0.030621283570598463,-1.1083665689473476,-0.04136670202465388,,Blk 213,Boon Lay Ave,1.34958421982025,103.71249318123603
58011,1164.5,1150.55,-0.012041318533794865,-0.011969111969112206,0.030621283570598463,-1.1072245344343117,-0.04132497185790283,,Opp Sembawang Shop Ctr,Sembawang Rd,1.44135611418225,103.82418746836298
53049,1358.611111111111,1460.6,0.07233301493695965,0.07501327994115929,0.030621283570598463,1.1063870872376493,0.043073044461845664,,Bef Jln Todak,Upp Thomson Rd,1.35362664583092,103.83422172361446
43649,765.7391304347826,823.25,0.07232725521083783,0.07500708817692096,0.030621283570598463,1.1062359773425374,0.043067036664086164,,HomeTeamNS,Bt Batok West Ave 7,1.36545844046425,103.7506020069351
43519,866.4444444444445,856.1,-0.0119968708792344,-0.011925195337517536,0.030621283570598463,-1.1060584233594881,-0.04128236005442588,,Opp Bt Batok Swim Cplx,Bt Batok East Ave 6,1.34527424103226,103.74835776931137
65409,852.8260869565217,842.65,-0.011989811155738828,-0.011918219777980944,0.030621283570598463,-1.1058732072477542,-0.041275591749086384,,Bef Blk 264,Punggol Ctrl,1.40624496856359,103.89957451783918
01329,1885.391304347826,1863.0,-0.011940924872485326,-0.01186991495148329,0.030621283570598463,-1.104590646067134,-0.04122872213047119,,Blk 8,Nth Bridge Rd,1.30495670239172,103.86363028484124
44879,917.7222222222222,986.5,0.07219268102124587,0.0748624297030907,0.030621283570598463,1.1027053421623367,0.04292667620759618,,Opp Blk 810 CP,Choa Chu Kang Ave 7,1.37431656227768,103.74701128990601
71081,1261.2857142857142,1246.45,-0.011822668822571991,-0.011753055681303267,0.030621283570598463,-1.1014881271416137,-0.04111533492215043,,Eunos Technolink,Eunos Link,1.33375855817569,103.9005998503616
59459,1193.1666666666667,1179.15,-0.011807043009328666,-0.011737613398464257,0.030621283570598463,-1.1010781744893003,-0.0411003514523879,,Opp Huamin Pr Sch,Yishun Ave 11,1.42637371131971,103.84259503772017
59069,2859.1666666666665,2825.6,-0.011805322240197036,-0.011735912825592295,0.030621283570598463,-1.10103302907136,-0.041098701406052665,,Opp Blk 757,Yishun Ave 2,1.4259095,103.835307
58291,603.9444444444445,596.85,-0.011796740084307089,-0.011727431352741121,0.030621283570598463,-1.100807871025832,-0.04109047193031179,,Blk 317,Sembawang Dr,1.44579319988216,103.8199449173096
98069,575.8571428571429,569.1,-0.01178286577993326,-0.011713719663199547,0.030621283570598463,-1.1004438702670567,-0.04107716763535868,,Aft Engine Test Facility,Loyang Ave,1.3757102208247,103.976778734029
67209,982.2173913043478,970.75,-0.011731676833708349,-0.011663129035111144,0.030621283570598463,-1.099100897332001,-0.0410280801297008,,Blk 203,Compassvale Rd,1.386926667,103.8962474
84421,1031.391304347826,1019.4,-0.01168305878641629,-0.01161507685828605,0.030621283570598463,-1.09782537348391,-0.040981455654162495,,Blk 510,Bedok Nth Ave 2,1.33232270053889,103.93032045625178
54289,2878.7391304347825,2845.45,-0.011627106511626017,-0.01155977292629189,0.030621283570598463,-1.0963574317457077,-0.04092779488383321,,Blk 452,Ang Mo Kio Ave 3,1.369149,103.855987
60181,337.8095238095238,333.90000000000003,-0.011606093000370521,-0.011539002108221747,0.030621283570598463,-1.0958061295805366,-0.040907641197507054,,Aft Moonstone Lane,S'goon Rd,1.32714561804071,103.86738538742665
28009,8261.91304347826,8166.65,-0.011595964264509817,-0.011528990197161578,0.030621283570598463,-1.0955403960749572,-0.0408979267551413,,Jurong East Int,Jurong Gateway Rd,1.33235,103.740664
96301,400.33333333333337,430.25,0.07189563114491282,0.07454318936877072,0.030621283570598463,1.0949120591647887,0.042616920976058584,,Expo Stn Exit B,Changi Sth Ave 1,1.33450022538919,103.9617438259165
28059,1529.1904761904761,1643.25,0.07189213130160343,0.07453942864255976,0.030621283570598463,1.094820238660792,0.04261327198658891,,Ng Teng Fong General Hosp,Boon Lay Way,1.33260638902834,103.74580722197156
76031,4159.111111111111,4111.5,-0.011510667226701798,-0.011444672952111797,0.030621283570598463,-1.0933025767474545,-0.04081611470022461,,Tampines East Stn Exit B,Tampines Ave 2,1.35507956918888,103.95529781026745
65141,1867.0555555555557,1845.6999999999998,-0.011497817556148426,-0.011431970260222921,0.030621283570598463,-1.0929654578760923,-0.04080378942411071,,Aft Soo Teck Stn,Punggol Way,1.40454805557377,103.89716388800268
71189,580.952380952381,574.3000000000001,-0.011496980845329574,-0.011431143114311225,0.030621283570598463,-1.0929435062621784,-0.04080298685392816,,Paya Lebar Air Base,Airport Rd,1.344908,103.8991505
94029,372.1111111111111,367.85,-0.011486202970955262,-0.011420488385943795,0.030621283570598463,-1.0926607422154535,-0.040792648693308654,,Aft Sennett Rd,Upp East Coast Rd,1.31453305602342,103.93750499997167
53211,488.2608695652174,482.7,-0.011430942991909276,-0.01136585799342344,0.030621283570598463,-1.0912109632744211,-0.04073964145059862,,Opp Raffles Instn,Bishan Rd,1.34707169454274,103.84712672325323
46539,1632.304347826087,1613.75,-0.011425024131633599,-0.011360006388755742,0.030621283570598463,-1.0910556783986263,-0.04073396370576549,,Blk 320,Woodlands Ave 3,1.43209962904173,103.77822365534921
67569,734.5,726.15,-0.011417756417773539,-0.011352821210061686,0.030621283570598463,-1.0908650055340021,-0.04072699200936392,,Bet Blks 430D/433A,Sengkang West Way,1.39504999232889,103.87700000087196
67111,455.8695652173913,489.85,0.07174064726225016,0.07437666539779275,0.030621283570598463,1.090845963354351,0.042455344678700296,,CHIJ St. Joseph's Convent,Sengkang East Way,1.39105369405739,103.90237246307768
84461,373.8888888888889,369.65,-0.011371464666965814,-0.011307053941909067,0.030621283570598463,-1.0896505134798393,-0.04068258455447995,,Opp Blk 701,Bedok Reservoir Rd,1.33807138901241,103.91939027798064
59139,1280.8260869565217,1266.35,-0.011357585411110094,-0.011293331524319728,0.030621283570598463,-1.0892863828159445,-0.04066926985022526,,Aft Chong Pang CC,Yishun Ring Rd,1.43140749331253,103.82955664267413
62251,655.2222222222222,703.95,0.07162739334372148,0.07425499492041988,0.030621283570598463,1.0878746783682376,0.042337289211272604,,Bef Blk 471B,Upp S'goon Cres,1.377463,103.900695
01339,294.55555555555554,316.5,0.0716209938932213,0.07424812030075223,0.030621283570598463,1.0877067849175068,0.04233061884672916,,Bef Crawford Bridge,Crawford St,1.30774601733202,103.8642627465441
78199,996.4782608695652,985.3,-0.011269786952116334,-0.011206520791562195,0.030621283570598463,-1.0869829371921538,-0.040585038392810774,,Opp White Sands Pr Sch,Pasir Ris St 11,1.36477,103.96189
59259,699.7826086956521,691.95,-0.011239876440495067,-0.01117694503040043,0.030621283570598463,-1.086198216846387,-0.04055634137128285,,Darul Makmur Mque,Yishun Ave 2,1.43716783426775,103.83379791523895
65021,875.5555555555555,865.8,-0.011191816096665974,-0.011129420712384071,0.030621283570598463,-1.0849373246856389,-0.04051022907108689,,Opp Blk 110,Punggol Rd,1.38403136207098,103.89961345545082
16231,413.95238095238096,409.4,-0.011031475097404986,-0.010970851503328312,0.030621283570598463,-1.0807306816842144,-0.04035637118790171,,Wholesale Ctr,West Coast Highway,1.28635947284714,103.77852933168337
03019,777.1111111111111,834.65,0.07134053481563551,0.07394687990861024,0.030621283570598463,1.0803487715500593,0.042038328752449,,OUE Bayfront,Collyer Quay,1.284245000013,103.85310805599599
76361,1591.7826086956522,1574.35,-0.011005085196758024,-0.010944750777966276,0.030621283570598463,-1.0800383266946827,-0.04033104595371713,,Blk 430,Tampines Ave 9,1.36002524992852,103.95032266084807
59251,1694.0,1675.45,-0.011004278391187228,-0.010943952802359472,0.030621283570598463,-1.0800171596630217,-0.04033027168714654,,Opp Darul Makmur Mque,Yishun Ave 2,1.43669132626001,103.83368337352286
75151,1425.304347826087,1409.7,-0.011000691769371684,-0.010940405426002253,0.030621283570598463,-1.07992306247248,-0.04032682970859072,,Opp Blk 871A,Tampines Ave 8,1.35451781224143,103.93145206236657
48119,354.6666666666667,350.8,-0.010931130330186,-0.010871602624180065,0.030621283570598463,-1.0780980760830465,-0.04026007113983323,,Bird Paradise,Mandai Lake Rd,1.410027,103.778718
54309,483.1428571428571,477.9,-0.010888215203173957,-0.010829153142519527,0.030621283570598463,-1.0769721717944831,-0.04021888289509461,,Opp Blk 5022,Ang Mo Kio Ave 3,1.36988835306854,103.86306604022437
52189,2331.173913043478,2306.05,-0.010831190358953968,-0.010772744220730822,0.030621283570598463,-1.0754760905491936,-0.04016414996585286,,Toa Payoh Stn,Lor 2 Toa Payoh,1.333207,103.846713
65059,709.8888888888889,762.3,0.07113499563118086,0.07372616442638336,0.030621283570598463,1.0749563268491422,0.04182417105384005,,St. Anne's Ch,Punggol Rd,1.39269,103.901269
07249,374.14285714285717,401.8,0.07113325503697965,0.07372429550647437,0.030621283570598463,1.0749106613085218,0.04182235766230741,,Aft Kempas Rd,Lavender St,1.315368056,103.8594669
63279,606.0,650.75,0.07113226175411302,0.07372322899505784,0.030621283570598463,1.0748846019323262,0.04182132283852341,,Opp Yuying Sec Sch,Hougang Ave 1,1.35623805601182,103.88983499998875
68011,1553.7777777777778,1537.1,-0.010784738761729251,-0.010726791967412134,0.030621283570598463,-1.074257404827694,-0.04011956302198587,,Bef Jln Kayu,Sengkang West Ave,1.3913169267408,103.8701030697383
66389,1328.4782608695652,1314.25,-0.010759818580492464,-0.010702138792595748,0.030621283570598463,-1.073603608814964,-0.04009564232947797,,S'goon Stn Exit F,S'goon Ave 2,1.35092163758707,103.8710690514159
43051,345.6666666666667,371.2,0.07106764074084193,0.07365384615384639,0.030621283570598463,1.073189230602007,0.0417540014642053,,Opp The Rail Mall,Upp Bt Timah Rd,1.35910148170791,103.76705036241354
43431,506.60869565217394,501.2,-0.01071241988446392,-0.010655246252676843,0.030621283570598463,-1.072360075384063,-0.04005014303631721,,Opp Blk 242,Bt Batok East Ave 2,1.35138376789986,103.75644264494997
66031,1013.6956521739131,1002.95,-0.010646498222142142,-0.01059002485217254,0.030621283570598463,-1.0706305807399839,-0.03998685946014426,,Cardiff Residence,Lor Chuan,1.35465640659199,103.86572364607075
84349,596.1739130434783,589.85,-0.01064620451519982,-0.010589734255551361,0.030621283570598463,-1.07062287516088,-0.03998657749757876,,Fengshan Pr Sch,Bedok Nth Rd,1.33091748609947,103.93233223449336
59711,887.8333333333334,953.2,0.07096355170945934,0.07354209638102373,0.030621283570598463,1.0704583919680408,0.04164557194251379,,Blk 672C,Yishun Ring Rd,1.418198,103.8427135
09212,2584.8333333333335,2774.95,0.0709452022826822,0.0735223976796645,0.030621283570598463,1.0699769836689283,0.041626458518724416,,Royal Plaza On Scotts,Scotts Rd,1.30702238421536,103.83265522662566
44381,505.27777777777777,499.95,-0.010579190894690171,-0.01052342806979044,0.030621283570598463,-1.068864732333928,-0.03992224136672456,,Blk 202,Petir Rd,1.37242134216992,103.77441361028244
42161,1509.7391304347825,1494.0,-0.010472814577020095,-0.010418165597029837,0.030621283570598463,-1.06607388536212,-0.03982010639780958,,Blk 18,Jln Jurong Kechil,1.34027669212035,103.77264625507586
52181,879.2608695652174,870.1,-0.010461525404700467,-0.010406993974117817,0.030621283570598463,-1.0657777071048489,-0.039809266700347366,,Opp Toa Payoh Stn,Lor 2 Toa Payoh,1.332993,103.846519
41101,363.77777777777777,390.5,0.07069717526548391,0.07325616813889672,0.030621283570598463,1.0634698450027715,0.04136813905161093,,St. Margaret's Sec Sch,Farrer Rd,1.31908138967253,103.80921733406133
52319,995.8333333333334,985.55,-0.010369579401031892,-0.010316000668784077,0.030621283570598463,-1.0633654481403667,-0.03972097694077779,,Blk 25,Toa Payoh East,1.33412138901702,103.85712611102798
94051,940.0,1008.9,0.07066345544713215,0.07321997874601548,0.030621283570598463,1.0625851851931625,0.04133302489914954,,Opp Temasek Sec Sch,Upp East Coast Rd,1.31710244970995,103.94737959133388
82109,931.4347826086956,921.85,-0.010332503097640888,-0.010279306164319567,0.030621283570598463,-1.0623927289176018,-0.0396853726843458,,City Plaza,Geylang Rd,1.3151892235607,103.89331774481381
47089,587.2380952380953,581.2,-0.010317758501868113,-0.010264713025176304,0.030621283570598463,-1.0620058955381029,-0.039671213128963136,,Aft Senoko Dr,Senoko Rd,1.46227877192855,103.80387918503345
47601,701.1739130434783,694.0,-0.010269267156861162,-0.010216718266254251,0.030621283570598463,-1.0607336958010218,-0.039624644365357,,Blk 793,Woodlands Ave 7,1.44211880036977,103.80304911976373
67181,471.6086956521739,466.8,-0.010226910036026382,-0.01017479300827927,0.030621283570598463,-1.0596224311416935,-0.039583964768842426,,Blk 240,Compassvale Rd,1.39101786005668,103.89778017996501
59319,424.7391304347826,420.45,-0.010125642379466449,-0.010074550653594761,0.030621283570598463,-1.0569656129810112,-0.03948670076286614,,Blk 729,Yishun Ring Rd,1.42617166698404,103.83201083297399
10291,1738.7777777777778,1865.75,0.07044155978417077,0.07298186230680782,0.030621283570598463,1.0567636183952431,0.041101983251743725,,Opp Dawson Pl,Alexandra Rd,1.29215855273858,103.81065866068086
76091,1605.2173913043478,1589.1499999999999,-0.010053616916763097,-0.010003248247300185,0.030621283570598463,-1.0550759814457091,-0.03941751685658433,,Blk 206,Tampines Ave 2,1.35071636446812,103.95275166965992
43541,1005.6086956521739,995.55,-0.010042918933368838,-0.009992657221838357,0.030621283570598463,-1.05479531338712,-0.03940724050616284,,Blk 510,Bt Batok East Ave 5,1.352905,103.7550445
46101,22620.38095238095,22394.65,-0.010028775311690552,-0.009978654833501369,0.030621283570598463,-1.0544242469261276,-0.039393654149505734,,W'lands Checkpt,Woodlands Crossing,1.44460832436456,103.76774882217022
66571,552.3478260869565,546.85,-0.009985257211495124,-0.009935570047929594,0.030621283570598463,-1.0532825232717526,-0.039351849476675284,,Buangkok Sq,Buangkok Cres,1.384484444,103.8813056
70121,661.4285714285714,709.65,0.07026730884887389,0.07279491050248069,0.030621283570598463,1.0521920398168585,0.040920586062196625,,Aft Jln Muhibbah,MacPherson Rd,1.3319080537309,103.88114282141879
22009,61598.95652173913,66078.8,0.0702019378504577,0.0727247831202588,0.030621283570598463,1.0504769921730803,0.04085254226828337,,Boon Lay Int,Jurong West Ctrl 3,1.33932334709184,103.70545701843297
96061,479.0,513.85,0.0700894922008235,0.07260416666666697,0.030621283570598463,1.047526912609809,0.0407355095080303,,Opp Mera Terr P/G,Upp Changi Rd East,1.34695398893694,103.96294329979929
43319,355.7391304347826,352.3,-0.009687233229942471,-0.009640463132236862,0.030621283570598463,-1.045463684035167,-0.03906551062418202,,Opp Midview Bldg,Bt Batok St 23,1.33972179277053,103.7574111060431
60229,1954.0,1935.25,-0.009637080688388089,-0.009590792838875007,0.030621283570598463,-1.0441479018028883,-0.03901731610874395,,Blk 68,Geylang Bahru,1.32258108743147,103.87024013608315
45071,734.4285714285714,727.4,-0.009603071807251062,-0.009557109557109532,0.030621283570598463,-1.043255658256442,-0.03898463360712824,,Bef Mandai Rd,Woodlands Rd,1.40955433592964,103.75568311864467
14389,604.2777777777777,648.1,0.0698992985568676,0.07240018357044545,0.030621283570598463,1.0425370674363967,0.04053758705147592,,Aft Radin Mas Pr Sch,Bt Purmei Ave,1.27428160509375,103.82500895193466
71101,654.4444444444445,701.85,0.06982995111091839,0.0723258179352426,0.030621283570598463,1.040717695288827,0.040465430929350045,,Blk 318,Ubi Ave 1,1.3283069439771,103.90283722202501
77281,1958.4347826086955,1939.95,-0.009478511496442188,-0.009433731999023554,0.030621283570598463,-1.0399877432369868,-0.038864921778881754,,Blk 740,Pasir Ris Dr 1,1.37837166677052,103.93618729229594
58419,1276.3333333333333,1264.3,-0.009465323227423106,-0.009420668058454738,0.030621283570598463,-1.0396417410302792,-0.03885224598732081,,Blk 482A CP,Admiralty Link,1.4546446175566,103.81583789207467
76449,801.2222222222222,793.7,-0.00942096960451888,-0.00937673130193912,0.030621283570598463,-1.0384780969327756,-0.03880961465686409,,Blk 343,Tampines St 33,1.35207508249597,103.96113006140774
75259,1926.304347826087,1908.4,-0.009333259054103316,-0.009289839379173666,0.030621283570598463,-1.0361769576436524,-0.03872530442171698,,Tropica Condo,Tampines Ave 1,1.34913805600656,103.92798027801848
30101,469.6666666666667,503.59999999999997,0.06961590682187957,0.07209631728045314,0.030621283570598463,1.0351021140299472,0.040242749078656694,,Blk 485B,Brickland Rd,1.373713,103.738897
58331,1168.2222222222222,1157.45,-0.009255855721209905,-0.009213152142924697,0.030621283570598463,-1.0341462344343437,-0.03865089567674784,,Blk 589D,Canberra Link,1.44974129560526,103.82397609690102
84419,523.2777777777778,518.45,-0.009251094608627497,-0.00920843488396719,0.030621283570598463,-1.0340213237688491,-0.038646318574535134,,Blk 512,Bedok Nth St 3,1.33361648978155,103.9292288767243
21559,518.6190476190476,556.05,0.06955906014550539,0.07203537390029348,0.030621283570598463,1.0336107071257503,0.040183616416512816,,CISCO Recall,Yung Ho Rd,1.326626598883,103.72063909698713
71159,312.27777777777777,309.40000000000003,-0.009228477601953777,-0.00918602589111548,0.030621283570598463,-1.033427952932471,-0.03862457538602453,,Blk 3026,Ubi Ave 2,1.32787641919412,103.89457489895001
23231,311.6666666666667,308.8,-0.009210732355347417,-0.009168443496802391,0.030621283570598463,-1.032962395665214,-0.038607515390667,,Keppel Logistics,Pioneer Rd,1.3093,103.6750325
20151,284.8695652173913,305.45,0.0695189688149247,0.07199239543726187,0.030621283570598463,1.0325588868428384,0.04014191490722252,,Opp Blk 411,West Coast Rd,1.31829668687275,103.74631047251557
92119,1449.5,1553.8999999999999,0.0695029103023117,0.07197518097207845,0.030621283570598463,1.0321375820611038,0.04012521190927568,,Roxy Sq,East Coast Rd,1.30444500073,103.90277451423108
67479,1067.9565217391305,1058.25,-0.0091218487914686,-0.009080370942813535,0.030621283570598463,-1.0306304816590908,-0.038522059602597365,,Layar Stn Exit A/Blk 417A,Sengkang West Ave,1.39198203746983,103.88019668070044
14501,431.94444444444446,463.05,0.06938288909400558,0.07184652893622484,0.030621283570598463,1.0289887531385544,0.04000038231580185,,Opp Blk 91A,Telok Blangah St 31,1.27687216148362,103.80648081848618
44119,322.6111111111111,345.84999999999997,0.06934988929357377,0.07181115879828337,0.030621283570598463,1.028122983434145,0.03996606307700355,,Blk 204,Choa Chu Kang Ave 1,1.38048445565999,103.74930565785152
59331,634.9130434782609,629.2,-0.009024600578572795,-0.008984001093942508,0.030621283570598463,-1.0280791160316798,-0.03842855304455584,,Blk 773,Yishun Ave 3,1.422973728077,103.83276716795122
43841,776.5555555555555,769.6,-0.008985663399356802,-0.008945412975135814,0.030621283570598463,-1.0270575756072151,-0.038391111435866175,,Blk 324,Bt Batok St 33,1.3619538889938,103.74752277796905
64019,1621.304347826087,1606.8,-0.008980790557172824,-0.008940583710771421,0.030621283570598463,-1.0269297336481107,-0.03838642565609297,,Blk 302,Upp S'goon Rd,1.368308353364,103.89393838248249
76439,887.8888888888889,880.0,-0.008914617389573998,-0.008874999999999909,0.030621283570598463,-1.0251936406111166,-0.03832279053442703,,Blk 351,Tampines St 33,1.35288166702581,103.96260527798987
50161,720.2222222222222,771.9,0.0692023704155762,0.07165305808041914,0.030621283570598463,1.024252736531814,0.039812659765443265,,Bef Jln Dusun,Balestier Rd,1.32665700619185,103.84366009715464
76429,517.5,554.65,0.06919857196207335,0.07164898746383785,0.030621283570598463,1.0241530818089568,0.039808710092904806,,Blk 331,Tampines St 32,1.35369222069272,103.9595890045465
81051,646.3333333333334,692.7,0.06917823020809521,0.07162718846549965,0.030621283570598463,1.0236194036018655,0.039787558775067955,,Sims Ville,Sims Ave,1.31662343087312,103.89033436777706
65799,450.47826086956525,446.5,-0.008850685299811367,-0.008811633281972153,0.030621283570598463,-1.0235163436053227,-0.03826130653536948,,Blk 654D,Punggol East,1.398633889,103.9191989
25691,1758.2173913043478,1742.75,-0.008831079538533793,-0.008792200088972522,0.030621283570598463,-1.0230019746114534,-0.03824245073129341,,Aft Tuas West Rd Stn,Tuas Ave 20,1.328519,103.639669
44029,4422.944444444444,4739.7,0.06915309775289913,0.07160025618163723,0.030621283570598463,1.022960038453547,0.0397614266892167,,Bt Panjang Stn Exit A/LRT,Upp Bt Timah Rd,1.37863409952448,103.7621954983533
62131,3655.0,3622.95,-0.008805062415842002,-0.00876641137855661,0.030621283570598463,-1.022319399676826,-0.03821742824162915,,S'Goon Stn Exit B,Upp S'goon Rd,1.3489790064228,103.87277432797597
60269,4945.444444444444,4902.1,-0.008801366294974855,-0.008762747652634706,0.030621283570598463,-1.0222224297125009,-0.03821387337042641,,Potong Pasir Stn Exit B,Upp S'goon Rd,1.33099030126892,103.86922890950602
14159,922.3888888888889,914.3000000000001,-0.008798596784211021,-0.008760002406593324,0.030621283570598463,-1.0221497699241389,-0.03821120968970765,,Hotel Faber Pk,Telok Blangah Rd,1.26994046445496,103.81315419081787
59109,500.6521739130435,536.55,0.06911478004355232,0.0715591957011617,0.030621283570598463,1.021954750195414,0.039721586176382266,,Opp Yishun Pr Sch,Yishun Ring Rd,1.4343984933093,103.83322945585378
44181,397.44444444444446,425.95,0.06909883352475621,0.07154210819854977,0.030621283570598463,1.0215363836391378,0.03970500636876105,,Blk 802B,Keat Hong Cl,1.374452,103.74287
50231,401.5652173913043,398.05,-0.008770392196879584,-0.008732044497245992,0.030621283570598463,-1.0214098055329184,-0.03818408245122246,,NorthLight Sch,Balestier Rd,1.31872472201456,103.85492583301323
09059,1175.2222222222222,1259.35,0.06908166406848437,0.07152371056111878,0.030621283570598463,1.0210859325792274,0.03968715535236515,,Somerset Youth Pk,Grange Rd,1.30044251755834,103.83623804216019
44111,716.4782608695652,710.25,-0.008718663294597917,-0.008680765967761258,0.030621283570598463,-1.0200526665244458,-0.03813432748273677,,Opp Blk 203,Choa Chu Kang Ave 1,1.38094121398036,103.74975224203959
17059,1270.111111111111,1360.9,0.0689893749773427,0.07142482517482575,0.030621283570598463,1.0186646725075783,0.039591207997241216,,Regent Pk,Clementi Ave 6,1.31694333299923,103.76170111103328
17049,1790.8333333333333,1918.75,0.06895566495347971,0.07138870802716009,0.030621283570598463,1.0177802696623006,0.03955616394348314,,Blk 601,West Coast Rd,1.304845,103.764494
44291,2903.7391304347825,2878.9,-0.008588014754225881,-0.008551243095989385,0.030621283570598463,-1.0166250231235974,-0.03800865292716857,,Opp CCK Polyclinic,Teck Whye Ave,1.38151999999791,103.75140111097832
45021,308.4782608695652,305.85,-0.008528821305882062,-0.008492554088226805,0.030621283570598463,-1.0150720472387433,-0.03795170765668157,,Heavy Veh Pk,Woodlands Rd,1.39385694401888,103.75383583300305
11381,1266.611111111111,1356.9,0.06880527445534401,0.07122759346101651,0.030621283570598463,1.0138346840704735,0.03939983632953615,,Blk 10A,Holland Dr,1.30841137865065,103.79328294102335
43361,854.5217391304348,847.3,-0.00847715721900677,-0.008441327438126065,0.030621283570598463,-1.0137166087016216,-0.0379020030261666,,Blk 154A,Bt Batok West Ave 8,1.3469143511774,103.74343203545553
78159,647.1666666666666,693.25,0.06868426125921623,0.07109796862946728,0.030621283570598463,1.0106598297480156,0.03927406284356647,,Opp Blk 230,Pasir Ris Dr 4,1.37246473904375,103.96053778303401
76261,746.9565217391305,740.75,-0.008332591096959163,-0.008297971284079162,0.030621283570598463,-1.0099238291358363,-0.03776290619561189,,Blk 489B,Tampines St 45,1.36164005637877,103.95740032197719
71071,1162.142857142857,1152.5,-0.008324902393802347,-0.008290346352247473,0.030621283570598463,-1.0097221113626298,-0.0377555078117892,,Opp Comfort Driving Ctr,Eunos Link,1.33638181561906,103.89785574766542
43351,1048.0434782608695,1039.35,-0.008321580897941772,-0.008287052387267548,0.030621283570598463,-1.0096349699117186,-0.037752311715383624,,Blk 168,Bt Batok West Ave 8,1.34701122644751,103.7411014207074
46219,16878.565217391304,16739.15,-0.008293705977878929,-0.008259408082837958,0.030621283570598463,-1.0089036545404904,-0.03772548876414996,,Johor Bahru Checkpt,Johor Bahru,1.4654268105665,103.76826657164715
40199,461.7826086956522,494.65,0.06861261631047633,0.071021232619316,0.030621283570598463,1.0087801812264696,0.03919960677383983,,Aft Balmoral Rd,Stevens Rd,1.31258333303153,103.83191222199584
01521,369.69565217391306,366.65,-0.00824998275377542,-0.008216045038705877,0.030621283570598463,-1.007756549336441,-0.03768341410023283,,Opp Plaza Parkroyal,Beach Rd,1.30088304437602,103.86066098182194
01211,1909.5652173913043,1893.9,-0.008233056923601545,-0.008199258129849245,0.030621283570598463,-1.0073124899544217,-0.03766712595528158,,Opp Blk 461,Victoria St,1.30551803523268,103.8605449516032
70299,693.2222222222222,687.55,-0.008204177010167513,-0.008170614596670836,0.030621283570598463,-1.0065548079748345,-0.03763933346386401,,Opp Asiawide Ind Bldg,Upp Paya Lebar Rd,1.3374750000156,103.88758305557131
93049,430.55555555555554,427.05,-0.008156240886501465,-0.00812306900102985,0.030621283570598463,-1.0052971748051238,-0.03759320051823313,,Lagoon View,Marine Parade Rd,1.31073016722066,103.9329857782451
64411,2249.478260869565,2231.25,-0.008132708599855043,-0.008099727594134349,0.030621283570598463,-1.0046797910456053,-0.03757055261907988,,Blk 670,Hougang Ave 4,1.37353273194871,103.88503406200056
59639,1557.388888888889,1667.75,0.0684223191054647,0.07081743966347039,0.030621283570598463,1.0037876190661836,0.039001868808309394,,Bet Blks 445/449,Yishun Ring Rd,1.42318166665872,103.84412388893058
54271,682.1739130434783,676.75,-0.007970969882206802,-0.007939285941576666,0.030621283570598463,-1.0004364780577217,-0.037414877925460284,,Blk 586,Ang Mo Kio Ave 3,1.36996326781056,103.85356664655984
05039,4976.347826086956,4936.85,-0.007967170339759022,-0.007935516557621864,0.030621283570598463,-1.0003367947657364,-0.03741122053548116,,New Bridge Ctr,New Bridge Rd,1.28293819129834,103.84254276754574
44669,737.0,731.15,-0.007958413599205905,-0.007926829268292282,0.030621283570598463,-1.0001070563860777,-0.03740279135837405,,Opp Blk 532,Jelapang Rd,1.38428576640159,103.76489752763662
46771,7387.391304347826,7329.0,-0.007934509890722197,-0.007903114756993351,0.030621283570598463,-0.999479928150227,-0.03737978144030135,,Opp Admiralty Stn,Woodlands Ave 7,1.44088808355944,103.80018670656507
22391,849.5217391304348,842.8,-0.007934472231049483,-0.00790307739494865,0.030621283570598463,-0.9994789401259576,-0.037379745188338295,,Bef Jln Buroh,Tg Kling Rd,1.31342749923518,103.6957230721563
59079,7891.222222222223,7828.85,-0.00793439294240983,-0.007902998732930131,0.030621283570598463,-0.9994768599405862,-0.037379668863484754,,Yishun Stn,Yishun Ave 2,1.42926606883551,103.83516195358482
64391,530.4761904761905,568.0,0.06822203419403916,0.07060299256339055,0.030621283570598463,0.9985330233930719,0.0387937932489372,,Blk 831,Hougang Ave 10,1.37145414929063,103.88976573946181
10099,1502.7142857142858,1490.95,-0.00785424872058993,-0.007823484704541321,0.030621283570598463,-0.9973742278541131,-0.03730251731455368,,Opp Bt Merah Town Ctr,Jln Bt Merah,1.28420923932422,103.81765723225827
28339,1702.1739130434783,1688.85,-0.007853750442873064,-0.007822990324969385,0.030621283570598463,-0.9973611552371277,-0.037302037623730466,,Blk 252,Jurong East Ave 1,1.34270510558579,103.73737517747826
08138,2072.277777777778,2218.55,0.06817365019456734,0.07055119376189052,0.030621283570598463,0.9972636399309682,0.03874353346648776,,Concorde Hotel S'pore,Orchard Rd,1.3004785730821,103.84184700607595
67591,1387.8333333333333,1485.8,0.06816209326894551,0.07053882155286234,0.030621283570598463,0.9969604370040244,0.03873152885409968,,Blk 286B,Sengkang East Rd,1.39790048032037,103.8953647897483
77039,4127.944444444444,4419.05,0.06812921639561331,0.07050362616218932,0.030621283570598463,0.9960978923663518,0.03869737917056987,,Pasir Ris Int/Mall,Pasir Ris Ctrl,1.37241,103.948657
67079,369.52173913043475,366.65,-0.007780719488476251,-0.007750528045059718,0.030621283570598463,-0.9954451440196806,-0.037231728305395194,,Ch of St. Vincent de Paul,Yio Chu Kang Rd,1.38256500000442,103.87673500001087
65351,436.94444444444446,467.8,0.06808417509905862,0.07045541037675937,0.030621283570598463,0.9949162067351024,0.03865059594748048,,Punggol View Pr Sch,Punggol Pl,1.40589404110743,103.90472620505594
52051,1850.2173913043478,1835.95,-0.007736884452524073,-0.007707031800460285,0.030621283570598463,-0.9942951053642193,-0.03718952439859372,,Blk 147,Braddell Rd,1.34338820709349,103.85469257245785
60221,1252.4782608695652,1242.85,-0.007710887452513582,-0.007681234824835056,0.030621283570598463,-0.9936130583602951,-0.037164493889291744,,Blk 73/Geylang Bahru Stn,Geylang Bahru,1.32212380559601,103.87081431318353
84149,421.69565217391306,418.45,-0.007708092383947651,-0.007678461221970929,0.030621283570598463,-0.9935397280475519,-0.03716180269427342,,Lion Hme For Elders,Bedok Sth Rd,1.32047933475714,103.93839375752798
67411,857.5238095238095,917.95,0.06801730009270646,0.0703838260580183,0.030621283570598463,0.9931617005343293,0.038581138504788164,,Opp Sengkang General Hosp,Sengkang East Rd,1.39495624396821,103.89436833778728
63201,579.5,620.35,0.0680047291140573,0.07037037037037026,0.030621283570598463,0.9928318933134734,0.038568082605533495,,Affinity At Serangoon,Yio Chu Kang Rd,1.36617789459924,103.87492029493984
67401,3799.5714285714284,4066.9,0.06797546441307922,0.07033904675988586,0.030621283570598463,0.992064116200161,0.038537689665872975,,Opp Sengkang Stn/Blk 260A,Sengkang East Way,1.39290842289238,103.89531738456282
07589,646.4347826086956,641.5,-0.007651249891679868,-0.007622053589415763,0.030621283570598463,-0.9920484309159143,-0.037107071015960176,,Ch of Our Lady of Lourdes,Ophir Rd,1.30320609782822,103.85549999983388
54499,375.6190476190476,372.75,-0.0076470680910976085,-0.007617903654064549,0.030621283570598463,-0.9919387188507919,-0.03710304438132982,,Bef CTE,Ang Mo Kio Ave 5,1.37700806651463,103.86055355422364
43811,521.2222222222222,557.95,0.06796681335440447,0.07032978723404287,0.030621283570598463,0.9918371504484393,0.03852870525424612,,Bef Summerhill,Hume Ave,1.358391,103.7649
54529,411.3809523809524,408.25,-0.007621347581813431,-0.00759237875288671,0.030621283570598463,-0.9912639257481417,-0.03707827786274075,,Opp Blk 5043,Ang Mo Kio Ind Pk 2,1.3733597291276,103.86303621815655
52211,426.6111111111111,456.6,0.0677812764274357,0.07013121995582726,0.030621283570598463,0.986969477058999,0.03833603770372972,,Lighthouse Sch,Toa Payoh Rise,1.338573,103.84164
67561,845.7777777777778,905.15,0.0677665589229619,0.07011547041070729,0.030621283570598463,0.9865833544360986,0.03832075610090332,,Opp Blk 432A,Sengkang West Way,1.39545828505824,103.87697696683591
50209,846.8333333333334,906.25,0.06773397049846963,0.07008059760172984,0.030621283570598463,0.9857283774280362,0.0382869194146895,,Aft Pegu Rd,Balestier Rd,1.32392782849174,103.85158181192296
84709,490.0,524.4,0.06771574945691938,0.0700610997963345,0.030621283570598463,0.9852503373929279,0.03826800091794766,,Opp Blk 150,Kaki Bt Ave 1,1.33644333039135,103.91242511468805
52191,657.6111111111111,703.75,0.06770988939088074,0.07005482918599744,0.030621283570598463,0.9850965950194679,0.038261916616723686,,Blk 138B,Lor 2 Toa Payoh,1.33636138602833,103.84608389640735
59329,299.6521739130435,320.7,0.06766540607527194,0.07000723065799005,0.030621283570598463,0.9839295483554931,0.03821573231142536,,Naval Base Sec Sch,Yishun Ring Rd,1.41968029160119,103.83179596945222
80249,1138.2608695652175,1129.95,-0.007321704607780255,-0.007294966225241173,0.030621283570598463,-0.9834026112655556,-0.036789701901437925,,Blk 49 Mkt/FC,Sims Pl,1.31693643112186,103.87985994146072
46549,1324.952380952381,1417.7,0.06760998001759422,0.06994792601903439,0.030621283570598463,0.9824754122412043,0.038158189701059095,,Blk 347,Woodlands Ave 3,1.43319818915334,103.7812567265195
84381,363.04761904761904,360.45,-0.007160961193433124,-0.007135382603008095,0.030621283570598463,-0.9791854106611872,-0.03663485974479218,,Blk 544,Bedok Nth St 3,1.33078667404046,103.92426011381585
54279,705.1304347826087,700.1,-0.007149442032530651,-0.00712394556985354,0.030621283570598463,-0.9788831985144749,-0.03662376252281853,,Blk 427,Ang Mo Kio Ave 3,1.36968919033429,103.85404760550173
25719,364.0,389.45,0.06740256652619259,0.06972602739726029,0.030621283570598463,0.9770337939649858,0.03794288401572984,,The Index,Tuas Sth Ave 5,1.289014,103.624893
60219,1686.7619047619048,1804.4,0.06737883933821198,0.06970064610783498,0.030621283570598463,0.9764112968511963,0.03791825684197561,,Bef Siemens Ctr,MacPherson Rd,1.32829192682419,103.8704918465033
09023,1912.7777777777778,2046.15,0.06736939923636864,0.06969054807245717,0.030621283570598463,0.9761636300751687,0.03790845883417313,,Opp Orchard Stn/ION,Orchard Turn,1.30323727330942,103.83254180023424
28109,288.61904761904765,308.8,0.06736049746888106,0.06968102597829637,0.030621283570598463,0.9759300868262522,0.03789921965552177,,SMRT Ulu Pandan Depot,Toh Tuck Ave,1.33327344230787,103.7593317971408
92241,1477.2608695652173,1580.25,0.06734936480668186,0.06966911764705909,0.030621283570598463,0.9756380147065612,0.03788766513842891,,Amber Gdns,Amber Rd,1.301778,103.901024
46981,2025.0555555555557,2166.2,0.06734518503734765,0.0696646466862272,0.030621283570598463,0.9755283559324589,0.03788332701646,,W'lands Sth Stn Exit 2,Woodlands Ave 1,1.42742,103.793617
54049,324.94444444444446,347.65000000000003,0.0673416026373248,0.06966081472643627,0.030621283570598463,0.9754343695031995,0.037879608909865456,,Courts Ang Mo Kio,Ang Mo Kio Ave 6,1.373029,103.845336
41071,1882.304347826087,2013.45,0.06731833944965437,0.06963593129559467,0.030621283570598463,0.9748240457179189,0.037855464802579605,,Opp Natl JC,Bt Timah Rd,1.328988333013,103.80266277802423
04019,583.0434782608695,623.7,0.06729610536566089,0.06961214918484349,0.030621283570598463,0.9742407210894373,0.03783238929353444,,Opp Bencoolen Stn Exit B,Bencoolen St,1.29807216909408,103.84975607305783
52021,487.55555555555554,521.55,0.06726748119592152,0.06958153286331542,0.030621283570598463,0.9734897487002125,0.03780268262822864,,Opp Blk 1004,Braddell Rd,1.34431313758435,103.84766088139544
28089,354.95238095238096,352.5,-0.006913475198836672,-0.006889632107023351,0.030621283570598463,-0.9726924660499017,-0.03639641085973389,,Bef Yuhua CC,Boon Lay Way,1.34016358625469,103.73634638831608
15159,954.8095238095239,948.25,-0.006886451210923461,-0.006862793941809434,0.030621283570598463,-0.9719834753977937,-0.036370370096126786,,Mapletree Business City,Pasir Panjang Rd,1.27426303773784,103.79839350407595
60021,454.8695652173913,451.75,-0.006866630643347804,-0.006843109203624161,0.030621283570598463,-0.9714634708308976,-0.036351270220644806,,Chubb S'pore,Kallang Bahru,1.31828596087227,103.86669874193286
59091,3495.391304347826,3471.5,-0.006856585044603847,-0.006833132297897512,0.030621283570598463,-0.9711999184778116,-0.03634158974355231,,Blk 154,Yishun Ave 2,1.43165245434506,103.83510814544051
66609,1542.0555555555554,1649.25,0.06716221395721433,0.06946894689468969,0.030621283570598463,0.9707279990851556,0.03769344175534885,,Opp Blk 991A,Buangkok Cres,1.385071,103.882087
58271,759.3333333333334,812.15,0.067158660758178,0.06946514686540933,0.030621283570598463,0.9706347787614221,0.037689754630562136,,Blk 335,Sembawang Cres,1.44702783502401,103.81470654183288
71211,511.7391304347826,508.25,-0.006828143053905222,-0.006804884253370741,0.030621283570598463,-0.9704537256658022,-0.03631418099023324,,Ubi 55,Ubi Ave 1,1.32546235545492,103.89525403753592
54219,853.8260869565217,848.0500000000001,-0.006779963786030407,-0.006757031687095678,0.030621283570598463,-0.9691897134608548,-0.03626775019452012,,Opp Mayflower Sec Sch,Ang Mo Kio Ave 3,1.36880777071199,103.83679395921905
84449,426.5652173913044,423.7,-0.006723794723509258,-0.006701240593857785,0.030621283570598463,-0.9677160841655391,-0.0362136167372286,,Blk 509,Bedok Nth St 3,1.33322170084132,103.93155200621871
74941,589.2857142857143,630.2,0.06701608834744821,0.06931268151016412,0.030621283570598463,0.9668943054167569,0.03754181924665761,,Opp Blk 961A,Bedok Reservoir Rd,1.3402645,103.9361875
50081,671.5217391304348,667.05,-0.0066714157631349025,-0.006649211274890031,0.030621283570598463,-0.9663418904902084,-0.036163133286326546,,Pek Kio Mkt,Owen Rd,1.31634,103.850484
76329,330.5,328.3,-0.006658620243598534,-0.006636500754147748,0.030621283570598463,-0.9660061923034978,-0.036150800413966046,,Blk 125,Tampines St 11,1.34644501660314,103.94989623103628
65089,390.27777777777777,387.7,-0.0066098989910683414,-0.0065881016612240745,0.030621283570598463,-0.9647279608036232,-0.03610383932971986,,Opp Blk 296,Punggol Rd,1.4013394838038,103.90580511592151
65189,337.0,334.8,-0.006530150839578752,-0.006508875739645384,0.030621283570598463,-0.9626357198615907,-0.03602696732751919,,Bef Punggol Ctrl,Punggol East,1.397182,103.918161
84211,1898.7391304347825,1886.4,-0.006516356369655085,-0.006495170961687487,0.030621283570598463,-0.9622738136078552,-0.03601366973879639,,Blk 403,Bedok Nth Ave 3,1.33012,103.93447
75359,2139.1666666666665,2287.1,0.06683807123508334,0.06912234249668998,0.030621283570598463,0.9622239189072866,0.03735713548696004,,IKEA Tampines/Aft TPE,Tampines Ave 10,1.374303,103.931336
66351,11161.222222222223,11932.6,0.06682288987190432,0.06910611188532743,0.030621283570598463,0.9618256266709687,0.03734138711108108,,S'goon Stn Exit E,S'goon Ctrl,1.35049831450162,103.87324486521683
52439,611.8888888888889,607.9499999999999,-0.006447499043853,-0.0064267585206666126,0.030621283570598463,-0.9604673000584998,-0.035947289932643095,,Opp Blk 5,Lor 7 Toa Payoh,1.33825111098581,103.85541166702772
47009,7190.571428571428,7144.55,-0.006419920046916161,-0.006399356389423418,0.030621283570598463,-0.9597437484092936,-0.035920701959272064,,Woodlands Temp Int,Woodlands Sq,1.437553,103.786282
84631,333.0869565217391,330.95,-0.006416952794128683,-0.006396408120769898,0.030621283570598463,-0.9596659007394559,-0.035917841288043435,,Opp Waterfront Waves,Bedok Reservoir Rd,1.33879275233871,103.92948245969215
68039,581.5,621.7,0.06673567643855094,0.06901287553648099,0.030621283570598463,0.9595375295483541,0.03725092095214106,,Aft Abundant Grace Ch,Jln Kayu,1.39652972197871,103.87311388899468
53159,449.72222222222223,446.85,-0.006392879577695965,-0.0063724885985455,0.030621283570598463,-0.959034325360138,-0.03589463245022328,,Blk 260,Marymount Rd,1.357180105,103.8415963
42019,1051.2173913043478,1123.8,0.06670550338046688,0.06898062063551177,0.030621283570598463,0.9587459211374929,0.037219624392014275,,Opp Sixth Ave Stn,Dunearn Rd,1.33170368135595,103.79657033601987
46831,1167.7777777777778,1160.35,-0.006375446881428992,-0.006355166840954701,0.030621283570598463,-0.9585769680398929,-0.03587782534768529,,Blk 747A CP,Woodlands Circle,1.44364527797106,103.7956269439894
59061,1231.8260869565217,1224.0,-0.006368321540151989,-0.006348086757186334,0.030621283570598463,-0.9583900304060138,-0.03587095562368363,,Blk 763,Yishun Ave 2,1.42556399229911,103.83495820649408
19091,432.5652173913043,462.45,0.06665627560754306,0.06892799839550763,0.030621283570598463,0.9574544007690272,0.03716856563663729,,S'pore Poly,Dover Ave,1.30739277801307,103.78208222199827
93071,502.3913043478261,537.05,0.06658368393660119,0.06885040594230453,0.030621283570598463,0.955549914418457,0.03709327857004938,,Crescendo Bldg,Upp East Coast Rd,1.31293014528666,103.92634861688488
98291,1054.111111111111,1126.75,0.0665784173352213,0.06884477674810506,0.030621283570598463,0.9554117419489194,0.03708781662754034,,Opp Palm Isles,Flora Dr,1.3569495,103.9652145
43169,998.1739130434783,991.95,-0.006248540317582929,-0.006229058787694484,0.030621283570598463,-0.9552474976542872,-0.0357554641513171,,Blk 254,Bt Batok East Ave 4,1.349356,103.757988
76221,2799.888888888889,2782.8,-0.006119926307590617,-0.006101237702316357,0.030621283570598463,-0.9518732313873128,-0.03563144081955037,,Tampines East Stn Exit A,Tampines Ave 7,1.3563896244901,103.95390226733993
78069,2038.2608695652173,2025.9,-0.006079891100433166,-0.0060614459629442854,0.030621283570598463,-0.9508228835363222,-0.03559283135164358,,Blk 442,Pasir Ris Dr 1,1.36869168470813,103.95815838787027
42311,1773.2380952380952,1762.55,-0.006042265657503876,-0.0060240478810488565,0.030621283570598463,-0.9498357573059537,-0.03555654442210739,,Opp Burgundy Hill,Bt Batok East Ave 3,1.33865749997067,103.76028055601957
10069,649.0,645.1,-0.006018072325562507,-0.0059999999999994945,0.030621283570598463,-0.9492010306236868,-0.035533211039192915,,Opp Blk 140,Jln Bt Merah,1.27855472196877,103.83008250001669
55081,742.6111111111111,738.15,-0.0060173207111891,-0.00599925289503156,0.030621283570598463,-0.9491813115664385,-0.03553248613181923,,Opp Sunrise Gdns,Yio Chu Kang Rd,1.39177133420779,103.8559732827973
09038,2785.4761904761904,2976.6,0.0663398235134327,0.06858978740857213,0.030621283570598463,0.9491520888643303,0.03684040339864842,,Opp Somerset Stn,Orchard Rd,1.30154262450563,103.83852481842337
44619,779.0,832.5,0.06633978250721118,0.0685897435897435,0.030621283570598463,0.9491510130413305,0.03684036088174202,,Blk 506,Jelapang Rd,1.38695072395596,103.76763574907523
43611,517.1666666666666,514.1,-0.005935884259158364,-0.005918301704727306,0.030621283570598463,-0.9470447770395559,-0.03545394012118009,,Blk 290H,Bt Batok East Ave 3,1.3440783607984,103.75829172450743
84241,1138.3333333333333,1131.6000000000001,-0.00592742132772095,-0.005909888823872678,0.030621283570598463,-0.9468227469195816,-0.03544577719946604,,Blk 81,Bedok Nth Rd,1.32861392886029,103.94004872476815
43629,360.8888888888889,385.65,0.06618266311502996,0.068421860607921,0.030621283570598463,0.9450288908482951,0.03667746595176263,,St. Andrew's Mission Sch,Bt Batok East Ave 3,1.34240810773422,103.75915813592935
66039,814.4782608695652,809.75,-0.005815019092899831,-0.005798144593729959,0.030621283570598463,-0.9438738063701647,-0.035337353055773235,,Blk 307,Lor Chuan,1.35475138514216,103.86668854745251
46631,1061.4444444444443,1055.3,-0.005800097020712158,-0.00578330893118533,0.030621283570598463,-0.943482316789681,-0.035322958182718384,,W'lands Stn Exit 5,Woodlands Ave 2,1.43689297551872,103.78915264291737
28571,869.1111111111111,864.1,-0.005775810228389133,-0.00575916230366438,0.030621283570598463,-0.9428451381178279,-0.03529952898723612,,Blk 416,Jurong West St 42,1.35242067621829,103.72542293305399
44311,686.0869565217391,682.15,-0.005746403695457758,-0.005729924697842741,0.030621283570598463,-0.942073639957519,-0.03527116007395273,,Opp Blk 253,Bangkit Rd,1.37930410199585,103.77434920734999
67071,580.304347826087,577.0,-0.005700585494461841,-0.005684367988033048,0.030621283570598463,-0.9408715717688108,-0.03522695692141171,,Bef Gerald Dr,Yio Chu Kang Rd,1.38224166699882,103.87700083300696
64091,343.95652173913044,342.0,-0.005687937979185875,-0.005671792286362524,0.030621283570598463,-0.9405397565633032,-0.03521475486244883,,Hougang Pr Sch,Hougang St 93,1.37748777797023,103.88149277798507
52071,3897.0,4162.75,0.06595250944038256,0.06817598768599203,0.030621283570598463,0.9389906701239016,0.03643889827821613,,Trellis Twrs,Jln Toa Payoh,1.329978333,103.8438753
17319,373.2857142857143,398.8,0.06594497436647107,0.06816793893129836,0.030621283570598463,0.9387929829067763,0.0364310886639359,,Blk 716,West Coast Highway,1.30183915639239,103.76229972130764
43641,1057.2608695652175,1129.4,0.06594468075794957,0.06816762530813515,0.030621283570598463,0.9387852799098023,0.036430784358981,,Opp HomeTeamNS,Bt Batok West Ave 7,1.36530401539571,103.75026447996078
53439,288.66666666666663,308.4,0.06590410154168325,0.06812428078250847,0.030621283570598463,0.9377206596511236,0.03638872766335706,,Blk 228,Bishan St 23,1.357625,103.847213
01621,505.7391304347826,502.95,-0.005519278739821054,-0.005504075504075663,0.030621283570598463,-0.9361148795064702,-0.03505202119397092,,Opp Shaw Twrs,Beach Rd,1.29695888888745,103.85655611109846
27371,310.7826086956522,332.0,0.06583631202701845,0.06805187561009601,0.030621283570598463,0.9359421607721784,0.036318473755770755,,Opp Blk 755,Jurong West St 75,1.347539667,103.701155
42241,356.5,354.55,-0.005469475804535051,-0.005454545454545111,0.030621283570598463,-0.9348082694058917,-0.03500396275551236,,Aft Eng Kong Pl,Lor Kismis,1.33711750136148,103.76708487597254
51069,538.6521739130435,575.35,0.06579030540790054,0.06800273928456342,0.030621283570598463,0.9347351493201881,0.03627079734318751,,Mt Alvernia Hosp,Thomson Rd,1.34125785266365,103.83660435635784
65009,15531.565217391304,15446.9,-0.005465729941278141,-0.005450820016292115,0.030621283570598463,-0.9347099944199143,-0.03500034800554321,,Punggol Int,Punggol Pl,1.40370629859822,103.90224337575333
64079,691.0555555555555,738.05,0.06569934266815292,0.067905595247651,0.030621283570598463,0.9323486868788077,0.036176539599377014,,Punggol Pk,Hougang Ave 8,1.37500833299826,103.89774777801168
46859,568.1111111111111,606.7,0.0656056497180586,0.06780554470909825,0.030621283570598463,0.9298905957192563,0.03607946171039135,,Blk 608A,Woodlands Ring Rd,1.4362025834102,103.79739593537928
65239,688.9130434782609,685.3000000000001,-0.005250715790481308,-0.005236954877740591,0.030621283570598463,-0.9290689682517754,-0.03479283711676107,,Riviera Stn Exit A,Punggol East,1.39410461413829,103.91603484855351
63371,365.69565217391306,363.8,-0.005182960177179119,-0.005169551814085807,0.030621283570598463,-0.927291358795563,-0.034727436697878526,,Blk 679,Hougang Ave 8,1.37115666339413,103.88514405987183
27329,976.2777777777778,971.25,-0.005157955666883929,-0.005144676254902882,0.030621283570598463,-0.9266353503590302,-0.03470330022837273,,Blk 840,Pioneer Rd Nth,1.34404250003243,103.69186499999779
67269,357.3333333333333,355.5,-0.005129412039303283,-0.005116279069767868,0.030621283570598463,-0.925886491042007,-0.0346757467656336,,Opp Blk 203A,Sengkang East Ave,1.386147,103.8951088
81149,543.6111111111111,580.45,0.0654530013734913,0.06764255840049022,0.030621283570598463,0.9258857741619959,0.03592131796621854,,The Sunny Spring Condo,Guillemard Rd,1.31212569246254,103.88966028743648
20261,592.8695652173913,589.85,-0.005097529988717042,-0.005084559631012055,0.030621283570598463,-0.9250500461801949,-0.03464496975834542,,Aft Pandan Gdns,Jurong Town Hall Rd,1.3215997308483,103.74546423225033
44869,698.3333333333334,745.55,0.06533509368454027,0.06751668255481431,0.030621283570598463,0.9227923946968181,0.03579918207820368,,Bef Blk 629A CP,Senja Rd,1.38658738981297,103.75886226371927
62241,331.0,329.35,-0.004982270440593517,-0.004969879518071967,0.030621283570598463,-0.922026142289762,-0.03453369696127802,,SBST Hougang Depot,Hougang Ave 3,1.345072,103.891184
76199,4417.521739130435,4395.599999999999,-0.0049736770449335665,-0.004961328793813272,0.030621283570598463,-0.9218006893620766,-0.03452540029169143,,Blk 503,Tampines Ave 7,1.35660016333768,103.94535428432116
64401,1370.4444444444446,1462.95,0.06527373852485585,0.06745118690755887,0.030621283570598463,0.9211827050087326,0.035735632403556435,,Opp Blk 477A,Upp S'goon Rd,1.37839309319848,103.9032366204475
28101,389.2857142857143,415.6,0.06524745719150449,0.067423133235725,0.030621283570598463,0.9204931983478025,0.035708412247829904,,Opp SMRT Ulu Pandan Depot,Toh Tuck Ave,1.33312436803086,103.75905617435505
80141,665.2608695652174,662.0,-0.0049062997055271396,-0.00489428347689872,0.030621283570598463,-0.9200330041500908,-0.03446034699036402,,Opp S.A. Deaf,Mountbatten Rd,1.30711835522323,103.87989373246151
40359,2355.5,2344.0,-0.0048920654834061494,-0.004880118820284668,0.030621283570598463,-0.9196595607317389,-0.03444660318666053,,Opp Blk 461C,Bt Batok West Ave 6,1.355593,103.7408
47111,720.3913043478261,716.9,-0.004851430957721448,-0.004839681774348987,0.030621283570598463,-0.9185934893970484,-0.03440736758520313,,Bef Senoko Way,Senoko Ave,1.46619184828781,103.81100178837575
76259,384.77777777777777,410.75,0.06515487061372838,0.06732430875576047,0.030621283570598463,0.9180641335345431,0.0356125239894173,,Opp Blk 487B,Tampines St 45,1.35967015846114,103.95842446373796
94019,405.83333333333337,433.2,0.06510165627928632,0.0672675133142154,0.030621283570598463,0.9166680233157726,0.035557416024493194,,Opp Evergreen Ave,Upp East Coast Rd,1.3142851610342,103.93574953076752
01113,3478.521739130435,3462.1,-0.004730711357614936,-0.0047195391670530685,0.030621283570598463,-0.9154263377436136,-0.03429079459257126,,Bugis Stn Exit A,Victoria St,1.30117297541547,103.8561140106393
54419,725.1739130434783,721.75,-0.004726154887569223,-0.004715004191114466,0.030621283570598463,-0.915306795998724,-0.03428639435747919,,Opp Blk 527,Ang Mo Kio St 52,1.37206167776818,103.8548909469337
75141,1459.952380952381,1558.1,0.06502019292473626,0.0671805736636244,0.030621283570598463,0.9145307829850398,0.03547305947958486,,Blk 730,Tampines Ave 5,1.35625000000112,103.93377888890949
68119,2693.190476190476,2874.05,0.06497228605676675,0.0671294496093887,0.030621283570598463,0.9132739173562051,0.03542345439665995,,Aft Piccadilly Circus/TPE,Jln Kayu,1.402186,103.872168
76201,786.5217391304348,782.9,-0.004609514369090739,-0.004598906862474785,0.030621283570598463,-0.9122466615165795,-0.034173746452288004,,Blk 423,Tampines Ave 7,1.35687499368341,103.9479674220669
27431,866.1739130434783,862.2,-0.0045931344664325024,-0.004582602155928901,0.030621283570598463,-0.9118169248728086,-0.03415792618270324,,Blk 762,Jurong West Ave 5,1.349874,103.697454
45329,1686.1739130434783,1678.45,-0.004588529515008766,-0.00457801829661127,0.030621283570598463,-0.9116961111896718,-0.03415347851662967,,Opp Yew Tee Stn,Choa Chu Kang Dr,1.3974585,103.7478685
17069,2194.0434782608695,2184.0,-0.004586025647130398,-0.0045755258883655335,0.030621283570598463,-0.9116304207029243,-0.03415106016152148,,Opp Blk 701,West Coast Rd,1.3077663717505,103.76214066046377
63059,4250.217391304348,4230.9,-0.004554322144358025,-0.004543966945528974,0.030621283570598463,-0.9107986601508963,-0.03412043888158127,,Blk 22,Upp S'goon Rd,1.36437667280221,103.88984149586426
76131,1959.2777777777778,2090.65,0.0648670416338728,0.06701714609607431,0.030621283570598463,0.910512766327795,0.0353144875869262,,UOB Tampines Ctr,Tampines Ave 4,1.35184112001279,103.94254133694142
10179,331.38888888888886,353.65,0.06482575215422859,0.06697309042286471,0.030621283570598463,0.9094295118802217,0.03527174087296648,,Tiong Bahru Pk,Tiong Bahru Rd,1.28722333302937,103.82395833301354
22051,430.3809523809524,428.45,-0.004486259733631037,-0.004476211502373319,0.030621283570598463,-0.9090130016788623,-0.034054696552914314,,Opp Buroh St,Jln Buroh,1.31386916701697,103.7020447220124
46411,552.8260869565217,550.35,-0.00448089879747382,-0.00447087454859467,0.030621283570598463,-0.9088723542794399,-0.03404951816793069,,Blk 869,Woodlands Ave 4,1.44270591766599,103.79441916127091
04149,489.7826086956522,487.6,-0.004457118779860103,-0.004447200566973733,0.030621283570598463,-0.9082484711483034,-0.034026547575339273,,Grand Pk City Hall,Hill St,1.29276132399953,103.84983741344308
14169,2202.5652173913045,2192.9,-0.004395820081386503,-0.00438617260565855,0.030621283570598463,-0.9066402627542003,-0.03396733284507119,,Opp Telok Blangah Stn,Telok Blangah Rd,1.27118550385957,103.80941810434497
67059,409.8333333333333,408.05,-0.004350219289028345,-0.0043407707910751376,0.030621283570598463,-0.9054438984124724,-0.03392327998559004,,Seletar Hills Est,Yio Chu Kang Rd,1.38705245959807,103.87298447808229
98091,547.8695652173913,545.5,-0.004326519539912255,-0.00431717363751556,0.030621283570598463,-0.9048221211738733,-0.03390038393838459,,Blk 156,Pasir Ris Dr 1,1.36432808773556,103.9631266198707
40279,820.1428571428572,816.6,-0.004323878694162175,-0.0043145441892831525,0.030621283570598463,-0.9047528369898928,-0.03389783261495053,,KK Women & Children Hosp,Bt Timah Rd,1.30981925741503,103.8460393043403
10339,732.4761904761905,781.4,0.0645709818195721,0.06670129195611155,0.030621283570598463,0.9027454582059095,0.03500801794090017,,Aft Bt Merah Ctrl,Henderson Rd,1.28115835063292,103.81857250844851
45359,335.55555555555554,358.0,0.06455915479726038,0.0666886761307356,0.030621283570598463,0.9024351691291005,0.03499577695036655,,Blk 790,Choa Chu Kang Nth 6,1.39618571003148,103.74944608386802
77071,878.6666666666667,937.3000000000001,0.06452667946078972,0.06665403561955299,0.030621283570598463,0.9015831590536184,0.0349621656600363,,Blk 633,Elias Rd,1.37810945408117,103.94127900809487
43411,2557.222222222222,2727.65,0.06449440858540534,0.06661961431549705,0.030621283570598463,0.9007365131382804,0.034928767063864614,,Opp Blk 628,Bt Batok Ctrl,1.35176519952681,103.75019891787089
17219,380.77777777777777,406.2,0.06446575946838617,0.06658905704307312,0.030621283570598463,0.8999848862420958,0.03489911769322667,,Blk 376,Clementi Ave 4,1.31820000002277,103.76615861100824
44299,1414.7391304347825,1408.95,-0.004097505611759367,-0.004089122289785161,0.030621283570598463,-0.8988138023874536,-0.03367910833369272,,CCK Polyclinic,Teck Whye Ave,1.38177250001353,103.75131333302434
58601,353.94444444444446,377.55,0.06438688184313701,0.06650493034903736,0.030621283570598463,0.8979154840819952,0.03481749052777138,,Blk 108A,Canberra Wk,1.448139,103.831129
10017,1202.2777777777778,1197.4,-0.004061980778376828,-0.004053742093356577,0.030621283570598463,-0.8978817869178344,-0.03364477933525984,,Aft Hosp Dr,Eu Tong Sen St,1.27832046633393,103.83762574759974
92089,594.5,634.1,0.06438107801357518,0.06649874055415704,0.030621283570598463,0.897763217106485,0.03481148464085734,,Marine Terr Stn/Katong Convent,Marine Parade Rd,1.3071917122941,103.91764721757994
44461,1099.2173913043478,1172.35,0.06435511664957616,0.06647105315155194,0.030621283570598463,0.8970821050348549,0.03478461987195876,,Blk 352,Choa Chu Kang Way,1.3825705560115,103.7430047219692
67231,455.4347826086957,453.6,-0.004027914464652227,-0.004019813297770671,0.030621283570598463,-0.8969880365927496,-0.03361185861440265,,Rivervale Pr Sch,Rivervale Dr,1.39322205615326,103.90395664347085
92101,582.9444444444445,621.7,0.06425901295121683,0.06636856626391426,0.030621283570598463,0.8945607664378797,0.03468517802142504,,Katong Shop Ctr,Mountbatten Rd,1.30370246223719,103.90129169936806
59209,1287.3333333333333,1372.8,0.06423122942636805,0.06633893919792958,0.030621283570598463,0.893831848875318,0.03465643121941641,,Blk 272,Yishun Ave 6,1.43856611102095,103.84021166701386
63249,2695.478260869565,2685.0,-0.003893475681094216,-0.0038859059320525483,0.030621283570598463,-0.8934609538716682,-0.033481929834692024,,Blk 1,Hougang Ave 3,1.36395805601148,103.89261277802149
51091,888.304347826087,884.9,-0.003835448018822518,-0.0038281020827229915,0.030621283570598463,-0.8919385630888408,-0.033425843423271054,,Opp Catholic JC,PIE,1.32648060854916,103.83401870730577
82011,2444.173913043478,2434.85,-0.0038204788792732813,-0.0038131901349588047,0.030621283570598463,-0.891545838667686,-0.03341137453154341,,Aft Paya Lebar Quarter,Sims Ave,1.31736957951855,103.89480000904068
43181,2505.0555555555557,2495.5,-0.0038202742862036843,-0.003812986322020633,0.030621283570598463,-0.8915404710448801,-0.033411176774189255,,Keming Pr Sch,Bt Batok East Ave 3,1.34648944401178,103.75681722199707
21601,1958.3478260869565,1951.1,-0.0037059598923123716,-0.0036991012981249165,0.030621283570598463,-0.8885413638468374,-0.03330067544289406,,Blk 357,Corporation Dr,1.33727029608815,103.72109770581518
21161,512.8095238095239,546.75,0.0639663579468186,0.06605653382761821,0.030621283570598463,0.8868827855611366,0.03438241653059399,,Blk 216B,Corporation Rd,1.35043949411648,103.7127413228723
66109,996.1739130434783,992.55,-0.0036408032502981413,-0.0036341835622418703,0.030621283570598463,-0.8868319399727891,-0.03323768650901707,,Blk 151,Ang Mo Kio Ave 3,1.369659,103.875269
67129,571.8888888888889,609.7,0.06391405350623014,0.06600077579518975,0.030621283570598463,0.8855105469574173,0.034328315151826334,,Blk 137,Sengkang East Way,1.38936844113699,103.90498892005203
62019,597.1428571428571,595.0,-0.0035889498984795765,-0.0035825173154996736,0.030621283570598463,-0.8854715359555175,-0.03318755534292743,,Aft Rochdale Rd,Upp Paya Lebar Rd,1.34215709944082,103.88405276089232
01121,1550.4347826086957,1544.9,-0.0035739039454112387,-0.0035675251520333206,0.030621283570598463,-0.8850767962852748,-0.03317300861882484,,Aft Victoria Ln,Victoria St,1.30393809691048,103.85867999243207
53321,530.2222222222222,565.25,0.06385524550736044,0.06593808826605381,0.030621283570598463,0.883967683572424,0.03426749016195348,,Opp Eunoia JC,Sin Ming Ave,1.36143,103.840319
44391,555.4782608695652,553.55,-0.003471131875891764,-0.003465114462067648,0.030621283570598463,-0.8823805089415597,-0.03307364070201755,,Aft Blk 202,Choa Chu Kang Dr,1.38288970873929,103.74831030292964
72061,1430.1739130434783,1425.25,-0.0034464035208285893,-0.0034404714888963865,0.030621283570598463,-0.8817317456044051,-0.0330497299080488,,Blk 122,Bedok Reservoir Rd,1.33177922756641,103.9098393917043
14509,487.85714285714283,486.2,-0.0033955890011378997,-0.003389830508474263,0.030621283570598463,-0.8803985959757212,-0.03300059354609955,,Blk 92B,Telok Blangah St 31,1.275651111,103.8068061
22359,710.695652173913,708.3,-0.003371797007163835,-0.0033661188832549253,0.030621283570598463,-0.8797743986375344,-0.032977586428356756,,Blk 717,Jurong West Ave 4,1.3425266670299,103.69727527800597
07361,839.1904761904763,894.3499999999999,0.063586079781361,0.06565121287689843,0.030621283570598463,0.8769059581078351,0.033989138265162165,,Bef Kallang Bahru,Lavender St,1.31167636068313,103.86189483728585
76049,651.0,693.8,0.06357947244029649,0.06564417177914064,0.030621283570598463,0.8767326105225318,0.03398230636883901,,Opp Blk 842C,Tampines St 82,1.35118252345739,103.93633200959248
59401,592.7391304347826,590.85,-0.0031868241452235324,-0.0031817516110127686,0.030621283570598463,-0.8749215238349511,-0.03279869698062149,,Blk 358,Yishun Ring Rd,1.42705456686774,103.84615134332738
52489,444.5,473.70000000000005,0.06348577864640781,0.0655443322109983,0.030621283570598463,0.8742744972255253,0.03388543318202061,,Opp Toa Payoh Polyclinic,Lor 8 Toa Payoh,1.33536277799489,103.85871194397946
27469,608.7826086956522,648.75,0.06348515905985241,0.0655436720142604,0.030621283570598463,0.8742582419978602,0.033884792600704844,,Blk 276B,Jurong West Ave 3,1.352945333,103.7048917
28401,4484.173913043478,4470.05,-0.0031539909874798155,-0.0031490223829225834,0.030621283570598463,-0.8740601261021576,-0.032766940186334456,,Blk 502,Jurong West Ave 1,1.3506545513673,103.71861401513462
76191,5678.304347826087,5660.45,-0.003148708107007181,-0.0031437561244483086,0.030621283570598463,-0.8739215265407853,-0.0327618303961931,,Blk 401,Tampines Ave 7,1.3569438864901,103.94477445426702
64491,2019.608695652174,2013.3999999999999,-0.003077416194325444,-0.0030726858028142083,0.030621283570598463,-0.8720511401335467,-0.03269287167899304,,Hougang 1,Hougang Ave 9,1.37513027801163,103.87905166700338
66491,818.0,871.6,0.0633931768364393,0.06544566544566491,0.030621283570598463,0.8718450327864943,0.03378969795230407,,Opp Blk 910,Buangkok Green,1.37936944398935,103.88260194401967
10109,682.1111111111111,726.75,0.06330005530346572,0.06534645413142508,0.030621283570598463,0.8694019331003832,0.03369343435303498,,Bt Merah Sec Sch,Jln Bt Merah,1.28535315729277,103.81370529674271
46191,740.2777777777778,788.7,0.06327770265727928,0.06532264108521318,0.030621283570598463,0.8688154979211283,0.03367032882766742,,Opp Blk 120,Marsiling Rise,1.43978268235949,103.78053807087814
10391,1099.4347826086955,1096.2,-0.0029438785465725203,-0.0029395495851448506,0.030621283570598463,-0.8685476992548218,-0.03256369113538141,,Opp Melati Blk 2,Kg Bahru Rd,1.27627105343758,103.8312563936613
84329,367.1666666666667,391.2,0.06323617957018346,0.0652784065187865,0.030621283570598463,0.8677261146409053,0.03362740853567283,,Blk 414,Bedok Nth Rd,1.33029323198176,103.92970061275057
28031,1218.142857142857,1214.6,-0.0029102536499934217,-0.002906022966955166,0.030621283570598463,-0.8676655297752749,-0.03253116064263482,,Bef The Synergy,Boon Lay Way,1.32790100001681,103.75101499996688
96259,983.304347826087,980.5,-0.0028531320846401087,-0.002849065771456082,0.030621283570598463,-0.866166910992609,-0.03247589572970603,,Aft Changi General Hosp,Simei St 3,1.34043019344412,103.95124680626643
62239,920.7222222222222,980.8000000000001,0.06314372087676201,0.06517991682237417,0.030621283570598463,0.8653004049509643,0.03353184511389766,,Opp S'pore Girls' Hme,Hougang Ave 3,1.34763066655635,103.88998897946436
13141,688.3478260869565,733.25,0.06310359903543183,0.06513718070009503,0.030621283570598463,0.8642477842001036,0.033490378745057406,,Aft Zion Full Gospel Ch,Hoot Kiam Rd,1.29763682834545,103.82997986347917
59261,814.4347826086956,812.2,-0.0027443648326457293,-0.0027406025059976817,0.030621283570598463,-0.8633133364140846,-0.032370655068381216,,Blk 174,Yishun Ave 7,1.43755803458153,103.83159143616113
64619,1066.7826086956522,1063.9,-0.0027032718692696633,-0.002699621320086604,0.030621283570598463,-0.8622352376895509,-0.03233089149415238,,Opp Blk 913,Hougang Ave 4,1.37809338718149,103.88468027114665
46689,285.27777777777777,303.9,0.06302126356214899,0.06504948573646363,0.030621283570598463,0.8620876633074397,0.03340528932857692,,Blk 609,Woodlands Ave 4,1.43587054546915,103.79601265965388
28659,1708.1666666666667,1703.6499999999999,-0.0026461112257187835,-0.0026426133593373843,0.030621283570598463,-0.860735593666759,-0.03227557732428417,,IMM Bldg,Toh Guan Rd,1.33446189256828,103.74767782537164
66479,788.7142857142857,840.0,0.06292044358075621,0.06494211287988495,0.030621283570598463,0.859442590175275,0.03330110667847029,,Aft Yio Chu Kang Rd,Ang Mo Kio Ave 5,1.37863834733323,103.87430288480033
84229,1179.1666666666667,1255.8,0.06291313651769226,0.06493433130913692,0.030621283570598463,0.85925088496051,0.033293556309705284,,Blk 111,Bedok Nth Rd,1.3315995317556,103.93531396427683
95041,306.39130434782606,305.59999999999997,-0.0025775765237545656,-0.002574257425742143,0.030621283570598463,-0.858937544348735,-0.03220925234663726,,CIAS Cargo Ters,Airport Cargo Rd,1.372739,103.995714
44551,959.6086956521739,957.15,-0.0025627995885662003,-0.002559518421290527,0.030621283570598463,-0.8585498625251269,-0.032194951259820435,,Opp Blk 486,Choa Chu Kang Ave 5,1.37602460873449,103.73843005883766
76211,1143.7777777777778,1140.85,-0.002560783531247779,-0.0025575075220809077,0.030621283570598463,-0.8584969700431785,-0.0321930001074023,,Blk 449,Tampines Ave 7,1.35674667237884,103.95100259167165
46579,399.52173913043475,398.5,-0.0025542798050972593,-0.002551020408163756,0.030621283570598463,-0.8583263408577526,-0.032186705735240025,,Blk 154,Woodlands St 13,1.43488583298053,103.77552249997427
50191,726.0,773.15,0.06283917572932651,0.06485557083906468,0.030621283570598463,0.8573104789870373,0.03321713592975798,,Bef Balestier Plaza,Balestier Rd,1.32604500002988,103.84902388888725
66301,972.1666666666666,969.75,-0.0024863904437060214,-0.002483301935262994,0.030621283570598463,-0.8565452224396068,-0.03212099927838698,,Blk 152,S'goon Nth Ave 1,1.36937136450503,103.87207688842045
59619,1291.5555555555557,1288.4,-0.0024443156040270253,-0.002441330697154433,0.030621283570598463,-0.8554413635969685,-0.03208027506787664,,Yishun Community Hosp,Yishun Ctrl 2,1.42335199999945,103.83687299997104
44899,441.82608695652175,440.75,-0.002433001531950474,-0.002430044182621253,0.030621283570598463,-0.8551445320795288,-0.03206932389239337,,Opp APSN,Choa Chu Kang Gr,1.37432287109092,103.74949989571633
44031,2881.782608695652,2874.85,-0.0024077285410788463,-0.0024048322876454166,0.030621283570598463,-0.8544814798928442,-0.03204486108012882,,Aft Bt Panjang Stn,Upp Bt Timah Rd,1.37785685552262,103.76232373807855
59239,2438.2608695652175,2432.4,-0.0024056147343314294,-0.0024027235620199972,0.030621283570598463,-0.854426022895561,-0.03204281500786248,,Blk 291,Yishun Ring Rd,1.43560781996531,103.83684372359264
41011,337.44444444444446,359.34999999999997,0.06271582525156205,0.06472422849638843,0.030621283570598463,0.8540743046685422,0.033089695962458636,,NUS Bt Timah Campus,Bt Timah Rd,1.32235611101422,103.81891666700089
06069,399.6521739130435,398.7,-0.002379388457495857,-0.0023765599565922415,0.030621283570598463,-0.8537379606755906,-0.03201742876187199,,Aft Furama RiverFront,Outram Rd,1.28623157720487,103.83496162445665
43561,709.3333333333334,707.65,-0.0023725918175925287,-0.0023697794462688294,0.030621283570598463,-0.8535596467208671,-0.03201084971054489,,Opp Bt Gombak Stadium,Bt Batok East Ave 5,1.35745163479028,103.75287425796093
40019,3008.478260869565,3001.35,-0.0023714131211978184,-0.002368603542431592,0.030621283570598463,-0.8535287229087264,-0.0320097087445509,,Little India Stn,Bt Timah Rd,1.30664404460339,103.84920416709382
98121,710.2857142857143,756.3,0.06268527853290795,0.06469170516167945,0.030621283570598463,0.8532728930468421,0.03305813894415575,,Krislite Bldg,Loyang Way,1.37205479195352,103.97023200986916
20211,423.8888888888889,422.9,-0.0023301184764807914,-0.0023274058577403035,0.030621283570598463,-0.8524453329523469,-0.03196973510404101,,Blk 41,Teban Gdns Rd,1.32177193921987,103.74184000241928
53291,430.22222222222223,458.1,0.06264449722248955,0.06464828652409185,0.030621283570598463,0.8522029707259685,0.033016010338546925,,Shunfu Mart,Shunfu Rd,1.35231394964571,103.8371139764859
46141,1299.2222222222222,1383.25,0.06262328669111472,0.0646257050076912,0.030621283570598463,0.8516464996189176,0.03299409975241734,,Blk 32,Marsiling Dr,1.44364959550382,103.77329520911692
63331,860.0,858.05,-0.00226737691975476,-0.0022648083623693013,0.030621283570598463,-0.8507992703001462,-0.03190899747289669,,Blk 615,Hougang Ave 2,1.36836866548657,103.88492703491212
68111,2962.4444444444443,3153.8,0.06257284707384159,0.0645720070488551,0.030621283570598463,0.8503231857816924,0.03294199723940688,,Bef Piccadilly Circus/TPE,Jln Kayu,1.40222194447692,103.87138805557646
67101,636.5555555555555,635.15,-0.002207034616381165,-0.0022046009062389686,0.030621283570598463,-0.8492161535093921,-0.03185057886939013,,Blk 250A,Sengkang East Way,1.39143144034973,103.89956953538392
58521,1121.4444444444446,1119.0,-0.0021801614026388805,-0.0021777865769160663,0.030621283570598463,-0.8485111185087635,-0.031824561233474435,,Blk 106A,Canberra st,1.44819389,103.8326
54248,4281.347826086957,4272.05,-0.0021735587138049794,-0.002171198245578952,0.030621283570598463,-0.848337892977541,-0.031818168651211544,,Blk 324,Ang Mo Kio Ave 3,1.36875490594243,103.84661006967286
59269,335.8333333333333,357.55,0.06247987215301798,0.06447303315190511,0.030621283570598463,0.8478839325539261,0.032845964003408605,,Opp Blk 174,Yishun Ave 7,1.43774971409693,103.8312528105951
80151,1294.8333333333333,1292.1,-0.0021115525175741112,-0.0021093247588425995,0.030621283570598463,-0.8467111229522715,-0.03175813351733386,,Opp Suntec City,Nicoll Highway,1.296265,103.857666
90079,453.38095238095235,482.65,0.06242555627592683,0.06441521693565305,0.030621283570598463,0.8464589226981512,0.03278986559250469,,Opp Costa Rhu Condo,Rhu Cross,1.29760718196372,103.86732745550238
47619,2926.8571428571427,3115.3,0.062375595751716695,0.0643620395218345,0.030621283570598463,0.8451481781569251,0.03273826815834894,,Blk 688 CP,Woodlands Ave 7,1.44430697551185,103.80713784459924
85079,484.88888888888886,516.15,0.062352993747111896,0.06433798307797901,0.030621283570598463,0.8445552009088901,0.03271492646704197,,Flextronic,Upp Changi Rd,1.33394889968504,103.9501523198666
27451,723.9565217391304,722.5,-0.0020111369698705417,-0.002009115988964921,0.030621283570598463,-0.8440766603823215,-0.03166090209831007,,Bet Blks 272D/271A,Jurong West Ave 3,1.35128613677034,103.7041505569119
65341,936.8260869565217,935.0,-0.0019490469764607,-0.0019471488178028767,0.030621283570598463,-0.8424476918874273,-0.03160077606350963,,Opp Blk 272C,Punggol Field,1.40194694990354,103.9009230492748
42079,545.0,543.95,-0.0019249284095845809,-0.0019230769230771027,0.030621283570598463,-0.8418149267118238,-0.03157741938040061,,Opp Pei Hwa Presby Pr Sch,Upp Bt Timah Rd,1.339255,103.776989
07379,1174.2857142857142,1249.75,0.06223209225469706,0.06420931080588269,0.030621283570598463,0.8413832772008382,0.032590077238574135,,Aperia/Bef Kallang Rd,Lavender St,1.31017336740849,103.86338225534827
96299,434.44444444444446,462.4,0.062223391134863526,0.06420005103342666,0.030621283570598463,0.8411549980643667,0.03258109258766148,,Opp Blk 222,Simei St 4,1.34126498344514,103.95716526054423
24009,10755.047619047618,10734.7,-0.001893529133871752,-0.001891737538572386,0.030621283570598463,-0.8409911477405316,-0.03154701113538927,,Joo Koon Int,Joo Koon Circle,1.32697254709069,103.67839791240787
63099,2297.9565217391305,2293.65,-0.0018750073522566524,-0.0018732506241020816,0.030621283570598463,-0.8405052176081003,-0.03152907349450701,,Blk 106,Hougang Ave 3,1.35357948490597,103.89097410968795
64469,1644.2608695652175,1641.2,-0.001862148674097952,-0.0018604159509519782,0.030621283570598463,-0.8401678624167694,-0.031516620158490466,,Opp Blk 579,Buangkok Green,1.3795683329839,103.88576472203239
63291,2340.222222222222,2335.9,-0.0018478454588279902,-0.001846139243510688,0.030621283570598463,-0.8397926089214652,-0.031502767633155626,,Opp Blk 115,Lor Ah Soo,1.35225002342978,103.88785804760475
43481,1038.0,1036.1,-0.0018303555035386054,-0.0018286814244463379,0.030621283570598463,-0.8393337493761684,-0.031485828511731824,,Blk 315,Bt Batok West Ave 2,1.36015,103.74612
94031,1089.6666666666665,1159.55,0.06210490060904572,0.06407396088019618,0.030621283570598463,0.8380463275218109,0.03245874875948665,,Opp Bayshore Stn Exit 3,Upp East Coast Rd,1.31504670788151,103.94089937209914
28239,1793.2380952380952,1908.2,0.06210383379516937,0.06407282571193475,0.030621283570598463,0.8380183390151441,0.03245764731875424,,Jurong Town Hall Int,Jurong Town Hall Rd,1.329722,103.7431495
58151,613.3333333333334,612.25,-0.0017649858631152426,-0.001763429191535875,0.030621283570598463,-0.8376187373601526,-0.03142251501922914,,Bef Sembawang Stn,Canberra Rd,1.44835904274406,103.82201343608213
01129,331.7391304347826,353.05,0.06207935521701202,0.06404677904089949,0.030621283570598463,0.8373761287260413,0.032432374532862386,,Bef Jln Pisang,Victoria St,1.30350269187301,103.85864530718491
75081,2168.304347826087,2164.5,-0.0017552574453505443,-0.0017537178819092883,0.030621283570598463,-0.8373635064417136,-0.03141309224698351,,Blk 831,Tampines Ave 3,1.34986941891093,103.93426738811776
05013,4080.2608695652175,4073.25,-0.001719296658258429,-0.001717819514429638,0.030621283570598463,-0.8364200534630993,-0.03137826047312834,,Chinatown Stn Exit C,Eu Tong Sen St,1.28406979945936,103.84299874303983
83101,5402.277777777777,5393.1,-0.0017000016442842991,-0.0016985574599768366,0.030621283570598463,-0.8359138371125043,-0.0313595707228196,,Eunos Stn,Jln Eunos,1.32066709057479,103.90489836683336
58289,569.2173913043479,568.25,-0.0016979714279754532,-0.0016965306900496575,0.030621283570598463,-0.8358605731608865,-0.03135760417122641,,Opp Sembawang Sec Sch,Sembawang Cres,1.44485960840447,103.81627162679553
10149,1646.4347826086955,1643.65,-0.001691805319003592,-0.001690375023092668,0.030621283570598463,-0.8356988015661475,-0.0313516313982446,,Blk 1,Tiong Bahru Rd,1.286015,103.832988
11299,414.16666666666663,440.7,0.06195087256835574,0.06391007627458892,0.030621283570598463,0.8340053088030925,0.0322997334080479,,Opp Cold Storage Jelita,Holland Rd,1.31826975603165,103.78558843680226
12049,369.04347826086956,368.45,-0.001605094313155142,-0.0016038068382097795,0.030621283570598463,-0.8334238859327158,-0.03126763528224847,,Opp Pandan Valley,Ulu Pandan Rd,1.32091131971837,103.77655888991401
97059,435.38095238095235,463.25,0.06190759438285198,0.06386403317328672,0.030621283570598463,0.8328698794556215,0.032255058315425425,,Changi Women's Prison,Upp Changi Rd Nth,1.36075141209876,103.97097232582753
92079,1846.5652173913045,1843.65,-0.001579115964506883,-0.0015778698169156954,0.030621283570598463,-0.8327423282585499,-0.031242468888241712,,Marine Terr Stn Exit 1,Marine Parade Rd,1.3066285,103.9148705
67199,607.0,606.05,-0.0015637219761828192,-0.0015625000000000825,0.030621283570598463,-0.8323384576730732,-0.03122755573133274,,Opp Blk 223D,Compassvale Rd,1.388736,103.896814
47039,698.7777777777778,697.7,-0.0015413587663450912,-0.0015401714830100013,0.030621283570598463,-0.8317517453500438,-0.031205890627626826,,Aft View Rd,Admiralty Rd West,1.45156922188356,103.78905216062749
17061,553.6190476190476,589.0,0.06184105952053631,0.06379325148106814,0.030621283570598463,0.8311242971391775,0.0321863796520338,,Blk 701,West Coast Rd,1.30775834752765,103.76180505768346
59399,1383.0434782608695,1380.95,-0.0015137263894997588,-0.0015125812835738554,0.030621283570598463,-0.8310267932466836,-0.031179120173847174,,Opp Blk 367,Yishun Ring Rd,1.43026750784845,103.84552062872451
57029,979.4285714285714,978.0,-0.0014581513228106857,-0.0014570887367037757,0.030621283570598463,-0.8295687477909436,-0.031125276392669068,,Aft The Springside,Sembawang Rd,1.40396290628178,103.81862261343507
28359,656.9565217391304,656.0,-0.0014548342732663144,-0.0014537765149015356,0.030621283570598463,-0.8294817229918247,-0.031122062581878388,,Blk 350,Boon Lay Way,1.34388722199927,103.73119944403174
40039,581.7777777777778,618.9,0.06175223121369555,0.06369876072449954,0.030621283570598463,0.8287938328348365,0.03209469635568149,,Opp Newton FC,Bt Timah Rd,1.31230305602353,103.8407255559936
76551,1607.142857142857,1709.55,0.061734947909886095,0.06368037665452538,0.030621283570598463,0.8283403949159845,0.0320768585036332,,Tampines Stn Exit D,Tampines Ctrl 1,1.355401,103.943599
84251,651.695652173913,650.8,-0.001373177922300961,-0.001372235544897784,0.030621283570598463,-0.8273394192835188,-0.031042944314767455,,Blk 99,Bedok Nth Ave 4,1.33346832060545,103.93883800719165
98011,866.5217391304348,865.35,-0.0013515870665248286,-0.001350674084097035,0.030621283570598463,-0.8267729701359892,-0.031022023476876305,,Blk 149A,Loyang Ave,1.36221388889515,103.96291600002557
67009,7635.571428571428,8121.1,0.06164000486758958,0.06357939239748685,0.030621283570598463,0.8258495068321421,0.03197887463831977,,Sengkang Int,Sengkang Sq,1.39178060381601,103.89588499436073
04111,1257.8260869565217,1256.2,-0.0012925837226829273,-0.0012917486961621682,0.030621283570598463,-0.8252249817576133,-0.03096484884942177,,Capitol Bldg,Stamford Rd,1.29395444170081,103.85139096636622
47681,586.8888888888889,624.25,0.061613604189815874,0.06355131355131333,0.030621283570598463,0.8251568690981782,0.03195163005622047,,Woodsvale Condo,Woodlands Cres,1.44457845619804,103.80448623998072
62119,360.8333333333333,360.4,-0.0011983224921090496,-0.0011976047904194871,0.030621283570598463,-0.8227519814162979,-0.03087350209844403,,Aft Sunshine Lodge,Upp S'goon Rd,1.34483265931476,103.8710922003054
28461,2992.1739130434785,2989.2,-0.0009940589813002276,-0.000993565068344169,0.030621283570598463,-0.8173930047843029,-0.03067552469847377,,Blk 347,Jurong East Ave 1,1.345332402809,103.73205383657178
12149,300.1111111111111,319.15000000000003,0.0613102994272845,0.06322878228782342,0.030621283570598463,0.8171994853817115,0.031638681673888905,,Henry Pk,Mt Sinai Rd,1.31576900455367,103.78266099158458
78229,652.7777777777778,694.1,0.061288215721331696,0.06320530251529598,0.030621283570598463,0.816620106011993,0.0316158995201514,,Blk 485,Pasir Ris Dr 4,1.37411139885456,103.96093853137384
17159,3596.217391304348,3823.5,0.06126714005506706,0.06318289499129694,0.030621283570598463,0.8160671731725999,0.0315941577568517,,Blk 365,C'wealth Ave West,1.31197556,103.7698144
13101,510.95652173913044,543.3,0.06126086248468532,0.06317622080679383,0.030621283570598463,0.8159024773204223,0.03158768187224742,,Opp Mohd Sultan Rd,River Valley Rd,1.29414162678811,103.84231209757696
82032,1873.3478260869565,1871.6,-0.0009329333072418677,-0.0009324982602644431,0.030621283570598463,-0.8157893357902833,-0.030616272275636004,,Blk 416,Sims Ave,1.31776416388008,103.89719868894
44079,1033.2173913043478,1098.55,0.0612560081654987,0.06317105982259295,0.030621283570598463,0.8157751213233462,0.03158267422852499,,Opp Blk 464,Choa Chu Kang Ave 3,1.37657500784909,103.73634658951725
53359,554.9444444444445,554.45,-0.0008897731665600261,-0.0008893774357949685,0.030621283570598463,-0.8146570034200438,-0.030574432634676834,,Opp Ai Tong Sch,Sin Ming Ave,1.36125666702141,103.83196166697407
01059,394.0952380952381,393.75,-0.0008741918051109465,-0.0008738098107750995,0.030621283570598463,-0.8142482169874125,-0.030559327546835127,,Bugis Stn Exit B,Victoria St,1.30075679526626,103.85611040457583
41051,1768.608695652174,1880.2,0.06115142484662428,0.0630598756787302,0.030621283570598463,0.8130313147583594,0.03147479353011989,,Tan Kah Kee Stn,Bt Timah Rd,1.32612500001248,103.80715333299845
55051,1227.8095238095239,1226.8,-0.00082188386600901,-0.0008215462119748766,0.030621283570598463,-0.8128758865980781,-0.030508616776901136,,Opp ST Engineering,Yio Chu Kang Rd,1.3924,103.848962
60119,3476.6521739130435,3473.95,-0.0007773130064148148,-0.0007770109769220639,0.030621283570598463,-0.8117065431647481,-0.03046540474959027,,Opp Boon Keng Stn,Bendemeer Rd,1.31880431510648,103.86409707876385
41129,358.94444444444446,381.6,0.061040358452359555,0.06294181200802552,0.030621283570598463,0.8101174207931192,0.03136023770579648,,Opp S'pore Bible Coll,Adam Rd,1.32542946413096,103.81399869920736
71161,671.8260869565217,671.35,-0.0007078433537683892,-0.0007075928917610936,0.030621283570598463,-0.8098839648506339,-0.030398049178472553,,Blk 3019,Ubi Ave 2,1.32732994325917,103.89209147524538
21611,779.3478260869565,778.8,-0.0007022746182272499,-0.0007020280811231743,0.030621283570598463,-0.8097378657088118,-0.030392649706594155,,Blk 367,Corporation Dr,1.3383643422738,103.71931958855112
82221,681.5217391304348,681.05,-0.0006914098184802597,-0.000691170849789987,0.030621283570598463,-0.8094528211224102,-0.030382115059671696,,Blk 3A,Jln Turi,1.31760511655727,103.89900705591394
76089,1808.608695652174,1807.4,-0.0006681552195235696,-0.000667932053530823,0.030621283570598463,-0.8088427226672243,-0.03035956672244092,,The Holy Trinity Ch,Tampines Ave 2,1.34916805553714,103.94923388889873
44621,1174.1739130434783,1173.4,-0.0006587688662786917,-0.0006585519257096152,0.030621283570598463,-0.8085964660181548,-0.03035046529209911,,Opp Concord Pr Sch,Choa Chu Kang Ave 4,1.37922934454518,103.73710050197961
63269,340.05555555555554,361.5,0.06097909076339736,0.06287669001465988,0.030621283570598463,0.8085100259522852,0.031297050583229,,Blk 232,Hougang Ave 1,1.358676,103.889106
68021,643.5217391304348,643.1,-0.000654558483200951,-0.0006543443065299203,0.030621283570598463,-0.8084860040739925,-0.030346382687512177,,Opp Blk 448A,Jln Kayu,1.39317909764213,103.8724709608888
82081,606.6086956521739,644.8,0.06095877623002455,0.06285509838998203,0.030621283570598463,0.8079770618942226,0.03127610047767418,,Aft Dunman Rd,Tg Katong Rd,1.31037284851913,103.89412794527634
70309,702.695652173913,702.25,-0.0006335030612287795,-0.0006333024405313315,0.030621283570598463,-0.8079336023558449,-0.030325966006492656,,Opp Paya Lebar St,Upp Paya Lebar Rd,1.33965000001824,103.88639700003634
63379,833.2777777777778,832.75,-0.0006328165542832664,-0.0006326163681168457,0.030621283570598463,-0.8079155914313085,-0.030325300318304937,,Blk 608,Hougang Ave 8,1.370839,103.885214
76231,2100.086956521739,2099.0,-0.0005174644358678648,-0.0005173305742372108,0.030621283570598463,-0.8048892589033328,-0.030213439835975065,,Opp Blk 390,Tampines Ave 7,1.35666908955685,103.95736200626966
53139,283.94444444444446,301.8,0.060778292070189366,0.06266328719048485,0.030621283570598463,0.8032419509036589,0.031089988272779038,,Marymount View,Marymount Rd,1.353021,103.840607
03223,888.6086956521739,888.25,-0.00040328740884465475,-0.00040320609940831304,0.030621283570598463,-0.8018937556080785,-0.03010270616818828,,Tanjong Pagar Stn Exit C,Anson Rd,1.2757033952327,103.84632468221952
21779,883.7391304347826,883.4,-0.0003833847017480352,-0.0003833112192242598,0.030621283570598463,-0.8013715960612172,-0.030083402394337305,,Aft Yuan Ching Rd,Yung Ho Rd,1.32643572160288,103.72425774502393
64389,1344.6521739130435,1344.15,-0.00037325220244177615,-0.000373182552504396,0.030621283570598463,-0.8011057638193698,-0.030073574665295286,,Blk 522,Hougang Ave 10,1.37313809346006,103.89156818388481
46671,644.4782608695652,644.25,-0.00035369314961908316,-0.0003536306075708214,0.030621283570598463,-0.8005926202500375,-0.030054603637580977,,Bef 888 Plaza,Woodlands Dr 50,1.43689166982219,103.7946223426922
28671,1227.8095238095239,1227.3999999999999,-0.0003333242927379132,-0.00033326874636767156,0.030621283570598463,-0.8000582309819083,-0.030034846757408074,,Alliance Bldg,Toh Guan Rd East,1.33715229988486,103.75226376356609
64621,309.4347826086956,309.35,-0.0002731465448189141,-0.0002731092436977423,0.030621283570598463,-0.7984794314029379,-0.02997647468259364,,Blk 565,Buangkok Green,1.38133333296872,103.88821499999295
11039,369.0,368.9,-0.0002703067998615083,-0.00027027027026995575,0.030621283570598463,-0.7984049289780686,-0.029973720059267843,,Blk 19,Queensway,1.29245762862665,103.79998683928974
03129,2508.904761904762,2508.25,-0.0002609052478099727,-0.00026087121499564957,0.030621283570598463,-0.7981582735791225,-0.029964600263835572,,UIC Bldg,Shenton Way,1.27807003532092,103.84956718123823
78149,310.82608695652175,310.75,-0.00024403423572838534,-0.00024400446179628375,0.030621283570598463,-0.7977156523828779,-0.029948234646835187,,NTUC Health Pasir Ris,Pasir Ris Dr 3,1.36970105283111,103.96411887211589
81219,873.3333333333334,873.15,-0.00020970555510668731,-0.00020968356843370202,0.030621283570598463,-0.796815018703713,-0.02991493347800654,,Opp Geylang Polyclinic,Geylang East Ctrl,1.31877141262042,103.8866869928233
45299,568.1111111111111,603.6,0.06049139292210626,0.06235845372901183,0.030621283570598463,0.7957149783953109,0.030794211864575125,,Blk 702,Choa Chu Kang Dr,1.3914375,103.7451665
59009,35036.09523809524,37220.95,0.060491276853529286,0.06235833042258503,0.030621283570598463,0.7957119332660597,0.03079409222176475,,Yishun Int,Yishun Ave 2,1.4284,103.8360975
10289,392.44444444444446,416.95,0.06042193336948021,0.062284665348770925,0.030621283570598463,0.793892665061334,0.030722615846311984,,Opp SIS Bldg,Alexandra Rd,1.2918699745378,103.81440639448375
56251,367.0,367.0,0.0,0.0,0.030621283570598463,-0.7913132667512163,-0.029711479918705635,,Opp Horizon Gdns,Ang Mo Kio Ave 2,1.37637472203353,103.8344186109838
58321,379.69565217391306,379.7,1.1420674847606449e-05,1.1420740063761706e-05,0.030621283570598463,-0.7910136384456633,-0.02970039850573094,,Bet Blks 357/359,Admiralty Dr,1.45020573824638,103.81614518346868
98309,724.3913043478261,724.4,1.1987461116191866e-05,1.1987532966090973e-05,0.030621283570598463,-0.7909987684654273,-0.029699848553084548,,Carissa Pk,Flora Rd,1.360039,103.964436
46109,16486.91304347826,16487.3,2.3468827135886272e-05,2.3469102530964233e-05,0.030621283570598463,-0.790697547890302,-0.029688708117943233,,W'lands Checkpt,Woodlands Crossing,1.44694093553778,103.76925342517902
59391,2169.6111111111113,2169.7,4.095025057004875e-05,4.095108904300482e-05,0.030621283570598463,-0.7902389121833824,-0.029671745547122385,,Blk 342B,Yishun Ring Rd,1.43021107363512,103.84523111093658
21459,902.2608695652174,902.3,4.3320361299059584e-05,4.332129963946083e-05,0.030621283570598463,-0.7901767308962709,-0.029669445758990467,,Blk 209,Boon Lay Dr,1.3455804550235,103.71491332975407
53041,1352.4444444444443,1436.5,0.06025271030776658,0.06210491749445923,0.030621283570598463,0.7894529957844912,0.030548208566764094,,Bef Thomson Ridge,Upp Thomson Rd,1.353099,103.834337
44251,2431.9444444444443,2432.15,8.448481961220722e-05,8.448838855508613e-05,0.030621283570598463,-0.7890967564588622,-0.02962950180521047,,Bt Panjang Stn/Blk 604,Bt Panjang Rd,1.38030076722264,103.76231669235113
05241,283.9130434782609,301.6,0.06022777824390779,0.06207843735693514,0.030621283570598463,0.7887988880239931,0.030522515193314302,,Opp Blk 333,Kreta Ayer Rd,1.28071988238536,103.84227488654868
81159,876.9130434782609,877.0,9.904422332684959e-05,9.904912836787412e-05,0.030621283570598463,-0.7887147817049103,-0.02961537368652623,,Opp Kong Hwa Sch,Guillemard Rd,1.31167873834387,103.8874161243355
41121,322.6666666666667,342.75,0.06020046935756618,0.0620494335736358,0.030621283570598463,0.7880824228894665,0.030494373155340024,,S'pore Bible Coll,Adam Rd,1.32554444399609,103.81350777801268
65301,312.0,331.4,0.06013587244114049,0.06198083067092715,0.030621283570598463,0.7863876837544471,0.030427808546397546,,Damai Stn Exit B,Punggol Dr,1.404519,103.9093865
43379,825.7826086956521,825.95,0.00020244059292284788,0.0002024610854024926,0.030621283570598463,-0.7860021154714553,-0.029515034251776397,,Blk 185,Bt Batok West Ave 6,1.34716553724092,103.74518662694207
42051,4594.833333333333,4879.6,0.060118067215384485,0.06196192203082529,0.030621283570598463,0.7859205528979568,0.030409461709976382,,King Albert Pk Stn,Bt Timah Rd,1.33598305556873,103.78263611110306
64049,1103.1304347826087,1103.4,0.00024411274980362663,0.00024414254774557143,0.030621283570598463,-0.7849088212553486,-0.02947459120736471,,Opp The Midtown,Upp S'goon Rd,1.3703713899857,103.89603248614272
24701,1306.6666666666667,1307.0,0.00025487447570160526,0.00025490695896044664,0.030621283570598463,-0.7846264808736582,-0.02946414662273748,,Tuas Cres Stn Exit B,Pioneer Rd,1.321386,103.649116
64521,358.7391304347826,381.0,0.0600414775143685,0.06188058979937199,0.030621283570598463,0.7839111758125885,0.030330545979484654,,Blk 834,Hougang Ave 4,1.36983992146019,103.88956725593734
66539,530.3333333333334,563.2,0.060019227885845794,0.061856963613551384,0.030621283570598463,0.78332744336399,0.030307621762609614,,Blk 531,S'goon Nth Ave 5,1.37500340591534,103.8750162086281
96121,1779.0,1779.55,0.00030894103684797614,0.00030898876404493713,0.030621283570598463,-0.7832080119723431,-0.029411671668118727,,Metta Welfare Assn,Simei Rd,1.34719360554366,103.95776019526973
54349,524.5,557.0,0.06000877206430477,0.06184586108468089,0.030621283570598463,0.7830531285679465,0.030296849106302693,,Blk 504,Ang Mo Kio Ave 8,1.37477333299627,103.84810527802902
70201,650.4444444444445,650.65,0.00031548834873262876,0.00031553812041571286,0.030621283570598463,-0.7830362392888457,-0.029405316902818245,,Opp MacPherson Stn Exit D,Circuit Rd,1.32461138902969,103.88885416699938
84191,603.3478260869565,603.55,0.0003344764306216774,0.00033453237410008263,0.030621283570598463,-0.782538075486966,-0.029386886996520784,,Blk 220 CP,Bedok Nth Ave 3,1.32566318975139,103.93533757051014
46281,887.6521739130435,888.0,0.00039133200127672296,0.0003914085816334569,0.030621283570598463,-0.7810464352359361,-0.02933170066528539,,Blk 825,Woodlands Ave 7,1.43878695707764,103.79002589502426
54429,548.8333333333334,549.05,0.00039398118491806855,0.0003940588056984776,0.030621283570598463,-0.7809769323023401,-0.02932912918329946,,Blk 561,Ang Mo Kio St 54,1.370344,103.85818
55029,380.7391304347826,380.9,0.000421323531456963,0.0004214123006824594,0.030621283570598463,-0.7802595893193196,-0.029302588401132403,,Seasons Pk,Yio Chu Kang Rd,1.38565193733046,103.83917105055716
17031,864.304347826087,917.65,0.059823908819786276,0.06164958295648701,0.030621283570598463,0.7782031296446605,0.030106402691773133,,Kent Ridge Sec Sch,West Coast Rd,1.30172305827699,103.76567633935802
93131,492.82608695652175,523.25,0.0597852652738009,0.06160855784469068,0.030621283570598463,0.7771892928654286,0.0300665964967621,,Opp Eastern Lagoon II,Bedok Sth Ave 1,1.31277833350682,103.93415826027375
10281,726.695652173913,771.5,0.05974910818741286,0.061570173866284994,0.030621283570598463,0.776240689856172,0.03002935296316002,,SIS Bldg,Alexandra Rd,1.29153833298318,103.81445166697797
41049,866.4444444444445,919.85,0.05974568775754374,0.06156654284616397,0.030621283570598463,0.776150952811766,0.030025829826020402,,Opp Coronation Plaza,Dunearn Rd,1.32469500003392,103.81026249997407
64419,3117.913043478261,3119.75,0.0005887999278204603,0.0005889733045243549,0.030621283570598463,-0.7758657448633574,-0.029140005882691312,,Blk 681,Hougang Ave 4,1.37339164793235,103.88521854859373
59579,2564.222222222222,2565.9,0.0006538339364885459,0.0006540477324899529,0.030621283570598463,-0.7741595383492462,-0.029076864912285436,,Blk 456,Yishun Ring Rd,1.420294,103.843953
09047,1922.4285714285713,2040.6,0.05962450633514216,0.061437908496732065,0.030621283570598463,0.7729716849713645,0.029901017393478505,,Orchard Stn/Tang Plaza,Orchard Rd,1.30446065207443,103.83294467208566
43531,941.1666666666667,999.0500000000001,0.05962309028494328,0.06143640544843485,0.030621283570598463,0.7729345340387507,0.029899559002970578,,Blk 140,Bt Batok West Ave 3,1.35154868659228,103.7437763360561
94059,1423.8333333333333,1511.35,0.05960988463507633,0.06142238858345956,0.030621283570598463,0.7725880758349967,0.029885958599797532,,Temasek Sec Sch,Upp East Coast Rd,1.31707137658578,103.94798092494041
43471,771.3333333333334,771.9,0.0007334383485586571,0.0007337073802329207,0.030621283570598463,-0.7720710684977381,-0.028999572070566717,,Blk 306,Bt Batok West Ave 2,1.35796999999619,103.74730694399486
46641,315.2173913043478,315.45,0.0007353269959233799,0.0007355974150969578,0.030621283570598463,-0.7720215186929122,-0.02899773819143558,,Blk 894C,Woodlands Ave 5,1.43537882843176,103.79002659369449
66599,303.5238095238095,303.75,0.0007424920718612782,0.0007427677873342951,0.030621283570598463,-0.7718335385961949,-0.028990780861568987,,KLA Corporation,S'goon Nth Ave 5,1.37284849802167,103.868436813377
12031,902.9444444444445,958.35,0.059488068560953344,0.061293098150082485,0.030621283570598463,0.7693921575231969,0.02976050957653541,,Pandan Valley Condo,Ulu Pandan Rd,1.3208008510991,103.7796285552172
55139,1591.9565217391305,1593.3,0.0008430311970650806,0.0008433866477430123,0.030621283570598463,-0.7691958338958548,-0.028893151536410748,,Blk 641,Ang Mo Kio Ave 4,1.37894011617745,103.84007487448596
40399,1073.8260869565217,1074.75,0.0008592238200018087,0.0008595930585335127,0.030621283570598463,-0.7687710106487412,-0.028877426642069003,,Blk 123B,Tengah Blvd,1.35984,103.734244
30121,835.5,886.75,0.05946365139631826,0.06126718469814667,0.030621283570598463,0.7687515584549597,0.029735366051606416,,Blk 805D,Brickland Rd,1.37211783027051,103.74443713836388
67449,2099.9444444444443,2228.6,0.0594352181071649,0.06123700981040286,0.030621283570598463,0.7680055939332482,0.029706087704433858,,Blk 323B,Sengkang East Rd,1.39203289077574,103.89307115004729
82049,3550.130434782609,3553.3,0.0008921529685537166,0.0008925510553893484,0.030621283570598463,-0.7679070945390923,-0.02884544787607491,,Joo Chiat Cplx,Changi Rd,1.31634170548514,103.89891621295058
63211,1375.9130434782608,1377.2,0.0009342314417111197,0.0009346679718339319,0.030621283570598463,-0.7668031403699525,-0.028804582315547507,,Blk 138,Yio Chu Kang Rd,1.36816,103.875784
21141,456.57142857142856,457.0,0.0009361835603405311,0.000936621916953269,0.030621283570598463,-0.7667519253581451,-0.028802686425029346,,Aft Jln Buroh,Jurong Port Rd,1.31517431113868,103.71957368500223
44021,2267.608695652174,2269.75,0.0009434392169556105,0.0009438843957223503,0.030621283570598463,-0.7665615688226286,-0.028795639725252373,,Bt Panjang Stn Exit B,Upp Bt Timah Rd,1.37820722702851,103.76172178111382
46419,1840.5555555555557,1953.2,0.05937027743747425,0.06116809460600926,0.030621283570598463,0.76630183622361,0.02963922007275168,,Evergreen Pr Sch,Woodlands Ave 4,1.443561111,103.7940981
40071,372.7391304347826,395.6,0.05937017425244395,0.06116798510935291,0.030621283570598463,0.7662991291019907,0.029639113829403048,,Leng Kwang Baptist Ch,Bt Timah Rd,1.31918027796911,103.829213610999
28471,538.8333333333334,571.85,0.05936345239636065,0.0611608521148503,0.030621283570598463,0.7661227771459737,0.029632192766723364,,Opp Blk 311,Jurong East St 32,1.34811145616559,103.73224640616968
40041,1621.5555555555557,1720.75,0.0593388057205555,0.06113469834965411,0.030621283570598463,0.765476156713508,0.02960681606859661,,Newton Stn Exit C,Bt Timah Rd,1.3137222313328,103.83809742560602
67109,990.3333333333334,991.35,0.0010250292862767907,0.0010255548083388157,0.030621283570598463,-0.7644210040533083,-0.02871639586146031,,Blk 235,Sengkang East Way,1.39102885574104,103.89998669813552
11409,440.05555555555554,467.0,0.059297452088698854,0.06109081748331111,0.030621283570598463,0.7643912191938778,0.02956423896773276,,Blk 9,Holland Ave,1.3076441670056,103.79432583301961
28071,404.7826086956522,405.2,0.0010280795096875295,0.001028608164577547,0.030621283570598463,-0.7643409795990346,-0.028713433224954156,,Blk 105,Boon Lay Way,1.33765035288669,103.73904242961275
64381,1090.2608695652173,1091.4,0.0010433218399343858,0.0010438662894941364,0.030621283570598463,-0.7639410878548527,-0.02869862844150962,,Hougang Stn Exit C,Hougang Ave 10,1.37299,103.891721
58519,720.695652173913,721.45,0.00104469780255112,0.001045243689379487,0.030621283570598463,-0.7639049886441792,-0.028697291966213304,,Opp Blk 104B,Canberra st,1.44973306,103.831062
64111,1990.5,2112.0,0.05922061499435749,0.06100928948029093,0.030621283570598463,0.762375351595131,0.029485133282337123,,Opp Blk 953,Yio Chu Kang Rd,1.37594188334629,103.87684285462154
04167,2076.5652173913045,2079.0,0.0011712542123714087,0.0011719403984597062,0.030621283570598463,-0.7605847047610198,-0.028574359603860688,,City Hall Stn Exit B,Nth Bridge Rd,1.29250006522444,103.85145315468638
77011,853.2777777777778,854.3,0.0011958769672073544,0.0011965923131945463,0.030621283570598463,-0.7599387119096354,-0.028550440133995447,,Opp Blk 515,Pasir Ris Dr 1,1.37376489998905,103.94266590001561
80031,2859.190476190476,3033.35,0.05910901085399889,0.06089088305807237,0.030621283570598463,0.7594473495361856,0.029370244890154565,,Kallang Stn,Sims Ave,1.31107705658993,103.8713149052975
58051,501.6111111111111,502.25,0.001270332390324036,0.001271139604288817,0.030621283570598463,-0.7579853288945895,-0.02847810775324352,,Blk 592C,Sembawang Rd,1.45087972197488,103.82843083296738
53231,3968.1111111111113,4209.45,0.059027362197108246,0.06080426627848313,0.030621283570598463,0.757305247686579,0.02928620162327271,,Bishan Stn,Bishan Rd,1.35089997844732,103.84797987894204
84009,28364.608695652172,28402.05,0.0013190838267806981,0.0013199542005082998,0.030621283570598463,-0.7567063055011654,-0.02843074351091935,,Bedok Int,Bedok Nth Dr,1.32453874317344,103.92903818515839
10341,1425.7222222222222,1512.4,0.05897911430089309,0.06075308593902091,0.030621283570598463,0.7560394349756541,0.029236541927438655,,Opp Blk 116,Henderson Rd,1.28484639603431,103.82059301467888
59431,754.8333333333334,800.7,0.05891357972772404,0.0606835722160971,0.030621283570598463,0.7543200958493949,0.02916909356009758,,Blk 630,Yishun Ring Rd,1.417805,103.8376805
96151,348.0869565217391,348.6,0.0014685935258462735,0.0014696724374145562,0.030621283570598463,-0.7527838282051645,-0.0282854736244024,,Blk 106,Simei St 1,1.34232997550862,103.95121028080379
75511,780.6666666666666,828.05,0.058852074735112225,0.060618336886994265,0.030621283570598463,0.7527064752039226,0.029105796469165363,,Blk 610C,Tampines Nth Dr 1,1.364262,103.934773
51089,312.8333333333333,331.85,0.05882987861761535,0.06059479553903361,0.030621283570598463,0.7521241466494208,0.0290829545694919,,Marymount Convent Sch,Marymount Rd,1.34154969745419,103.83962581957273
14381,1777.304347826087,1780.0,0.0015147076090604727,0.001515855358059171,0.030621283570598463,-0.7515739973676732,-0.0282406628666771,,Blk 109,Bt Purmei Ave,1.27413014152159,103.82554290547176
55049,352.9047619047619,353.45,0.0015394495307745615,0.001540635091495707,0.030621283570598463,-0.7509248781012343,-0.02821661937579296,,Bef AMK St 64/Apple SG,Yio Chu Kang Rd,1.39110547694961,103.84659281119058
83121,483.0,512.3,0.058775562849625373,0.06053719008264419,0.030621283570598463,0.750699139655981,0.02902706065646321,,Bef Lor K Telok Kurau,Telok Kurau Rd,1.31260836391216,103.91063424326731
78119,819.8695652173913,821.15,0.0015586363898929534,0.001559851694915094,0.030621283570598463,-0.7504214992586319,-0.02819797372610017,,Opp Blk 476,Pasir Ris Dr 3,1.37568,103.957966
54201,469.6086956521739,470.34999999999997,0.0015739639206850953,0.0015752032520325527,0.030621283570598463,-0.7500193722266622,-0.02818307828646373,,Opp Blk 155,Ang Mo Kio Ave 4,1.375969,103.839271
72071,516.8260869565217,517.65,0.001589835457640909,0.0015910999160369053,0.030621283570598463,-0.7496029728642736,-0.028167653935872717,,Blk 133,Bedok Reservoir Rd,1.33219165087886,103.91184110459187
55119,968.304347826087,969.85,0.0015933294200438652,0.001594599443796753,0.030621283570598463,-0.7495113066494103,-0.028164258384261634,,Blk 617,Ang Mo Kio Ave 5,1.37728530731209,103.8378470631113
54339,1515.5217391304348,1517.95,0.0015999235678867407,0.0016012041284402207,0.030621283570598463,-0.7493383051962484,-0.028157849934573317,,Blk 422,Ang Mo Kio Ave 8,1.3678447007404,103.85057966582927
76319,305.8888888888889,324.45,0.05872308338537824,0.0604815351194786,0.030621283570598463,0.7493223092008184,0.02897305928461808,,Tampines East Stn Exit D,Tampines Ave 9,1.357643,103.955554
66489,1758.913043478261,1761.75,0.0016106889021481052,0.0016119867582384511,0.030621283570598463,-0.7490558701469642,-0.028147387672663806,,Blk 969,Buangkok Green,1.37889334025536,103.8789799431682
42119,567.3888888888889,601.7,0.05861371250622316,0.06036555566415796,0.030621283570598463,0.7464528980989923,0.028860525750555182,,Southaven II,Upp Bt Timah Rd,1.34582513057916,103.77330275765884
59569,2969.277777777778,2974.65,0.001807026215201013,0.0018086598709436124,0.030621283570598463,-0.7439048421024889,-0.027956558009197333,,Khatib Stn Exit D,Yishun Ring Rd,1.41849332350079,103.83293900021363
54221,1386.1739130434783,1388.7,0.0018193751192390195,0.001821031186334739,0.030621283570598463,-0.7435808611432447,-0.02794455426389502,,Opp Ang Mo Kio Pr Sch,Ang Mo Kio Ave 3,1.36995608006054,103.83959341119167
44139,864.0434782608695,916.15,0.058491266206268655,0.06023572577402472,0.030621283570598463,0.7432404454316895,0.0287345532985955,,Opp Blk 26,Choa Chu Kang Rd,1.37680960030968,103.75536565517723
76121,688.7222222222222,690.05,0.001923240003933735,0.0019250906161904415,0.030621283570598463,-0.7408559031330753,-0.02784358659369983,,Opp St. Hilda's Sec Sch,Tampines Ave 4,1.35003333718868,103.93817517168992
96181,333.05555555555554,333.7,0.001927295073876678,0.0019291535007481147,0.030621283570598463,-0.7407495159228521,-0.0278396444234551,,Blk 151,Simei Rd,1.34563053684832,103.95770528781159
46289,747.7826086956522,792.8,0.05838284102200397,0.06012077575194496,0.030621283570598463,0.7403958452067477,0.0286230186117884,,Blk 891C CP,Woodlands Ave 7,1.43872239825648,103.79091198323174
11269,886.0434782608695,939.25,0.058251799037131846,0.059981864523086605,0.030621283570598463,0.7369578795517011,0.028488234641116755,,Opp Holland Village,Holland Rd,1.31256112590195,103.79453796697418
84111,931.6521739130435,933.6,0.0020863028793725036,0.0020884807235088862,0.030621283570598463,-0.7365778500654369,-0.027685051048273887,,Opp Blk 17,Bedok Sth Rd,1.31958802627855,103.93574197184712
98019,1628.4444444444443,1726.1,0.0582045762745409,0.05993181043300303,0.030621283570598463,0.7357189618408428,0.028439667732125546,,Opp Blk 149A,Loyang Ave,1.3622609999684,103.96338699998489
75269,559.6086956521739,560.8000000000001,0.002122764728727411,0.002125019388862923,0.030621283570598463,-0.7356212514155921,-0.027649598000741776,,Blk 522 CP,Tampines Ave 6,1.35917286418935,103.93814214622792
84331,364.55555555555554,386.45,0.05816854178676145,0.05989361702127708,0.030621283570598463,0.734773575280163,0.02840260910318512,,Opp Blk 416,Bedok Nth Ave 2,1.32898829919632,103.93099993868753
83059,1112.5,1114.95,0.0021978523727721466,0.002200269420745566,0.030621283570598463,-0.7336512817024802,-0.0275765837586703,,Mjd Kassim,Changi Rd,1.31888900641724,103.91222670426201
14269,705.4444444444445,747.7,0.058093805102111595,0.05981440704624169,0.030621283570598463,0.7328128131988423,0.028325752573732363,,Blk 10,Telok Blangah Cres,1.27758480623244,103.81999451121168
65691,320.5217391304348,321.25,0.002262482603546445,0.0022650439486140875,0.030621283570598463,-0.7319556685453947,-0.027513733777885782,,Opp Blk 437B,New Punggol Rd,1.420151,103.911959
70141,543.2857142857143,575.8000000000001,0.05802126690530596,0.059737532808398934,0.030621283570598463,0.7309097297745478,0.02825116238326353,,Grantral Mall Macpherson,MacPherson Rd,1.33325940650465,103.88723373413463
54369,347.42857142857144,348.25,0.0023547489764643714,0.0023575235752359034,0.030621283570598463,-0.729535004500073,-0.027424001857833228,,Opp Blk 4025,Ang Mo Kio Ind Pk 1,1.35874638898802,103.85588277797046
92249,782.6111111111111,829.35,0.05793443311283042,0.05964551577454833,0.030621283570598463,0.7286315927597609,0.02816187931166636,,Opp Amber Gdns,Amber Rd,1.30166304472072,103.90118149629421
14029,1297.4347826086955,1300.55,0.0023963362423389256,0.0023992097508712135,0.030621283570598463,-0.7284439374508099,-0.027383554240168195,,Blk 105,Lower Delta Rd,1.27247333301883,103.82418777803016
92059,1169.5555555555557,1239.35,0.057915127934214716,0.059625059326055316,0.030621283570598463,0.7281251097336522,0.028142030654531944,,Marine Pde Stn Exit 6,Marine Parade Rd,1.3043585,103.907884
62231,404.2173913043478,405.2,0.002421957395797314,0.0024248927038628427,0.030621283570598463,-0.7277717510082848,-0.027358634365718632,,Bef S'pore Girls' Hme,Hougang Ave 3,1.34771728070981,103.89029313192805
62111,322.94444444444446,342.25,0.057887011322089066,0.059595266678099744,0.030621283570598463,0.7273874534251143,0.028113123190237843,,Aft Sommerville Rd,Upp S'goon Rd,1.34509852230089,103.87077171254077
55261,369.1428571428571,391.2,0.05788288225544935,0.059590891547665115,0.030621283570598463,0.727279124866839,0.028108878051403264,,Bullion Pk Condo,Lentor Ave,1.39203,103.836929
75491,408.0,409.0,0.0024420036555516944,0.002444987775061077,0.030621283570598463,-0.7272458252707057,-0.02733913634882477,,Blk 614,Tampines Ave 6,1.365746,103.936676
40011,3102.260869565217,3109.85,0.0024425486983314926,0.0024455341506127073,0.030621283570598463,-0.7272315257440365,-0.027338606206899367,,Little India Stn Exit A,Bt Timah Rd,1.30606411522588,103.84908751469008
81119,3841.695652173913,3851.25,0.0024832801082279587,0.002486366002126873,0.030621283570598463,-0.7261629125935082,-0.02729898753012151,,Paya Lebar Stn Exit C,Paya Lebar Rd,1.31856724602339,103.89169495502705
77041,491.6666666666667,521.0,0.05783477504260137,0.059539918809201675,0.030621283570598463,0.7260170030690597,0.02805941978843507,,Blk 541,Pasir Ris Dr 1,1.36944854648197,103.95130450100082
84641,708.952380952381,751.2,0.05780434733126061,0.05950767992487835,0.030621283570598463,0.725218713676135,0.02802813876907593,,Blk 24,Chai Chee Rd,1.32460611097515,103.92299333298999
58219,5429.055555555556,5443.05,0.0025739040510543987,0.0025772193859274857,0.030621283570598463,-0.7237853386940726,-0.027210833534809235,,Opp Sembawang Stn,Sembawang Way,1.44953463697186,103.8199297231716
59131,535.2173913043479,536.6,0.0025751295721017087,0.002578448066164283,0.030621283570598463,-0.7237531864088771,-0.02720964136048062,,Blk 137,Yishun Ring Rd,1.43192545956112,103.82969184791156
70211,1507.8260869565217,1511.8,0.0026303157440814573,0.002633778059533675,0.030621283570598463,-0.7223053438408253,-0.027155955303098125,,Blk 90,Pipit Rd,1.32362166702646,103.88696166698931
58129,1143.6521739130435,1146.7,0.002659127090122837,0.002662665704410092,0.030621283570598463,-0.7215494607682164,-0.02712792595290235,,Blk 508 CP,Canberra Rd,1.45284216119403,103.8198821920911
29029,399.3333333333333,400.4,0.0026609029503639192,0.0026644462947543733,0.030621283570598463,-0.7215028700017305,-0.027126198266532328,,Bef Penjuru Cl,Penjuru Rd,1.313867,103.734975
52279,1658.6666666666667,1663.1,0.0026676577552260383,0.0026712191203058107,0.030621283570598463,-0.721325653614592,-0.027119626671651253,,Blk 56,Lor 4 Toa Payoh,1.33702420555118,103.84992957112877
84279,514.9130434782609,516.3,0.0026847461200301126,0.0026883532782736386,0.030621283570598463,-0.7208773300383379,-0.02710300159487381,,Aft Bedok Nth St 5,Bedok Nth Ave 4,1.33664160677812,103.94439635871171
21361,857.0434782608695,859.4,0.0027426252257773953,0.0027463896630354244,0.030621283570598463,-0.7193588367256935,-0.02704668955699243,,Blk 695,Jln Boon Lay,1.34302323304896,103.70767181671128
78049,1252.3333333333333,1326.6,0.05756613212998918,0.059255319148936315,0.030621283570598463,0.7189689939295946,0.027783276005260562,,Blk 612,Pasir Ris Dr 1,1.3744627816256,103.94180578126523
60059,742.2857142857143,744.35,0.0027733944814487543,0.0027772438977509825,0.030621283570598463,-0.7185515867108779,-0.02701675204725203,,Bef Kallang Pl,Boon Keng Rd,1.31434638899368,103.86586250001177
98319,754.3888888888889,756.5,0.002790836124002105,0.0027947341325284493,0.030621283570598463,-0.7180939946794039,-0.02699978147323393,,Aft Ballota Pk,Flora Rd,1.359214,103.968401
95129,3432.3478260869565,3441.95,0.0027928342829977026,0.0027967378778490947,0.030621283570598463,-0.7180415717707699,-0.026997837262152137,,Changi Airport Ter 2,PTB2 Basement,1.355348,103.9886095
64031,1148.3333333333333,1216.35,0.057494300965702294,0.059179234338747735,0.030621283570598463,0.717084459930653,0.027709451787382024,,Blk 436,Hougang Ave 8,1.37699995735935,103.893660799245
18119,717.0,759.45,0.05744079427015425,0.05912256267409544,0.030621283570598463,0.7156806794416081,0.027654463921756,,Opp Fairfield Meth Pr Sch,Dover Rd,1.30004638896912,103.78466749999943
11101,960.6086956521739,1017.45,0.0574295360205781,0.0591106388750738,0.030621283570598463,0.715385312461197,0.027642894396449545,,Empress Rd Mkt/FC,Farrer Rd,1.31614971080385,103.80596012189226
96221,394.94444444444446,396.1,0.0029142285315000294,0.0029184790234322963,0.030621283570598463,-0.7148567203090155,-0.026879713226171213,,Opp S'pore Expo,Xilin Ave,1.33090140156137,103.95796397863708
84071,493.1304347826087,494.6,0.0029696293974934562,0.0029740431148261837,0.030621283570598463,-0.7134032451137863,-0.02682580002616298,,Blk 71,Bedok Sth Rd,1.32067138376849,103.9426000755741
52171,1697.8333333333335,1702.95,0.0030073442953924,0.0030118708917884394,0.030621283570598463,-0.712413771978236,-0.026789096168436305,,Braddell Stn/Blk 107,Lor 1 Toa Payoh,1.3409498853794,103.8477798112237
28681,723.6666666666666,766.4,0.057296398799806525,0.058969641214350985,0.030621283570598463,0.7118923770262853,0.02750608598489188,,Toh Guan Ctr,Toh Guan Rd East,1.33720242588623,103.75488889772056
76559,307.23809523809524,308.2,0.003115795891179829,0.00312065502858038,0.030621283570598463,-0.7095684788310358,-0.026683544169340132,,Aft Tampines Stn Exit E,Tampines Ctrl 1,1.355625,103.943569
53351,343.39130434782606,363.65,0.05715946589511223,0.05882464335311215,0.030621283570598463,0.7082998595301243,0.027365396224695495,,Ai Tong Sch,Sin Ming Ave,1.36080972198475,103.83211750001261
10089,2238.3333333333335,2370.05,0.05715469248738625,0.05881958916344197,0.030621283570598463,0.7081746262941088,0.027360492202480213,,Blk 119,Jln Bt Merah,1.28292332245689,103.82165660905856
28349,1644.8695652173913,1650.1000000000001,0.0031728768295291587,0.003177915731078773,0.030621283570598463,-0.7080709259223682,-0.026627984767054153,,Opp Chinese Gdn Stn,Boon Lay Way,1.34255113741933,103.73318514055593
81089,2409.3888888888887,2551.1,0.057128450498941774,0.05879180399658896,0.030621283570598463,0.7074861518705851,0.0273335325740542,,Aljunied Stn,Aljunied Rd,1.31628194302502,103.88202243551633
47521,1416.5,1499.8,0.05710354265005346,0.058765432098765814,0.030621283570598463,0.7068326794044693,0.027307944224343645,,Opp Blk 575,Woodlands Dr 16,1.43165346145517,103.79813585749302
59501,339.8888888888889,341.0,0.0032541519116771056,0.003259452411994159,0.030621283570598463,-0.7059386250318681,-0.02654887066159642,,Blk 871,Yishun Ave 1,1.41289253257843,103.83810681040471
11071,810.5238095238095,858.15,0.057029801728275764,0.0586873606384226,0.030621283570598463,0.7048980417637879,0.027232192382626634,,Blk 97,Queensway,1.30621305601609,103.80170944396954
47541,381.8333333333333,404.3,0.057027800173219845,0.05868524161950394,0.030621283570598463,0.7048455297574592,0.027230136322896028,,Blk 639,Woodlands Ave 6,1.43789201937501,103.80334162830194
21069,331.9130434782609,351.45,0.057027443035910785,0.058684863523573126,0.030621283570598463,0.7048361600443563,0.027229769460754866,,Bef Jln Tepong,Jurong Port Rd,1.31237305598007,103.7191852779968
59479,631.0555555555555,668.1,0.05695623114521986,0.05860947525709811,0.030621283570598463,0.7029678730623998,0.027156621091245323,,Opp Blk 430B,Yishun Ave 1,1.42034812354505,103.84865147425622
76079,1929.0,1935.55,0.0033880365005005686,0.0033937823834194305,0.030621283570598463,-0.7024260819445189,-0.026418531832419632,,Blk 101,Tampines Ave 2,1.34794388891649,103.94563500000055
59771,335.69565217391306,355.4,0.056874282569390644,0.0585227272727269,0.030621283570598463,0.7008179026582141,0.027072450517869755,,Blk 469B,Yishun Ave 1,1.423939,103.852066
72011,1721.5555555555557,1822.3,0.056839069815016074,0.05848545442817517,0.030621283570598463,0.6998940747699424,0.027036285104690427,,Blk 322,Jln Eunos,1.32816499999482,103.90548361097667
54241,3175.521739130435,3186.75,0.003528533343526874,0.0035347659457973303,0.030621283570598463,-0.6987400623727134,-0.026281737100324186,,Blk 700B,Ang Mo Kio Ave 3,1.36913518643274,103.84618005827467
59409,1794.1666666666667,1800.55,0.0035495373291833943,0.0035558443969920437,0.030621283570598463,-0.6981890101173872,-0.026261284921108866,,Evangel Family Ch,Yishun Ring Rd,1.42663883088373,103.84640616622914
56049,358.22222222222223,379.2,0.0567562296651154,0.05839777296628552,0.030621283570598463,0.6977207133812595,0.02695120878879495,,Meadows @ Peirce,Upp Thomson Rd,1.37945638898658,103.82768833298778
09213,1748.0,1850.1,0.056735860947036976,0.05837621497998815,0.030621283570598463,0.6971863277547042,0.026930291322174556,,15 Scotts,Scotts Rd,1.3078105,103.8330555
10379,781.4347826086956,784.25,0.00359156438684316,0.003598021782618812,0.030621283570598463,-0.6970864048648956,-0.026220360688028167,,Blk 25B,Lower Delta Rd,1.28373603376667,103.82489520929732
95159,2172.217391304348,2180.15,0.0036435223573967335,0.003650168053777697,0.030621283570598463,-0.6957232561118953,-0.026169763759757655,,Near SATS Flight Kitchen,Airport Blvd,1.341239,103.981954
28441,2225.5652173913045,2233.7,0.0036468540775045355,0.003653511940794246,0.030621283570598463,-0.6956358464216802,-0.02616651922457305,,Seventh-Day Advent Ch,Jurong East Ctrl,1.33576638902918,103.73884916698127
65179,1204.0,1274.25,0.05666267087828025,0.05829875518672166,0.030621283570598463,0.6952661420758803,0.026855132974000207,,Coral Edge Stn Exit A,Punggol Field,1.39429582834351,103.91190241454986
70131,523.1904761904761,553.75,0.056662439363001305,0.058298510174418505,0.030621283570598463,0.6952600681326444,0.02685489524137518,,Bef Davidson Rd,MacPherson Rd,1.3327616336301,103.88503448837113
58281,781.2608695652174,784.15,0.003686504620961095,0.003693308136949971,0.030621283570598463,-0.6945955904553149,-0.026127905432300248,,Sembawang Sec Sch,Sembawang Cres,1.4450136750226,103.8162666133863
20199,703.695652173913,706.3,0.0036888934826286857,0.003695705824283667,0.030621283570598463,-0.6945329172259995,-0.02612557898380562,,Blk 410,Pandan Gdns,1.31908111097886,103.74819972197395
76239,2624.2608695652175,2634.0,0.003702912005505432,0.0037097762541201482,0.030621283570598463,-0.6941651328076562,-0.026111926607262668,,Blk 390,Tampines Ave 7,1.3564927293972,103.95754826481253
44121,1640.4782608695652,1736.1,0.05661984170834877,0.05825343010012234,0.030621283570598463,0.6941424929232651,0.026811154562801198,,Blk 113,Choa Chu Kang Way,1.377619,103.750861
10141,2302.1304347826085,2310.7,0.003713928469825767,0.0037208336479648036,0.030621283570598463,-0.69387610920953,-0.026101197744953182,,Blk 18,Tiong Bahru Rd,1.28583847140468,103.83238179897589
75311,825.3888888888889,873.5,0.05658682194099107,0.058218487394958114,0.030621283570598463,0.69327619937449,0.026777250057119766,,Bef Tampines Lk,Tampines Ave 10,1.367478,103.930734
52349,416.8333333333333,418.4,0.0037424895375810507,0.003749501396090813,0.030621283570598463,-0.693126792338987,-0.02607338175804994,,United Medicare Ctr,Lor 6 Toa Payoh,1.33619305600558,103.85544250002881
18131,529.8571428571429,531.85,0.003747007788549972,0.0037540365984936337,0.030621283570598463,-0.6930082532946709,-0.026068981303222234,,Science Pk,AYE,1.28950073498414,103.7918327963467
03071,796.2380952380952,842.6,0.05652507510804128,0.0581531477720707,0.030621283570598463,0.6916562339016193,0.02671385177112567,,80 Robinson Rd,Robinson Rd,1.27990609626764,103.84940030424481
21561,2038.8333333333333,2046.65,0.00382468896281285,0.0038320124193151595,0.030621283570598463,-0.6909702407491491,-0.02599332225943519,,Blk 158,Corporation Dr,1.328801,103.722753
32089,369.8571428571429,391.4,0.05646479892254064,0.05808936825885971,0.030621283570598463,0.6900748517532138,0.026651967241640664,,Aft Sg Gedong Camp,Lim Chu Kang Rd,1.41681891211204,103.7010851003633
43061,1055.2608695652173,1059.35,0.003863851954005959,0.0038713262533955424,0.030621283570598463,-0.6899427760110182,-0.02595517649754661,,Hillview Stn Exit B,Upp Bt Timah Rd,1.36301133873589,103.76739148459211
78131,582.8333333333334,585.1,0.003874869512952017,0.0038823865258352866,0.030621283570598463,-0.6896537236947246,-0.02594444484216936,,Pasir Ris Pr Sch,Pasir Ris Dr 3,1.37308472383764,103.9637271722912
63311,928.4782608695652,982.45,0.056443378791160015,0.05806670408831479,0.030621283570598463,0.6895128816633603,0.02662997645714376,,Blk 634,Hougang Ave 2,1.36990463865149,103.87780647158901
81211,2125.190476190476,2248.65,0.05644277896166727,0.058066069428890726,0.030621283570598463,0.6894971447741721,0.02662936065439044,,Geylang Polyclinic,Geylang East Ctrl,1.31904666371972,103.88666750777982
08121,4644.285714285714,4913.85,0.05640835386707366,0.05802964603130739,0.030621283570598463,0.6885939816161959,0.026594019449852974,,Somerset Stn,Somerset Rd,1.30027569326586,103.83877618459663
27271,631.0434782608696,633.55,0.0039578997589977405,0.003965742587878777,0.030621283570598463,-0.6874753750188112,-0.025863565412089378,,Blk 962,Jurong West St 91,1.34199989028017,103.69132051378558
17241,390.27777777777777,412.95,0.05632745673556894,0.05794405792985912,0.030621283570598463,0.6864715964891971,0.026510974297562172,,Blk 334,Clementi Ave 2,1.31519114798349,103.76905503649127
84231,2761.217391304348,2772.2999999999997,0.004004187041601881,0.004012214509452004,0.030621283570598463,-0.6862610001906692,-0.02581847424008076,,Blk 85,Bedok Nth Rd,1.33173871602405,103.93855496527853
53421,339.5217391304348,359.25,0.056319266598434226,0.05793539325842631,0.030621283570598463,0.6862567232925896,0.02650256706634062,,Blk 151A Mkt,Bishan St 11,1.345658889,103.8553811
45451,508.0,510.05,0.004019416224562811,0.004027504911591647,0.030621283570598463,-0.6858614533734778,-0.025803638138417233,,Blk 293,Choa Chu Kang Ave 1,1.3779238888638,103.73970805552322
59601,2313.9444444444443,2323.2999999999997,0.0040332292681588555,0.0040413736830733704,0.030621283570598463,-0.6854990598282243,-0.025790181428660887,,Blk 391,Yishun Ave 6,1.429842,103.849376
84391,1080.1304347826087,1084.5,0.0040335177346131346,0.0040416633153701614,0.030621283570598463,-0.6854914917364909,-0.025789900401768266,,Blk 534,Bedok Nth St 3,1.33274999618407,103.92447655289592
84611,325.82608695652175,344.75,0.056287785296548876,0.057902088599175706,0.030621283570598463,0.6854307923150972,0.026470251937804543,,Opp Waterfront Isle,Bedok Reservoir Rd,1.33922469822607,103.92795482353951
20281,578.1904761904761,580.55,0.004065554890035017,0.004073830469457147,0.030621283570598463,-0.6846509776055938,-0.025758688981433978,,Opp The Japanese Sec Sch,West Coast Highway,1.31234219524906,103.75484214400765
64369,660.4347826086956,663.15,0.00409663904453339,0.004105041740616707,0.030621283570598463,-0.6838354660297744,-0.025728405043330713,,Blk 532,Hougang Ave 8,1.376302,103.891097
44009,22462.043478260868,22554.6,0.004111925415761775,0.004120390980353837,0.030621283570598463,-0.6834344188438305,-0.025713511852221798,,Choa Chu Kang Int,Choa Chu Kang Loop,1.38586897797184,103.74578895932125
44631,519.9444444444445,522.1,0.004129246853104895,0.004137783939426243,0.030621283570598463,-0.6829799804686807,-0.0256966356637036,,Opp Bt Panjang Plaza,Jelebu Rd,1.37961719959059,103.76390959462616
76339,1321.611111111111,1327.1,0.004141452239860399,0.004150039904229281,0.030621283570598463,-0.6826597647720631,-0.02568474384175269,,Opp Tampines Changkat CC,Tampines St 11,1.34547166699324,103.94698416699394
96141,510.3478260869565,512.5,0.004199993446726502,0.004208825780121193,0.030621283570598463,-0.6811239008364929,-0.02562770458123185,,Blk 120/Opp Simei Stn,Simei St 1,1.34470972121071,103.95324349664256
43371,1227.2173913043478,1232.4,0.00421074076857586,0.0042196183935715595,0.030621283570598463,-0.6808419383537215,-0.025617232632299283,,Blk 109,Bt Batok West Ave 6,1.34682313984594,103.74590277613717
81189,1049.7391304347825,1054.2,0.004236472149274029,0.004245458683328754,0.030621283570598463,-0.6801668600329562,-0.0255921600957923,,Dakota Stn Exit B/Blk 60,Old Airport Rd,1.308338,103.888514
27441,341.30434782608694,361.05,0.056082076579512474,0.057684491299377846,0.030621283570598463,0.6800338998244578,0.026259119775809994,,Bet Blks 757/758,Jurong West Ave 5,1.35032868767666,103.70079327483805
78061,1726.4444444444443,1733.8,0.004249016347690038,0.004258056216633667,0.030621283570598463,-0.6798377554076988,-0.0255799368538452,,Blk 104,Pasir Ris Dr 1,1.36824361151738,103.95848117561664
06049,487.77777777777777,515.95,0.05603821402020159,0.05763809956808351,0.030621283570598463,0.6788831390770501,0.026214106411508394,,Bef Outram Flyover,Outram Rd,1.28474856880259,103.83517705055233
43549,530.6111111111111,561.25,0.05603436295632669,0.05763402654404828,0.030621283570598463,0.6787821040892923,0.026210154403044996,,Regent Hts,Bt Batok East Ave 5,1.352709,103.7552615
50189,1060.111111111111,1121.25,0.05601902152348526,0.05761780104712075,0.030621283570598463,0.6783796123286592,0.0261944109896436,,Opp Public Mansion,Balestier Rd,1.32606229603246,103.84849190712964
56039,413.6111111111111,437.5,0.05601881257701535,0.057617580061637794,0.030621283570598463,0.6783741304917656,0.02619419656996639,,Aft Yio Chu Kang Rd,Upp Thomson Rd,1.37673055602474,103.82848388900504
62021,312.7826086956522,314.15,0.0043482988159952995,0.004357766384924207,0.030621283570598463,-0.6772330198604251,-0.02548318922221752,,Wisma AUPE,Upp Paya Lebar Rd,1.3436889743392,103.8825074871872
75079,448.88888888888886,450.85,0.00434962765202318,0.004359101012595812,0.030621283570598463,-0.6771981570442863,-0.025481894248309173,,Blk 819,Tampines Ave 3,1.34858249441921,103.9370121634589
59141,1419.4347826086957,1425.75,0.0044361207508520906,0.004445974900521138,0.030621283570598463,-0.6749289583331823,-0.025397601512160403,,Blk 741,Yishun Ave 5,1.43034383196416,103.83275541050214
44709,550.9444444444445,582.65,0.05585409100891958,0.05744338198288861,0.030621283570598463,0.6740525606200082,0.02602517417393584,,Blk 547C,Segar Rd,1.3885418939603,103.76842967593706
55189,723.1666666666666,764.75,0.055834177241447236,0.05742232451093213,0.030621283570598463,0.6735301108975065,0.02600474235063453,,Yio Chu Kang Stn,Ang Mo Kio Ave 6,1.382955556,103.844225
54181,1540.7777777777778,1629.3,0.05582789519218778,0.05741568175266659,0.030621283570598463,0.6733652975392657,0.025998296958547804,,Mayflower Stn Exit 6,Ang Mo Kio Ave 4,1.37053305192374,103.83653495602837
96281,2923.904761904762,3091.8,0.05581490935075806,0.05740195040945476,0.030621283570598463,0.6730246061426813,0.025984973593864074,,Opp Changi General Hosp,Simei Ave,1.339714,103.94825
21391,490.8695652173913,519.1,0.05580753078170986,0.05739414832493611,0.030621283570598463,0.6728310249252123,0.025977403320822923,,River Valley High Sch,Boon Lay Ave,1.34485064221938,103.70847936082643
84289,427.0,428.95,0.004545727275108824,0.004556074766355233,0.030621283570598463,-0.6720533649397261,-0.025290772876279087,,Opp Blk 180,Bedok Nth Rd,1.32663077053638,103.94017072989195
82089,339.0,358.5,0.0557685595508941,0.05735294117647037,0.030621283570598463,0.6718085911364522,0.025937420497721336,,Aft Ipoh Lane,Tg Katong Rd,1.310947,103.894254
84469,671.8695652173914,674.95,0.004567608919161081,0.004578056345309469,0.030621283570598463,-0.671479286786064,-0.025269444402566534,,Blk 703,Bedok Reservoir Rd,1.3375152915469,103.9197283469228
43491,1702.3478260869565,1710.15,0.004570035120600835,0.004580493656992823,0.030621283570598463,-0.6714156339252634,-0.025267079507020312,,Blk 331,Bt Batok West Ave 4,1.36395398644152,103.74714799810218
60081,1558.4444444444446,1647.8,0.05571811811648608,0.05729960812255108,0.030621283570598463,0.6704852296255953,0.025885672047762556,,St. Andrew's Village,Jln Toa Payoh,1.32931226062177,103.8662910461625
60179,2534.6190476190477,2679.8,0.05567744996564272,0.05725661057692258,0.030621283570598463,0.6694182761145495,0.025843952022847557,,MOM Svcs Ctr,Bendemeer Rd,1.32634025655419,103.86834025123765
60029,682.7619047619047,685.95,0.004651744799002877,0.0046625809596763795,0.030621283570598463,-0.669271931139433,-0.025187431139582023,,Blk 16,Kallang Bahru,1.31717045698013,103.86600136758759
75121,1230.6521739130435,1236.4,0.004655905234297819,0.004666760802032688,0.030621283570598463,-0.6691627796055333,-0.025183375486527947,,Opp Darul Ghufran Mque,Tampines Ave 5,1.35593392058986,103.93903255460283
56021,413.05555555555554,436.75,0.055647814180431965,0.05722527841137783,0.030621283570598463,0.6686407633821657,0.0258135507823102,,Opp Sembawang Hills FC,Upp Thomson Rd,1.372666,103.82843
43421,1009.6521739130435,1014.4,0.004686784317758708,0.004697784469778622,0.030621283570598463,-0.6683526481922961,-0.02515327357786325,,Blk 503,Bt Batok East Ave 2,1.35109278850869,103.75362047618977
07111,4112.555555555556,4131.9,0.00469158653596935,0.004702609259360232,0.030621283570598463,-0.6682266590958067,-0.025148592139920406,,Aft Blk 672B,S'goon Rd,1.30879366465919,103.8531751994068
84309,456.8571428571429,483.05,0.05563098686662382,0.057207488299532414,0.030621283570598463,0.6681992886365296,0.02579628924101563,,Blk 423,Bedok Nth Ave 1,1.32802803259661,103.92687404688121
28081,420.0,444.05,0.05555380172255919,0.05712589073634215,0.030621283570598463,0.6661742897429844,0.025717116062185515,,Blk 112,Boon Lay Way,1.33950830792818,103.73664764665054
63349,2362.782608695652,2374.1,0.0047764056445993575,0.004787830853274578,0.030621283570598463,-0.666001378529077,-0.025065902605682287,,Blk 708,Hougang Ave 2,1.36687207146588,103.88923358520269
58341,1719.8333333333333,1818.0,0.05547822991694318,0.05704600484261441,0.030621283570598463,0.664191617758496,0.025639603696585047,,Blk 405,Sembawang Dr,1.45267992935187,103.81687772159036
65679,339.66666666666663,359.1,0.05547728855929002,0.05704500978473635,0.030621283570598463,0.6641669206716514,0.025638638203349155,,Opp Punggol Cove Pr Sch,Sumang Link,1.410983,103.898983
54451,463.39130434782606,465.65000000000003,0.00485198685121091,0.004863776799926062,0.030621283570598463,-0.6640184599037902,-0.024992213125499645,,Blk 643,Ang Mo Kio Ave 5,1.37723501808517,103.84059645206445
03529,1017.6190476190476,1022.6,0.00487799020725177,0.004889906970221342,0.030621283570598463,-0.6633362461455686,-0.024966859321234366,,Downtown Stn Exit E,Central Blvd,1.27939957419063,103.85278769921703
04249,1288.0434782608695,1361.45,0.05538409602034111,0.05694650566648698,0.030621283570598463,0.6617219581008724,0.025543060788231056,,Opp The Treasury,Nth Bridge Rd,1.29043039362749,103.85026216508201
54311,1385.611111111111,1392.5,0.004955847239955347,0.004968147762330248,0.030621283570598463,-0.6612936198475929,-0.02489094317884903,,Blk 332,Ang Mo Kio Ave 8,1.36143610819625,103.85257506359629
65549,903.0,907.5,0.0049655274440496555,0.004977876106194968,0.030621283570598463,-0.6610396538439297,-0.024881503878477686,,Opp Blk 228B,Sumang Crescent,1.403521,103.8912
57079,395.4761904761905,397.45,0.004966029812259798,0.004978380975258635,0.030621283570598463,-0.6610264739103814,-0.024881014009821067,,Khatib Camp,Sembawang Rd,1.42443860227619,103.82566793061787
75089,2004.6666666666667,2014.7,0.004990022041972075,0.005002492936679568,0.030621283570598463,-0.6603970232666103,-0.02485761845045769,,Blk 827,Tampines Ave 3,1.34977145890473,103.93404731779178
62089,911.4444444444445,963.35,0.05532709845320127,0.056886264003897444,0.030621283570598463,0.6602265924862628,0.025484608994589823,,Bartley Chr Ch,Bartley Rd,1.34383983323818,103.8782509427123
62041,703.1666666666666,706.7,0.0050052045185200456,0.005017751479290171,0.030621283570598463,-0.6599987018203852,-0.024842813261729456,,Opp Bethany Presby Ch,Upp Paya Lebar Rd,1.3483829232168,103.88018488884609
95099,616.5,619.6,0.0050076835121473096,0.0050202429149795,0.030621283570598463,-0.6599336639246457,-0.024840395850281576,,Opp SAF Ferry Ter,Nicoll Dr,1.388248,103.998803
96219,754.1904761904761,758.0,0.005031773620452817,0.005044454253106258,0.030621283570598463,-0.6593016453768382,-0.024816903866841374,,Tanah Merah Ferry Ter,Tanah Merah Ferry Rd,1.31520306285456,103.98889428788505
82061,5893.347826086956,5923.1,0.005034880587089674,0.005047576897545154,0.030621283570598463,-0.6592201322297403,-0.02481387400079002,,Eunos Stn/Int,Sims Ave,1.31876162629115,103.9022689641617
67139,876.3888888888889,880.85,0.005071648542483764,0.005084531121382925,0.030621283570598463,-0.6582555027029934,-0.024778017741631714,,Nth Spring Pr Sch,Rivervale Dr,1.38715714684677,103.90417577185805
29011,488.0,490.5,0.005099450112348691,0.005112474437627283,0.030621283570598463,-0.6575261117185294,-0.024750904662666814,,Opp Sanmina-SCI,Penjuru Rd,1.3085474999723,103.73362194401842
80319,580.5217391304348,583.5,0.005108425077065881,0.00512149532710319,0.030621283570598463,-0.6572906480960647,-0.02474215179716742,,Geylang West CC,Upp Boon Keng Rd,1.31484297001272,103.87262229395158
28469,2074.0,2084.65,0.005119403583503157,0.005132530120482548,0.030621283570598463,-0.6570026203459365,-0.02473144486382996,,Blk 316,Jurong East Ave 1,1.34612717332075,103.73193313637753
61011,368.3478260869565,389.3,0.05517685600968658,0.05672748675691584,0.030621283570598463,0.6562848911968796,0.025330549254593458,,Blk 103,Upp S'goon Rd,1.3333927981396,103.86946402615806
50089,1063.391304347826,1068.9,0.005162095608571171,0.005175442179649962,0.030621283570598463,-0.6558825692716839,-0.024689807785446768,,Blk 51/Opp Pek Kio Mkt,Owen Rd,1.31665493432357,103.85044724612104
57061,305.04761904761904,322.4,0.05514923949514294,0.05669830402987361,0.030621283570598463,0.6555603552505891,0.02530223358955972,,Dieppe Barracks,Sembawang Rd,1.419905,103.8245465
16019,1134.5,1198.85,0.055123466417327016,0.05667107001320962,0.030621283570598463,0.6548841829807439,0.02527580873583494,,Haw Par Villa Stn,Pasir Panjang Rd,1.28278078585184,103.78217614858187
45231,465.65217391304344,468.1,0.005231794782037724,0.005245504518773962,0.030621283570598463,-0.6540539693401659,-0.024621827102104706,,Blk 432,Choa Chu Kang Way,1.384581,103.742313
07351,826.5555555555555,873.4,0.055061695241645836,0.056605800214823455,0.030621283570598463,0.6532635788616062,0.025212478199752825,,Arc 380,Lavender St,1.31351833300073,103.86054527803076
46189,2016.4347826086957,2027.15,0.005297252695776855,0.0053113079459494355,0.030621283570598463,-0.6523366414203718,-0.02455797879213434,,Blk 12,Marsiling Rd,1.44008271628617,103.77854042726402
54479,1055.5555555555557,1115.25,0.054960711987483535,0.05649910611000063,0.030621283570598463,0.6506142221696757,0.025108954134682882,,Blk 538,Ang Mo Kio Ave 5,1.37579335077466,103.853200441537
97019,1328.0,1335.15,0.005365564530031008,0.005379984951091055,0.030621283570598463,-0.6505444391713889,-0.024491342282451867,,Opp Salvation Army,Upp Changi Rd Nth,1.3529227886583,103.96544071070835
98289,684.1111111111111,722.8,0.054934080019766185,0.05647096983457714,0.030621283570598463,0.6499155164042838,0.025081653829641636,,Opp Estella Gdns,Flora Rd,1.359593,103.966128
45319,650.6521739130435,687.4499999999999,0.05493174990595229,0.05646850813984436,0.030621283570598463,0.6498543844604083,0.025079265275502475,,Blk 530,Choa Chu Kang Nth 5,1.39292754317447,103.74210769996479
84301,994.9130434782609,1000.3,0.0053944866852448925,0.005409063127564481,0.030621283570598463,-0.649785648953183,-0.0244631280616348,,Blk 41,Bedok Nth Ave 1,1.32782140214678,103.92656628872025
55129,840.6666666666666,845.25,0.00543077118513402,0.005445544554455224,0.030621283570598463,-0.6488337031737361,-0.024427730551926524,,Blk 604,Ang Mo Kio Ave 5,1.37955302001994,103.83549938754196
75179,454.1304347826087,479.8,0.054867335500111025,0.05640045854031333,0.030621283570598463,0.648164433600853,0.02501323753028137,,Blk 871C,Tampines Ave 5,1.357,103.9317
78121,436.55555555555554,438.95,0.0054574022287177115,0.005472320975113713,0.030621283570598463,-0.6481350216535491,-0.024401749698352727,,Bet Blks 232/233,Pasir Ris Dr 3,1.37485968829133,103.96200053620825
51019,487.88888888888886,515.45,0.054843235882509056,0.05637499999999974,0.030621283570598463,0.6475321655709069,0.02498853540087707,,Thomson Flyover,Thomson Rd,1.32894248973791,103.84066508496021
67759,2555.0,2569.1,0.00550127214068219,0.005516431924882277,0.030621283570598463,-0.6469840680048313,-0.024358949350182405,,Compassvale Int,Compassvale Rd,1.3912175,103.8971153
84269,1147.5652173913043,1212.25,0.05478918292613777,0.0563179013514023,0.030621283570598463,0.6461140535990869,0.024933133237630824,,Blk 95,Bedok Nth Ave 4,1.33402333297056,103.94185027798375
28581,438.5,463.25,0.05478548310758402,0.056313993174062,0.030621283570598463,0.6460169866237194,0.024929341178023087,,Blk 491,Jurong West St 41,1.34925114010527,103.72570564902432
76511,1022.9130434782609,1028.6,0.005538772766501943,0.005554140127387682,0.030621283570598463,-0.6460002164267522,-0.02432236151417851,,The Tampines Trilliant,Tampines Concourse,1.359138,103.939389
01012,1051.5555555555554,1110.8,0.054759253980054545,0.05628628734297535,0.030621283570598463,0.6453288496140719,0.024902458528180394,,Hotel Grand Pacific,Victoria St,1.29684825487647,103.85253591654006
91059,341.6666666666667,360.95,0.05474792339214929,0.05627431906614742,0.030621283570598463,0.6450315847938864,0.024890845846569115,,Aft Margate Rd,Mountbatten Rd,1.30052638901127,103.88831333297796
64359,1315.7222222222222,1389.8,0.05473363770396755,0.05625922956837305,0.030621283570598463,0.6446567911323325,0.024876204680104846,,Montfort Sch,Hougang Ave 8,1.37528677811119,103.88918760776436
64471,1886.7391304347825,1897.35,0.005605202086336192,0.005620940623704061,0.030621283570598463,-0.644257403081082,-0.024257545759466995,,Blk 917,Hougang Ave 9,1.37454805598778,103.8839677779891
50349,487.05555555555554,489.8,0.005607470111723245,0.005623221400113576,0.030621283570598463,-0.6441979000646016,-0.02425533274829997,,Blk 107,Towner Rd,1.31930481783402,103.85957694494822
71069,424.3333333333333,448.25,0.054706350427043304,0.05623040752351138,0.030621283570598463,0.643940892933928,0.024848238980850295,,Aft Airport Rd,Hougang Ave 3,1.3385251356058,103.89512258677937
59072,1731.4444444444443,1828.85,0.054700611411678146,0.05622434581836757,0.030621283570598463,0.6437903263980315,0.024842357377937146,,Yishun Stn Exit E,Yishun Ave 2,1.42939861,103.8354664
53279,521.304347826087,524.25,0.005623879932884712,0.005639723632731543,0.030621283570598463,-0.6437673784908203,-0.02423932082143505,,Kuo Chuan Presby Sch,Bishan St 13,1.34970265350038,103.85391302825673
56059,918.8571428571429,924.0500000000001,0.0056294116227411095,0.005645286535176063,0.030621283570598463,-0.6436222512649223,-0.0242339232010548,,Bef Tagore Rd,Upp Thomson Rd,1.38268805765919,103.82604547355085
55131,583.8333333333334,587.15,0.005655111051289907,0.005671131376460212,0.030621283570598463,-0.6429480112281027,-0.024208846248253466,,Blk 612,Ang Mo Kio Ave 4,1.37986282047018,103.8396597025406
80071,1922.5714285714284,1933.5,0.005665317950182214,0.0056813962124030665,0.030621283570598463,-0.6426802270681595,-0.024198886395777594,,Yi Xiu Fty Bldg,Sims Ave,1.31380009198455,103.87655394006379
21641,626.2777777777778,629.85,0.005678647089393252,0.0056948011690732,0.030621283570598463,-0.6423305290468452,-0.024185879720208376,,Bef Blk 322,Yuan Ching Rd,1.3363012622323,103.7250086693193
46151,1619.1666666666665,1628.4,0.005682824283526955,0.005699002160271111,0.030621283570598463,-0.642220937834684,-0.02418180354667608,,Blk 212,Marsiling Lane,1.44582725741537,103.77347243148317
12129,324.39130434782606,326.25,0.005695933325179148,0.005712185996793542,0.030621283570598463,-0.6418770142058197,-0.02416901142144774,,Blk 3,Ghim Moh Rd,1.31182111096862,103.78732611099163
44301,1338.5652173913043,1346.25,0.005720381152041654,0.005736773774747949,0.030621283570598463,-0.6412356106955185,-0.02414515418276427,,Opp Blk 271,Bangkit Rd,1.377468,103.77388
75239,3504.5,3524.7,0.005745834444923048,0.005762373413208591,0.030621283570598463,-0.6405678281766604,-0.024120315147447675,,Temasek Poly,Tampines Ave 1,1.34675259898315,103.93257655832721
43511,428.55555555555554,452.65,0.054574893183581,0.05609156751163983,0.030621283570598463,0.6404920327188487,0.024713524111203377,,Bt Batok Swim Cplx,Bt Batok East Ave 6,1.34497394208663,103.74849870531534
52289,410.27777777777777,412.65,0.005751361089258111,0.005767931919491964,0.030621283570598463,-0.6404228333230633,-0.02411492179261212,,Blk 34,Lor 5 Toa Payoh,1.334886632,103.8538671
70349,301.8695652173913,318.85,0.054549900899349524,0.056065173700832305,0.030621283570598463,0.639836345040485,0.024687914499575643,,Bef Lor Bakar Batu,Tannery Rd,1.32598493140196,103.87447469442839
40201,760.8888888888889,803.6,0.05454452956754263,0.056059501239609004,0.030621283570598463,0.6396954249049119,0.024682410575570066,,Chelsea Gdns Condo,Stevens Rd,1.31358972201496,103.82743055599407
81179,999.9565217391305,1005.8,0.0058209197153029635,0.00583789418816769,0.030621283570598463,-0.6385979207380792,-0.02404703820647722,,Blk 22,Old Airport Rd,1.30726086825664,103.88490711001795
14139,536.304347826087,566.4,0.05449983268297576,0.056012299724874516,0.030621283570598463,0.6385227751302732,0.02463661148769276,,Bef Seah Im Rd,Telok Blangah Rd,1.2686352773503,103.81546952380809
28539,704.4444444444445,743.95,0.0544890801991178,0.05600094503071362,0.030621283570598463,0.6382406772190873,0.0246255941582994,,Blk 538,Jurong West Ave 1,1.34975477386966,103.71542393424821
65161,648.1739130434783,652.0,0.005876477678916636,0.005893778045676536,0.030621283570598463,-0.6371403239918568,-0.02399281474107853,,Meridian Stn Exit B,Punggol Field,1.39735631138291,103.90859112878573
54381,1539.6666666666665,1548.75,0.005878404415812888,0.005895716140199504,0.030621283570598463,-0.6370897748851557,-0.02399093423021206,,Blk 443,Ang Mo Kio Ave 10,1.3657416739059,103.85608617430734
77201,892.7826086956521,898.1,0.005931684394203884,0.005949311669990707,0.030621283570598463,-0.6356919424577195,-0.02393893110292798,,Pasir Ris Elias CC,Pasir Ris Dr 3,1.37864001176536,103.94276350247947
52199,298.8888888888889,315.65,0.0543850272806532,0.05589107076694983,0.030621283570598463,0.6355107860293456,0.024518984421517013,,Blk 84B,Lor 2 Toa Payoh,1.335495,103.846639
40101,849.5714285714286,897.1,0.054373028156495806,0.05587840107490779,0.030621283570598463,0.6351959817566234,0.024506691164775638,,KK Women & Children Hosp,Kg Java Rd,1.31036186651665,103.84779148902439
66091,581.1739130434783,584.65,0.00595311875981519,0.005970873786407801,0.030621283570598463,-0.635129598924223,-0.023918009628899818,,Golden Hill Est,Ang Mo Kio Ave 1,1.35454666698201,103.86145166702076
97039,534.9444444444445,538.15,0.005963318053692213,0.00598113403130481,0.030621283570598463,-0.6348620142864511,-0.023908054231063028,,Bef Jln Bena,Upp Changi Rd Nth,1.35535232677111,103.96894056406585
64051,1419.9565217391305,1428.5,0.005994481079786951,0.006012483936111856,0.030621283570598463,-0.634044433466643,-0.023877635778323112,,Blk 465A,Upp S'goon Rd,1.37239666924933,103.89777362456783
06039,316.9047619047619,334.65,0.05431710332645778,0.05581935290593163,0.030621283570598463,0.6337287600480797,0.024449397404286276,,Blk 8,Chin Swee Rd,1.28705997883119,103.83962555611693
65169,961.4444444444445,967.25,0.0060139739565094885,0.006032094204572208,0.030621283570598463,-0.6335330260672851,-0.02385860815996032,,Meridian Stn Exit A,Punggol Field,1.39645725997371,103.90932129998102
10018,1446.7619047619048,1455.5,0.006017447387038466,0.006035588593230104,0.030621283570598463,-0.6334418985185422,-0.02385521759476086,,Outram Pk Stn Exit 6/SGH,Eu Tong Sen St,1.27900819665099,103.83860360621959
47119,490.42857142857144,493.4,0.006028304831350084,0.006046511627906775,0.030621283570598463,-0.6331570469064322,-0.023844619099609634,,Aft Senoko Way,Senoko Ave,1.46646104980927,103.81068004378777
60031,783.6111111111111,788.4,0.006084968055847462,0.006103519082347792,0.030621283570598463,-0.6316704529730734,-0.02378930542100646,,Bef Geylang Bahru Stn,Kallang Bahru,1.3204097072077,103.87007832529532
28039,611.8571428571429,615.6,0.006088652585300558,0.006107226107226031,0.030621283570598463,-0.6315737871165,-0.023785708537323445,,Aft Boon Lay Sub Stn,Boon Lay Way,1.3280750000324,103.75140833297368
06171,1721.8695652173913,1732.4,0.006093545175190229,0.006112148589310242,0.030621283570598463,-0.6314454270644042,-0.023780932309466832,,Opp State Ct,Upp Cross St,1.286101944,103.8425356
43369,377.4347826086956,379.75,0.0060992386086970996,0.006117876838235376,0.030621283570598463,-0.6312960563961028,-0.023775374255294607,,Blk 183,Bt Batok West Ave 8,1.34687447962614,103.7435830555251
10151,770.2777777777778,813.25,0.054218853017705015,0.055715623424331735,0.030621283570598463,0.6311511038303466,0.024348749879095893,,Ctrl Green Condo,Tiong Bahru Rd,1.28572048365401,103.8285292287095
70341,322.95238095238096,341.0,0.05421420444096725,0.05571071586064959,0.030621283570598463,0.6310291456107356,0.024343988126393542,,Tannery Blk,Tannery Rd,1.32626471325242,103.87490379761162
10121,421.69565217391306,424.3,0.006142380583336937,0.00616128368648446,0.030621283570598463,-0.630164200622952,-0.02373325708874561,,Blk 126 CP,Kim Tian Rd,1.28259924598805,103.82890541983913
52361,2538.111111111111,2553.7999999999997,0.006159879179300276,0.006178890250306268,0.030621283570598463,-0.629705114384353,-0.02371617364199123,,Blk 1,Lor 6 Toa Payoh,1.33974408909931,103.8529812160764
06029,1338.9130434782608,1347.25,0.006202736304687484,0.006222013109221972,0.030621283570598463,-0.6285807318034646,-0.023674332027032237,,Outram Pk Stn Exit 1,Outram Rd,1.28177041153491,103.8383828488293
54411,491.44444444444446,518.8,0.054062471116489874,0.055550541516245854,0.030621283570598463,0.6270483301584339,0.02418857279880705,,Blk 527,Ang Mo Kio St 52,1.37235305596731,103.8542291670297
67611,1065.8260869565217,1072.55,0.006282947378782211,0.0063027264946816175,0.030621283570598463,-0.626476345807166,-0.02359601675570385,,Blk 204C,Sengkang Ctrl,1.38776293807936,103.89426271274473
81141,410.69565217391306,413.3,0.006305981029005814,0.006325905586651278,0.030621283570598463,-0.6258720440755007,-0.02357352634885978,,Versailles Condo,Guillemard Rd,1.31200805596649,103.89035749999957
46521,5310.444444444444,5605.2,0.05400930646953839,0.055494425036086335,0.030621283570598463,0.6256535235210019,0.0241341236223209,,Marsiling Stn,Woodlands Ave 3,1.43237833345523,103.77429333367095
96169,4463.055555555556,4710.7,0.053991106847334436,0.05547521561111497,0.030621283570598463,0.6251760454353864,0.02411548493779382,,Simei Stn,Simei St 3,1.34226222202581,103.95346611100372
14471,542.5,572.65,0.05398974768388776,0.05547378104875794,0.030621283570598463,0.6251403869610902,0.024114092998407454,,Blk 114,Depot Rd,1.28201169102423,103.80664978771298
43161,1054.8333333333333,1113.4,0.05398579893841138,0.05546961325966836,0.030621283570598463,0.6250367892374938,0.024110049040499716,,Blk 272,Bt Batok East Ave 4,1.34883190699072,103.75766163401367
62249,338.3333333333333,357.15000000000003,0.053968984618102844,0.05545186640471616,0.030621283570598463,0.6245956553841712,0.024092829470872053,,Opp SBST Hougang Depot,Hougang Ave 3,1.34421563693504,103.89102556910234
77139,358.0,360.3,0.0063862496653159795,0.006406685236769117,0.030621283570598463,-0.6237661478996982,-0.023495146781694256,,Blk 582,Pasir Ris St 52,1.37518089319612,103.94649798163485
28301,4993.0,5269.5,0.05388804285552595,0.055366439727673834,0.030621283570598463,0.6224720993340256,0.024009940946829192,,Blk 131,Jurong Gateway Rd,1.3348645,103.740441
98049,349.7391304347826,369.15,0.05386559988128248,0.05534275443163483,0.030621283570598463,0.6218832943436139,0.023986959375987826,,Loyang Valley,Loyang Ave,1.368333,103.969362
65011,819.2608695652174,864.65,0.053858246544435495,0.055334994169404426,0.030621283570598463,0.6216903751081904,0.023979429682632836,,Blk 266/Opp The Rivervale,Punggol Rd,1.38159696830765,103.89720951783346
28431,2090.0,2205.65,0.05383310793569773,0.055308464849355234,0.030621283570598463,0.6210308485179878,0.023953688587943535,,Blk 134,Jurong East Ctrl,1.33449626498358,103.73881557585635
59171,1862.611111111111,1965.6,0.0537901002452319,0.0552630794455207,0.030621283570598463,0.6199025157712831,0.023909651651623644,,Blk 309,Yishun Ave 9,1.43226509746155,103.84019665786346
10241,848.1739130434783,895.1,0.05378800398243211,0.055260867339101856,0.030621283570598463,0.6198475190500669,0.023907505270160233,,Gan Eng Seng Sec Sch,Alexandra Rd,1.2906166672167,103.82362326803131
66101,1233.8333333333333,1242.0,0.006591804322109596,0.006613578080713045,0.030621283570598463,-0.6183732972726191,-0.02329440103032849,,Blk 516,Ang Mo Kio Ave 3,1.37094045484466,103.87325896613375
64629,519.2857142857143,548.0,0.053720330277290174,0.05518945634266833,0.030621283570598463,0.6180720585039315,0.023838216000113224,,Opp Blk 565,Buangkok Green,1.38153999996628,103.88805638900106
92271,466.5,469.59999999999997,0.006609127564519923,0.00663101604278025,0.030621283570598463,-0.6179188115404405,-0.02327748117592107,,Opp D'Ecosia,Still Rd Sth,1.30610999016148,103.90952850508972
44219,714.695652173913,719.45,0.00662100698100776,0.006642974302897832,0.030621283570598463,-0.6176071478707621,-0.023265878213408833,,Bet Blks 139/140,Petir Rd,1.37578333297826,103.769352222019
64039,1302.391304347826,1311.05,0.006621236172582812,0.006643205017013066,0.030621283570598463,-0.617601134891302,-0.0232656543541514,,Blk 434,Hougang Ave 8,1.37668753222312,103.89393761218089
62221,1405.8333333333333,1483.35,0.05363565022024819,0.05510010662243823,0.030621283570598463,0.6158504260396354,0.023751520992301482,,Opp The Minton,Lor Ah Soo,1.35090140225527,103.88255343944132
46179,708.7142857142857,713.5,0.006720522811920482,0.006743156199677712,0.030621283570598463,-0.6149962899144726,-0.023168672869043345,,Blk 18,Marsiling Lane,1.44401436320878,103.77787477069215
76189,1126.0434782608695,1133.65,0.006726420261461641,0.006749093434149559,0.030621283570598463,-0.6148415667622351,-0.023162912038594285,,Opp Blk 216,Tampines St 23,1.3537000000187,103.95279611102576
46971,847.6666666666667,853.4,0.006732977756688463,0.0067556952081698875,0.030621283570598463,-0.6146695269126026,-0.023156506413050185,,Woodgrove Pr Sch,Woodlands Ave 1,1.43187555599274,103.79034249996818
21369,625.6521739130435,629.9,0.0067557312228112565,0.006778602650385603,0.030621283570598463,-0.6140725759801228,-0.02313427958484385,,Opp Blk 695,Jln Boon Lay,1.34309123717886,103.70800310705765
75231,3254.277777777778,3276.35,0.0067575582036045745,0.006780442017236012,0.030621283570598463,-0.6140246440350596,-0.02313249486830468,,Opp Temasek Poly,Tampines Ave 1,1.34707779444929,103.93265533979496
70031,1324.0,1396.9,0.053558651056760276,0.05501886792452833,0.030621283570598463,0.6138303064588988,0.023672696016333147,,Opp Aljunied Pk,Aljunied Rd,1.3292670732562,103.87941087761011
80049,2268.1666666666665,2283.6,0.006778297420041213,0.006801322071244413,0.030621283570598463,-0.6134805381602034,-0.023112235191601653,,Aft Sims Way,Geylang Rd,1.31077707819718,103.87363663982293
64029,857.4347826086956,904.65,0.053542207162960764,0.05500151944894633,0.030621283570598463,0.61339889096887,0.023655862989635023,,Opp Blk 458,Hougang Ave 10,1.37781617357511,103.89688283812272
71089,1826.8095238095239,1839.25,0.006783163582761986,0.006806221342225416,0.030621283570598463,-0.6133528714408523,-0.02310748148521202,,Opp Eunos Technolink,Eunos Link,1.33291479894363,103.90097214917817
64011,479.44444444444446,482.75,0.006856642921111877,0.006880203515263473,0.030621283570598463,-0.6114250965994609,-0.023035697432022526,,Naung Residence,Upp S'goon Rd,1.36756333302324,103.8927594439902
52281,323.77777777777777,341.6,0.05342239811499372,0.05487512829285059,0.030621283570598463,0.6102556282010139,0.02353322710183553,,Blk 68,Lor 5 Toa Payoh,1.334382333,103.853628
77059,829.7826086956521,835.55,0.006918132922969278,0.00694211848440408,0.030621283570598463,-0.6098118692454889,-0.0229756220482442,,Blk 425,Pasir Ris Dr 1,1.36936138996292,103.95506338293471
95051,643.1304347826087,647.65,0.006992035938505836,0.007016537293284173,0.030621283570598463,-0.607872978977099,-0.02290341433230973,,3rd Cargo Agents,Airport Cargo Rd,1.375293,103.996226
59231,1526.1739130434783,1536.9,0.00699893773898097,0.007023487544484327,0.030621283570598463,-0.6076919060712311,-0.022896670583358536,,Blk 227,Yishun Ring Rd,1.43537970016985,103.83680745007868
28299,2289.5555555555557,2415.0,0.053318891249924505,0.05476594712587914,0.030621283570598463,0.6075400630520523,0.02342728986891406,,Blk 253,Jurong Town Hall Rd,1.344658,103.736797
50111,488.1111111111111,491.55,0.007006293551500953,0.007030895047705992,0.030621283570598463,-0.6074989218850305,-0.02288948316802009,,Revival Ctr Ch,Moulmein Rd,1.31875833024702,103.8465549576423
65209,478.42857142857144,481.8,0.007007570691593301,0.007032181168057569,0.030621283570598463,-0.6074654153429977,-0.02288823526020751,,Blk 201A,Punggol Field,1.40040560689368,103.90387509832152
65331,648.9444444444445,684.5,0.05326160985093242,0.05470553038721275,0.030621283570598463,0.606037250937294,0.0233686682009653,,Opp Blk 268D,Punggol Field,1.4028650002354,103.89851804993967
44279,640.6111111111111,675.7,0.053245669019256425,0.054688717637890065,0.030621283570598463,0.6056190335860502,0.023352354983306494,,Blk 157,Teck Whye Ave,1.37910867690077,103.75635459940506
84159,1381.7222222222222,1391.55,0.007082417918997663,0.007107557555546584,0.030621283570598463,-0.6055017531057174,-0.02281509841674172,,Opp Casafina/Temasek JC,Bedok Sth Ave 1,1.31664972197451,103.93304055596909
46161,353.3809523809524,355.9,0.007083159312969656,0.007108304219295691,0.030621283570598463,-0.6054823021868759,-0.022814373937477605,,GES S'pore,Marsiling Lane,1.44536006142756,103.77556464561282
52509,2809.6111111111113,2829.65,0.007104430296434039,0.007129726631218659,0.030621283570598463,-0.6049242450827275,-0.02279358801711629,,Aft HDB Hub,Lor 6 Toa Payoh,1.33115712303762,103.85017633434691
18109,439.42857142857144,463.5,0.05321327942305576,0.05465455724943196,0.030621283570598463,0.6047692729583599,0.02331920955054407,,Blk 55/Opp 5 Sci Pk Dr,Buona Vista Flyover,1.29403436577434,103.78672599789039
65541,297.77777777777777,314.1,0.05318996983058355,0.054629973968017755,0.030621283570598463,0.6041577317150646,0.023295356674801947,,Blk 228B,Sumang Crescent,1.403562,103.8912
64481,1538.086956521739,1549.2,0.007194599641263899,0.007220542953190265,0.030621283570598463,-0.6025585978364223,-0.022705469982471235,,Bet Blks 930/931,Hougang Ave 9,1.37514474329335,103.8807864140804
09159,1009.2380952380952,1064.35,0.053117342738373985,0.054553382041009554,0.030621283570598463,0.6022523160661332,0.023221040407294984,,Aft Tomlinson Rd,Tanglin Rd,1.30602637557418,103.82568042620605
41069,1255.111111111111,1264.2,0.007209684055643706,0.00723573639982386,0.030621283570598463,-0.6021628491104328,-0.022690727955622193,,Opp Tan Kah Kee Stn,Dunearn Rd,1.32652777798065,103.80758583296918
59349,944.4761904761905,996.0,0.0530620641199091,0.05449508939813608,0.030621283570598463,0.6008020481086832,0.023164479725109655,,Opp Khoo Teck Puat Hosp,Yishun Ctrl,1.42345056032348,103.83882425770956
92221,646.9444444444445,682.25,0.05305586601329182,0.05448855354539957,0.030621283570598463,0.600639437036382,0.02315813806223048,,Blk 19,Marine Terr,1.30496423786628,103.91493558885941
14231,508.3333333333333,512.05,0.007270625249861773,0.0072971204188478946,0.030621283570598463,-0.600564020056495,-0.02263116774664672,,Keppel DP Blk 519,Kg Bahru Rd,1.27100999999332,103.82667222202473
51011,695.4444444444445,733.35,0.05299772806017966,0.05442724952137874,0.030621283570598463,0.599114152706712,0.023098655471488278,,Opp Tan Tong Meng Twr,Thomson Rd,1.327841667,103.8406111
71091,3276.833333333333,3301.0,0.007345710479473411,0.00737275639395843,0.030621283570598463,-0.5985941136874943,-0.022557779028291813,,Blk 637,Eunos Link,1.33073374785934,103.90373154551283
67521,777.6521739130435,783.4,0.007354651484601682,0.007381763359205029,0.030621283570598463,-0.5983595410153649,-0.022549039673312263,,Blk 160,Sengkang East Dr,1.38710967446608,103.90839913039454
65339,601.695652173913,606.15,0.007363530951047359,0.007390708411484352,0.030621283570598463,-0.5981265828477581,-0.022540360391774112,,Blk 268C,Punggol Field,1.4031330662473,103.8980438895579
59389,1167.695652173913,1176.35,0.007377850532996888,0.007405133928572084,0.030621283570598463,-0.5977508999627259,-0.02252636347814765,,Opp Blk 314,Yishun Ring Rd,1.43202071867504,103.84208246442347
84109,1257.9565217391303,1326.4,0.05293892122794208,0.05436524381820677,0.030621283570598463,0.5975713199290174,0.023038492049520944,,Bef Bedok View Sec Sch,Bedok Sth Ave 3,1.32350836424044,103.9441209521673
11521,1983.3333333333333,2091.2,0.052933138424379855,0.05435914664874831,0.030621283570598463,0.5974196045833118,0.023032576035990415,,Anchorpoint,Alexandra Rd,1.2885710102662,103.80543003047167
13059,663.9565217391305,700.1,0.05292887253790113,0.05435464888191438,0.030621283570598463,0.5973076864738868,0.023028211904465454,,Valley Pt,River Valley Rd,1.29328273601932,103.82663492676832
44771,1341.0869565217392,1351.1000000000001,0.007433106716368876,0.007460800829338398,0.030621283570598463,-0.5963012206034943,-0.022472350523385587,,Fajar Stn,Fajar Rd,1.38458556236413,103.77079566381067
99181,502.17391304347825,529.5,0.05288409613510936,0.05430743973040656,0.030621283570598463,0.5961329504905692,0.022982405406714628,,Bef S'pore Aviation Ac,Telok Paku Rd,1.387793,103.988393
84029,1979.695652173913,1994.5,0.007446523023696194,0.007474317323733069,0.030621283570598463,-0.5959492356739783,-0.022459235624042697,,Opp Blk 32,New Upp Changi Rd,1.32295305994698,103.92517704260585
52161,531.9130434782609,535.9,0.0074535920165077485,0.0074814391776121935,0.030621283570598463,-0.5957637763761386,-0.022452325370982084,,Braddell Stn/Blk 111,Lor 1 Toa Payoh,1.34093830148518,103.84540645330499
83109,1361.4444444444443,1371.6499999999999,0.007462706043082967,0.007490621432066491,0.030621283570598463,-0.5955246643818006,-0.022443415934896616,,Opp Eunos Stn,Jln Eunos,1.32135678897249,103.90537221650075
40309,302.4761904761905,304.75,0.007464616976410099,0.007492546681311268,0.030621283570598463,-0.5954745298912847,-0.022441547887656114,,Opp Blk 451A,Bt Batok West Ave 6,1.35367643079374,103.74299081028306
63079,1179.8333333333333,1188.7,0.00748077058575447,0.00750882145377553,0.030621283570598463,-0.5950507301893404,-0.022425756662767107,,Blk 248,Hougang Ave 3,1.35978917315442,103.89296017669749
59211,1172.7777777777778,1236.45,0.05282539350537263,0.05424555092767889,0.030621283570598463,0.5945928515284487,0.0229223554119064,,Blk 289,Yishun Ave 7,1.44037027798466,103.8381736110171
46979,1338.6521739130435,1348.8,0.007546424765600079,0.00757497079060176,0.030621283570598463,-0.5933282531096494,-0.022361572720633625,,Opp Blk 507,Woodlands Ave 1,1.43130555598072,103.79065444401148
13062,623.1304347826087,656.95,0.0527695639701351,0.054186694531522285,0.030621283570598463,0.5931281299365776,0.02286524772638228,,Stellar RV,River Valley Rd,1.29476674399435,103.82853268161283
52539,1027.0,1082.7,0.05276594491383957,0.05418287937743241,0.030621283570598463,0.5930331818078549,0.02286154592616653,,Blk 210 Mkt/FC,Lor 8 Toa Payoh,1.33991805598004,103.85386250003322
54581,391.6111111111111,394.6,0.007584016953868122,0.007612848450545489,0.030621283570598463,-0.5923419993354129,-0.022324820462022683,,Blk 574,Ang Mo Kio Ave 10,1.37105833303092,103.85665833302312
66339,3614.222222222222,3641.75,0.00758556492979956,0.007614408212190334,0.030621283570598463,-0.5923013872514895,-0.022323307043204624,,Blk 101,Ang Mo Kio Ave 3,1.37125183222903,103.87055805068519
46379,321.44444444444446,323.9,0.0075865865671405075,0.0076154376292208855,0.030621283570598463,-0.5922745839785268,-0.022322308211677504,,Blk 409,Woodlands St 41,1.42911804399457,103.77294013114384
84101,886.1111111111111,934.15,0.052736703573928345,0.05415205410821621,0.030621283570598463,0.5922660175862474,0.022831636521317655,,ECO Condo,Bedok Sth Ave 3,1.32298200464523,103.94421518494586
43499,1194.0434782608695,1258.7,0.05269102917261037,0.05410390744379012,0.030621283570598463,0.5910677220689806,0.0227849203655448,,Blk 419,Bt Batok West Ave 4,1.36259558126251,103.74686723054008
84559,781.3333333333334,823.65,0.05267814671124782,0.05409032807839838,0.030621283570598463,0.5907297429109257,0.022771744463195197,,Opp Blks 50/51,Chai Chee St,1.32833305090006,103.92287121813423
21689,1467.7826086956522,1479.1000000000001,0.007675752732002827,0.007705286839145555,0.030621283570598463,-0.5899352557648401,-0.022235128554749222,,Blk 200,Boon Lay Way,1.34241984576482,103.71442338427325
58121,629.7777777777777,634.65,0.007694471561625171,0.007724150079267769,0.030621283570598463,-0.5894441559588727,-0.022216825769407103,,Blk 424A CP,Canberra Rd,1.45329115486737,103.81929476185202
54269,816.7826086956522,823.1,0.007695340027682462,0.007725025253867254,0.030621283570598463,-0.5894213712270904,-0.022215976597540155,,Opp Ang Mo Kio Stn,Ang Mo Kio Ave 3,1.36921006543476,103.85111893571647
52389,390.5,411.65,0.052614260607835917,0.05402298850574761,0.030621283570598463,0.5890536523848305,0.022706405648904998,,Blk 227,Lor 8 Toa Payoh,1.33972612917249,103.85808211459384
78181,1221.0869565217392,1230.55,0.007713521246679456,0.007743347089796299,0.030621283570598463,-0.5889443759607295,-0.02219819913047139,,Bef Blk 187,Pasir Ris St 11,1.36476141959655,103.95905802330991
44071,583.9565217391304,588.5,0.00773719732102407,0.007767206778653056,0.030621283570598463,-0.5883232198440654,-0.022175048348280966,,Blk 464,Choa Chu Kang Ave 3,1.37677726111171,103.73622221734738
59031,621.3888888888889,626.25,0.007780064583973179,0.007810407926448391,0.030621283570598463,-0.587198571298115,-0.022133130770520818,,Opp Yishun Sports Hall,Yishun Ave 2,1.41277747172151,103.83083958669692
21609,693.2222222222222,698.65,0.007788095818420437,0.007818501920615175,0.030621283570598463,-0.5869878670095297,-0.022125277260899183,,Opp Blk 364,Corporation Dr,1.33775166774993,103.72102625466782
66419,315.8695652173913,318.35,0.007797456996953223,0.00782793633369884,0.030621283570598463,-0.5867422708342437,-0.022116123158190396,,Blk 330,S'goon Ave 3,1.35021638901553,103.86930944403264
43449,879.6666666666666,927.15,0.052514161241071555,0.05391748675246056,0.030621283570598463,0.5864274850128727,0.022604038508842114,,Blk 258,Bt Batok East Ave 2,1.35150377570255,103.7590516971924
40179,509.8095238095238,537.35,0.05251213738771998,0.05391535378018112,0.030621283570598463,0.5863743879972837,0.022601968910325725,,Env Bldg,Scotts Rd,1.31133173990881,103.83686949960516
84011,2608.7619047619046,2629.25,0.007819905761996537,0.007850561080193543,0.030621283570598463,-0.5861533139186991,-0.022094170626396833,,Chai Chee Ind Pk,New Upp Changi Rd,1.32257749632692,103.92233358172962
64601,919.3478260869565,926.6,0.00784893495578931,0.007879818594104263,0.030621283570598463,-0.5853917154786981,-0.02206578239652315,,Blk 919,Hougang Ave 4,1.37548640364406,103.8845866729986
44531,3816.4347826086955,3846.55,0.00785790792934904,0.00788886231364236,0.030621283570598463,-0.5851563040954526,-0.022057007379276496,,Opp Choa Chu Kang Stn,Choa Chu Kang Ave 4,1.3843775,103.7446955
75569,364.60869565217394,367.5,0.00787708772564244,0.007908193602092415,0.030621283570598463,-0.5846531105503315,-0.022038250452015025,,Blk 636C,Tampines Nth Dr 2,1.365866,103.941721
21579,298.8695652173913,301.25,0.007906891992759846,0.007938234014788374,0.030621283570598463,-0.5838711775933219,-0.022009102584437636,,Jurong Sec Sch,Corporation Dr,1.33013472279057,103.72318086110512
83361,561.7222222222222,592.0,0.05240828120709384,0.053805903840458996,0.030621283570598463,0.5836496583436128,0.022495770890289764,,Hua Yu Mansions,Lengkong Empat,1.32850781433023,103.914495706562
03501,917.0,924.3,0.007920618634494225,0.007952069716775721,0.030621283570598463,-0.5835110508531174,-0.021995677961632046,,Marina Bay Sands Theatre,Bayfront Ave,1.28500467671367,103.8606110538643
53169,1173.7826086956522,1183.15,0.007942101023703074,0.007973723168024345,0.030621283570598463,-0.5829474473915213,-0.021974667866465365,,Blk 254,Marymount Rd,1.361908333,103.84244
64479,1226.304347826087,1236.1000000000001,0.007949753677214844,0.00798143687119183,0.030621283570598463,-0.5827466754025353,-0.021967183348834643,,Blk 665,Hougang Ave 9,1.374401340713,103.88353995121632
60159,2463.826086956522,2483.5,0.007950180013376773,0.007981866610220528,0.030621283570598463,-0.5827354902157141,-0.021966766377988466,,Blk 54,Bendemeer Rd,1.32409476572475,103.86764196002876
59511,1218.9565217391305,1228.7,0.007955017004890763,0.00798674222174721,0.030621283570598463,-0.5826085888205996,-0.021962035628095747,,Yishun Sec Sch,Yishun St 71,1.42716904966997,103.82895211582186
84411,762.0555555555555,768.15,0.007955168368550147,0.007986894794320671,0.030621283570598463,-0.5826046177035343,-0.021961887588679237,,Blk 526,Bedok Nth St 3,1.33383806396564,103.92928425024714
28319,626.7222222222223,631.75,0.00797765211215129,0.008009558367996574,0.030621283570598463,-0.5820147431043895,-0.021939897383317492,,Blk 207,Jurong East Ctrl,1.33862623918679,103.74173313734524
95209,1216.4761904761904,1226.25,0.007995874249690615,0.008027926624164048,0.030621283570598463,-0.5815366743153455,-0.02192207487522428,,Changi Airport Ter 4,T4 CRESCENT,1.33899412275069,103.98206408704047
63011,1050.2222222222222,1058.7,0.008032340812564875,0.008064686608180358,0.030621283570598463,-0.5805799520034723,-0.021886407084734882,,Opp Upp S'goon Shop Ctr,Upp S'goon Rd,1.35432115760902,103.87823575937183
14249,1642.857142857143,1731.1,0.0522891484080894,0.053680368471365494,0.030621283570598463,0.580524137375913,0.02237396536279417,,Blk 1,Henderson Rd,1.279469339,103.8173996
67171,615.1739130434783,648.25,0.0522886004866443,0.0536797911374535,0.030621283570598463,0.5805097623257199,0.0223734051823271,,Blk 225A,Compassvale Dr,1.38731209583307,103.89897692182004
52501,464.7391304347826,468.5,0.008042627206458874,0.008075056011949236,0.030621283570598463,-0.580310082244125,-0.021876345771297857,,Bef Toa Payoh Pk,Lor 6 Toa Payoh,1.33090220918791,103.85011762889827
03111,2026.7142857142858,2043.1,0.008048403776316881,0.008080879244751543,0.030621283570598463,-0.5801585304434163,-0.021870695555360014,,Aft Capital Twr,Robinson Rd,1.2778259536079,103.8481011719729
76109,3484.565217391304,3512.75,0.008053626411726356,0.008086144097395291,0.030621283570598463,-0.580021511447679,-0.021865587129279867,,Blk 302,Tampines Ave 2,1.35296639979416,103.9551184525466
12041,363.5,383.05,0.05224620099597832,0.05363511659807979,0.030621283570598463,0.5793973860682683,0.022330057989632866,,Aft Pandan Valley,Ulu Pandan Rd,1.320555,103.776423
01511,566.4444444444445,571.05,0.008083550835528364,0.008116310945760721,0.030621283570598463,-0.5792364261074443,-0.021836316582623857,,DUO,Beach Rd,1.29919826103807,103.85864518302436
65061,4309.166666666667,4344.2,0.008095214449211241,0.008128069293531279,0.030621283570598463,-0.5789304241547526,-0.02182490759276696,,Blk 298A,Punggol Rd,1.39490129020977,103.9018594759131
53369,516.8260869565217,521.05,0.008123922315923515,0.008157010915197582,0.030621283570598463,-0.5781772559248699,-0.021796825869511614,,Opp Blk 454,Sin Ming Ave,1.35947344252352,103.8301455974542
78231,284.7391304347826,300.05,0.05219710068244776,0.05358338405356049,0.030621283570598463,0.5781092096740019,0.022279862495571196,,Opp Blk 482,Pasir Ris St 41,1.373443032341,103.95986036196572
28649,1607.5217391304348,1620.65,0.008128566661889103,0.008161693156016869,0.030621283570598463,-0.5780554087021236,-0.021792282744996404,,Blk 286A,Toh Guan Rd,1.33901303401774,103.74603439301079
21569,494.27777777777777,520.8,0.05216560030155204,0.053550196298373605,0.030621283570598463,0.5772827781471439,0.02224766079770609,,Opp Blk 158,Corporation Dr,1.32857203912272,103.72289813113439
51079,809.3478260869565,816.0,0.008175524443552185,0.008209035304217602,0.030621283570598463,-0.5768234429260222,-0.021746347202081247,,Opp MacRitchie Resvr,Thomson Rd,1.34178289872759,103.83615392311769
58351,2225.8888888888887,2244.3,0.008233648256100956,0.008267637960284,0.030621283570598463,-0.5752985295825771,-0.021689485717653743,,Blk 483,Sembawang Dr,1.45593548683251,103.81491062256012
67599,1343.7222222222222,1354.8500000000001,0.008241098434899286,0.008275149762445474,0.030621283570598463,-0.5751030696400433,-0.021682197102251343,,Opp Blk 293D,Sengkang East Rd,1.3972004371065,103.89490664468322
75159,2033.304347826087,2050.15,0.008246694839540325,0.00828079249396254,0.030621283570598463,-0.5749562445826664,-0.021676722024638436,,Blk 874,Tampines Ave 8,1.35405115206724,103.93146643451303
13063,343.04347826086956,345.9,0.008268514295660445,0.008302792872488397,0.030621283570598463,-0.5743837979669808,-0.021655375309917353,,RV Suites,River Valley Rd,1.29534692836828,103.82964309110659
58361,927.1904761904763,934.9000000000001,0.00827166692323722,0.00830597168068974,0.030621283570598463,-0.5743010868775336,-0.021652290948812047,,Nth Lk Bldg,Admiralty St,1.46118688481447,103.81270708997143
54231,1917.611111111111,1933.6,0.008299042121538314,0.008333574634429118,0.030621283570598463,-0.5735828820086811,-0.021625508119678394,,Blk 129,Ang Mo Kio Ave 3,1.36966012463918,103.84193909880943
67461,482.5652173913044,486.6,0.00830920578875638,0.008343823053407178,0.030621283570598463,-0.5733162320578342,-0.021615564196395,,Aft Sengkang East Ave,Sengkang East Rd,1.38575273465234,103.89121528705635
59309,452.1111111111111,476.3,0.052007850213669826,0.05338401177047578,0.030621283570598463,0.5731441092712958,0.022086413858071703,,Jiemin Pr Sch,Yishun Ring Rd,1.42826195477761,103.83063072371398
54009,24235.782608695652,24438.35,0.00832311647779349,0.008357849908333548,0.030621283570598463,-0.5729512767254322,-0.021601954100087094,,Ang Mo Kio Int,Ang Mo Kio Ave 8,1.36968769913339,103.84856716193268
96189,735.4444444444445,741.6,0.008323740532745205,0.008358479179239233,0.030621283570598463,-0.5729349042666897,-0.021601343525751292,,Blk 166,Simei Rd,1.3452978033151,103.95793622236005
14379,1104.0434782608695,1113.3,0.008341724032805864,0.008376613157066426,0.030621283570598463,-0.5724630962760949,-0.021583748335242157,,Blk 40,Lower Delta Rd,1.27243833303297,103.82379361102515
10131,1518.6190476190475,1599.7,0.051981356690832925,0.05335610428678933,0.030621283570598463,0.5724490356909975,0.022059335547026382,,Opp Blk 2,Jln Bt Merah,1.28619141382394,103.80686549059318
55509,11935.695652173912,12572.5,0.051974100962514314,0.05334846144880107,0.030621283570598463,0.5722586772742956,0.022051919789065542,,Yio Chu Kang Int,Ang Mo Kio Ave 8,1.38113241525166,103.8455558816965
67191,803.8888888888889,810.65,0.008364971089768858,0.008400055218111048,0.030621283570598463,-0.5718531956896709,-0.021561002772523517,,Blk 223D,Compassvale Rd,1.389133,103.897095
65039,577.8695652173913,582.75,0.008395632751607707,0.008430974913624621,0.030621283570598463,-0.5710487684640646,-0.021531001746922285,,Blk 124,Punggol Rd,1.38732058981564,103.90185567950667
47801,560.4285714285714,590.35,0.0519235028891325,0.05329516539440227,0.030621283570598463,0.5709312062453125,0.022000207239316758,,Opp North Link Bldg,Admiralty Rd West,1.46417400978934,103.8129834777538
28399,2152.608695652174,2170.8,0.008411418612007004,0.008446893989864765,0.030621283570598463,-0.5706346168779062,-0.021515555649996174,,Blk 458,Jurong West St 51,1.34974947213063,103.71964821094637
11191,823.4761904761905,867.4,0.05190417395184088,0.053274806514959194,0.030621283570598463,0.570424099895985,0.021980453252311415,,The Star Vista,C'wealth Ave West,1.30801640815091,103.7883731546267
54109,311.77777777777777,314.45,0.008507227579247711,0.008543516873890487,0.030621283570598463,-0.5681210107299189,-0.02142180357484887,,Bef Ang Mo Kio Ave 10,Ang Mo Kio Ave 1,1.35708169204878,103.85433890252277
43581,428.94444444444446,451.8,0.051794525514679,0.05315932290993695,0.030621283570598463,0.5675474068921363,0.02186840083610073,,Blk 347,Bt Batok West Ave 5,1.36251939522797,103.75138384429646
19011,1995.695652173913,2012.85,0.008554672570828536,0.008591368347704872,0.030621283570598463,-0.5668762627072297,-0.0213753738391378,,Blk 19A CP,C'wealth Ave West,1.30781638901709,103.78423666696615
09219,3137.6521739130435,3304.4,0.0517640309327323,0.05312720774633328,0.030621283570598463,0.5667473631084583,0.02183723986153555,,Far East Plaza,Scotts Rd,1.30731999685228,103.83316088291699
07419,2304.0555555555557,2426.5,0.05175714283188526,0.0531199537249048,0.030621283570598463,0.5665666496206115,0.02183020136781908,,Opp Veerasamy Rd,Jln Besar,1.30653024120879,103.8561630249311
44339,440.8333333333333,464.3,0.05174962178963227,0.05311203319502072,0.030621283570598463,0.5663693305325257,0.021822516168599603,,Blk 442D,Fajar Rd,1.38084522961484,103.77114903339667
75131,2027.8260869565217,2045.3,0.00857594085006852,0.008612819578680505,0.030621283570598463,-0.5663182765500423,-0.021354559955980533,,Bet Blks 701/702,Tampines Ave 5,1.35594818346107,103.93709646027764
63281,1773.2222222222222,1788.65,0.008657927774893714,0.008695516032064662,0.030621283570598463,-0.5641673000367747,-0.02127432053661045,,Blk 105 Mkt/FC,Hougang Ave 1,1.354154,103.889794
76111,655.7777777777778,690.6,0.05166203032098604,0.053019793605143695,0.030621283570598463,0.5640713154255759,0.02173301715344492,,Blk 945,Tampines Ave 4,1.35157455446947,103.94023387732626
76351,2088.8333333333335,2107.05,0.008679031582560448,0.008716803572852592,0.030621283570598463,-0.5636136288906933,-0.021253665480163157,,Blk 484,Tampines Ave 9,1.36213822350227,103.95309131019367
52329,1271.7391304347825,1282.8999999999999,0.008730947071227568,0.008769172958016162,0.030621283570598463,-0.5622515946756539,-0.02120285206693523,,Aft Lor 4 Toa Payoh,Lor 6 Toa Payoh,1.33146817532374,103.85268688199498
44269,3131.722222222222,3159.35,0.008780434834145368,0.008819095922964029,0.030621283570598463,-0.5609532533125976,-0.021154412387157893,,Blk 223,Bt Panjang Rd,1.37577833299245,103.77422500002575
98109,555.1111111111111,584.5,0.05149806862466999,0.05284715284715235,0.030621283570598463,0.5597696812491109,0.021565505807867785,,Opp Loyang Pt,Pasir Ris Dr 3,1.366943,103.965843
80251,1044.3333333333333,1053.6,0.008825734294180876,0.008864795918367592,0.030621283570598463,-0.559764794606434,-0.02111007020625005,,Aft Lor 14 Geylang,Guillemard Rd,1.31009487384598,103.87992501726275
43189,3342.5652173913045,3372.25,0.008839003282167468,0.008878182622038539,0.030621283570598463,-0.5594166746888393,-0.021097081241356397,,Blk 283,Bt Batok East Ave 3,1.346993,103.756815
80259,662.6666666666666,697.7,0.0514414501623186,0.05278754394776516,0.030621283570598463,0.5582842616776997,0.021507667977097696,,Aft Chen Li Presby Ch,Guillemard Rd,1.30989499998519,103.87988833298908
47071,429.95238095238096,433.8,0.008888556276505533,0.008928176795580074,0.030621283570598463,-0.5581166219400564,-0.021048572468698092,,Bef British American Tobacco,Admiralty Rd West,1.45761031985152,103.80214839695255
96289,1752.5555555555557,1845.1,0.051429833031762406,0.052775313648459804,0.030621283570598463,0.5579794792379239,0.021495801058084563,,Changi General Hosp,Simei Ave,1.34004,103.948359
17179,12044.277777777777,12679.95,0.05142816987046217,0.05277356271475635,0.030621283570598463,0.5579358451962494,0.021494102147212667,,Clementi Stn Exit B,C'wealth Ave West,1.31528191560846,103.76536000516927
52019,389.77777777777777,410.4,0.05142692208109434,0.05277224907591763,0.030621283570598463,0.5579031086882095,0.02149282753852793,,Raffles Girls' Sch,Braddell Rd,1.34403333300249,103.84368166701324
60051,957.6666666666666,1008.25,0.05141932956022277,0.05276425591098768,0.030621283570598463,0.5577039143153744,0.021485071862357288,,Opp Kallang Pl,Boon Keng Rd,1.3141464005633,103.86571468040536
42099,1664.1666666666667,1752.0,0.05140338741627115,0.052747472725453166,0.030621283570598463,0.5572856625357866,0.021468787330102754,,Beauty World Stn Exit A,Upp Bt Timah Rd,1.34160317659437,103.77579384383286
84661,524.0434782608696,528.75,0.008924122250828503,0.008964060947333336,0.030621283570598463,-0.5571835271130056,-0.021013754488199053,,Blk 168,Bedok Sth Ave 3,1.31992811557233,103.94438908816849
84481,1448.608695652174,1461.75,0.009024570741321014,0.009065414954559984,0.030621283570598463,-0.5545482002690821,-0.020915411858522796,,Aft Bedok Ind Pk C,Bedok Reservoir Rd,1.33753167256033,103.91532871743395
53329,326.5652173913044,343.8,0.051277366466701224,0.052614812848420366,0.030621283570598463,0.5539794267758464,0.021340068974342433,,Eunoia JC,Sin Ming Ave,1.36153970079158,103.84049549859829
83111,1488.611111111111,1502.15,0.00904781955346401,0.009088874799537964,0.030621283570598463,-0.5539382536344502,-0.02089264904025778,,Blk 17,Jln Eunos,1.32346854012914,103.90527311322877
76281,665.2777777777778,671.35,0.009072370934323004,0.009113649628950631,0.030621283570598463,-0.5532941333224788,-0.02086861030769169,,Junyuan Pr Sch,Tampines Ave 4,1.34758373789104,103.93848632286071
72051,903.0952380952381,911.35,0.009088981664223894,0.009130411882440166,0.030621283570598463,-0.5528583407865199,-0.0208523460855601,,Kaki Bt Ind Est,Kaki Bt Ave 1,1.33343973211343,103.90412516288117
22251,313.94444444444446,330.5,0.051231553197777835,0.05256659022755299,0.030621283570598463,0.552777487983041,0.021293279118906577,,Blk 665A,Jurong West St 62,1.34073333303053,103.70265666700926
63289,764.5217391304348,771.55,0.009139118299133386,0.009181007553814536,0.030621283570598463,-0.5515429758746815,-0.020803253686459744,,Aljunied CC,Hougang Ave 1,1.353941,103.88966
46789,679.5,685.75,0.009142502883862313,0.009184423218221724,0.030621283570598463,-0.5514541792491877,-0.020799939506497,,Opp Admiralty Pr Sch,Woodlands Ave 6,1.44351138898079,103.80106305603081
04329,347.8333333333333,366.15,0.05117623067967436,0.05250836120401296,0.030621283570598463,0.5513260682920463,0.021236780165830152,,Opp UE Sq,Clemenceau Ave,1.29197057108024,103.84328384973516
78039,1045.7222222222222,1100.65,0.0511454675283618,0.05247598322806635,0.030621283570598463,0.5505189784287724,0.02120536418746568,,Blk 104,Pasir Ris St 12,1.367181,103.959
01013,920.695652173913,929.2,0.009184542982893618,0.009226850323128265,0.030621283570598463,-0.5503512318484336,-0.0207587729736659,,St. Joseph's Ch,Victoria St,1.29770970610083,103.8532247463225
59189,698.7391304347826,705.2,0.009190888717357737,0.009233254629054468,0.030621283570598463,-0.5501847476703667,-0.02075255894914662,,Blk 245,Yishun Ave 9,1.43425361497792,103.84204166750071
10129,1291.0555555555557,1303.05,0.009240402235693779,0.009283226555445626,0.030621283570598463,-0.5488857305983501,-0.02070407176264293,,Blk 121,Kim Tian Rd,1.28231999999009,103.8285719444802
21771,654.5555555555555,688.9,0.051063606994471655,0.052389830508474663,0.030621283570598463,0.5483713178580575,0.02112177119267209,,Aft Corp Dr,Yung Ho Rd,1.3266,103.723626
09141,339.1904761904762,357.0,0.05102730156778801,0.05235162374020124,0.030621283570598463,0.5474188230515113,0.021084699604026976,,British Council,Napier Rd,1.30543500002797,103.82177666702269
52269,759.2857142857143,766.4,0.009313875330530408,0.009357384441938704,0.030621283570598463,-0.5469581195593018,-0.020632117216705208,,Blk 73,Lor 4 Toa Payoh,1.33404239936331,103.85147452356613
54229,1203.5,1214.8,0.00933775325969588,0.009381486093814678,0.030621283570598463,-0.5463316676594422,-0.02060873166057495,,Ang Mo Kio Pr Sch,Ang Mo Kio Ave 3,1.36960577947339,103.83993274827546
54281,1312.695652173913,1325.05,0.0093603245590419,0.009404269402615106,0.030621283570598463,-0.545739495982425,-0.02058662527759643,,Blk 570,Ang Mo Kio Ave 3,1.369694,103.855165
95109,4533.086956521739,4575.8,0.009376333305484152,0.009420428828967434,0.030621283570598463,-0.545319496846251,-0.020570945971715666,,Changi Airport Ter 3,PTB3 Basement,1.357429,103.987082
57071,638.3888888888889,671.8,0.050935249586411935,0.052254757146580955,0.030621283570598463,0.5450037836978359,0.020990711060257836,,Opp Khatib Camp,Sembawang Rd,1.424958,103.8255225
44201,1173.5555555555557,1184.65,0.009401321959674469,0.009445653202156339,0.030621283570598463,-0.5446639044042105,-0.020546471051984223,,Aft Petir Stn,Petir Rd,1.37732275970527,103.7672668951858
59121,477.6111111111111,482.15,0.009438773379451426,0.009483459082993974,0.030621283570598463,-0.5436813437763969,-0.020509788439815903,,Blk 121,Yishun Ring Rd,1.43453851053761,103.82999668990018
46069,11552.08695652174,11662.65,0.009524497736640214,0.00957000011290066,0.030621283570598463,-0.5414323134667325,-0.020425818671981434,,W'lands Train Checkpt,Woodlands Ctr Rd,1.44288948418349,103.76933833799299
65231,435.5652173913044,439.75,0.009540047327693202,0.00958569863559427,0.030621283570598463,-0.5410243605496398,-0.02041058657562959,,Riviera Stn Exit B,Punggol East,1.3942824799683,103.91576531457447
44579,1084.8333333333333,1095.25,0.009547523355502463,0.009593246354566546,0.030621283570598463,-0.540828222442685,-0.02040326311055799,,Aft Blk 272,Choa Chu Kang Ave 2,1.37850611289436,103.74345256107138
28091,12126.833333333334,12758.4,0.050765168366224245,0.05207580359228799,0.030621283570598463,0.5405416001148851,0.02081707448089963,,Lakeside Stn,Boon Lay Way,1.34425795644531,103.72012487725401
96161,1591.6666666666667,1674.6,0.05076154985523473,0.05207199665131862,0.030621283570598463,0.5404466662925953,0.020813380649780423,,Opp Simei Stn,Simei St 3,1.34211893867102,103.95354015150029
63241,3107.826086956522,3137.7,0.009563510521815033,0.009609387018725461,0.030621283570598463,-0.5404087894742531,-0.02038760200941811,,Blk 21,Hougang Ave 3,1.36409785233957,103.89213557756084
20189,708.2222222222222,745.15,0.050757744457639475,0.05206799310669008,0.030621283570598463,0.5403468293872778,0.020809496056387714,,Opp Ayer Rajah CC,Pandan Gdns,1.32030501410074,103.74727299945995
11419,1359.611111111111,1430.45,0.0507539713219094,0.05206402351884371,0.030621283570598463,0.5402478388914875,0.020805644410870933,,Holland V Stn Exit A,Holland Ave,1.31102981378085,103.79604399202725
66359,6830.277777777777,6896.25,0.009611042221314037,0.009657376609224971,0.030621283570598463,-0.5391617666169373,-0.020341038260673034,,S'goon Stn Exit C/Blk 201,S'goon Ctrl,1.35080698547823,103.87328604946424
63341,2350.391304347826,2373.1,0.009611220929232722,0.009657557043009453,0.030621283570598463,-0.5391570781067067,-0.020340863187843315,,Opp Blk 709,Hougang Ave 2,1.36751402871615,103.88882988119938
64609,698.7391304347826,705.5,0.009615607347654098,0.009661985833230203,0.030621283570598463,-0.5390419977689349,-0.020336565983534272,,Blk 687,Hougang Ave 4,1.37595638900393,103.884701388976
76101,4045.0434782608695,4084.2,0.009631202047616583,0.009677731331735644,0.030621283570598463,-0.5386328613923447,-0.020321288307091488,,Tampines East CC,Tampines Ave 2,1.35303315550855,103.95480210652737
43241,589.7826086956521,620.5,0.05068779759944153,0.0519944068295561,0.030621283570598463,0.5385117312971688,0.02073809613644909,,Opp Hillview Apts,Hillview Ave,1.35584392851879,103.76188709548238
81069,1030.7619047619048,1084.3,0.05058851846868517,0.05188997092352427,0.030621283570598463,0.5359070833125071,0.02063676317574212,,Opp Lor 39 Geylang,Geylang Rd,1.314729,103.89069
66099,643.7391304347826,650.05,0.00974065812881797,0.009788252747993734,0.030621283570598463,-0.5357612149633505,-0.020214050645673134,,Opp Golden Hill Est,Ang Mo Kio Ave 1,1.35427474694456,103.86142199387719
64351,1083.8260869565217,1094.45,0.009745552126581458,0.009793194661537125,0.030621283570598463,-0.5356328179748344,-0.020209255563694746,,Opp Montfort Sch,Hougang Ave 8,1.374811,103.888082
46399,1516.8695652173913,1531.75,0.009755757795760545,0.009803500329409165,0.030621283570598463,-0.5353650660771605,-0.020199256092466738,,Aft 888 Plaza,Woodlands Ave 7,1.43896035246776,103.79423705109248
20191,286.82608695652175,301.75,0.050550949431297454,0.05185045317220546,0.030621283570598463,0.5349214369156049,0.020598419555298057,,Blk 407,Pandan Gdns,1.31924166701026,103.74845638901051
71149,299.57142857142856,315.15,0.05053135970233491,0.05182984790874511,0.030621283570598463,0.5344074885392076,0.02057842650470923,,Blk 3024,Ubi Ave 2,1.32886553888796,103.89713767691656
17041,4958.0,5006.8,0.00979258939109684,0.009840693688243638,0.030621283570598463,-0.5343987669180755,-0.020163167803366383,,Blk 726 Clementi West Mkt,West Coast Rd,1.3042101570614,103.76455953939507
42189,1270.5,1336.35,0.05049273808604848,0.05178922532442055,0.030621283570598463,0.5333942270988785,0.020539010877483072,,The Hillford,Jln Jurong Kechil,1.34378853697493,103.76960174742553
11159,1645.8333333333333,1731.1,0.05048029320932734,0.05177613601862234,0.030621283570598463,0.533067728238301,0.02052631047433123,,Aft Ch of Our Saviour,C'wealth Ave,1.29800440816386,103.80362656855579
08137,496.95652173913044,501.9,0.009878575709352688,0.009927529904828597,0.030621283570598463,-0.5321428639015272,-0.020078911619286707,,Orchard Plaza,Orchard Rd,1.30073968408393,103.84100500816844
52381,697.2608695652174,704.2,0.00988867895211154,0.009937733499376683,0.030621283570598463,-0.5318777992228791,-0.02006901118863313,,Braddell Tech Bldg,Lor 8 Toa Payoh,1.33988664001033,103.8583063045366
66371,2419.478260869565,2443.6,0.009916361259864281,0.009965691293492864,0.030621283570598463,-0.5311515371519924,-0.02004188406195541,,Blk 261,S'goon Ctrl,1.353767301605,103.87268543240587
76081,1822.3478260869565,1840.55,0.009933332084870017,0.009982831389941979,0.030621283570598463,-0.5307062973033708,-0.020025253223137744,,Opp The Holy Trinity Ch,Tampines Ave 2,1.34950194446778,103.94932305553937
62139,2038.5217391304348,2058.9,0.009942099166218021,0.009991686030399481,0.030621283570598463,-0.53047628762671,-0.020016661667152384,,S'goon Stn Exit A/Blk 413,Upp S'goon Rd,1.3490461240579,103.87341165935781
67529,2235.4444444444443,2257.85,0.009968531036990136,0.010018382352940865,0.030621283570598463,-0.5297828315255846,-0.019990758531862086,,Opp Blk 157A,Sengkang East Dr,1.38731666838873,103.9092635072425
55269,365.52173913043475,369.2,0.00998556507264503,0.010035587188611443,0.030621283570598463,-0.5293359333073875,-0.019974064877321045,,Opp Bullion Pk Condo,Lentor Ave,1.39267,103.836298
50011,497.72222222222223,523.45,0.05030082254708912,0.051587389996658115,0.030621283570598463,0.5283592069695978,0.020343172376008332,,Opp Parish of Christ Ch,Kg Java Rd,1.31181999999518,103.84719777801662
54071,946.0555555555555,955.6,0.010027574991436694,0.010078019592890616,0.030621283570598463,-0.5282337777034566,-0.019932893202569513,,Blk 310C,Ang Mo Kio Ave 1,1.36433664907741,103.84490672378502
44731,316.5238095238095,332.9,0.050288740802347576,0.051574685062987784,0.030621283570598463,0.528042235095927,0.02033084492471962,,Opp Blk 180,Jelebu Rd,1.37887883000016,103.76432732997739
75039,570.1304347826087,575.9,0.01005132549978427,0.010102009744214676,0.030621283570598463,-0.5276106687657482,-0.019909615834144766,,Springfield Sec Sch,Tampines Ave 8,1.3506577199911,103.92956819494434
44739,1219.0,1231.35,0.010072056929072204,0.010122950819671751,0.030621283570598463,-0.5270667671914437,-0.01988929694903061,,Blk 180,Jelebu Rd,1.37876549999936,103.76459849996492
85021,806.2222222222223,814.4000000000001,0.010079791716989028,0.01013076393668262,0.030621283570598463,-0.5268638403567116,-0.019881715971288908,,Country Pk,Bedok Rd,1.32190305598591,103.95468472199643
63109,1283.2173913043478,1296.25,0.01009714045947252,0.010148288587195695,0.030621283570598463,-0.5264086856147051,-0.019864712004077637,,Blk 172,Hougang Ave 3,1.35081444397072,103.88984416702769
65159,494.6666666666667,499.7,0.010103461543853776,0.010154673839946273,0.030621283570598463,-0.5262428481464569,-0.01985851646663593,,Cove Stn Exit A,Punggol Field,1.39856872266182,103.90665292741664
84059,2950.5,2980.5,0.010113013882416588,0.010164323225478628,0.030621283570598463,-0.525992236772275,-0.019849153778628052,,Blk 65,New Upp Changi Rd,1.32493504095045,103.93953481204565
84089,599.0,605.1,0.010115333741093302,0.010166666666666995,0.030621283570598463,-0.5259313738781203,-0.019846879964545493,,Blk 40,Bedok Sth Rd,1.3206814195738,103.9400309260245
75009,43662.391304347824,44106.6,0.010122079783231541,0.010173481316552902,0.030621283570598463,-0.5257543873863375,-0.019840267787992825,,Tampines Int,Tampines Ctrl 1,1.35407552367477,103.94339098473914
72069,2134.5652173913045,2156.3,0.010126089326004895,0.010177531658454753,0.030621283570598463,-0.5256491946089183,-0.019836337787743054,,Blk 121,Bedok Reservoir Rd,1.33150994155892,103.90977961908514
95019,628.5555555555555,635.0,0.01018446028588027,0.010236498411578442,0.030621283570598463,-0.5241177972060213,-0.01977912302412067,,Aft Changi Airport Ter 2,Airport Blvd,1.3479795,103.984849
51059,351.39130434782606,355.0,0.01018851261140341,0.010240592227020097,0.030621283570598463,-0.52401148199731,-0.019775150841994302,,Aft Toa Payoh Rise,Thomson Rd,1.3370325833883,103.83735019393414
11229,464.4761904761905,488.4,0.0501192038784275,0.05139641943733987,0.030621283570598463,0.5235943314544472,0.02015787583462834,,Sommerville Pk,Holland Rd,1.31060065879064,103.80522542227166
63061,606.6666666666666,612.9,0.010205562422897607,0.010257816785518672,0.030621283570598463,-0.5235641698904363,-0.019758438050619668,,Opp Blk 25,Upp S'goon Rd,1.36623834226067,103.89129134480065
44281,2174.277777777778,2196.6,0.01020948549219014,0.010261780104711429,0.030621283570598463,-0.5234612457970378,-0.01975459248750552,,Blk 8,Teck Whye Ave,1.38104915821148,103.75422740795686
42091,2446.5,2572.25,0.050102596002003175,0.05137895812053098,0.030621283570598463,0.5231586137811702,0.020140933319383166,,Beauty World Stn Exit B,Upp Bt Timah Rd,1.34278636864291,103.77539033846315
59551,667.1666666666666,674.0500000000001,0.010249118788803635,0.010301820902968772,0.030621283570598463,-0.5224214423120217,-0.019715741360621524,,Blk 722,Yishun Ave 3,1.42539008150192,103.82822466548578
55089,437.1304347826087,441.65,0.010262727705804942,0.010315570110151407,0.030621283570598463,-0.5220644041513244,-0.019702400662731996,,Aft Sunrise Gdns,Yio Chu Kang Rd,1.39129403706334,103.85630398734284
64249,848.1111111111111,891.7,0.05006052751469081,0.05133472912850072,0.030621283570598463,0.5220549215967089,0.020098018436161436,,Blk 327,Hougang Ave 5,1.36809355475239,103.89589220748978
98099,1307.391304347826,1320.9,0.010271724962908735,0.010324660219984617,0.030621283570598463,-0.5218283556746269,-0.019693580633514552,,Blk 269A,Pasir Ris Dr 1,1.36457166700645,103.96328361098551
84359,2045.9565217391305,2067.1,0.010276244913566934,0.010329226847918035,0.030621283570598463,-0.5217097720379356,-0.019689149686855277,,Opp Bedok Ctrl PO,Bedok Nth St 1,1.32787704925987,103.934076210002
43571,3753.173913043478,3792.0,0.010288998219820655,0.010342111968128877,0.030621283570598463,-0.5213751813422027,-0.019676647402634827,,Opp Bt Gombak Stn,Bt Batok West Ave 5,1.35920995233758,103.75150455211015
70101,807.0952380952381,848.55,0.05002687702691855,0.05129935179728919,0.030621283570598463,0.5211720807167459,0.020063692217815777,,Bef Jln Wangi,MacPherson Rd,1.3296996501314,103.87395296821519
75051,4967.739130434783,5222.400000000001,0.0499824190275735,0.051252614170333936,0.030621283570598463,0.5200056982402479,0.020018343234925243,,Tampines West Stn Exit B,Tampines Ave 1,1.3450165,103.940188
27359,791.9130434782609,832.5,0.04992014170316583,0.05118714700882782,0.030621283570598463,0.5183718150034312,0.01995482119967356,,Blk 817,Jurong West Ave 5,1.34441434989381,103.69601368907118
84489,1596.0434782608695,1612.75,0.010406569356589124,0.010460906021997162,0.030621283570598463,-0.5182906315268957,-0.01956138289591251,,Opp Bedok Ind Pk C,Bedok Reservoir Rd,1.33804722197723,103.91618833296936
17249,405.8888888888889,410.15,0.010417963518667861,0.010472419442927372,0.030621283570598463,-0.5179916987998544,-0.019550211555757063,,Blk 355,Clementi Ave 2,1.31517111,103.7693364
65399,910.6521739130435,920.1999999999999,0.010418638872437214,0.01047310186951511,0.030621283570598463,-0.5179739804856339,-0.019549549405073186,,Blk 670A,Edgefield Plains,1.40580472725369,103.91259546667418
53249,717.9130434782609,754.7,0.049904062539930294,0.05117024493498593,0.030621283570598463,0.5179499684401362,0.01993842131145921,,Blk 210,Bishan Rd,1.35538305217047,103.84911895270494
84049,3335.304347826087,3370.3,0.010434714957941793,0.01048934645207514,0.030621283570598463,-0.5175522146684702,-0.019533787473101676,,Blk 27,New Upp Changi Rd,1.32432719820227,103.93471220144858
66421,649.7222222222223,656.55,0.010437949614263253,0.01049261504311379,0.030621283570598463,-0.5174673515053405,-0.01953061599674003,,Blk 537,S'goon Nth Ave 4,1.37365500000249,103.87340722201968
21149,350.9047619047619,354.6,0.010445927420924761,0.010500676589986175,0.030621283570598463,-0.5172580489269979,-0.01952279397035566,,Jurong Port Workshops,Jurong Port Rd,1.315633,103.719896
28601,330.5652173913044,334.05,0.010455249930820365,0.010510097036454235,0.030621283570598463,-0.5170134672467739,-0.01951365341929366,,Yuhua Sec Sch,Jurong West St 41,1.34733744665393,103.72316770207861
62059,1704.2173913043478,1722.2,0.010490422580936354,0.01054563997960206,0.030621283570598463,-0.5160906915179588,-0.019479166509587423,,Blk 161,Upp Paya Lebar Rd,1.35170138896709,103.87859583297927
11139,633.9565217391304,666.35,0.04975811907378258,0.051016844700082054,0.030621283570598463,0.5141210534196264,0.019789578824554205,,Blk 53A CP,C'wealth Ave,1.2931986108138,103.80744694841283
58581,541.9047619047619,547.7,0.010617931954633342,0.010674502236646328,0.030621283570598463,-0.5127454060516672,-0.019354132940905603,,Bef Gambas Cres,Bef Gambas Cres,1.443876,103.813122
76229,610.5555555555555,617.1,0.010644454388266666,0.010701308139534115,0.030621283570598463,-0.5120495739791554,-0.01932812348106317,,Opp Tampines East Stn,Tampines Ave 7,1.35614001051089,103.95353851635838
55039,1012.3478260869565,1023.2,0.010652291339069642,0.01070922898700011,0.030621283570598463,-0.5118439668393734,-0.019320437973697598,,NCS Hub,Yio Chu Kang Rd,1.3891573228776,103.84383135324573
83311,531.3888888888889,558.5,0.04966931130438201,0.05092351038296941,0.030621283570598463,0.5117911279274387,0.019699017608130184,,Aft Lor Nangka,Still Rd,1.31241970275404,103.90692990251455
46761,1297.2222222222222,1311.15,0.010671206065821615,0.010728346456692385,0.030621283570598463,-0.5113477275538396,-0.019301888512322184,,Blk 706,Woodlands Ave 7,1.4396175,103.7972525
66481,1425.2173913043478,1440.55,0.010693164892589202,0.01075054110904469,0.030621283570598463,-0.5107716244650032,-0.01928035329593755,,Opp Blk 968,Buangkok Green,1.3791866640778,103.8783096213561
76269,626.0,632.75,0.010708014272472255,0.010765550239234483,0.030621283570598463,-0.5103820420110554,-0.019265790109217987,,Opp Blk 489A,Tampines St 45,1.36187820405808,103.95739818627865
22021,355.0952380952381,373.2,0.049592196026353896,0.05084247124899778,0.030621283570598463,0.5097679620115779,0.019620386266760177,,Givaudan,Jln Ahmad Ibrahim,1.32168245080395,103.70369314086494
28249,1270.7777777777778,1284.5,0.01073200107311667,0.01078979556176901,0.030621283570598463,-0.5097527338021602,-0.019242265151097067,,Jurong East Lib,Jurong Town Hall Rd,1.332605,103.739045
77319,631.5217391304348,638.35,0.010737445079447738,0.010795298322793946,0.030621283570598463,-0.5096099070065319,-0.019236925885245823,,Opp Blks 771/772,Pasir Ris St 71,1.37554666701554,103.93754166696733
78031,851.8260869565217,861.05,0.010757630907356486,0.01081570226867144,0.030621283570598463,-0.5090803196140891,-0.01921712817079653,,Blk 191,Pasir Ris St 12,1.366365,103.958641
67121,392.04347826086956,412.0,0.04952735550396081,0.050774336283186415,0.030621283570598463,0.5080668317268052,0.019554275691617277,,Blk 142A,Sengkang East Way,1.38949805550873,103.90518999989366
21109,328.57142857142856,332.15,0.010799729890106136,0.010858257477243533,0.030621283570598463,-0.5079758273634036,-0.01917583734044936,,Ctrl Fish Proc Fty,Jln Tepong,1.31100299869144,103.72109770773132
76071,1401.0434782608695,1416.3,0.010822853460836335,0.010881632399913311,0.030621283570598463,-0.5073691665129133,-0.019153156921325087,,Blk 141,Tampines Ave 2,1.34802638899143,103.94517805600674
70259,1314.1304347826087,1328.45,0.01082947221089725,0.010888323194921662,0.030621283570598463,-0.5071955196056952,-0.01914666491973827,,MacPherson Stn Exit B,Paya Lebar Rd,1.32498730068675,103.89080428753108
43579,3184.9565217391305,3219.7,0.010846162500522283,0.010905195354614572,0.030621283570598463,-0.5067576397722996,-0.019130294056879257,,Bt Gombak Stn,Bt Batok West Ave 5,1.35911715344895,103.75166771394562
50031,2426.1666666666665,2452.65,0.01085211555764154,0.010911213348897384,0.030621283570598463,-0.5066014577216499,-0.01912445486611273,,Opp Novena Ch,Thomson Rd,1.321378056,103.8417481
45361,649.6521739130435,682.65,0.04947088639744113,0.05071500167056473,0.030621283570598463,0.5065853305958868,0.019496703998146993,,Opp Blk 765,Choa Chu Kang Nth 5,1.39239930690933,103.7500200571186
53251,376.1304347826087,380.25,0.01086421945545979,0.010923449388978823,0.030621283570598463,-0.5062839046486257,-0.019112582376890456,,Blk 125,Bishan St 11,1.34678829540395,103.85199823380812
53089,295.04347826086956,310.05,0.04944734140721163,0.050690262887354766,0.030621283570598463,0.5059676135501904,0.019472700240797575,,Faber Gdn,Upp Thomson Rd,1.363977,103.828198
46479,1329.4285714285713,1344.0,0.010892888569594916,0.010952432084183348,0.030621283570598463,-0.5055317531160206,-0.019084460800452493,,Blk 774,Woodlands Ave 9,1.44796869795143,103.79840963198184
22401,301.1904761904762,316.5,0.04942028391302866,0.050661834226284494,0.030621283570598463,0.5052577438408492,0.019445116237319805,,Aft Shipyard Rd,Tg Kling Rd,1.31007875279152,103.69714966993958
59381,957.3888888888889,967.9,0.010907773493378237,0.010967480146077832,0.030621283570598463,-0.505141238146372,-0.019069859838746803,,Blk 314,Yishun Ring Rd,1.43181131616813,103.84196021620254
60141,1505.6666666666667,1581.95,0.049390489627041845,0.050630530973451465,0.030621283570598463,0.5044760727448316,0.019414743050454722,,Opp Bendemeer Pr Sch,S'goon Rd,1.32258753768004,103.86385682733587
80051,2802.5555555555557,2833.45,0.010959461946796978,0.01101973684210549,0.030621283570598463,-0.5037851603382595,-0.019019155766493788,,Aft Lor 1 Geylang,Sims Ave,1.31251499997324,103.87326194447365
77239,1075.5652173913043,1087.45,0.010979047070992287,0.01103953798311872,0.030621283570598463,-0.503271332770713,-0.01899994294668414,,Blk 643,Pasir Ris Dr 1,1.37741830757924,103.93793201117523
77331,2644.8333333333335,2778.65,0.049338944945290564,0.05057637795275636,0.030621283570598463,0.5031237668732887,0.019362198996146534,,Blk 747A,Pasir Ris Dr 12,1.3782973982979,103.93338764757789
92061,1170.695652173913,1183.65,0.010995397324319534,0.011056068870830337,0.030621283570598463,-0.5028423739950563,-0.0189839032161108,,CHIJ Katong Convent (Pr),Marine Parade Rd,1.30585304722559,103.91059595623031
20101,1407.3478260869565,1478.55,0.049320724687453854,0.05055723635465586,0.030621283570598463,0.5026457473993786,0.019343626123253608,,Nan Hua Pr Sch,C'wealth Ave West,1.31993714188512,103.76221926730373
59341,609.2380952380952,616.0,0.011019822830639292,0.011080764728833365,0.030621283570598463,-0.5022015560776811,-0.018959941108596907,,Khoo Teck Puat Hosp,Yishun Ctrl,1.42367163179884,103.83864456915899
45309,833.6666666666666,842.95,0.01106080758305783,0.011122204472843945,0.030621283570598463,-0.5011262963330045,-0.018919732600708335,,Blk 754,Choa Chu Kang Nth 5,1.3919980495631,103.74665022024047
84209,3856.222222222222,4050.9,0.04923861404210328,0.05047097796341561,0.030621283570598463,0.5004915250033698,0.019259930596472515,,Bedok Resvr Stn Exit B,Bedok Nth Ave 3,1.33702513693776,103.93333589306084
93089,464.55555555555554,488.05,0.049233298156537764,0.05046539379474928,0.030621283570598463,0.5003520595334425,0.01925451234172137,,Opp Goodwill Ct,Upp East Coast Rd,1.31295810131062,103.92790605020116
11511,1937.2380952380952,2035.05,0.04923229426113007,0.050464339237893834,0.030621283570598463,0.5003257217308194,0.019253489117310767,,Alexandra Hosp,Alexandra Rd,1.2859468736223,103.80251884462385
28099,7004.0,7082.15,0.01109454422545042,0.011156316916487871,0.030621283570598463,-0.5002411951345185,-0.01888663368824871,,Opp Lakeside Stn,Boon Lay Way,1.344324,103.719266
27309,1467.111111111111,1483.5,0.011101399125816869,0.01116324831605224,0.030621283570598463,-0.5000613526813412,-0.01887990823082331,,Blk 705,Pioneer Rd Nth,1.3410704693164,103.69426536144466
52271,1952.7391304347827,1974.55,0.011101801296121927,0.011163654975966053,0.030621283570598463,-0.5000508015003773,-0.018879513653377356,,Jackson Sq,Lor 4 Toa Payoh,1.33683113907107,103.84974718092391
95149,488.4347826086956,493.95,0.01120552694016208,0.01126854401705606,0.030621283570598463,-0.4973294965529162,-0.01877774102092539,,Bef Cargo Bldg D,Airline Rd,1.381045,103.997657
61061,597.1111111111111,627.2,0.04908204587980869,0.05030652052758729,0.030621283570598463,0.4963838646594898,0.019100359434446285,,Blk 148,Potong Pasir Ave 1,1.33268166698419,103.8682283329788
10469,385.60869565217394,405.05,0.04906324557348185,0.05028677462887934,0.030621283570598463,0.4958906272629478,0.019081200215611282,,Bef Margaret Dr,Kay Siang Rd,1.29668400003303,103.81216918970023
27369,1245.8260869565217,1308.5,0.04904419314504427,0.05026676430589002,0.030621283570598463,0.49539077529048603,0.019061784428931618,,Blk 834,Jurong West Ave 5,1.34285373346865,103.6941039562493
21591,3289.3888888888887,3326.9,0.011335713329073016,0.011400205987133124,0.030621283570598463,-0.49391397797490405,-0.01864999092282833,,Opp Blk 117,Corporation Dr,1.33476103645994,103.72242808341083
58359,363.04347826086956,367.2,0.011352962523695886,0.011417651976592008,0.030621283570598463,-0.4934614349311726,-0.018633063279534914,,Opp Blk 484A CP,Sembawang Dr,1.45619440004203,103.81465411421149
91099,513.7222222222222,519.6,0.011354611737169229,0.011419320021586304,0.030621283570598463,-0.49341816681916467,-0.018631444794625966,,Bef Wilkinson Rd,Mountbatten Rd,1.30320972763591,103.88471920227425
45069,1082.388888888889,1094.8,0.011390701712238993,0.011455822778318789,0.030621283570598463,-0.49247132451589515,-0.018596026588817118,,Aft Mandai Est,Woodlands Rd,1.4069390779681,103.75626773948963
44089,680.7391304347826,688.55,0.011392132945097444,0.011457270408163168,0.030621283570598463,-0.4924337752570333,-0.01859462197019779,,Opp Blk 296A,Choa Chu Kang Ave 1,1.37648110284286,103.74094532328145
72041,1341.1904761904761,1408.45,0.04889659432474325,0.05011175761016121,0.030621283570598463,0.491518431053519,0.018911383211530228,,Blk 660A CP,Kaki Bt Ave 1,1.33470286981513,103.90743417265202
64529,669.0952380952381,676.8000000000001,0.011432410478980692,0.011498010233087821,0.030621283570598463,-0.49137706981796575,-0.018555092585763273,,Hougang Polyclinic,Hougang Ave 4,1.3699286957754,103.88933520735068
90011,300.42857142857144,303.9,0.011450776579409627,0.011516587677724517,0.030621283570598463,-0.49089522407552355,-0.018537067104499847,,Bef Tg Rhu View,Tg Rhu Rd,1.29711286404721,103.86924820515104
70291,918.3809523809523,929.0,0.011484020434907372,0.011550214947945805,0.030621283570598463,-0.4900230514389895,-0.01850443895024246,,Asiawide Ind Bldg,Upp Paya Lebar Rd,1.33743499996855,103.88713611112668
75281,657.0,689.9,0.04879016416943216,0.05000000000000017,0.030621283570598463,0.488726171618668,0.018802946085359238,,Blk 742A,Tampines Ave 9,1.36022789260467,103.93363809095122
27351,974.3333333333334,1023.1,0.04879016416943216,0.05000000000000017,0.030621283570598463,0.488726171618668,0.018802946085359238,,Blk 715,Jurong West Ave 5,1.34423200986065,103.69613170622605
65279,1783.304347826087,1804.05,0.011559674067446402,0.01162674529106498,0.030621283570598463,-0.48803823267573204,-0.01843018243687604,,Bet Blks 187/188,Punggol Ctrl,1.39929726136961,103.91103404530959
10009,6460.652173913043,6783.55,0.04876292874594945,0.049971403194768144,0.030621283570598463,0.48801163382663465,0.018775198933531606,,Bt Merah Int,Bt Merah Ctrl,1.28210155945393,103.81722480263163
08031,3801.190476190476,3991.0,0.0487150166924728,0.0499210981138688,0.030621283570598463,0.486754632152887,0.018726388491033218,,Dhoby Ghaut Stn Exit B,Penang Rd,1.29831153783592,103.8452569595532
61111,779.3333333333334,788.45,0.011615321645096266,0.011683041435283745,0.030621283570598463,-0.48657828485112103,-0.018375558934415732,,Blk 114B,Bidadari Pk Dr,1.3354995,103.872035
54091,545.1666666666666,551.55,0.011619747564031613,0.011687519072322225,0.030621283570598463,-0.4864621681934972,-0.018371214334600202,,Blk 331,Ang Mo Kio Ave 1,1.36167975047647,103.85092799797833
43509,616.7222222222222,647.55,0.04870022397959772,0.0499055670473965,0.030621283570598463,0.48636653639213434,0.018711318875530528,,Blk 291E,Bt Batok St 23,1.34359093090915,103.75436398130816
45401,1290.8333333333333,1355.25,0.048661140235313205,0.049864533608566575,0.030621283570598463,0.4853411507445351,0.018671504600894385,,Blk 681,Choa Chu Kang Cres,1.40279972616248,103.74594266826703
95029,6663.782608695652,6742.3,0.011712083096728776,0.011780938091199903,0.030621283570598463,-0.4840396896995775,-0.018280570933025937,,Changi Airport Ter 1,PTB1 Basement,1.361057,103.990812
63319,966.1739130434783,1014.35,0.04861033231173373,0.04981119352663506,0.030621283570598463,0.48400817416881453,0.018619749331736046,,Opp Blk 634,Hougang Ave 2,1.369226,103.878124
40109,758.6086956521739,767.6,0.011767251585448335,0.011836758056207049,0.030621283570598463,-0.4825923110625418,-0.018226409461788162,,Opp KK Women & Child Hosp,Kg Java Rd,1.30949131269895,103.84770747833439
46181,874.7391304347826,885.15,0.011817986222208532,0.011888094528845282,0.030621283570598463,-0.48126125721080854,-0.018176598271725818,,Opp Blk 12,Marsiling Rd,1.44015882292646,103.778867882596
01219,813.0434782608695,853.5,0.04850272488264196,0.04969823212092012,0.030621283570598463,0.4811850282449614,0.0185101441765586,,Blk 461,Victoria St,1.30526598535719,103.86072019914616
28051,653.5714285714286,686.1,0.04849912807890355,0.0496944565691846,0.030621283570598463,0.481090663925521,0.018506480802052642,,Opp Ng Teng Fong Gen Hosp,Boon Lay Way,1.332415,103.745637
12021,339.9130434782609,356.85,0.04848646388283484,0.04968116311694999,0.030621283570598463,0.48075841108933653,0.01849358231795715,,Bef Moonbeam Wk,Holland Rd,1.31907638897016,103.78243055601493
65569,403.82608695652175,408.65,0.011845576628443766,0.011916013317581518,0.030621283570598463,-0.48053740623176483,-0.01814950899152047,,Blk 656A,Punggol East,1.400196,103.920347
10139,1855.6666666666665,1877.8,0.01185050989962022,0.011921005385996613,0.030621283570598463,-0.4804079788815287,-0.018144665244845842,,Blk 1,Jln Bt Merah,1.28635135443034,103.8081000223439
76141,4469.217391304348,4522.7,0.011893202213391518,0.011964207557264087,0.030621283570598463,-0.479287920232971,-0.01810274667402243,,Tampines Stn/Int,Tampines Ave 4,1.35366689109025,103.94609060451609
57089,870.6666666666666,881.1,0.011898340433807775,0.011969407265774487,0.030621283570598463,-0.4791531159155884,-0.01809770145654702,,Blk 713,Sembawang Rd,1.42740500891774,103.82685672676006
12079,534.7222222222222,561.3,0.04841973068393557,0.04961111687234187,0.030621283570598463,0.479007625292777,0.01842561725093909,,Opp Blk 116,Clementi Rd,1.32383187575187,103.77263094375739
53239,5896.444444444444,6189.0,0.048415974628644776,0.049607174482356985,0.030621283570598463,0.4789090829126322,0.018421791995195076,,Opp Bishan Stn,Bishan Rd,1.351,103.847641
43321,989.6111111111111,1038.7,0.04836545234604195,0.049554147271604974,0.030621283570598463,0.47758360030053215,0.018370340301350464,,Opp Blk 144,Bt Batok West Ave 6,1.34990599565613,103.74510884287126
60139,2677.521739130435,2709.8500000000004,0.011997186384876457,0.012069441288185677,0.030621283570598463,-0.47655983266178115,-0.018000639592983887,,Blk 44,Bendemeer Rd,1.32204861560134,103.86628982237994
45261,1105.5,1160.25,0.04829513063694346,0.04948034342521415,0.030621283570598463,0.4757386677705442,0.018298729276459605,,Blk 551,Choa Chu Kang St 52,1.39431509144869,103.7435570382963
84511,978.1111111111111,1026.55,0.048287476400914464,0.04947231048570083,0.030621283570598463,0.4755378542632626,0.018290935007467323,,Blk 608,Bedok Reservoir Rd,1.33206972200071,103.91329416702288
84081,400.3333333333333,405.2,0.012053311945628309,0.012126245847176743,0.030621283570598463,-0.4750873446616689,-0.017945522781506573,,Opp Blk 40,Bedok Sth Rd,1.3204380811482,103.94022038903293
52299,350.6666666666667,368.05,0.04824837897400425,0.04943127962085317,0.030621283570598463,0.47451210964371043,0.018251123230336626,,Blk 50,Lor 5 Toa Payoh,1.337101667,103.8523
44591,668.3478260869565,676.5,0.012105708324405384,0.012179278986684472,0.030621283570598463,-0.47371269400401766,-0.017894065335058357,,Blk 490B,Choa Chu Kang Ave 6,1.37543194866252,103.7419701443328
58589,330.85714285714283,334.90000000000003,0.012108912903150859,0.012182522600085725,0.030621283570598463,-0.47362861994426814,-0.017890918094211537,,Opp Gambas Cres,Opp Gambas Cres,1.443534,103.813173
53061,286.8333333333333,301.05,0.04821095766612604,0.04939200926462008,0.030621283570598463,0.47353033901975555,0.018213019654504163,,Bef Windsor Pk Rd,Upp Thomson Rd,1.3571583010953,103.82883507046125
76359,1159.388888888889,1216.7,0.04820863555380939,0.04938957246133964,0.030621283570598463,0.4734694169999952,0.018210655252255452,,Blk 493B,Tampines Ave 9,1.36209168075863,103.95217875196944
63369,970.695652173913,982.6,0.012176669959765185,0.012251107432100504,0.030621283570598463,-0.47185097262188963,-0.017824371019055894,,S'goon Sports Cplx,Yio Chu Kang Link,1.356702,103.874108
95049,502.42857142857144,508.6,0.012184266257196263,0.012258796821792907,0.030621283570598463,-0.47165167916873374,-0.017816910092510924,,SATS Cargo Ter,Airport Cargo Rd,1.373575,103.994414
63199,854.5555555555555,865.05,0.012191613110733357,0.012266233766233826,0.030621283570598463,-0.4714589300268627,-0.017809694110695416,,Aft Phillips Ave,Yio Chu Kang Rd,1.36327972197547,103.87383805598819
60099,999.2777777777778,1011.55,0.012194162290646737,0.012268814218272953,0.030621283570598463,-0.4713920507514969,-0.01780719032770523,,Bef Lavender St,Bendemeer Rd,1.315304,103.861404
54211,568.4782608695652,596.55,0.048117352464040586,0.04929378531073426,0.030621283570598463,0.47107454998223813,0.018117714079651747,,Mayflower Sec Sch,Ang Mo Kio Ave 3,1.36861222198461,103.83634833298527
52139,598.2777777777778,605.65,0.012226792018617871,0.012301844813201292,0.030621283570598463,-0.47053599012170916,-0.01777514112063481,,Oleander Twrs,Lor 1 Toa Payoh,1.33271833297864,103.84404416701967
84569,640.6111111111111,648.55,0.012297441222818506,0.012373365659363861,0.030621283570598463,-0.46868246555982795,-0.017705745264656767,,Opp Blk 53,Chai Chee St,1.3279697494091,103.92011115886494
44791,688.1666666666666,696.7,0.012306072715454697,0.012382103990326992,0.030621283570598463,-0.4684560131349508,-0.01769726656243857,,West View Pr Sch,Senja Rd,1.38372439268243,103.76068878232401
14391,556.7391304347826,563.65,0.012314725285783368,0.012390863735578357,0.030621283570598463,-0.4682290077240752,-0.017688767082182335,,Opp Blk 85,Telok Blangah Hts,1.27790999999895,103.80858611110148
43621,373.30434782608694,377.95,0.012335039529233427,0.012411429898943217,0.030621283570598463,-0.46769605127231123,-0.017668811969967294,,Opp Parkview Apts,Bt Batok East Ave 3,1.34169275195642,103.75908187494267
65439,1452.388888888889,1523.75,0.04793246793250816,0.04909980505332426,0.030621283570598463,0.4662239925812791,0.017929497262764417,,Blk 220C,Punggol Way,1.40172529138051,103.89631809709375
21389,423.57142857142856,444.4,0.04789249804093032,0.04905787348586763,0.030621283570598463,0.4651753583239864,0.017888811544232237,,Opp St. Joseph's Hme,Jurong West Ave 2,1.350059,103.709927
46851,707.3888888888889,716.25,0.012431233874096392,0.012508822837423977,0.030621283570598463,-0.46517233450954015,-0.01757431271982243,,Blk 664,Woodlands Ring Rd,1.43612666735899,103.79761267660548
08111,1181.5,1239.5,0.04788368276576804,0.049048625792812245,0.030621283570598463,0.464944084253487,0.017879838613823355,,Winsland Hse,Penang Rd,1.29986928715834,103.84093746088925
63219,1618.9565217391305,1639.25,0.012449358791349674,0.012527174642368093,0.030621283570598463,-0.4646968163534458,-0.017556506174162382,,Bef Yio Chu Kang Chapel,Yio Chu Kang Rd,1.368497,103.876166
64209,1168.2777777777778,1182.95,0.012470031579513652,0.012548106618520155,0.030621283570598463,-0.46415445326446203,-0.017536196117999423,,Aft Defu Ave 1,Tampines Rd,1.36146974234447,103.89452504836862
64101,1934.4782608695652,2029.3,0.04782910620402969,0.04899137388804038,0.030621283570598463,0.46351223517847434,0.01782428774787044,,Opp Gracehaven S Army,Yio Chu Kang Rd,1.37212119701131,103.87653938842564
65251,2508.0555555555557,2539.65,0.012513544155693168,0.012592166153709809,0.030621283570598463,-0.46301287453598233,-0.017493445656804784,,Punggol Stn/Waterway Pt,Punggol Ctrl,1.40502618974463,103.90299618971393
66509,328.85714285714283,333.05,0.012631022072303821,0.012711130359462515,0.030621283570598463,-0.4599307704078438,-0.01737801605366234,,Blk 546,S'goon Nth Ave 5,1.37528324399418,103.87015339999972
76241,2675.1304347826085,2709.15,0.012632100390300494,0.012712222384688587,0.030621283570598463,-0.459902480083629,-0.017376956474121845,,Blk 497D,Tampines Ave 7,1.35845802746258,103.95917058122039
43341,1847.9565217391305,1938.2,0.04765407923749798,0.04880778817664459,0.030621283570598463,0.4589202969517282,0.017646156639652136,,Princess E Pr Sch,Bt Batok West Ave 3,1.34972199038423,103.74139303669513
14059,440.1304347826087,461.65,0.047630226497553885,0.04878277153558077,0.030621283570598463,0.4582945059063118,0.01762188328001692,,Bef Telok Blangah Hts,Henderson Rd,1.276025,103.815613
44581,457.39130434782606,463.25,0.012700004585015634,0.01278099212747838,0.030621283570598463,-0.4581209725042677,-0.017310229982163968,,Blk 489A,Choa Chu Kang Ave 5,1.37532277779344,103.74031352986161
28521,1854.1304347826087,1877.8500000000001,0.01270487871403514,0.012785928564732917,0.030621283570598463,-0.45799309678425565,-0.017305440213765788,,Blk 457,Jurong West Ave 1,1.35097548065061,103.72120042369096
84061,2363.0555555555557,2393.35,0.012733195354448945,0.012814607665734223,0.030621283570598463,-0.4572501926127112,-0.017277613211297966,,The Tanamera Condo,New Upp Changi Rd,1.32584790501258,103.94223128727671
47551,1265.111111111111,1326.8,0.04757335194149448,0.04872312417727152,0.030621283570598463,0.4568023675617266,0.01756400813299628,,Blk 630,Woodlands Ave 6,1.43472623786722,103.80188755233279
59351,824.695652173913,835.3,0.012761154602384472,0.012842925596334853,0.030621283570598463,-0.4565166648487883,-0.01725013664832372,,Opp Blk 322,Yishun Ctrl,1.42877888900017,103.8402288889874
43191,1063.2777777777778,1076.95,0.012764663035079948,0.012846479093803997,0.030621283570598463,-0.45642461899705716,-0.017246688730523273,,Blk 288C,Bt Batok East Ave 6,1.346377,103.759219
63051,785.5217391304348,795.65,0.01279507307632688,0.012877280265340121,0.030621283570598463,-0.4556267931897213,-0.017216802707376713,,Opp Blk 370,Upp S'goon Rd,1.36415166798646,103.8891427848695
98129,1402.0,1420.15,0.012853601888796362,0.012936564504632509,0.030621283570598463,-0.45409125442863574,-0.01715927989056956,,Opp Krislite Bldg,Loyang Way,1.372043,103.970477
46321,553.2608695652174,580.2,0.047459472088051236,0.04860370254157592,0.030621283570598463,0.4538146607949094,0.017448134690831507,,W'lands Civic Ctr,Woodlands Ave 5,1.43457763941924,103.78655642033898
44801,319.3478260869565,323.5,0.012878174138151621,0.012961454940282318,0.030621283570598463,-0.453446586619055,-0.017135128986598722,,Opp Blk 628,Senja Rd,1.38503510909651,103.75908340599958
20239,2780.782608695652,2816.85,0.01288223446475012,0.01296556790297105,0.030621283570598463,-0.45334006149729705,-0.01713113822611833,,Aft Hasanah Mque,Teban Gdns Rd,1.32246879634748,103.73947011845992
46911,489.33333333333337,495.7,0.012900790179976696,0.012984364377973862,0.030621283570598463,-0.45285324109606423,-0.017112900222205102,,Opp Blk 20,Woodlands Loop,1.45068968281344,103.81027103832493
47549,766.2173913043478,803.45,0.047388622244143974,0.04852941176470632,0.030621283570598463,0.45195587232908857,0.017376051202887016,,Blk 693 CP,Woodlands Ave 6,1.4379048516895,103.80352352573782
44289,2186.173913043478,2214.65,0.012935554357716761,0.013019580558592238,0.030621283570598463,-0.4519411818868504,-0.01707873036642998,,Blk 6,Teck Whye Ave,1.38140148022937,103.75380266661918
65379,499.27777777777777,523.55,0.047377252463602026,0.04851749028317522,0.030621283570598463,0.45165757926639744,0.01736448392621503,,Blk 661A,Edgedale Plains,1.40280775893278,103.91633762054916
78161,319.7391304347826,335.3,0.047375503791071694,0.0485156567710455,0.030621283570598463,0.45161170178593135,0.017362704890444128,,Blk 216,Pasir Ris Dr 4,1.36900499745113,103.96052175997124
05411,1067.3809523809523,1081.35,0.012990229241060192,0.013074968800142917,0.030621283570598463,-0.4505067532851178,-0.01702498779150587,,Tg Pagar Plaza,Tg Pagar Rd,1.2753515,103.843144
92151,452.9130434782609,458.85,0.012994703841227029,0.013079501915709259,0.030621283570598463,-0.45038935944597025,-0.017020589361511643,,Christ Meth Ch,East Coast Rd,1.3098029425373,103.91602380242344
63039,4584.888888888889,4644.95,0.01301191653010747,0.013096939888063654,0.030621283570598463,-0.44993777415244995,-0.017003669497122682,,Kovan Stn Exit C,Upp S'goon Rd,1.360036,103.885203
50069,1111.608695652174,1165.5,0.0473003782368,0.0484368894099259,0.030621283570598463,0.44964073747510797,0.017286277824192686,,Hotel Royal,Newton Rd,1.31702163080967,103.84164776289317
27139,506.47826086956525,513.15,0.01306117740172752,0.013146847155585801,0.030621283570598463,-0.44864538541968885,-0.016955245048377317,,Blk 934,Jurong West St 91,1.34202746082141,103.68898154351334
13051,1833.7222222222222,1922.5,0.04725335069798842,0.04838758516275546,0.030621283570598463,0.44840694157806504,0.01723843847917196,,Opp Valley Pt,River Valley Rd,1.29334305906356,103.8263656209055
40239,1777.9565217391305,1864.0,0.0472340844301673,0.04836738684133314,0.030621283570598463,0.44790147940016406,0.01721884027977097,,Bef Stevens Stn Exit 4,Whitley Rd,1.322585278,103.8262153
40481,379.38095238095235,384.40000000000003,0.01310849916798329,0.013194792188282536,0.030621283570598463,-0.44740387028786116,-0.016908724533556754,,Bef Blk 113,Plantation Cres,1.352848,103.735005
59469,1052.3478260869565,1066.25,0.013111748876563745,0.013198084781442364,0.030621283570598463,-0.4473186122196213,-0.016905529768212472,,Blk 419,Yishun Ave 11,1.42357927683882,103.84747960044407
77279,450.42857142857144,472.25,0.04720663256378721,0.048338607594936155,0.030621283570598463,0.4471812630979326,0.01719091610737538,,Aft Pasir Ris Ind Dr 1,Pasir Ris Dr 12,1.38079641020594,103.9346621770568
65221,832.4782608695652,872.75,0.047186673437479065,0.04831768388106368,0.030621283570598463,0.44665762335896575,0.017170614068007455,,Blk 303D,Punggol Ctrl,1.40402842836975,103.90480763848863
43389,1830.0,1918.45,0.04717642097695762,0.04830693610049145,0.030621283570598463,0.44638864386215155,0.017160185619901864,,Opp Blk 102,Bt Batok Ave 1,1.34760499094973,103.74834299093746
70139,591.8888888888889,599.75,0.013171864357337526,0.013258995502248364,0.030621283570598463,-0.4457414462568305,-0.01684642879506453,,Aft Jln Belangkas,MacPherson Rd,1.33218202150261,103.88328460405727
45269,746.3888888888889,756.3,0.013173825530398808,0.013260982680443047,0.030621283570598463,-0.4456899936965318,-0.01684450065887488,,Blk 544,Choa Chu Kang St 52,1.39436168074215,103.74373102471621
43439,603.0869565217391,611.1,0.01317751253334798,0.013264718583561605,0.030621283570598463,-0.4455932629462942,-0.016840875754966806,,Blk 242,Bt Batok East Ave 2,1.3512355,103.756353
59719,1789.7222222222222,1876.15,0.047135654589080644,0.04826420128439821,0.030621283570598463,0.4453191130431692,0.017118720518438817,,Opp Blk 672C,Yishun Ring Rd,1.41756544907262,103.84200497226853
58101,484.8095238095238,508.25,0.047122434347466324,0.04825034306998627,0.030621283570598463,0.44497227201610595,0.017105274052086075,,Blk 311,Canberra Rd,1.44667277800811,103.82282277802054
67441,2079.521739130435,2107.2,0.013215804459443703,0.013303519184151139,0.030621283570598463,-0.4445886511273329,-0.016803227977642526,,Sengkang Community Hub,Sengkang East Rd,1.392382,103.893479
43619,1184.5217391304348,1200.3,0.013221339869599724,0.013309128250266589,0.030621283570598463,-0.4444434262971263,-0.016797785565182324,,Blk 289E,Bt Batok East Ave 3,1.34406411828167,103.75861329619691
92049,5189.777777777778,5258.95,0.01323797420773154,0.013325984117130664,0.030621283570598463,-0.44400701438496376,-0.016781430511068094,,Marine Pde Stn/Parkway Pde,Marine Parade Rd,1.302999,103.905955
50221,2134.3333333333335,2237.25,0.04707154801327196,0.04819700280986611,0.030621283570598463,0.44363723829052426,0.01705351861003334,,Bef Blk 104,Balestier Rd,1.32143805851672,103.8530377626759
59321,708.4782608695652,717.95,0.013261958214154212,0.01335028802549337,0.030621283570598463,-0.4433777794841644,-0.016757848707790648,,Blk 794,Yishun Ring Rd,1.42004673882783,103.831802328761
58259,4342.333333333333,4400.35,0.013269209578316676,0.013357636224098184,0.030621283570598463,-0.4431875355637361,-0.016750718835041124,,Opp Sun Plaza,Sembawang Dr,1.44777267175187,103.81895151565973
64059,1603.388888888889,1624.85,0.013287826457546892,0.01337650195643877,0.030621283570598463,-0.4426991104879095,-0.016732413631528126,,Blk 355,Upp S'goon Rd,1.37249135705281,103.89837470452339
17181,632.1304347826087,662.6,0.047003099290782835,0.04812525751957159,0.030621283570598463,0.4418414446959824,0.016983904978490668,,Opp Blk 317,C'wealth Ave West,1.31749570803723,103.7638854582427
67349,492.0869565217391,515.8,0.046970411582210936,0.04809099726655459,0.030621283570598463,0.4409838629100989,0.01695066264829318,,Blk 204 CP,Compassvale Dr,1.38837810902521,103.8953369095349
45009,15794.333333333332,16553.2,0.046925308306148494,0.048043725995018924,0.030621283570598463,0.43980055120901257,0.01690479587619249,,Bt Panjang Int,Petir Rd,1.37812611932206,103.763286611367
21651,686.8571428571429,719.9,0.04691925623362003,0.048037383177569816,0.030621283570598463,0.43964177142927247,0.01689864151323665,,Opp Chinese Gdn,Yuan Ching Rd,1.33873014874255,103.72402172321266
46989,527.2777777777778,552.65,0.04691047850083763,0.0480281838258491,0.030621283570598463,0.43941148230579397,0.016889715487869845,,W'lands Sth Stn Exit 1,Woodlands Ave 1,1.42802334589801,103.79221259917931
11171,461.8888888888889,468.15,0.013435502251360809,0.013526164186269864,0.030621283570598463,-0.4388247468043205,-0.016587198088033245,,Opp Blk 7B,C'wealth Ave,1.30535666699303,103.79479722196947
04168,1243.388888888889,1303.1,0.046868590569554947,0.047984285012724344,0.030621283570598463,0.43831252711787205,0.016847120973449696,,Aft City Hall Stn Exit B,Nth Bridge Rd,1.29208221483052,103.85125994680256
55041,538.7619047619047,564.65,0.04684738715427006,0.04796206440229443,0.030621283570598463,0.4377562427057406,0.016825560570240355,,Aft AMK St 64/Apple SG,Yio Chu Kang Rd,1.39122406741106,103.84602799523668
43081,391.0,409.8,0.04684463826394136,0.047959183673470164,0.030621283570598463,0.4376841239069543,0.016822765432132698,,Opp St. Joseph's Ch (Bt Timah),Upp Bt Timah Rd,1.366245,103.766345
67211,647.8888888888889,656.7,0.013487401821252298,0.013578767123288,0.030621283570598463,-0.4374631302279786,-0.01653615806212199,,Ranggung Stn Exit A,Sengkang East Ave,1.38393828115359,103.89765917692944
61099,320.05555555555554,335.45,0.04683537121271364,0.04794947222702879,0.030621283570598463,0.4374409972183929,0.016813342527137263,,Potong Pasir CC,Potong Pasir Ave 2,1.33236805597247,103.86709999996721
84451,1115.7777777777778,1169.3,0.046812571492200306,0.04792557954432421,0.030621283570598463,0.4368428327740281,0.016790159731395048,,Bedok Nth Stn Exit A,Bedok Nth Rd,1.335644,103.918055
63019,1287.1666666666667,1304.7,0.013519276535176594,0.013611075171431954,0.030621283570598463,-0.4366268778479258,-0.016504809933901677,,Aft Upp S'goon Shop Ctr,Upp S'goon Rd,1.35347964311763,103.87800141702434
21449,2122.8695652173915,2151.8,0.0135296289095157,0.013621568507031771,0.030621283570598463,-0.4363552770517324,-0.016494628370831817,,Boon Lay Shop Ctr,Boon Lay Pl,1.34639805597018,103.71306138901696
82009,1901.9130434782608,1927.85,0.013538077573701734,0.013630132291452027,0.030621283570598463,-0.4361336212417189,-0.016486319029120393,,Eunos Int,Eunos Rd 2,1.31933717157385,103.90180834139497
84549,427.2608695652174,433.1,0.013542404068562774,0.01363451776649724,0.030621283570598463,-0.43602011303476135,-0.016482063853028917,,Opp Blk 42,Chai Chee St,1.32720168851924,103.92512088883021
93029,1181.3333333333333,1237.95,0.04677435958423981,0.04788553707358368,0.030621283570598463,0.4358403202791954,0.016751306981719834,,Mandarin Gdns,Marine Parade Rd,1.30851455788092,103.92471047692146
12051,378.4347826086956,396.6,0.04676374354825796,0.04787441274206551,0.030621283570598463,0.43556180216048757,0.016740513170554167,,Pine Gr Condo,Ulu Pandan Rd,1.3204289505949,103.7750613105408
53349,1336.4782608695652,1354.75,0.013568860638564217,0.013661335413822324,0.030621283570598463,-0.4353260089344301,-0.016456042997693796,,Bright Hill Stn Exit 1,Sin Ming Ave,1.3637398272719,103.83379317461136
64241,1027.4347826086955,1041.5,0.01358365679104434,0.013676333812463337,0.030621283570598463,-0.4349378229335607,-0.016441490223672823,,Blk 308,Hougang Ave 5,1.36712666702422,103.89641722203109
46699,486.4782608695652,509.8,0.046732427802854914,0.047841598287548935,0.030621283570598463,0.4347402146573455,0.016708673682044015,,888 Plaza,Woodlands Ave 4,1.43769989889611,103.79566316043969
63321,911.8333333333333,955.5,0.046727473324641444,0.04783640679203965,0.030621283570598463,0.434610230927679,0.01670363643354929,,Blk 627,Hougang Ave 2,1.36913602302795,103.88132215113495
67271,463.39130434782606,469.75,0.013599642376716403,0.013692538151858821,0.030621283570598463,-0.4345184314341875,-0.01642576733918188,,Blk 201 CP,Sengkang East Rd,1.388381,103.8921
66361,413.5652173913043,419.25,0.01361947018335563,0.013712637650760752,0.030621283570598463,-0.4339982369460844,-0.01640626502613795,,Blk 319,S'goon Ave 2,1.35258501828366,103.86824850324253
61049,612.7826086956521,621.2,0.013620776508487253,0.013713961889920504,0.030621283570598463,-0.4339639647169113,-0.0164049801320834,,Aft Bartley Rd,Upp S'goon Rd,1.34196277802503,103.8709686110327
54291,932.8333333333333,945.65,0.013631458361128779,0.013724790290915657,0.030621283570598463,-0.4336837198583671,-0.016394473458906968,,Blk 564,Ang Mo Kio Ave 3,1.3693065,103.858548
84669,1496.5652173913043,1517.2,0.013684821695761684,0.01377888746951571,0.030621283570598463,-0.4322837005295565,-0.01634198358754255,,Blk 73,Bedok Sth Ave 3,1.31994111212465,103.94418156021838
09131,794.9130434782609,832.9,0.046623553077364654,0.047727521031355774,0.030621283570598463,0.431883820446716,0.01659798582995741,,Opp Orchard Blvd Stn,Grange Rd,1.30391999998489,103.82333805603095
60011,480.30434782608694,486.95,0.013713131813937629,0.013807588075881111,0.030621283570598463,-0.4315409674728634,-0.016314135718666828,,Bendemeer Stn Exit A,Kallang Bahru,1.31471795031338,103.86376795493321
40341,755.8695652173913,791.9,0.046506176551833533,0.04760454963235274,0.030621283570598463,0.42880437637481444,0.01647866809320643,,Bef Blk 440A,Bt Batok West Ave 8,1.3546236109849,103.73889587967264
59099,644.3888888888889,653.4,0.013865721671226794,0.013962296634242519,0.030621283570598463,-0.42753768036468565,-0.016164023780530425,,Blk 220,Yishun Ave 2,1.43272835490407,103.83522544787667
65661,1047.111111111111,1096.95,0.04645520237836731,0.047551150217322855,0.030621283570598463,0.42746703813285886,0.016426855253823883,,Blk 421C,Northshore Dr,1.418851944,103.9057239
62039,317.88888888888886,333.05,0.04644795095403875,0.047543554006968476,0.030621283570598463,0.42727679263393664,0.0164194847381209,,Raya Gdn,Upp Paya Lebar Rd,1.3467680506898,103.880911959518
53059,1214.611111111111,1231.6,0.013878837093655783,0.013975595265298337,0.030621283570598463,-0.42719358933228646,-0.01615112027148417,,Upp Thomson Stn Exit 2,Upp Thomson Rd,1.355471,103.8312231
28531,901.0869565217391,913.7,0.013885223120177592,0.013982070561017853,0.030621283570598463,-0.42702604806773964,-0.016144837366383395,,Blk 536,Jurong West Ave 1,1.35006115514965,103.71652940446651
65071,746.9565217391304,757.45,0.013932026769792216,0.01402952973318647,0.030621283570598463,-0.42579812603906364,-0.01609878827645562,,Blk 203A,Punggol Rd,1.39845074063981,103.90416383740006
13069,483.7391304347826,506.75,0.046378329622072556,0.04747062516817681,0.030621283570598463,0.4254502349212162,0.016348722723058484,,RV Residences,River Valley Rd,1.29488000002792,103.82880805602646
84219,1624.888888888889,1701.95,0.04630736652244494,0.04739629604318974,0.030621283570598463,0.4235884751231372,0.016276602026375844,,Blk 139,Bedok Nth Ave 3,1.32940888887166,103.9348130555732
60261,3147.6666666666665,3192.15,0.014028807587267877,0.014127673089139012,0.030621283570598463,-0.42325902281292327,-0.016003560904852616,,Potong Pasir Stn Exit C,Upp S'goon Rd,1.33132471594343,103.86891794930561
59461,1794.611111111111,1820.0,0.014040384873331924,0.014139414003279662,0.030621283570598463,-0.422955285717475,-0.015992168830646688,,Opp Blk 419,Yishun Ave 11,1.4233562505923,103.84695938114267
84239,1282.0,1300.15,0.014047403177015028,0.014146531566640724,0.030621283570598463,-0.4227711562795491,-0.015985262740626498,,Opp Blk 85,Bedok Nth Rd,1.33151836127292,103.9383568845181
59419,3153.5652173913045,3198.3,0.01408135686250489,0.014180966163601599,0.030621283570598463,-0.4218803608242581,-0.01595185124650173,,Blk 413,Yishun Ring Rd,1.42536,103.84607
58409,1000.3888888888889,1047.75,0.04621105352443067,0.04729542302357822,0.030621283570598463,0.42106164542324565,0.016178726093460855,,Blk 491,Admiralty Link,1.4561083849161,103.81810058815044
82079,587.4347826086956,615.25,0.04618662449387845,0.04726983892419063,0.030621283570598463,0.4204207350455024,0.01615390213552845,,Tg Katong Girls' Sch,Tg Katong Rd,1.30801114591342,103.8951960850957
63049,728.1666666666666,738.55,0.014139563553718482,0.014239999999999264,0.030621283570598463,-0.4203532731089621,-0.015894571392748722,,Glad Tidings Ch,Upp S'goon Rd,1.36219166668854,103.88752277779692
92149,487.0869565217391,510.15,0.04616950963002786,0.04725191519686412,0.030621283570598463,0.419971716250751,0.01613651094866648,,St. Patrick's Green,East Coast Rd,1.30928064742874,103.91434517290193
76129,907.304347826087,950.15,0.046092271544249996,0.04717103058733354,0.030621283570598463,0.4179453283993692,0.016058029540587687,,St. Hilda's Sec Sch,Tampines Ave 4,1.34988214931301,103.93791583710507
60069,543.6190476190476,569.3,0.04607598310469907,0.04715397394421576,0.030621283570598463,0.417517991345485,0.016041479675579385,,Kallang Basin Swim Cplx,Jln Kolam Ayer,1.32335935195255,103.87256741522513
47749,1144.5,1198.5,0.04606358038619973,0.047140986468791626,0.030621283570598463,0.4171925985313305,0.016028878077270516,,W'lands Hosp,Woodlands Dr 17,1.425821,103.793911
71109,344.04347826086956,349.0,0.014262721447900084,0.014364919354838456,0.030621283570598463,-0.4171221513371316,-0.01577336357681229,,Maha Bodhi Sch,Ubi Ave 1,1.32831828375817,103.90256616022272
52339,636.9130434782609,646.1,0.014298863496123637,0.014401581243183937,0.030621283570598463,-0.4161739428632073,-0.01573779096742617,,Opp Blk 26,Lor 6 Toa Payoh,1.332871667,103.8558608
58369,345.2608695652174,350.25,0.01430577139301814,0.014408588648919978,0.030621283570598463,-0.4159927100140935,-0.015730991762084937,,Bef Acacia Hme,Admiralty St,1.46077451756536,103.81206144667213
64231,593.8695652173913,602.45,0.014321023672113853,0.014424060809823697,0.030621283570598463,-0.41559255725585026,-0.015715979301979207,,Blk 316,Hougang Ave 7,1.36479332441286,103.8968501202605
65401,558.7222222222222,585.05,0.04596448125047026,0.04703722084367247,0.030621283570598463,0.41459267282496093,0.015928195482438335,,Opp Blk 264A,Punggol Ctrl,1.40653182138609,103.89871180015278
52039,1372.0555555555557,1436.6,0.04593646762445491,0.04700788994537794,0.030621283570598463,0.4138577184192561,0.01589973604853948,,Aft Muhajirin Mque,Braddell Rd,1.34333817728421,103.85130310024304
07329,1888.7777777777778,1977.55,0.045905008931103275,0.04697495296331133,0.030621283570598463,0.4130323805903068,0.015867777672954123,,Hoa Nam Bldg,Jln Besar,1.31284472583438,103.85989088288474
62029,405.0,410.9,0.014427441840302535,0.01453201970443362,0.030621283570598463,-0.41280061231039883,-0.015611228025898533,,Paya Lebar Gdns,Upp Paya Lebar Rd,1.3441045,103.8827165
28279,344.4761904761905,360.7,0.045891411363187196,0.04696071674707115,0.030621283570598463,0.4126756401797181,0.015853964435766883,,Blk 114,Jurong Town Hall Rd,1.33948295480474,103.73423653369264
67489,1288.611111111111,1349.15,0.04587498871992146,0.046943523025890346,0.030621283570598463,0.41224478221028354,0.015837281565487662,,Opp Fernvale Stn,Sengkang West Ave,1.39100245036434,103.87708498686095
65149,754.0,765.0,0.014464420491566266,0.014569536423840724,0.030621283570598463,-0.41183045505019933,-0.015574825983746706,,Bef Soo Teck Stn,Punggol Way,1.40444046572287,103.89692479945528
53199,318.8888888888889,333.9,0.045858266524201774,0.046926015977769395,0.030621283570598463,0.4118060653012154,0.015820294677675397,,Blk 22A CP,Sin Ming Rd,1.35754830843445,103.83899242953868
65019,1146.9565217391305,1200.75,0.045795403661298195,0.04686020527970291,0.030621283570598463,0.4101568201081477,0.01575643931284295,,Opp Blk 266/The Rivervale,Punggol Rd,1.38151407829697,103.89749237919405
75229,1403.2222222222222,1469.0,0.04577882977560055,0.04684285488210134,0.030621283570598463,0.4097219942021239,0.0157396044212313,,Temasek Poly East G,Tampines Ave 1,1.34499782605889,103.93676608938834
67499,1042.5555555555557,1057.85,0.01454972777793273,0.014656090289608341,0.030621283570598463,-0.409592366845573,-0.01549084376142373,,Fernvale Pr Sch,Sengkang West Ave,1.39068028707514,103.87467870992985
84409,791.3888888888889,828.45,0.04571053791102653,0.04677136647269162,0.030621283570598463,0.4079303158697659,0.015670240038262177,,Blk 550,Bedok Nth St 3,1.33291002440884,103.92669166477268
47201,3334.904761904762,3490.9,0.04570206518372366,0.04676249750192728,0.030621283570598463,0.4077080287493422,0.01566163457774461,,W'lands Nth Stn,Nth Woodlands Dr,1.448472,103.7848997
10209,3700.3333333333335,3873.35,0.045684791703235916,0.046744416426513384,0.030621283570598463,0.4072548485512711,0.01564409071783978,,Redhill Stn,Tiong Bahru Rd,1.28954631749853,103.81672885450702
63299,978.0,992.45,0.014652091068588113,0.014759959141981976,0.030621283570598463,-0.4069068040623614,-0.015390061006371573,,Blk 115,Lor Ah Soo,1.35263165715857,103.88833522800789
46489,1954.9444444444443,1983.8500000000001,0.014670175959714982,0.01477831113130933,0.030621283570598463,-0.4064323360158792,-0.015372254281806589,,Aft Gambas Ave,Woodlands Ave 9,1.44952095631928,103.80160651744906
46349,439.3333333333333,445.85,0.014690951973185484,0.014799394398183329,0.030621283570598463,-0.40588726474860504,-0.01535179742999294,,Aft Blk 353,Woodlands Ave 1,1.4318970485931,103.78622445675852
07011,1247.2222222222222,1305.5,0.0456314892045091,0.04668862382054537,0.030621283570598463,0.4058564252892167,0.015589955792763595,,Bef Sophia Rd,Selegie Rd,1.30099699058522,103.8498101874305
66451,554.8571428571429,580.8,0.04561542213186076,0.046671806733487295,0.030621283570598463,0.40543489592978255,0.01557363836624994,,Aft AMK Ind Pk 2,Ang Mo Kio Ave 5,1.37872496881803,103.86854361874474
07539,1166.695652173913,1221.15,0.04557932412471999,0.046634024649066866,0.030621283570598463,0.40448784290027673,0.015536978843472054,,Bef Rochor Stn Exit B,Sungei Rd,1.30461300741211,103.8520009720951
46481,586.9444444444445,614.35,0.04555875042078572,0.04661249173202289,0.030621283570598463,0.4039480793459309,0.015516085701260427,,Aft W'lands Ind Pk E6,Woodlands Ave 9,1.44964404178885,103.8011125258027
66009,10978.217391304348,11141.7,0.014780417267083124,0.014890187785618294,0.030621283570598463,-0.4035400887039284,-0.015263701648465498,,Serangoon Int,S'goon Ave 2,1.35046610176969,103.87168992264617
84539,2261.0555555555557,2294.75,0.014785649749778251,0.014895498194856636,0.030621283570598463,-0.40340281135870176,-0.0152585490193446,,Bedok Nth Stn Exit B,Bedok Nth Rd,1.3350342184363,103.91851751540032
97321,300.55555555555554,314.6,0.045521325913124855,0.04657332350773844,0.030621283570598463,0.4029662247737445,0.015478081222885246,,Aft Compass Green,Tanah Merah Besar Rd,1.36060285135304,103.97464120182451
28069,403.95238095238096,422.8,0.045492163535838515,0.04654280338664229,0.030621283570598463,0.40220113218431386,0.015448467899754167,,Blk 203,Boon Lay Way,1.33644240098532,103.74255737341373
77051,2041.1666666666667,2136.15,0.04546182999216786,0.0465110585162822,0.030621283570598463,0.40140531333711504,0.015417666216472291,,Blk 115,Pasir Ris Dr 1,1.36908504460753,103.95508527984948
52009,29874.38888888889,30322.6,0.014891259866885775,0.015002687087289007,0.030621283570598463,-0.40063206612162816,-0.015154544867537244,,Toa Payoh Int,Lor 6 Toa Payoh,1.33202083385749,103.84692763524869
84051,1064.8333333333333,1080.85,0.014915572848550163,0.015027365129006638,0.030621283570598463,-0.3999942003565796,-0.015130600046960539,,Bedok Sports Cplx,New Upp Changi Rd,1.325207,103.938755
85069,965.0555555555555,1009.9,0.0453749586741079,0.046420150669963946,0.030621283570598463,0.39912619181594616,0.015329459376804386,,Bedok Mkt Pl,Bedok Rd,1.3318,103.94738
96129,1308.6666666666667,1328.4,0.014955060717131374,0.015067447187579509,0.030621283570598463,-0.3989582122638651,-0.015091708885666058,,Melville Pk,Simei Rd,1.3474583546739,103.95795115114063
92231,946.1111111111111,990.05,0.045348571261715875,0.04639253871421852,0.030621283570598463,0.39843390210728624,0.015302667813127613,,Blk 34,Marine Cres,1.30425500081318,103.9123223933556
70109,1456.4761904761906,1524.05,0.04532089316345633,0.04636357695951894,0.030621283570598463,0.39770775047499707,0.015274566555021189,,Gulab Bldg,MacPherson Rd,1.32946242383323,103.874037265782
54589,1553.2777777777778,1625.3,0.0452965098019682,0.04633806340922824,0.030621283570598463,0.3970680382527456,0.015249811050067608,,Blk 555,Ang Mo Kio Ave 10,1.37173441613541,103.85671893941708
58349,547.3913043478261,555.7,0.015037404031418511,0.0151510346467929,0.030621283570598463,-0.3967978856577157,-0.015010604933568542,,Blk 478,Sembawang Dr,1.45273139537549,103.81642343207659
58029,460.6666666666667,482.05,0.04527703801018923,0.04631768953068573,0.030621283570598463,0.39655718402962287,0.01523004250960828,,The Nautical,Sembawang Rd,1.44315919415772,103.82398509211036
07359,755.0869565217391,790.1,0.04526799060817144,0.046308223116733514,0.030621283570598463,0.39631981997080673,0.015220857356824104,,Opp Arc 380,Lavender St,1.31368253065979,103.86071451807119
05019,540.3333333333334,548.55,0.015064529461396248,0.01517857142857187,0.030621283570598463,-0.39608623361174866,-0.01498388631032842,,Aft Duxton Plain Pk,New Bridge Rd,1.28118388885484,103.84105000000471
28321,1191.8260869565217,1209.95,0.015079820945207878,0.015194095133952729,0.030621283570598463,-0.39568505229409395,-0.014968823837208252,,Blk 239,Jurong East Ave 1,1.34127166427214,103.74090313908255
98021,306.6190476190476,320.85,0.04522343944540097,0.0462616099071214,0.030621283570598463,0.39515099329554904,0.01517562909465334,,Blk 275,Loyang Ave,1.36473730490409,103.96537675659532
45469,545.1304347826086,553.45,0.015118792641121814,0.01523365974046681,0.030621283570598463,-0.394662606303202,-0.014930434753706102,,Blk 537,Choa Chu Kang Nth 5,1.39231423792189,103.74449399998608
46861,614.9444444444445,643.4,0.04516287942663233,0.04619825020294033,0.030621283570598463,0.3935621646098516,0.015114151901050692,,Opp Blk 624B,Woodlands Ring Rd,1.43515578551993,103.79998340500156
44691,2089.222222222222,2185.75,0.045146036571245496,0.04618062938549906,0.030621283570598463,0.39312028212150746,0.015097054624172981,,Blk 485,Segar Rd,1.38826258050731,103.7714646491703
04229,330.8888888888889,346.2,0.045100741906304975,0.046133244057583164,0.030621283570598463,0.39193194921755836,0.015051077184475892,,High St Ctr,Hill St,1.29044830830726,103.84875123545265
20109,3387.2173913043475,3543.4500000000003,0.045079060036224305,0.0461105621783921,0.030621283570598463,0.3913631122547539,0.015029069217482937,,Aft Clementi Fire Stn,C'wealth Ave West,1.32085220079341,103.76206999856427
59039,1001.8333333333333,1048.05,0.04505566571041353,0.04608608941332944,0.030621283570598463,0.39074934798112126,0.01500532357448799,,Yishun Sports Hall,Yishun Ave 2,1.41342871609658,103.83156300557019
76421,1278.2608695652175,1297.95,0.015273780307221152,0.015391020630118987,0.030621283570598463,-0.39059641123201694,-0.014777749288966817,,Opp Blk 331,Tampines St 32,1.35384124345467,103.95987193850509
52261,690.1666666666666,700.85,0.01533871496200856,0.015456956836267058,0.030621283570598463,-0.3888928113269998,-0.014713772145083627,,Opp Blk 73,Lor 4 Toa Payoh,1.33403167346972,103.85128140448401
62049,476.22222222222223,483.59999999999997,0.015341551300289247,0.015459837019790711,0.030621283570598463,-0.38881839827835274,-0.014710977536074902,,Aft Paya Lebar Cres,Upp Paya Lebar Rd,1.348714,103.8803845
59439,1837.2777777777778,1865.7,0.015343023086166419,0.015461331560337495,0.030621283570598463,-0.3887797850865407,-0.014709527400539562,,Blk 858,Yishun Ring Rd,1.417834,103.838374
95069,1644.095238095238,1669.55,0.015354635485000934,0.015473123570787234,0.030621283570598463,-0.3884751267863423,-0.014698085748171502,,Opp Airline Hse,Airline Rd,1.378218,103.996517
76349,339.3333333333333,344.6,0.015356507433344824,0.015475024485798372,0.030621283570598463,-0.3884260150904183,-0.014696241312158544,,Dunman Sec Sch,Tampines Ave 9,1.3603851367314,103.95556569101933
40381,315.30434782608694,329.84999999999997,0.04496022434752511,0.04598625429553286,0.030621283570598463,0.38824538615544074,0.014908454705789002,,Blk 111,Plantation Cres,1.35636,103.73427
67189,1366.8260869565217,1388.05,0.01539737854357437,0.01551652892561997,0.030621283570598463,-0.387353736817238,-0.01465597003066724,,Opp Blk 241,Compassvale Rd,1.39059955869523,103.89742612835978
22519,1221.1666666666667,1240.15,0.015413129300555717,0.015532524205646174,0.030621283570598463,-0.38694050619046066,-0.01464044999408233,,Blk 608,Jurong West St 63,1.33773359608761,103.6999522210238
78111,1629.0,1703.85,0.044897115507056995,0.045920245398773055,0.030621283570598463,0.3865896875923358,0.01484440703103973,,Blk 476,Pasir Ris Dr 3,1.37545781179514,103.95798631897796
28451,958.1111111111111,1002.15,0.04489339852445884,0.04591635773864703,0.030621283570598463,0.3864921703078919,0.014840634879049476,,Parc Oasis,Jurong East Ave 1,1.34394189080479,103.73465998158574
84491,824.6521739130435,862.55,0.04487821191274666,0.04590047393364952,0.030621283570598463,0.38609374037313504,0.01482522300540519,,Blk 629,Bedok Reservoir Rd,1.33463946695939,103.91413940065628
46241,696.5,728.5,0.04485685426732022,0.045878136200717456,0.030621283570598463,0.3855334096400468,0.014803548959576557,,Opp Blk 15,Marsiling Lane,1.44211845227565,103.77894354468205
59111,3932.086956521739,3993.55,0.015506329403567776,0.01562717635224063,0.030621283570598463,-0.38449534517191436,-0.01454861010284068,,Blk 701,Yishun Ave 5,1.43016395103424,103.82888452126694
53361,726.5555555555555,759.9,0.04481158202767066,0.04583078802687815,0.030621283570598463,0.38434566507715634,0.014757607570053476,,Blk 454,Sin Ming Ave,1.35929833296604,103.83032083300758
10371,1602.7222222222222,1627.8,0.015516231092510324,0.015637232826410424,0.030621283570598463,-0.38423556837942563,-0.014538852421401231,,Blk 129,Lower Delta Rd,1.28365072319387,103.824502653383
55159,761.7222222222223,773.65,0.015517409440859886,0.015638429601572586,0.030621283570598463,-0.38420465369845963,-0.014537691204200268,,Opp Ang Mo Kio Cmty Hosp,Ang Mo Kio Ave 9,1.383362,103.84065
44499,671.5238095238095,682.05,0.015530547987855137,0.015651773702470947,0.030621283570598463,-0.38385995597909156,-0.014524743576287781,,Blk 429A CP,Choa Chu Kang Ave 4,1.383205,103.740969
98139,1490.142857142857,1513.5,0.015542507319247001,0.015663920291243784,0.030621283570598463,-0.3835461956936176,-0.01451295788064335,,Aft Loyang Way 1,Loyang Way,1.37394091672222,103.97236010514752
11061,571.3913043478261,597.6,0.04477073941733867,0.04578807443980271,0.030621283570598463,0.3832741345160094,0.014716163066862676,,Opp Queensway Sec Sch,Queensway,1.30265777802206,103.80118694402536
44539,8712.833333333334,9111.7,0.04475724376553636,0.0457739609433267,0.030621283570598463,0.3829200679362481,0.014702468903253791,,Lot 1/Choa Chu Kang Stn,Choa Chu Kang Ave 4,1.38463078337388,103.74502387945829
11161,3909.086956521739,3970.55,0.01559683344381746,0.015719098874704976,0.030621283570598463,-0.3821209169890309,-0.014459418734556608,,C'wealth Stn Exit A/D,C'wealth Ave,1.30213305598263,103.79839083302141
59451,304.0,308.8,0.015615151375356184,0.01573770491803233,0.030621283570598463,-0.3816403349865293,-0.014441365504311939,,Bet Blks 349/350,Yishun Ave 11,1.42569613726662,103.84360741617542
96069,747.6111111111111,781.8,0.044657597640887836,0.04566975881261584,0.030621283570598463,0.38030579164507006,0.014601362772057029,,Mera Terr P/G,Upp Changi Rd East,1.34665000850794,103.96311235602505
64201,1829.5555555555554,1858.5,0.015688131330636956,0.01581183611532707,0.030621283570598463,-0.37972566176170774,-0.01436943685459697,,Aft Hougang Ave 3,Tampines Rd,1.36172833297814,103.89420777799334
76039,3193.130434782609,3243.7,0.015708009560578162,0.015832028857279693,0.030621283570598463,-0.37920414438780903,-0.014349844068891381,,Tampines East Stn Exit C,Tampines Ave 2,1.35506418976437,103.9555498102644
64541,4238.111111111111,4431.5,0.044610155306521904,0.045620150975047014,0.030621283570598463,0.37906111333601916,0.014553228856757945,,Hougang Ctrl Int,Hougang Ctrl,1.371235,103.8928055
92239,801.5652173913044,814.3000000000001,0.015743024189414534,0.015867598461454836,0.030621283570598463,-0.37828551444274894,-0.014315331290296402,,Blk 45,Marine Cres,1.30438002120698,103.91266110940761
75279,2551.2608695652175,2591.8,0.015758790970465952,0.015883615549725637,0.030621283570598463,-0.37787186341481077,-0.014299790093422115,,Opp Blk 721,Tampines Ave 9,1.3604749400553,103.93620400344062
46681,649.4444444444445,659.8,0.01579533229115615,0.015920737956952122,0.030621283570598463,-0.3769131797864642,-0.014263770647852473,,Blk 899A,Woodlands Ave 4,1.4357329097814,103.79577696652271
44389,317.1304347826087,331.6,0.04447909580394693,0.04548312149788155,0.030621283570598463,0.37562268809345345,0.014420270728151562,,Opp Blk 201,Petir Rd,1.37154303506556,103.77461859337586
96041,2105.777777777778,2201.5,0.04443341811235069,0.04543536733294701,0.030621283570598463,0.37442430625374806,0.0143739354101295,,Upp Changi Stn/Opp SUTD,Upp Changi Rd East,1.34153333,103.9612189
67381,1082.6666666666665,1131.9,0.04443036424364788,0.045432174715472826,0.030621283570598463,0.3743441861630343,0.014370837650045286,,Blk 326 CP,Sengkang East Way,1.39459040201234,103.88844266691056
14199,549.7391304347826,574.75,0.04441228914631168,0.04541327859793153,0.030621283570598463,0.3738699750625681,0.014352502964120875,,Blk 118,Depot Rd,1.28131676735406,103.81275056370772
84311,563.0869565217391,588.7,0.044405515162607934,0.045406197009403945,0.030621283570598463,0.37369225550693064,0.014345631780068613,,Blk 521,Bedok Nth Rd,1.330067,103.927858
66041,948.6956521739131,991.8,0.044387666756726674,0.045387538341803174,0.030621283570598463,0.3732239917937628,0.014327527489095566,,Blk 230,Boundary Rd,1.3557230306281,103.8697219448858
65079,772.304347826087,807.4,0.044384291499030226,0.04538400989542332,0.030621283570598463,0.37313543986860204,0.014324103878079477,,Blk 102C,Punggol Rd,1.398951,103.904753
81111,7413.739130434783,7532.900000000001,0.01594304237951505,0.016070810782283663,0.030621283570598463,-0.3730379163647652,-0.014118156708257114,,Paya Lebar Stn Exit B,Paya Lebar Rd,1.31860238558389,103.89211689790608
59271,675.8695652173913,686.75,0.015946811308046982,0.01607464028776945,0.030621283570598463,-0.3729390362473604,-0.014114440983046669,,Blk 118,Yishun Ave 7,1.4362831713903,103.82855161345292
44041,1572.0,1597.3,0.01595594031633052,0.016083916083916672,0.030621283570598463,-0.372699531198852,-0.014105440784530401,,Junction 10,Woodlands Rd,1.3809505774787,103.7603697770399
04029,539.9130434782609,564.45,0.044363341331995265,0.04536210915521322,0.030621283570598463,0.3725857995773323,0.014302853841272334,,Bef Bencoolen Stn Exit A,Bencoolen St,1.29948166696821,103.85092666701239
11199,673.8333333333334,684.7,0.01597446748621234,0.016102741417633685,0.030621283570598463,-0.3722134597019873,-0.014087174779338086,,Blk 15,C'wealth Ave West,1.30837970735444,103.78843145303215
67141,730.3478260869565,742.15,0.016008739732271238,0.016137566137565947,0.030621283570598463,-0.37131430661767795,-0.014053384753372766,,Blk 119D,Rivervale Dr,1.38602111109914,103.90353194446361
28511,4947.739130434783,5027.6,0.01600879234140251,0.01613761959568196,0.030621283570598463,-0.37131292638533,-0.014053332883576491,,Blk 463,Jurong West Ave 1,1.35063596491215,103.7237236090261
75271,764.8888888888889,777.25,0.016010703772285417,0.016139561874365604,0.030621283570598463,-0.3712627788411377,-0.014051448312866952,,Blk 721,Tampines Ave 9,1.36024833439953,103.93601495043112
10199,1492.913043478261,1517.05,0.01602773532050339,0.01615686845168834,0.030621283570598463,-0.37081594588235123,-0.014034655939568803,,Delta Swim Cplx,Tiong Bahru Rd,1.28875723330649,103.81936618662205
62141,841.4444444444445,879.55,0.04423899350103344,0.045232128725929806,0.030621283570598463,0.3693234590950551,0.014176735322903394,,Opp Blk 1,Upp S'goon Rd,1.35149112412235,103.87515194713767
11119,1795.111111111111,1876.35,0.04423737414795603,0.045230436127436,0.030621283570598463,0.3692809743885776,0.014175093014015752,,Farrer Rd Stn Exit A,Farrer Rd,1.31747833490912,103.80785606728587
83321,1604.2777777777778,1676.8500000000001,0.04421640004223093,0.04520851358366525,0.030621283570598463,0.36873070605130703,0.014153821821464012,,Kembangan Stn,Jln Kembangan,1.32168778524368,103.9136543376456
76209,657.1111111111111,667.8,0.016111282829745832,0.016241769373627975,0.030621283570598463,-0.36862402649391635,-0.013952277549666457,,Blk 233,Tampines Ave 7,1.35660332787929,103.94766913185744
96361,911.8095238095239,926.65,0.016127274358149535,0.01625802076268987,0.030621283570598463,-0.3682044790833877,-0.013936509013424327,,Aft Akzonobel,Changi Business Pk Ctrl 2,1.33649110063455,103.96643704167043
59759,444.8888888888889,452.15,0.016153403570092983,0.016284575130824454,0.030621283570598463,-0.3675189634195135,-0.013910743614865329,,The Shaughnessy,Yishun Ave 1,1.41755035688919,103.84631099997239
76459,693.5217391304348,704.85,0.01617928678202407,0.01631088018029298,0.030621283570598463,-0.36683990171460873,-0.013885220127345848,,Blk 323,Tampines St 33,1.35208003080961,103.95873194771903
43589,893.9444444444445,908.6,0.016243299334525396,0.016375938916133845,0.030621283570598463,-0.36516049372024595,-0.013822094382828455,,Opp Blk 347,Bt Batok West Ave 5,1.36227296946091,103.75153180716009
06071,531.2222222222222,555.2,0.044066828731122776,0.04505219206680568,0.030621283570598463,0.3648066123261402,0.014002144848213478,,Havelock Stn Exit 2,Zion Rd,1.28685859481289,103.83360028266564
52239,705.4444444444445,717.0500000000001,0.0162946403720996,0.016428122050959938,0.030621283570598463,-0.3638135305767404,-0.013771461686164844,,Blk 177,Toa Payoh Ctrl,1.33412194449168,103.84894805557066
52089,1761.4444444444443,1790.4,0.01629570273405001,0.016429201866095703,0.030621283570598463,-0.36378565886904074,-0.013770413953934796,,Opp Blk 195,Jln Toa Payoh,1.32991690265608,103.86027368842302
44399,1324.4347826086957,1346.25,0.016324934400838487,0.01645891422010743,0.030621283570598463,-0.3630187484276534,-0.013741584397932625,,Opp Blk 210,Choa Chu Kang Dr,1.38306278590518,103.74851002579776
92051,1040.0,1086.8,0.04397551837389102,0.04495677233429346,0.030621283570598463,0.3624110299300162,0.013909560177167641,,Marine Pde Stn Exit 4,Marine Parade Rd,1.304585,103.907913
53051,2755.1666666666665,2879.0499999999997,0.04396682966825871,0.04494769305194382,0.030621283570598463,0.362183076487615,0.013900750653733208,,Upp Thomson Stn Exit 5,Upp Thomson Rd,1.354995,103.8316003
11059,767.8695652173913,780.55,0.016357788324495637,0.016492309432254722,0.030621283570598463,-0.36215680588857313,-0.013709181406960433,,Queenstown Polyclinic,Queensway,1.29882892782979,103.80097389222824
50038,4625.055555555556,4832.95,0.04395936567437175,0.044939893597858264,0.030621283570598463,0.36198725409788335,0.013893182932971093,,Novena Stn,Thomson Rd,1.32033749274601,103.842832976035
17239,4245.434782608696,4315.5,0.016365132489685408,0.01649977474710254,0.030621283570598463,-0.3619641272771185,-0.0137019378976648,,NTUC Fairprice,Clementi Ave 3,1.31244056,103.7658489
59179,1003.5217391304348,1020.15,0.016417896399763876,0.01655341066482001,0.030621283570598463,-0.36057983421369494,-0.013649895582439517,,Blk 241,Yishun Ave 9,1.43221439515231,103.83988331688866
53221,1444.9130434782608,1468.9,0.016453385244617813,0.01658948761125762,0.030621283570598463,-0.3596487629248697,-0.013614890535471512,,Blk 115,Bishan St 11,1.34816840593896,103.8484543562104
84319,336.94444444444446,352.1,0.04386978650979945,0.044846292947558125,0.030621283570598463,0.3596370905872507,0.013802363296512713,,Blk 428,Bedok Nth Rd,1.32980564460578,103.92771515822335
29031,1094.5555555555557,1112.75,0.016471108524557465,0.016607505070994035,0.030621283570598463,-0.3591837819663871,-0.013597408401128244,,Aft Penjuru Pl,Penjuru Rd,1.31653138767966,103.73538661201253
10061,559.3913043478261,568.7,0.016474609010719732,0.016611063697726452,0.030621283570598463,-0.3590919445967564,-0.013593955506462528,,Blk 140,Jln Bt Merah,1.27860472196885,103.82948638898173
82029,3526.391304347826,3585.0,0.016478784705116212,0.016615308763711575,0.030621283570598463,-0.3589823927311076,-0.013589836567670172,,Blk 14 Mkt/FC,Geylang Rd,1.31569833821527,103.89559528546464
46529,4856.222222222223,5073.8,0.04382039998767162,0.044794692897175296,0.030621283570598463,0.3583414053374939,0.01375229635999064,,Opp Marsiling Stn,Woodlands Ave 3,1.43208152770031,103.77459689006626
76251,480.7826086956522,488.8,0.01650415151089124,0.016641097373882852,0.030621283570598463,-0.35831687925374467,-0.013564814175272128,,Blk 487B,Tampines St 45,1.35970826873107,103.95823716945422
44211,614.7777777777778,642.35,0.043802751544294694,0.04477625405990605,0.030621283570598463,0.3578783877614543,0.013734405367864647,,Blk 127,Petir Rd,1.37610015820197,103.76921822286211
84379,1230.2777777777778,1250.8,0.016530041627091485,0.016667418670757057,0.030621283570598463,-0.3576376364111667,-0.013539274923081438,,Opp Blk 546,Bedok Nth Ave 1,1.33041495636834,103.92645503858006
11179,1999.0,2032.4,0.016562088298978317,0.016700000000000024,0.030621283570598463,-0.3567968726100614,-0.013507661633347998,,Blk 8,C'wealth Ave,1.30627521395682,103.79427940117534
28509,1738.8260869565217,1816.65,0.04375929976303894,0.044730857656937864,0.030621283570598463,0.35673840402453477,0.013690357759211628,,Blk 422,Jurong West Ave 1,1.35003470887569,103.72654009750788
59049,9608.777777777777,9769.4,0.01657630822048972,0.01671445749699266,0.030621283570598463,-0.35642380437684307,-0.013493633689986932,,Opp Khatib Stn,Yishun Ave 2,1.41700998157675,103.83339984073773
71129,689.3333333333334,720.2,0.04374191860168786,0.044712699179140634,0.030621283570598463,0.35628239875394796,0.013672738796662835,,Ubi Stn Exit A,Ubi Ave 2,1.329761944,103.8991489
44959,383.22222222222223,400.4,0.043737347455221176,0.0447079236552919,0.030621283570598463,0.3561624719642861,0.013668105160695037,,Blk 643A,Senja Close,1.388611,103.762426
11499,366.39130434782606,372.55,0.016624359999740435,0.016763313609467482,0.030621283570598463,-0.35516313691298373,-0.013446229164916815,,Queenstown Pr Sch,Margaret Dr,1.29685053610951,103.80788663334461
11439,819.695652173913,856.35,0.04369389970773163,0.04466253443526143,0.030621283570598463,0.35502259405566045,0.013624064521564025,,Blk 92,C'wealth Dr,1.30606472198412,103.80029777801455
84261,479.3478260869565,500.8,0.0436911547723442,0.04465966690803832,0.030621283570598463,0.354950579017148,0.013621282192818423,,St. Anthony's Cano Sch,Bedok Nth Ave 4,1.334189,103.941658
44699,1232.5,1287.55,0.04366189818191746,0.044629104175111116,0.030621283570598463,0.3541830146890508,0.013591627523916844,,Blk 457,Segar Rd,1.38805300466507,103.77154344868076
23219,295.9047619047619,300.9,0.01668441632207962,0.016824378508420546,0.030621283570598463,-0.3535875230074709,-0.013386978594482733,,Opp Mapletree Log Hub,Benoi Sector,1.31832727349422,103.68852528629336
21179,870.0,908.85,0.043637773906748833,0.04460390355912737,0.030621283570598463,0.3535500997529442,0.01356717565552883,,Corp Pl,Corporation Rd,1.32586166697514,103.71929527796603
04142,1079.608695652174,1097.8,0.016694185784328575,0.016834312384324434,0.030621283570598463,-0.3533312152621864,-0.013377339868733277,,Armenian Ch,Hill St,1.2930982644668,103.84965994500728
62229,528.9130434782609,537.85,0.0167243148663907,0.016864949130292045,0.030621283570598463,-0.3525407605888331,-0.013347613385828258,,The Minton,Lor Ah Soo,1.35108999372692,103.88212234368397
84151,573.7391304347826,599.35,0.04359656682647728,0.04456085936909021,0.030621283570598463,0.3524690071027024,0.013525410372079582,,Casafina,Bedok Sth Ave 1,1.31656999665769,103.93334015990408
81129,1766.5652173913043,1796.4,0.01673816003451556,0.01687902789393423,0.030621283570598463,-0.352177524237155,-0.013333952923089308,,Paya Lebar Stn Exit D,Paya Lebar Rd,1.31631147367096,103.89217268755989
28029,602.0952380952381,628.9499999999999,0.0435653264442859,0.04452822739834164,0.030621283570598463,0.3516493967989567,0.013493747945474616,,8 @ Tradehub 21,Boon Lay Way,1.32688998200812,103.75436027668461
76279,769.2608695652174,803.55,0.043553865791220225,0.04451625649130747,0.030621283570598463,0.3513487196406959,0.013482132711804392,,Blk 491C,Tampines St 45,1.3618856073242,103.95504580030337
52451,1179.9565217391305,1199.95,0.016788188505128865,0.016929902069066485,0.030621283570598463,-0.35086499708098523,-0.013284590294989875,,Blk 114,Whampoa Rd,1.3253199216809,103.85731928602708
17111,418.05555555555554,436.7,0.043530242239382844,0.0444915815988327,0.030621283570598463,0.35072894148374584,0.013458190946901889,,Blk 343,Clementi Rd,1.31779809827118,103.77124639148465
44641,825.304347826087,862.05,0.04350946133849831,0.04446987634832888,0.030621283570598463,0.3501837419922114,0.013437130591512544,,Blk 602,Bt Panjang Ring Rd,1.38178063199093,103.76285898246775
45399,442.17391304347825,449.7,0.01683965645734009,0.01698224271558974,0.030621283570598463,-0.3495147042552894,-0.013233804766534732,,Regent Gr Condo,Choa Chu Kang Nth 7,1.39984083299841,103.74991277803167
10381,432.30434782608694,451.55,0.04345789136097977,0.04441601444912721,0.030621283570598463,0.34883077247092953,0.013384869009047383,,Opp Blk 48,Lower Delta Rd,1.28906972186602,103.82559411728036
45279,528.1304347826087,537.15,0.016902361657884057,0.017046014790468345,0.030621283570598463,-0.34786959542949336,-0.013171927454378252,,Blk 563,Choa Chu Kang St 52,1.39565860027275,103.74540871067298
01039,1786.2777777777778,1816.75,0.016905804814711267,0.017049516645426473,0.030621283570598463,-0.3477792621296091,-0.013168529644713392,,Bugis Cube,Nth Bridge Rd,1.29820784139683,103.85549139837407
17171,15549.111111111111,15814.4,0.016916364872857415,0.017060256804168013,0.030621283570598463,-0.3475022126232453,-0.013158108591982626,,Clementi Stn Exit A/Mall,C'wealth Ave West,1.315334,103.764861
10331,365.04761904761904,371.3,0.016936549252962507,0.017080785742162374,0.030621283570598463,-0.3469726632148063,-0.013138189599117233,,Bef Bt Merah Ctrl,Henderson Rd,1.28136306628839,103.81834423228645
28551,629.1666666666666,657.1,0.04337256079919527,0.04432689764612503,0.030621283570598463,0.34659207362164685,0.013298399998148034,,Blk 560A,Jurong West St 42,1.35309201855261,103.71993998752167
80149,816.9565217391304,830.9499999999999,0.01696315957953587,0.017107850954127934,0.030621283570598463,-0.3462745252179035,-0.013111928534653483,,S.A. Deaf,Mountbatten Rd,1.3074963710946,103.8798058337351
40351,303.4347826086956,308.65,0.016985741798608345,0.017130819765780906,0.030621283570598463,-0.3456820670552645,-0.013089642160386696,,Blk 461C,Bt Batok West Ave 6,1.35499656917814,103.7410021897397
55151,467.1666666666667,487.9,0.043333611708411546,0.04428622285510894,0.030621283570598463,0.34557022069000515,0.013258933715368406,,Ang Mo Kio Community Hosp,Ang Mo Kio Ave 9,1.3833944010563,103.8403312479222
59159,701.9047619047619,713.95,0.01699120136528265,0.017136372874466673,0.030621283570598463,-0.345538832024629,-0.01308425404277813,,Opp Yishun Stn Exit B,Yishun Ave 5,1.43055466220788,103.8346706884974
45421,2754.722222222222,2876.75,0.043329180936424905,0.04428159587121724,0.030621283570598463,0.34545397670964817,0.013254444206015691,,Blk 689A,Choa Chu Kang Cres,1.40274884902867,103.75050925171398
12071,333.1666666666667,338.9,0.017011586189456196,0.01715710723192064,0.030621283570598463,-0.345004023844936,-0.013064135733769288,,Blk 116,Clementi Rd,1.32402249998323,103.77219388896603
17259,1267.2777777777778,1289.05,0.017021077641055093,0.017166761575189197,0.030621283570598463,-0.3447550098770433,-0.013054768235326879,,Opp Blk 460,Clementi Ave 2,1.31092798217655,103.76746074010758
07518,1779.6521739130435,1858.45,0.043301058034415085,0.04425222805518193,0.030621283570598463,0.3447161553821984,0.013225948951256778,,Opp NAFA Campus 3,Bencoolen St,1.30095828368506,103.85211175034802
11021,1606.388888888889,1677.5,0.04328948313961423,0.044240141015449874,0.030621283570598463,0.3444124810229848,0.013214221035362994,,Aft Queenstown NPC HQ,Queensway,1.28941805603102,103.80228694398484
71131,577.695652173913,587.65,0.01705508406419831,0.017201352366641755,0.030621283570598463,-0.34386283081754987,-0.013021205187479939,,Automobile Megamart,Ubi Ave 2,1.33127510693644,103.90140378909662
44569,1143.111111111111,1193.7,0.043267094502646763,0.044216762163737114,0.030621283570598463,0.34382510160384244,0.013191536803933422,,Blk 295,Choa Chu Kang Ave 2,1.37811996831753,103.74122138165869
15161,749.0952380952381,762.0,0.017057848688918575,0.017204164550533307,0.030621283570598463,-0.3437902992174933,-0.013018476557733609,,Opp HarbourSide Bldg 2,Pasir Panjang Rd,1.27443806198132,103.79666055940478
76409,383.17391304347825,400.15,0.04324007358880699,0.04418854685378009,0.030621283570598463,0.3431161916019087,0.013164159812591584,,Blk 259,Tampines St 21,1.35484670853897,103.9507954515594
47809,612.3809523809524,622.95,0.01708403828119831,0.017230805061718677,0.030621283570598463,-0.3431031994390119,-0.012992627575561348,,North Link Bldg,Admiralty Rd West,1.46379183832972,103.813587498325
59471,824.0869565217391,860.5,0.043186273343154724,0.044132370764609324,0.030621283570598463,0.34170470964850225,0.013109652798166125,,Blk 430B,Yishun Ave 1,1.42111543044621,103.84901971560181
70041,937.2222222222223,978.6,0.04315749344602082,0.04410232117479867,0.030621283570598463,0.3409496516569839,0.013080496026139692,,Opp Blk 4,Upp Aljunied Rd,1.33340805598283,103.87841250002135
28381,634.7222222222222,645.75,0.017198110644589093,0.017346849602377642,0.030621283570598463,-0.3401104420573972,-0.012880030889941843,,Blk 515,Jurong West St 51,1.34626967118054,103.72129604136144
81081,3755.1739130434785,3820.35,0.017202900326354964,0.017351722381702274,0.030621283570598463,-0.3399847818621114,-0.012875302888102269,,Opp Aljunied Stn,Aljunied Rd,1.31621665907428,103.88168156879213
65539,1342.7222222222222,1366.05,0.017211592672135012,0.01736056559308721,0.030621283570598463,-0.3397567329182347,-0.012866722421614808,,Blk 224A,Sumang Lane,1.402291,103.8937
66459,731.7619047619047,744.5,0.017234308056030656,0.017383675591370197,0.030621283570598463,-0.33916078109599523,-0.012844299055581732,,Opp Ang Mo Kio Linear Pk,Ang Mo Kio Ave 5,1.37848946701219,103.87075091953804
14049,770.5,783.95,0.01728334968311085,0.017433570965651193,0.030621283570598463,-0.33787414437621544,-0.01279588614671172,,Opp Blk 55,Henderson Rd,1.27324166755337,103.81304231999674
27179,461.66666666666663,469.75,0.017320315138621645,0.01747118155619594,0.030621283570598463,-0.3369043333145677,-0.012759393022472677,,Aft Lor Danau,Nanyang Ave,1.35618418171977,103.6917825773122
11019,1096.3809523809523,1144.55,0.042958482571317624,0.0438945541332181,0.030621283570598463,0.33572848110711756,0.012878902050842808,,Alexandra Ctrl,Jln Bt Merah,1.28679632523156,103.80565677295323
61019,669.8888888888889,681.65,0.01737875020019608,0.017530639284531475,0.030621283570598463,-0.33537125416486246,-0.012701701871238593,,Opp Blk 101,Upp S'goon Rd,1.33320166700854,103.86976166703383
44239,678.0869565217391,690.0,0.01739063883909786,0.017542736410782467,0.030621283570598463,-0.33505934853958175,-0.01268996416851128,,Opp Zhenghua Pr Sch,Bt Panjang Rd,1.37846111098819,103.76983083299403
43179,1379.2608695652175,1403.5,0.01740885034126105,0.01756126756126728,0.030621283570598463,-0.33458155877605705,-0.012671983605931966,,Blk 231,Bt Batok East Ave 3,1.3489707828044,103.75430345301592
05012,627.2173913043479,638.25,0.017409343106835173,0.017561768980553037,0.030621283570598463,-0.3345686307734671,-0.01267149708455525,,Bef Pearl's Hill Terr,Eu Tong Sen St,1.28154583300728,103.84087722199499
28621,1220.2608695652175,1273.75,0.042866256257416246,0.04379828402577548,0.030621283570598463,0.3333088680343006,0.012785492270764243,,Blk 241,Jurong East Ctrl,1.342172,103.744076
83119,1386.5555555555557,1447.3,0.042846848947761806,0.043778026905829354,0.030621283570598463,0.3327997055386781,0.01276583701983061,,Opp Blk 16,Jln Eunos,1.32306974700238,103.90560762847845
11531,342.23809523809524,348.3,0.01750679024803592,0.017660932297447772,0.030621283570598463,-0.332012046141774,-0.01257528005655911,,Opp Lea Hin Hardware Fty,Alexandra Rd,1.29108833302538,103.80753083302794
05651,336.39130434782606,342.35,0.017506937818571267,0.01766108247422743,0.030621283570598463,-0.3320081745396099,-0.01257513434175382,,Aft Keppel Rd,Tg Pagar Rd,1.273218611,103.8430731
71139,1120.5217391304348,1140.4,0.017569120353007506,0.017724365187052147,0.030621283570598463,-0.3303767781749703,-0.012513731851980396,,Blk 302,Ubi Ave 2,1.33054224737538,103.90087888738246
46121,634.5714285714286,662.3,0.04270289478078215,0.043627781523938314,0.030621283570598463,0.3290229809838735,0.012620055650586501,,Opp Marsiling Lane Mkt/FC,Admiralty Rd,1.44387999997343,103.7764388889843
58009,4014.608695652174,4086.0,0.017622263281531048,0.01777845147738715,0.030621283570598463,-0.3289825413336189,-0.012461252545374557,,Sembawang Int,Sembawang Vista,1.44748179252514,103.81941391689068
66381,1921.0,1955.2,0.017637505326154823,0.017793964620187397,0.030621283570598463,-0.32858265708293116,-0.0124462003210051,,Opp S'goon Stn Exit F,S'goon Ave 2,1.35020472222222,103.8712252777778
46571,470.30434782608694,490.85,0.042669732894279555,0.043593173431734446,0.030621283570598463,0.3281529588534568,0.01258647581601917,,Blk 182,Woodlands St 13,1.43475417848392,103.7758535357882
58049,727.2777777777778,740.25,0.017655412010291194,0.017812190098406205,0.030621283570598463,-0.328112864404526,-0.012428516348716393,,Opp Blk 590C,Sembawang Rd,1.44919525191106,103.82703542333945
44361,617.7777777777778,644.75,0.042666225722500783,0.04358951337762628,0.030621283570598463,0.32806094608263736,0.012582924507535152,,Opp Dairy Farm Mall,Petir Rd,1.36637611,103.7755464
75481,423.27777777777777,430.85,0.017689928734075266,0.01784732224695574,0.030621283570598463,-0.3272072972993713,-0.01239442802829299,,Blk 609D,Tampines Ave 6,1.363804,103.93794
67389,628.7222222222222,656.15,0.04263349788255244,0.04355535950595496,0.030621283570598463,0.3272023114258435,0.01254978539793614,,Blk 317B,Sengkang East Way,1.39424377787036,103.88869095686496
78141,627.0,654.35,0.04262927759735646,0.043550955414013326,0.030621283570598463,0.3270915896936259,0.012545512158083789,,Blk 249,Pasir Ris Dr 3,1.370066,103.963665
40189,1841.1666666666665,1874.1,0.017719576232773093,0.01787749932145182,0.030621283570598463,-0.3264294772565764,-0.012365147559339804,,Newton Stn Exit B,Scotts Rd,1.312274,103.8381
59561,5815.130434782609,5919.15,0.017726619544669475,0.017884668575399467,0.030621283570598463,-0.326244691713064,-0.012358191314536856,,Opp Khatib Stn Exit D,Yishun Ring Rd,1.41870141531997,103.83293375107691
20231,1057.8333333333333,1076.8,0.01775425346091808,0.017912797103730525,0.030621283570598463,-0.32551969922252866,-0.012330898526410448,,Bef Hasanah Mque,Teban Gdns Rd,1.322339,103.739647
83062,4474.0,4554.2,0.017763085814817003,0.017921787709496838,0.030621283570598463,-0.32528797708105356,-0.01232217504484682,,Kembangan Stn,Sims Ave East,1.32096859171096,103.9133277893385
67049,993.3333333333333,1036.55,0.0425449478680644,0.043462956754944486,0.030621283570598463,0.32487914828953385,0.012460128069406743,,The Greenwich,Yio Chu Kang Rd,1.38773464426252,103.869986495669
83011,585.7222222222222,596.25,0.01778429435560991,0.017943376574188815,0.030621283570598463,-0.32473155819812216,-0.01230122761727461,,Casa Sarina,Sims Ave East,1.31971491091921,103.90725404505461
40121,433.72222222222223,452.6,0.042508494901352556,0.04342492012779503,0.030621283570598463,0.3239227826811973,0.012423221566741003,,Opp Newton Life Ch,Newton Rd,1.31458164930261,103.84053190286843
72171,409.04761904761904,426.85,0.042499369891321415,0.04341539890837279,0.030621283570598463,0.3236833825292564,0.01241398323683844,,Opp HomeTeamNS,Bedok Nth Rd,1.342458,103.918549
52201,718.0,749.1999999999999,0.04247847992674014,0.043393602225312806,0.030621283570598463,0.3231353216857364,0.012392834165489482,,Blk 121,Lor 2 Toa Payoh,1.339123,103.846497
56099,1283.4761904761906,1339.2,0.04246785518569052,0.043382516497367914,0.030621283570598463,0.3228565751843154,0.012382077810927816,,Springleaf Stn Exit 2,Upp Thomson Rd,1.39606817759915,103.8188299218487
28329,1672.7777777777778,1702.95,0.017865871234981512,0.01802642060541713,0.030621283570598463,-0.32259133947509894,-0.012220650947112497,,Blk 246,Jurong East Ave 1,1.3414709231345,103.74043571670437
70181,1913.0555555555557,1947.65,0.0179125066271002,0.01807389777377883,0.030621283570598463,-0.32136783178349815,-0.012174584395685178,,Blk 36,Circuit Rd,1.32886177068404,103.88691723349123
72021,479.6521739130435,488.35,0.017934102509431504,0.01809588421528717,0.030621283570598463,-0.3208012507612563,-0.012153251203892193,,Blk 646,Bedok Reservoir Rd,1.33096531210116,103.9063218660858
65099,320.8695652173913,326.7,0.017952169190819767,0.018114277995406772,0.030621283570598463,-0.32032726045826965,-0.012135403930201245,,Blk 604A,Punggol Rd,1.40446781720997,103.90711426733175
83099,701.1666666666666,731.55,0.04236080519635976,0.04327082838832108,0.030621283570598463,0.32004805402942466,0.012273708120890084,,Aft Perpetual Succour Ch,Changi Rd,1.32076378388187,103.91810427638708
43249,487.5217391304348,508.65,0.042340243319436865,0.04324937700249164,0.030621283570598463,0.3195086007638686,0.012252894087479945,,Hillview Apts,Hillview Ave,1.35565052307818,103.76204709426311
70171,799.2777777777778,813.8,0.017983794730185743,0.018146476917736035,0.030621283570598463,-0.3194975453233177,-0.012104161685506171,,Blk 77,Circuit Rd,1.32833666697134,103.88547138902759
43659,617.2222222222222,643.95,0.042324818704031486,0.04323328540618314,0.030621283570598463,0.3191039266584073,0.012237280596312022,,St. Anthony's Pr Sch,Bt Batok St 34,1.36376864242438,103.74933550929673
64121,611.0,637.45,0.042311081358364255,0.04321895424836622,0.030621283570598463,0.3187435190940566,0.012223375238402789,,Aft Ang Mo Kio Ave 5,Yio Chu Kang Rd,1.37974139718092,103.87650111729936
52251,421.6666666666667,429.35,0.01801498476642127,0.018178233438485118,0.030621283570598463,-0.3186792558761451,-0.012073348697985613,,Chung Hwa Free Clinic,Lor 4 Toa Payoh,1.3329698063249,103.85142087938439
97011,418.3809523809524,436.5,0.042297004715631914,0.04320426933121306,0.030621283570598463,0.31837420986618303,0.012209126631870737,,The Japanese Sch,Upp Changi Rd Nth,1.35332331548207,103.96595966764757
84321,351.7826086956522,358.2,0.018027308590801816,0.018190781365541173,0.030621283570598463,-0.3183559328968688,-0.012061173588412306,,Blk 516,Bedok Nth Rd,1.33060063600662,103.92977387914273
43099,516.6521739130435,539.0,0.042265601774134964,0.0431715101629437,0.030621283570598463,0.3175503347208294,0.012177340786971564,,Assumption Eng Sch,Upp Bt Timah Rd,1.36872205121157,103.76498636840047
52081,2596.3888888888887,2643.75,0.01806987598209897,0.018234124013431895,0.030621283570598463,-0.31723915166490446,-0.01201911871473401,,Aft Blk 195,Jln Toa Payoh,1.33081389290944,103.8608407974236
23189,381.6190476190476,388.6,0.018080731320190502,0.018245177349098137,0.030621283570598463,-0.3169543553107511,-0.012008393790028453,,Bef First Lok Yang Rd,Intl Rd,1.32764459746447,103.69397532297509
41041,1340.9565217391305,1398.85,0.04223644810715488,0.04314109833144365,0.030621283570598463,0.3167854706515465,0.012147832535992423,,Coronation Plaza,Bt Timah Rd,1.32398472197176,103.8102991670086
64341,1181.2608695652175,1202.85,0.01809615794303543,0.018260885554574734,0.030621283570598463,-0.3165496285389003,-0.01199315229858343,,Bef Blk 683,Hougang Ave 8,1.3729130421635,103.88633750747994
46799,2371.722222222222,2474.05,0.04222268487413228,0.043126741436230735,0.030621283570598463,0.3164243839167853,0.012133902205383322,,Blk 786A CP,Woodlands Ave 6,1.44586617373151,103.79970850070715
45461,688.695652173913,701.3,0.018110246685669296,0.018275231671184583,0.030621283570598463,-0.3161800018627988,-0.01197923242632915,,Blk 540,Choa Chu Kang Nth 5,1.39267723795995,103.74330600001463
84479,1232.7777777777778,1255.35,0.01812986521899873,0.01829520893371732,0.030621283570598463,-0.3156652977864312,-0.011959848717830986,,Blk 713,Bedok Reservoir Rd,1.33742106440195,103.92253160478627
21211,583.3809523809524,594.1,0.01817637276719264,0.01834256844850135,0.030621283570598463,-0.31444514415744657,-0.011913896324319419,,Opp Lakepoint Condo,Corporation Rd,1.34004972199531,103.71606833298439
47079,754.7142857142858,768.6,0.018207523554464977,0.018374291115311914,0.030621283570598463,-0.31362788443053946,-0.011883116184886766,,Opp British American Tobacco,Admiralty Rd West,1.45786431264124,103.8029959994045
01029,1431.5238095238094,1457.9,0.018244936668052603,0.018412392381079175,0.030621283570598463,-0.3126463287887493,-0.011846146964112224,,Opp Natl Lib,Nth Bridge Rd,1.2966729849642,103.85441422464267
75059,2671.391304347826,2786.2,0.04206381648589197,0.04296103473521518,0.030621283570598463,0.31225637575531123,0.011973118895687385,,Bef Tampines West Stn,Tampines Ave 1,1.34471168546511,103.9402168928283
75031,1138.608695652174,1187.55,0.042049122714210796,0.042945709816489125,0.030621283570598463,0.31187087577656575,0.011958249302976315,,Opp Springfield Sec Sch,Tampines Ave 8,1.35080696753697,103.92946243284943
13121,1311.0555555555557,1367.4,0.04204714032246226,0.04294364229156914,0.030621283570598463,0.3118188665311857,0.011956243207281468,,Opp Great World City,Zion Rd,1.29409221679274,103.8308377640795
21429,1850.1666666666667,1884.35,0.018297409099891304,0.01846583235797259,0.030621283570598463,-0.3112696828330713,-0.011794294768019135,,Blk 185,Boon Lay Ave,1.34740203306581,103.71059149459593
43059,353.5,360.05,0.018308106925008616,0.0184767277856137,0.030621283570598463,-0.31098901892697356,-0.01178372305965759,,The Rail Mall,Upp Bt Timah Rd,1.35940861,103.7674364
77241,623.8888888888889,650.6999999999999,0.042010477184053485,0.04290540540540566,0.030621283570598463,0.31085698694138403,0.011919142395593387,,Opp Blk 640,Pasir Ris Dr 1,1.37531331487507,103.940272636011
72029,522.7777777777778,545.25,0.04200924024994279,0.042904115400933314,0.030621283570598463,0.3108245352275744,0.011917890719063016,,Opp Blk 646,Bedok Reservoir Rd,1.33086398684,103.90655207721196
10321,667.7826086956521,680.15,0.01832348852422072,0.018492393706930507,0.030621283570598463,-0.31058547337733533,-0.011768522596047395,,Opp Grace Ably of God Ch,Tanglin Rd,1.29428332949691,103.81587839882768
59051,1729.9444444444443,1762.0,0.018349722222867015,0.018519112879930393,0.030621283570598463,-0.30989721644167606,-0.011742597289219541,,Blk 790,Yishun Ave 2,1.41968270185637,103.83429674432547
53409,408.22222222222223,425.75,0.04194002256570428,0.0428319304914474,0.030621283570598463,0.30900856745689337,0.011847850530065733,,Blk 131,Bishan St 12,1.34534609724691,103.85126805621526
56019,318.6666666666667,332.35,0.0419142028487407,0.04280500521376455,0.030621283570598463,0.30833117158082785,0.011821725242230057,,Bef Ang Mo Kio Ave 1,Upp Thomson Rd,1.369486,103.828616
66529,556.3333333333334,566.7,0.018429605200143584,0.018600478468899808,0.030621283570598463,-0.3078014382636539,-0.011663649192312862,,Blk 538,S'goon Nth Ave 5,1.37512174055594,103.87318199195964
66379,1453.8260869565217,1480.95,0.018472422498619245,0.018644093123338038,0.030621283570598463,-0.3066781005658554,-0.011621330393804136,,Blk 206,S'goon Ctrl,1.35339155862192,103.87285801649963
57129,1535.304347826087,1563.95,0.018474116386283157,0.018645818593462676,0.030621283570598463,-0.30663366039946355,-0.01161965618995046,,Blk 114,Sembawang Rd,1.43418656873084,103.82641445936885
17081,300.27777777777777,313.15,0.0418378899040599,0.04272542872948534,0.030621283570598463,0.3063290553651426,0.011744513093065519,,Aft West Coast Highway,West Coast Link,1.299503055534,103.76457888891022
44449,371.82608695652175,387.75,0.04182440738845283,0.04271137026239059,0.030621283570598463,0.30597533342140104,0.011730872323833528,,Palm Gdns,Choa Chu Kang Way,1.37889232196067,103.74762704486072
81201,530.5652173913044,540.5,0.018517171781524233,0.018689677735972462,0.030621283570598463,-0.30550407608915475,-0.011577100167472596,,Opp Geylang Meth Sec Sch,Geylang East Ctrl,1.31869302203322,103.88300679740438
44059,630.8888888888889,642.7,0.018519209087989985,0.018691753121153613,0.030621283570598463,-0.30545062612298635,-0.011575086445056587,,Blk 632 CP,Woodlands Rd,1.38449631673384,103.75817595629141
28529,1347.4347826086957,1404.95,0.04176873136565984,0.04265331785645187,0.030621283570598463,0.30451463932127204,0.011674544740788098,,Blk 441,Jurong West Ave 1,1.35117921308914,103.7206511492765
05131,1274.304347826087,1298.2,0.01856383612287349,0.018737215327969885,0.030621283570598463,-0.3042798088969975,-0.011530974987685193,,Opp Chinatown Stn,Upp Cross St,1.284073056,103.8453381
03041,664.3333333333333,676.8,0.018564090969650948,0.01873747494989937,0.030621283570598463,-0.30427312283780006,-0.011530723079507452,,Telok Ayer Stn Exit A,Cross St,1.28179509394707,103.84893207391676
45379,401.05555555555554,418.2,0.041757856036869434,0.04264197872046431,0.030621283570598463,0.3042293184990544,0.01166354250731172,,Yew Mei Green Condo,Choa Chu Kang Nth 6,1.39469439744859,103.75187309514442
55031,658.1428571428571,686.25,0.04175783736697003,0.042641959254443626,0.030621283570598463,0.30422882868296225,0.011663523619655327,,Opp NCS Hub,Yio Chu Kang Rd,1.38944774212221,103.84360331162512
06051,1061.7826086956522,1081.7,0.018567350231196045,0.018740795287186942,0.030621283570598463,-0.3041876141417605,-0.011527501394354522,,Blk 55,Tiong Bahru Rd,1.28475980959972,103.83405671725487
76549,1879.4782608695652,1914.8,0.018609151397927626,0.018783380731081427,0.030621283570598463,-0.30309093527426406,-0.01148618122702114,,Opp Citylife @ Tampines,Tampines Ave 9,1.360559,103.940515
28021,294.57142857142856,307.15,0.04167614871802261,0.04255679072015485,0.030621283570598463,0.30208567761758087,0.011580885568562778,,Opp 8 @Tradehub 21,Boon Lay Way,1.32615808379173,103.75545022241596
54331,529.6666666666666,552.25,0.04167590119494058,0.042556532663316764,0.030621283570598463,0.30207918369995834,0.011580635178975247,,Blk 346,Ang Mo Kio Ave 8,1.36719473720813,103.85056845375878
62149,828.5652173913044,863.85,0.041654352416804485,0.04253406708595381,0.030621283570598463,0.3015138384847405,0.011558837087162974,,Forest Woods,Upp S'goon Rd,1.35169173270668,103.87595332312252
46769,618.304347826087,644.6,0.041583288487220926,0.0424599831508009,0.030621283570598463,0.299649433351841,0.011486954295361663,,Blk 666,Woodlands Ave 7,1.4395995,103.7980195
65191,12887.666666666666,13131.6,0.018749316271151173,0.01892618838255824,0.030621283570598463,-0.2994136251308261,-0.011347616602213421,,Bef Punggol Rd,TPE,1.39527356921611,103.90539999997036
12061,870.6086956521739,907.6,0.04156437364997689,0.04244026537636602,0.030621283570598463,0.2991531911674813,0.011467822365185946,,Blk 109,Clementi Rd,1.32178500189496,103.77087339859139
42071,2686.1111111111113,2737.0,0.018761046725319197,0.018938140919615862,0.030621283570598463,-0.2991058695776183,-0.01133601919272056,,Pei Hwa Presby Pr Sch,Upp Bt Timah Rd,1.33876225175982,103.77694915592028
10271,295.5652173913044,308.15,0.04155944427900771,0.04243512681424971,0.030621283570598463,0.29902386614153953,0.011462836477354769,,Opp Tanglin View,Alexandra Rd,1.29115999997607,103.81757666701353
09048,3469.0555555555557,3616.3,0.04155728711769058,0.04243287811594394,0.030621283570598463,0.29896727171092313,0.011460654591203545,,Orchard Stn/Lucky Plaza,Orchard Rd,1.3038385,103.834171
10369,627.0,638.9,0.018771747677216233,0.0189490445859876,0.030621283570598463,-0.29882512363856517,-0.011325439490413265,,Opp Cendex Ctr,Lower Delta Rd,1.28037471151153,103.82387343933006
54081,1589.857142857143,1657.35,0.041550177606448635,0.0424254669540229,0.030621283570598463,0.29878074938757904,0.011453463625871104,,Teck Ghee Ct,Ang Mo Kio Ave 1,1.36358972199933,103.84786694396756
17101,503.69565217391306,525.1,0.04153573010188705,0.04241040661612638,0.030621283570598463,0.29840171037552243,0.011438850752901563,,Blk 352,Clementi Rd,1.31487473157856,103.77179195235537
66369,1236.7222222222222,1260.2,0.018790875836546483,0.018968535392072872,0.030621283570598463,-0.29832328482037396,-0.011306527785021591,,Blk 238,S'goon Ave 2,1.35355301663986,103.86822572103661
43261,295.0,307.55,0.041524450443016114,0.0423986486486493,0.030621283570598463,0.2981057817093263,0.011427442132039058,,Opp Hillview Hts,Hillview Ave,1.36056,103.764115
59449,739.0,753.05,0.01880849260847839,0.018986486486486365,0.030621283570598463,-0.29786109816383194,-0.011289110044189284,,Opp Naval Base Pr Sch,Yishun Ave 4,1.41552972203074,103.83953916700452
44271,533.0555555555555,543.2,0.01881695617949397,0.018995110787474807,0.030621283570598463,-0.2976390512641378,-0.011280741983946475,,Bet Blks 13/14,Teck Whye Ave,1.37867114732017,103.75614774814443
67319,565.8888888888889,589.9,0.041483476986091894,0.0423559388475111,0.030621283570598463,0.2970308183087684,0.011386001302299711,,Farmway Stn Exit A,Anchorvale St,1.39738047818719,103.8888966274991
42319,1464.0,1526.05,0.04148252717376444,0.042354948805460965,0.030621283570598463,0.29700589940843486,0.011385040675864065,,Burgundy Hill,Bt Batok East Ave 3,1.33915373900693,103.76043841269879
45369,1055.7777777777778,1075.9,0.018862097188669047,0.01904111029334447,0.030621283570598463,-0.2964547496120414,-0.011236109191471732,,Blk 765,Choa Chu Kang Nth 5,1.3925860608387,103.75002597798891
76151,437.7391304347826,446.09999999999997,0.018877282704555576,0.019056585075809835,0.030621283570598463,-0.2960563484269327,-0.011221094187694833,,Blk 237,Tampines St 21,1.355263,103.946998
84341,489.5,498.85,0.018882774407771308,0.0190621814475019,0.030621283570598463,-0.2959122702747144,-0.011215664092487913,,Opp Fengshan Pr Sch,Bedok Nth Rd,1.33110349338955,103.93198370934411
28541,945.5,963.55,0.018890700684520922,0.019070258848388935,0.030621283570598463,-0.2957043196147472,-0.01120782668313513,,Blk 551,Jurong West St 42,1.35235805602121,103.7172600000334
58381,844.3888888888889,860.55,0.01893634756515805,0.019116777288558203,0.030621283570598463,-0.2945067461191717,-0.011162690374666802,,Blk 469B,Sembawang Way,1.44797049342873,103.81337787352544
66271,3057.8888888888887,3116.45,0.018963618132758597,0.019144569560479892,0.030621283570598463,-0.2937912862999711,-0.011135723852274208,,S'goon Gdn Circus,S'goon Gdn Way,1.36398333300081,103.86578916701893
01629,358.60869565217394,365.5,0.018982037563948673,0.019163341796638075,0.030621283570598463,-0.2933080413927853,-0.011117509367033668,,Shaw Twrs,Beach Rd,1.297085,103.856894
63309,984.304347826087,1003.2,0.01899590758924319,0.019177477716000594,0.030621283570598463,-0.29294415289824133,-0.011103793446755422,,Blk 126,Lor Ah Soo,1.35205944401441,103.88581055600547
59201,1353.5652173913043,1379.55,0.01900144042647156,0.01918311667469132,0.030621283570598463,-0.2927989955703462,-0.011098322029872593,,Opp Chongfu Pr Sch,Yishun Ave 6,1.43871588444799,103.8403521964609
84521,2633.277777777778,2683.85,0.019015804184047802,0.019197756079043213,0.030621283570598463,-0.2924221537110542,-0.011084117583889127,,Blk 506,Bedok Nth Ave 3,1.33230500002897,103.93393805556471
70301,1003.304347826087,1022.65,0.019079560698183506,0.01926273864669473,0.030621283570598463,-0.29074946303792426,-0.011021065744491456,,Aft Paya Lebar St,Upp Paya Lebar Rd,1.33965760027057,103.88575915318087
98101,1149.2777777777778,1197.7,0.04123417712955124,0.04209611205022946,0.030621283570598463,0.29049028593335324,0.011133894343687842,,Loyang Pt,Pasir Ris Dr 3,1.36705781222851,103.96535083584567
44779,656.5217391304348,684.2,0.041232939628374154,0.04209482245586209,0.030621283570598463,0.2904578193422141,0.01113264306507763,,Opp Fajar Stn,Fajar Rd,1.38422184036636,103.77020678944983
46931,777.2380952380952,792.25,0.019105918093670127,0.019289604111852304,0.030621283570598463,-0.29005796084091534,-0.010994998492062416,,Opp W'lands Spectrum 1,Woodlands Ave 9,1.45305389773625,103.80789928421208
63139,348.2608695652174,355.0,0.01911161060736788,0.019295406448400613,0.030621283570598463,-0.2899086143043618,-0.010989368551519944,,Aft En-Naeem Mque,Tampines Rd,1.36120166702627,103.8914116670026
43231,501.1111111111111,510.8,0.01911249165062845,0.0192963044921446,0.030621283570598463,-0.2898854996020517,-0.01098849718998462,,Opp The Petals Condo,Hillview Ave,1.35393625714127,103.76006304222618
21399,1103.9565217391305,1125.3,0.019131936718321363,0.01931612497048923,0.030621283570598463,-0.28937534650147456,-0.010969265607384301,,Opp River Valley High Sch,Boon Lay Ave,1.3448140795943,103.70805985100185
44811,836.0,871.15,0.04113735697466847,0.04199522102747906,0.030621283570598463,0.28795015066656776,0.01103600094253387,,Senja FC,Senja Rd,1.38715472588861,103.76020832276009
75161,431.44444444444446,449.6,0.041126162028467306,0.041983556012332515,0.030621283570598463,0.28765644448845046,0.011024682512250606,,Blk 855,Tampines St 83,1.35324997143303,103.93456070784656
81049,1344.4761904761906,1400.9,0.04108046403396948,0.04193594054149708,0.030621283570598463,0.2864575299898541,0.01097848176752072,,Aft Lor 34 Geylang,Geylang Rd,1.314075556,103.8873525
05023,1047.7222222222222,1091.7,0.04107920570413093,0.04193462944323814,0.030621283570598463,0.28642451694619575,0.010977209623931368,,Opp Hong Lim Pk,Eu Tong Sen St,1.28692928357498,103.84540375642477
76399,417.95652173913044,426.1,0.019251030041808725,0.01943752594437547,0.030621283570598463,-0.2862508611978183,-0.0108514716360958,,Blk 417,Tampines St 41,1.3586225675181,103.94723337005571
84501,751.1739130434783,765.8,0.019258446614768943,0.01944508670520245,0.030621283570598463,-0.2860562829247537,-0.0108441355166623,,Christ Ch,Bedok Reservoir Rd,1.33319499998844,103.91598944400951
84551,558.5,581.95,0.041057891627320764,0.041912421805183515,0.030621283570598463,0.2858653292620816,0.01095566180766884,,Blk 51,Chai Chee St,1.32853887137542,103.9225201285922
65171,1408.9565217391305,1468.05,0.041057065103561996,0.041911560640168224,0.030621283570598463,0.28584364491184455,0.010954826229140608,,Coral Edge Stn Exit B,Punggol Field,1.39452041732154,103.91205304613206
76219,753.2173913043479,767.9,0.019280278205875412,0.01946734305643579,0.030621283570598463,-0.28548351794036875,-0.01082254043456169,,Blk 230E,Tampines Ave 7,1.35644168689504,103.95114418566536
50037,386.05555555555554,402.25,0.04098847987136445,0.04184010334433803,0.030621283570598463,0.28404426990261633,0.010885492035320521,,Bef Novena Stn Exit B,Thomson Rd,1.32109968376279,103.84224304873378
28311,665.0434782608695,678.05,0.019339811466530854,0.019528037078138265,0.030621283570598463,-0.28392162687418815,-0.010763649722066216,,Blk 209,Jurong East Ctrl,1.33825277511898,103.74108351905207
52481,1781.4285714285713,1816.25,0.019347569009036114,0.01953594614089861,0.030621283570598463,-0.283718103059079,-0.010755975649265254,,Toa Payoh Polyclinic,Lor 8 Toa Payoh,1.33524833301564,103.85859277800392
14051,392.7391304347826,409.2,0.040956261124466486,0.04180653710247426,0.030621283570598463,0.283198991609618,0.010852923096177837,,Aft Telok Blangah Hts,Henderson Rd,1.275847,103.815157
43429,1047.8333333333333,1068.35,0.01937255193286802,0.019561417447957478,0.030621283570598463,-0.28306266095645405,-0.010731261132434571,,Blk 240,Bt Batok East Ave 2,1.35108692530475,103.75389074656302
65289,1602.0,1669.0,0.04094675280124793,0.04179663131628207,0.030621283570598463,0.2829495350045889,0.010843311625553175,,Opp Punggol Sec/Blk 195E,Punggol Ctrl,1.40173746082241,103.90762981656073
84361,854.1666666666666,889.9,0.04093580601268876,0.04178522705125754,0.030621283570598463,0.2826623393921581,0.010832246198119911,,Blk 547,Bedok Nth Rd,1.32936638901809,103.92462499999526
77021,1037.111111111111,1057.45,0.019402751346852654,0.01959220807021278,0.030621283570598463,-0.2822703610826158,-0.010701385345134087,,Opp Blk 571,Pasir Ris Dr 1,1.3726630000055,103.94557280001845
71099,2708.3333333333335,2821.3,0.04084955319562944,0.041695374015748014,0.030621283570598463,0.2803994446184693,0.010745062829270556,,Blk 311,Eunos Link,1.33022638900189,103.9038336109893
72019,2993.5555555555557,3052.45,0.01947627381317041,0.01966717375978589,0.030621283570598463,-0.2803414547529275,-0.010628646997141321,,Opp Blk 322,Jln Eunos,1.32884628389091,103.90546507501655
50179,1081.4444444444443,1102.75,0.019491614887900965,0.019682816670088057,0.030621283570598463,-0.2799389723875495,-0.010613468860854468,,Opp Zhongshan Mall,Balestier Rd,1.32640402126103,103.8464203281907
53341,362.77777777777777,369.95,0.01952410204067334,0.019715943799632728,0.030621283570598463,-0.27908665230425206,-0.010581325987354026,,Bright Hill Stn Exit 2,Sin Ming Ave,1.36355638900203,103.83394166697735
59191,1359.2222222222222,1415.85,0.04078801256728326,0.041631269400425164,0.030621283570598463,0.2787848890479732,0.010682862856938567,,Opp Northland Sec Sch,Yishun Ave 6,1.43649083301477,103.84212083297022
59291,950.2777777777778,989.85,0.04075705052041467,0.04159901886351609,0.030621283570598463,0.2779725810396046,0.010651570531209239,,Blk 666,Yishun Ave 4,1.4189297001887,103.8407248899634
77259,389.77777777777777,397.5,0.01956844309250716,0.01976116007961382,0.030621283570598463,-0.27792333801637653,-0.010537453149967591,,Opp Blk 713,Pasir Ris Dr 3,1.3827163599648,103.93855855739126
29009,1142.611111111111,1190.1,0.04068635257901487,0.041525382560116585,0.030621283570598463,0.2761177778278539,0.010580122071359482,,Jurong Town Hall Int,Venture Dr,1.330212,103.7433
10189,1241.888888888889,1266.55,0.019647484373738422,0.019841766493831552,0.030621283570598463,-0.27584964224269665,-0.010459241671607208,,Blk 104A CP,Tiong Bahru Rd,1.28858805222806,103.82183192865197
44261,4403.888888888889,4491.35,0.019660914928275375,0.019855463626275348,0.030621283570598463,-0.27549728352902686,-0.010445951501238962,,Blk 270,Bt Panjang Rd,1.3760822219899,103.774277778025
60019,500.7826086956522,510.75,0.019669249050143556,0.019863963261415585,0.030621283570598463,-0.2752786328059343,-0.010437704402837507,,Bendemeer Stn Exit B,Kallang Bahru,1.31479811892165,103.86413644350252
50251,1247.2173913043478,1299.0,0.04064781793959771,0.041485248528336,0.030621283570598463,0.27510679827824547,0.010541180481058196,,Farrer Pk Stn Exit A,Rangoon Rd,1.31240499998142,103.85486499997727
43501,531.7142857142857,542.3,0.019676422433970053,0.019871279163314725,0.030621283570598463,-0.2750904347467395,-0.01043060586721073,,Opp Blk 291E,Bt Batok St 23,1.34376366037202,103.75423776871699
46969,617.1111111111111,629.4,0.01968630580459596,0.01988135897896861,0.030621283570598463,-0.2748311385463567,-0.01042082553779723,,Blk 532,Woodlands Ave 4,1.43059181782407,103.79269972105995
58549,4396.944444444444,4484.45,0.019701564877417255,0.019896921541629187,0.030621283570598463,-0.2744308075506178,-0.010405725361904627,,Canberra Stn,Canberra Link,1.442578,103.830142
08058,711.0555555555555,740.55,0.0405866543543123,0.041421549504564344,0.030621283570598463,0.2735021346602765,0.010479374049552168,,Aft Dhoby Ghaut Stn,Orchard Rd,1.2989583431631,103.84654115271174
93061,620.8695652173913,646.6,0.04054285327772966,0.04137593511850658,0.030621283570598463,0.27235298694939497,0.010435114934409769,,Bef Siglap Rd,East Coast Rd,1.31199515605411,103.92260670662348
92129,753.1304347826086,768.2,0.019785670239924613,0.019982703949265268,0.030621283570598463,-0.2722242525446958,-0.010322491676550407,,The Holy Family Ch,East Coast Rd,1.30687389,103.9065139
75101,712.4782608695652,726.75,0.019805614470745248,0.020003046922607688,0.030621283570598463,-0.2717010035978444,-0.010302753123051935,,Blk 880,Tampines Ave 3,1.35109968413462,103.93150144928326
21421,2460.9444444444443,2510.2,0.019809264251410497,0.02000676971680053,0.030621283570598463,-0.271605249396717,-0.010299140938583997,,Blk 176,Boon Lay Ave,1.34720307776277,103.71032595632526
52031,1138.9565217391305,1161.85,0.01988376558035121,0.020082764407490527,0.030621283570598463,-0.2696506620146391,-0.010225404162620362,,Opp Blk 998,Braddell Rd,1.34404852974216,103.85026155631283
65311,473.05555555555554,492.6,0.04040095195075821,0.04122817297550716,0.030621283570598463,0.2686301198926312,0.010291743023354817,,Oasis Stn Exit B/Blk 617D,Punggol Dr,1.40201500002599,103.91285694443438
09022,3929.5555555555557,4091.6,0.04039968627940915,0.04122685512367477,0.030621283570598463,0.26859691424000853,0.010290464326850686,,Orchard Stn Exit 13,Orchard Blvd,1.30252834773643,103.83239784275958
84701,1023.6190476190476,1065.85,0.040389498720864836,0.04121624761816268,0.030621283570598463,0.26832963748578115,0.010280171986025594,,Blk 151,Kaki Bt Ave 1,1.33601304352046,103.91214210205735
20209,367.3809523809524,374.8,0.019939487569658354,0.020139607032058596,0.030621283570598463,-0.26818876195523617,-0.010170250416550675,,Bef Jurong Town Hall Rd,Teban Gdns Rd,1.321453,103.744211
44099,1437.2777777777778,1466.25,0.019943490286706833,0.020143690370427708,0.030621283570598463,-0.26808374825483344,-0.010166288400207514,,Opp Choa Chu Kang Mkt,Choa Chu Kang Ave 1,1.37631844004137,103.74462947882313
05419,595.2857142857143,607.3,0.019948242744827205,0.020148538572113385,0.030621283570598463,-0.2679590646443797,-0.010161584245768865,,The Amara,Tg Pagar Rd,1.27470669455555,103.84318683838887
67259,1708.4347826086957,1742.8999999999999,0.019961205004076277,0.02016176208764605,0.030621283570598463,-0.2676189919405542,-0.010148753620452403,,Compassvale Stn Exit B,Compassvale St,1.39465386086721,103.90046238900585
63381,1072.391304347826,1116.6,0.04036044926895954,0.04118600129617614,0.030621283570598463,0.26756750756195724,0.010250824327027381,,Xinmin Pr Sch,Hougang Ave 8,1.37095163322641,103.88239574095121
46221,370.55555555555554,378.05,0.019969725633940172,0.020170454545454658,0.030621283570598463,-0.2673954480674969,-0.010140319428429422,,Opp Casablanca,Woodlands Ave 2,1.4309096816047,103.78759769642132
14329,569.1304347826087,592.6,0.040340524250895626,0.041165255852969776,0.030621283570598463,0.2670447626733876,0.010230695261640242,,Blk 67,Telok Blangah St 32,1.274547,103.809425
84529,1237.0,1287.8999999999999,0.04029196716619232,0.04111470113085607,0.030621283570598463,0.2657708382156495,0.010181642595137423,,Blk 109,Bedok Nth Ave 3,1.33213305553955,103.93431305555218
59281,1309.2777777777778,1335.8,0.02003953945898651,0.02024167903328377,0.030621283570598463,-0.26556384018250523,-0.01007121112554016,,Blk 654,Yishun Ave 4,1.4228063053424,103.84070404095088
65199,12984.611111111111,13247.7,0.020057527553680288,0.020260031402278344,0.030621283570598463,-0.2650919116489343,-0.010053404032588434,,Aft Punggol Rd,TPE,1.39591721161169,103.90542736761212
98299,311.3333333333333,324.15,0.0402156207448483,0.04103521878335109,0.030621283570598463,0.2637678437194765,0.010104521785804224,,Parc Olympia,Flora Dr,1.356011,103.965559
06149,469.30434782608694,488.6,0.04020869749697642,0.04102801146343715,0.030621283570598463,0.26358620812819533,0.010097528606031176,,Havelock Stn Exit 4,Havelock Rd,1.28984045728104,103.83411526676929
50171,1609.0555555555557,1675.1,0.040200981193795116,0.04101997860667249,0.030621283570598463,0.263383766251669,0.010089734417328968,,Zhongshan Mall,Balestier Rd,1.32663388888255,103.84641000001729
16221,426.7142857142857,444.25,0.04018050624551073,0.040998663994656036,0.030621283570598463,0.2628465936114707,0.010069053093979416,,Opp Haw Par Villa Stn,West Coast Highway,1.28297585453544,103.78118424868649
53289,600.0,612.25,0.020177748603391166,0.020382695507487582,0.030621283570598463,-0.2619378397663772,-0.009934384459477863,,Zion Bible Presby Ch,Bishan St 13,1.347206111,103.8545811
70231,1420.7777777777778,1449.8,0.020207083675558124,0.02041262894654586,0.030621283570598463,-0.2611682164224029,-0.009905340387193063,,Opp Mattar Stn Exit B,Mattar Rd,1.325842,103.884002
14539,291.47826086956525,303.45,0.04011652795812637,0.040932064813437745,0.030621283570598463,0.26116808458315616,0.010004432672996498,,Beach Stn Ter,Beach View,1.25142694,103.818545
80109,631.3888888888889,644.3,0.02021078951274191,0.02041641043661581,0.030621283570598463,-0.2610709915446396,-0.009901671250789394,,Opp Kallang Stn/Blk 2C,Lor 1 Geylang,1.31324473748019,103.871430158598
76271,1005.1304347826087,1046.3,0.04010370368257732,0.04091871569940728,0.030621283570598463,0.2608316319650772,0.009991480180899476,,Dunman Sec Sch,Tampines St 45,1.36181167182029,103.95518343875231
46011,1010.3913043478261,1031.05,0.020220203510432633,0.020426016679563737,0.030621283570598463,-0.2608240096268293,-0.009892350423535907,,Blk 188A,Marsiling Rd,1.4385198561158,103.7742921156719
28061,1760.5652173913045,1796.55,0.02022188474247688,0.0204277322539239,0.030621283570598463,-0.2607799014882664,-0.009890685821428895,,J Gateway,Boon Lay Way,1.33596390763107,103.74254813709638
83159,491.60869565217394,511.75,0.04007325885958757,0.04088702559576334,0.030621283570598463,0.26003289363770166,0.009960731637133576,,Opp Parkway East Hosp,Joo Chiat Pl,1.31480354064185,103.90947767042405
77031,4173.260869565217,4258.8,0.020284905422371935,0.02049204232980538,0.030621283570598463,-0.2591265158710667,-0.009828286493075537,,Opp Pasir Ris Int/Mall,Pasir Ris Ctrl,1.372262,103.948468
91081,443.8695652173913,453.0,0.020316070711819734,0.020523846755278255,0.030621283570598463,-0.25830887567082345,-0.00979742702415143,,Aft Katong Pk Stn Exit 2,Fort Rd,1.29930499999248,103.88533388902762
59129,1188.888888888889,1237.45,0.040000665632773824,0.040811466990381455,0.030621283570598463,0.2581283664678927,0.009887417989738178,,Opp Blk 121,Yishun Ring Rd,1.43490004260739,103.830267560125
10169,7065.565217391304,7210.8,0.020344036520754116,0.020552386929262256,0.030621283570598463,-0.25757517577513106,-0.009769734820973625,,Tiong Bahru Stn/Plaza,Tiong Bahru Rd,1.285965,103.82756
63221,2433.277777777778,2483.4,0.020381069665025286,0.02059018189287255,0.030621283570598463,-0.25660358885795403,-0.009733062801665672,,Kovan Hub,Hougang St 21,1.35799327947024,103.8855063915276
65069,3162.722222222222,3228.05,0.020438723504458522,0.02064902453158226,0.030621283570598463,-0.25509100554317554,-0.009675968464834346,,Blk 190C,Punggol Rd,1.39504382175966,103.90236824858533
76139,2613.6666666666665,2720.0,0.03986284013511909,0.04066802651708312,0.030621283570598463,0.25451243125606693,0.009748239345181785,,Opp Century Sq,Tampines Ave 4,1.35162691843499,103.94385009279503
68019,1097.7777777777778,1142.45,0.0398515571686211,0.04065628476084545,0.030621283570598463,0.25421641581227616,0.00973684645389877,,Aft Jln Kayu,Sengkang West Ave,1.39106694073297,103.87060612962611
53271,989.4444444444445,1029.7,0.039839685872465225,0.04064393089522093,0.030621283570598463,0.2539049651844136,0.009724859639904668,,Opp Kuo Chuan Presby Sch,Bishan St 13,1.3493461110909,103.85391500001569
05519,375.55555555555554,383.35,0.020488001524308963,0.02069932133372669,0.030621283570598463,-0.2537981669162283,-0.009627166055116806,,Blk 1G,Cantonment Rd,1.27553472200739,103.84112694400494
68149,294.7391304347826,306.75,0.03981001542657214,0.040613054983828625,0.030621283570598463,0.25312654310808536,0.009694901097533674,,ST Aerospace,West Camp Rd,1.41891604556531,103.86279700000911
78211,433.8095238095238,451.45,0.03976920090422542,0.04057058372576965,0.030621283570598463,0.2520557494522041,0.00965369172340564,,Blk 204,Pasir Ris St 21,1.36790255939851,103.96243675215658
10389,1009.6086956521739,1050.6,0.03975999558987908,0.040561004990534597,0.030621283570598463,0.25181424246803025,0.009644397586570177,,Blk 48,Lower Delta Rd,1.28875832991208,103.82573455047122
80069,4171.444444444444,4340.599999999999,0.03974088199460901,0.04054111631870401,0.030621283570598463,0.2513127857467582,0.00962509983661329,,Opp Mohd Salleh Mque,Geylang Rd,1.31214703288286,103.87715016317217
27131,1210.388888888889,1259.45,0.039701256661634154,0.040499885347396736,0.030621283570598463,0.2502731911926137,0.009585093898482036,,Blk 932,Jurong West St 91,1.34193999997072,103.6885297219715
53371,1042.888888888889,1085.15,0.039686277991592966,0.0404843001596592,0.030621283570598463,0.24988021673324384,0.009569971769737,,Blk 257,Bishan St 22,1.35994333341045,103.84379568310376
46869,600.2222222222222,624.5500000000001,0.03966664245689344,0.040463869894659346,0.030621283570598463,0.24936506661565888,0.009550148518145425,,Blk 628A,Woodlands Ring Rd,1.43507671767646,103.80054550817393
10401,303.9130434782609,316.25,0.039663473986736086,0.04046057322116049,0.030621283570598463,0.24928193988653724,0.009546949793695027,,Shriro Hse,Hoy Fatt Rd,1.28816729863,103.81167850401884
44469,747.0,777.25,0.03964483134723995,0.04044117647058787,0.030621283570598463,0.24879283897456866,0.009528129349287524,,Blk 414,Choa Chu Kang Way,1.38243888902379,103.74275222200647
96429,296.4347826086956,302.65,0.02068073951173588,0.02089606782634102,0.030621283570598463,-0.24874156935443817,-0.009436265191966862,,Changi Lodge 2,Tanah Merah Coast Rd,1.313721111,103.9953811
19021,380.0,395.4,0.03962442732913196,0.04041994750656168,0.030621283570598463,0.24825752723040767,0.0095075311291997,,SP SMA,C'wealth Ave West,1.30965490194051,103.7812018067838
54461,625.0,638.1,0.02071056555613815,0.020926517571885583,0.030621283570598463,-0.24795906505720122,-0.009406720153425575,,Blk 649,Ang Mo Kio Ave 5,1.37747997146347,103.84339938777067
59411,1101.1304347826087,1145.65,0.03959958212963954,0.04039409838652459,0.030621283570598463,0.2476056984090489,0.009482450024773508,,Blk 356,Yishun Ring Rd,1.42521425593657,103.84572707357924
47629,300.1904761904762,306.5,0.02073221137427428,0.020948616600790216,0.030621283570598463,-0.24739117393894616,-0.009385277719374467,,Seagate,Woodlands Ave 7,1.44667808186871,103.80985736845511
45311,680.9565217391304,695.25,0.020742886545865424,0.020959515460631666,0.030621283570598463,-0.24711110436179573,-0.00937470268078833,,Blk 547,Choa Chu Kang Nth 5,1.39312896100059,103.74208908630851
67219,1009.7826086956521,1031.0,0.020773776160593727,0.020991052993806054,0.030621283570598463,-0.24630069665439452,-0.009344102174397538,,Ranggung Stn Exit B,Sengkang East Ave,1.38368835333684,103.89751366061326
52559,1467.2777777777778,1498.1,0.020774793824550386,0.020992092020129447,0.030621283570598463,-0.24627399762556962,-0.009343094019083887,,Caldecott Stn Exit 1,Toa Payoh Lk,1.336478,103.83967
65431,2909.0555555555557,2970.15,0.02077691099978285,0.02099425364158748,0.030621283570598463,-0.24621845225404593,-0.009340996622598397,,Twin Waterfalls,Punggol Way,1.40238938083661,103.89673562171807
58621,1195.8333333333333,1244.1,0.03953666807610379,0.04032864503550982,0.030621283570598463,0.24595511019881414,0.009418941389683026,,Blk 126 CP,Canberra st,1.445953,103.834031
43679,707.8333333333334,736.4,0.03951005977446531,0.04030096402539353,0.030621283570598463,0.24525702532730168,0.009392082823342938,,Blk 402,Bt Batok Rd,1.36506686600259,103.74421935477038
27279,3122.3478260869565,3188.1,0.02083329760132102,0.021051825660870334,0.030621283570598463,-0.24473911569117107,-0.009285135153210345,,Blk 953,Jurong West St 91,1.34210239034142,103.69119289371211
43329,1002.6086956521739,1023.75,0.020846480469598028,0.021065286141315694,0.030621283570598463,-0.24439325517619506,-0.009272074603559433,,Blk 146,Bt Batok West Ave 6,1.34976204246765,103.74483998148368
44819,1211.2608695652175,1236.8,0.02084850692137774,0.021067355282978505,0.030621283570598463,-0.24434008998927378,-0.009270066939157587,,Opp West Spring Sec Sch,Senja Rd,1.387188,103.759842
58119,582.9444444444445,606.45,0.03946401837356195,0.040253068214252265,0.030621283570598463,0.24404910135415328,0.009345610067632588,,Blk 502A,Canberra Rd,1.45099925490468,103.82102323159111
10599,874.5217391304349,909.75,0.03944845393941687,0.040236877389878675,0.030621283570598463,0.24364075901957077,0.009329900296612233,,Opp Blk 36,Jln Rumah Tinggi,1.28883435010664,103.80924997344987
65041,727.8260869565217,757.15,0.03944611554482069,0.040234444908429895,0.030621283570598463,0.24357940982436851,0.009327540087787169,,Blk 231,Punggol Rd,1.389877,103.901631
44451,1044.4782608695652,1066.55,0.020891856807685016,0.0211116193961573,0.030621283570598463,-0.24320277952789746,-0.009227117978288625,,Bef South View Stn,Choa Chu Kang Way,1.38077375279629,103.74424353296656
58269,500.11111111111114,510.7,0.020910660650541146,0.021130820399112744,0.030621283570598463,-0.24270944934837255,-0.009208487465546906,,Opp Visionaire,Canberra Link,1.44702361616489,103.82761997468876
10059,489.3333333333333,499.7,0.020921687402570832,0.02114208021753865,0.030621283570598463,-0.24242015584597507,-0.009197562192990045,,Opp Blk 149,Jln Bt Merah,1.27739664167497,103.83275178077875
75071,618.3333333333333,643.2,0.03936560619142515,0.040150699677072986,0.030621283570598463,0.2414671982903783,0.009246283051190017,,Opp Blk 819,Tampines Ave 3,1.34893303477474,103.93654250213598
13191,396.2173913043478,404.65,0.021007002874432246,0.021229203152364262,0.030621283570598463,-0.24018185288994268,-0.009113027809492968,,Opp Orchard Stn Exit 12,Paterson Rd,1.302461,103.8297819
75351,2733.714285714286,2791.8,0.021017712309682857,0.021240139998955073,0.030621283570598463,-0.23990088438498244,-0.009102415912800014,,Tampines Wafer Fab Pk,Tampines Ave 10,1.37333,103.9305775
71011,592.8571428571429,616.65,0.03928316378549823,0.0400649506855902,0.030621283570598463,0.23930427195518322,0.009163081789145709,,Aft Paya Lebar Rd,Airport Rd,1.33411688207761,103.89054392713261
40361,1106.5,1130.05,0.02104118188455395,0.021264108352144578,0.030621283570598463,-0.23928514590678326,-0.009079159694854986,,Blk 438A,Bt Batok West Ave 8,1.35715418971956,103.74085618975258
21241,820.1739130434783,837.65,0.021058538374068014,0.021281834065759918,0.030621283570598463,-0.23882978791674855,-0.009061960638423773,,Blk 216 CP,Boon Lay Ave,1.34973665190679,103.71235425312759
70261,760.7619047619047,791.25,0.03924295265285771,0.04002312933675096,0.030621283570598463,0.23824930859284146,0.009122503014472682,,Opp Orion @ Paya Lebar,Paya Lebar Rd,1.328998,103.889692
01019,513.9565217391305,534.55,0.03921178291830607,0.03999071259709518,0.030621283570598463,0.23743155177261302,0.009091049424126214,,Bras Basah Cplx,Victoria St,1.29698951191332,103.85302201172507
27459,535.3478260869565,546.8,0.02112737695501643,0.02135214007782069,0.030621283570598463,-0.2370237661499557,-0.00899374352202851,,Blk 273B,Jurong West Ave 3,1.35145070001383,103.70399035610369
22189,358.60869565217394,366.3,0.021162469062864453,0.02138798210615359,0.030621283570598463,-0.23610310349620836,-0.008958966413400667,,Pioneer Junction,Pioneer Rd Nth,1.33369710730493,103.69666289847902
66049,393.2173913043478,401.65,0.02116518652464805,0.02139075769273246,0.030621283570598463,-0.23603180924429343,-0.008956273293606693,,Blk 233,Boundary Rd,1.35535475300084,103.86896493522666
59241,1201.2777777777778,1227.05,0.021209639773108968,0.021436162839055514,0.030621283570598463,-0.23486555141011134,-0.008912217201376827,,Blk 236,Yishun Ring Rd,1.43427221606754,103.83922930159359
44259,6069.521739130435,6199.95,0.021257951013783583,0.021485510879375114,0.030621283570598463,-0.23359807681901681,-0.00886433536436621,,Blk 183,Bt Panjang Rd,1.38029564329691,103.76297124601712
93011,384.7391304347826,393.05,0.021316491698605944,0.021545311091073705,0.030621283570598463,-0.2320622265795796,-0.008806311905456636,,Opp Neptune Ct,Marine Parade Rd,1.30822971200422,103.92151900444857
66429,1589.7222222222222,1624.0,0.02131967486706632,0.021548562847064252,0.030621283570598463,-0.2319787142315968,-0.008803156763948898,,Blk 530,S'goon Nth Ave 4,1.37352182697727,103.87243744452265
10231,718.3913043478261,747.0,0.03899753415349938,0.039767919738910376,0.030621283570598463,0.23181060596840894,0.00887487607147341,,Blk 51 CP,Ganges Ave,1.29041850946952,103.82788100149519
27419,789.1666666666666,806.2,0.02132757536533525,0.021556633621598188,0.030621283570598463,-0.23177143988564694,-0.008795325784070461,,Blk 827,Jurong West St 81,1.34575472199235,103.6928200000021
84021,2561.166666666667,2616.4,0.021328203936835877,0.021557275743186166,0.030621283570598463,-0.2317549489325146,-0.008794702740865148,,Blk 32,New Upp Changi Rd,1.32338320435233,103.92508721683168
62031,470.17391304347825,488.9,0.03897402065068345,0.03974347144043538,0.030621283570598463,0.23119371501403357,0.008851154168127595,,Bef How Sun Rd,Upp Paya Lebar Rd,1.34521001044775,103.88171014272702
45131,1891.142857142857,1966.3,0.03895207063136308,0.03972064930162315,0.030621283570598463,0.2306178429938968,0.00882901010883438,,Opp Kranji Stn,Woodlands Rd,1.42513583961154,103.76103770449444
07529,1924.5,2000.95,0.03893603128334622,0.03970397299402758,0.030621283570598463,0.23019704100692204,0.008812829279017068,,Jln Besar Stn Exit A,Jln Besar,1.30431906266143,103.85501564257024
77291,684.3888888888889,711.6,0.038933854996435535,0.039701710302342305,0.030621283570598463,0.23013994480480213,0.008810633815250357,,Blk 753,Pasir Ris St 71,1.37746279073187,103.93476034022859
14041,671.1739130434783,697.85,0.0389190207186525,0.03968628719275581,0.030621283570598463,0.2297507585635736,0.008795668949074626,,Blk 54,Henderson Rd,1.2732727805917,103.81247079301698
78151,316.5217391304348,323.4,0.021431036550297655,0.02166233054908928,0.030621283570598463,-0.22905707318188961,-0.008692769268717987,,Blk 230,Pasir Ris Dr 4,1.37239496316057,103.96078021168164
70019,1287.2380952380952,1338.3,0.03887162226132901,0.0396370088345108,0.030621283570598463,0.22850723139524387,0.008747854723781033,,Blk 125,Aljunied Rd,1.32322990499562,103.88145725676175
84621,817.4782608695652,835.25,0.021480774703493744,0.021713147410358746,0.030621283570598463,-0.22775216267858445,-0.008643462251601664,,Opp Blk 716,Bedok Reservoir Rd,1.33831497804809,103.9249204585602
81029,1544.2857142857142,1577.85,0.021487912334742454,0.02172044004807297,0.030621283570598463,-0.22756490260987136,-0.00863638628894644,,Aft Lor 28 Geylang,Geylang Rd,1.313616389,103.8849306
92071,1732.608695652174,1770.3,0.02150855309825861,0.02174152935570458,0.030621283570598463,-0.22702337970687406,-0.008615923575855026,,Marine Terr Stn Exit 4,Marine Parade Rd,1.306815,103.914746
08019,343.3333333333333,356.95,0.03878313139066503,0.03954501452081303,0.030621283570598463,0.22618561993289604,0.008658593697287326,,Aft Haw Par Glass Twr,Clemenceau Ave,1.296188,103.8440945
42151,7238.388888888889,7396.2,0.021564755005513803,0.021798954792070616,0.030621283570598463,-0.2255488887101144,-0.008560204334188401,,Beauty World Stn Exit C,Jln Jurong Kechil,1.34009254981171,103.77531978477353
03031,1827.3333333333335,1899.55,0.03873851290809771,0.039498632634457076,0.030621283570598463,0.22501502708209015,0.008613589885416433,,Raffles Pl Stn Exit F,Robinson Rd,1.28207492207952,103.85086074925066
63041,831.952380952381,864.8,0.03867746019849161,0.03943517036359442,0.030621283570598463,0.2234132723545642,0.008552013172540103,,Opp Glad Tidings Ch,Upp S'goon Rd,1.36259166703136,103.88754805602413
64041,2134.4444444444443,2218.6,0.0386522037535606,0.039408918257973595,0.030621283570598463,0.22275065426062954,0.00852654105582826,,The Midtown,Upp S'goon Rd,1.37016500002901,103.89535999996711
40229,922.2222222222222,942.4499999999999,0.02167340290496167,0.021909977133229664,0.030621283570598463,-0.2226984454177664,-0.008452480631089224,,Bef Stevens Stn Exit 2,Stevens Rd,1.319241,103.825711
46071,1109.7777777777778,1153.5,0.038606879163588737,0.03936180854256279,0.030621283570598463,0.22156153625540098,0.008480831039780857,,Blk 137,Marsiling Rd,1.43864652268091,103.77679962439775
55059,1624.2857142857142,1688.2,0.038571419575385235,0.03932495385426732,0.030621283570598463,0.22063123253247818,0.008445071358816591,,ST Engineering,Yio Chu Kang Rd,1.3920822654425,103.84909518015897
59761,2142.3333333333335,2226.6,0.03856252315195796,0.039315707620528564,0.030621283570598463,0.2203978294882129,0.00843609984436589,,Blk 504C,Yishun Ring Rd,1.41849608053432,103.84326740385671
52159,981.3333333333333,1019.95,0.038558151299459276,0.039311163895487534,0.030621283570598463,0.22028313129622445,0.008431691120120174,,Blk 128,Lor 1 Toa Payoh,1.33810803464351,103.84385638188928
07231,548.5,570.1,0.038555551827141876,0.03930846223839927,0.030621283570598463,0.22021493256925018,0.00842906973326223,,Bef Tai Hoe Hotel,Kitchener Rd,1.309658889,103.8573711
50229,1121.7777777777778,1165.85,0.03850203681939135,0.039252845126175766,0.030621283570598463,0.2188109340045505,0.00837510508775169,,Opp Blk 104,Balestier Rd,1.32095764720403,103.85283489560972
70279,1575.8095238095239,1610.6,0.021823957536544647,0.02206384199559113,0.030621283570598463,-0.21874855368577262,-0.00830318732149601,,Opp Trinity Paya Lebar,Paya Lebar Rd,1.33155751923227,103.88951499040957
28639,1543.6666666666667,1577.75,0.021825257340489124,0.022065170479067846,0.030621283570598463,-0.21871445254388466,-0.008301898309229434,,Blk 288E,Toh Guan Rd,1.34045649755771,103.74395996871245
59621,799.3888888888889,817.05,0.021825738763777025,0.022065662525161105,0.030621283570598463,-0.21870182211302724,-0.00830142088255379,,Bet Blks 318A/318B,Yishun Ave 6,1.43416283001882,103.84410555917717
20219,499.6521739130435,510.7,0.02182691948540949,0.022066869300911084,0.030621283570598463,-0.21867084516755023,-0.008300249961897275,,Opp Blk 41,Teban Gdns Rd,1.32205689998871,103.74143326706027
71119,632.1739130434783,646.15,0.021832978335016406,0.02207306186912029,0.030621283570598463,-0.21851188758706183,-0.008294241384054062,,Opp Blk 343,Ubi Ave 1,1.32680124825187,103.90021869264116
67261,565.1111111111111,577.65,0.021907435973480993,0.022149165848871482,0.030621283570598463,-0.21655844645102504,-0.008220398566168984,,Blk 203B,Sengkang East Ave,1.38657611,103.8946458
76179,314.94444444444446,321.95,0.02193112306784606,0.02217337787937331,0.030621283570598463,-0.21593700121746565,-0.0081969059109252,,Opp Blk 266,Tampines St 21,1.35172938925372,103.95069571840816
61039,4315.652173913043,4411.55,0.02197261156283581,0.022215787194183354,0.030621283570598463,-0.21484852548204758,-0.008155756639620503,,Woodleigh Stn Exit A,Upp S'goon Rd,1.33845332842129,103.87084881783568
09011,1139.2857142857142,1183.85,0.03833732672517165,0.039081683788523926,0.030621283570598463,0.21448966515686485,0.008209029206746352,,Opp Ngee Ann City,Orchard Turn,1.30211335092372,103.83431672376756
84499,1370.608695652174,1401.1,0.02198683137117996,0.022230323010111634,0.030621283570598463,-0.21447546021784053,-0.008141652704295278,,Blk 140,Bedok Reservoir Rd,1.33520779235718,103.91401580602559
27531,1213.8695652173913,1240.95,0.02204600775282728,0.022290816691718486,0.030621283570598463,-0.21292293208808166,-0.008082956379494697,,Blk 918,Jurong West St 91,1.34052795177305,103.68697304819686
53379,1928.3333333333333,1971.35,0.02205120511777281,0.022296129923980685,0.030621283570598463,-0.21278657607823556,-0.008077801011226156,,Blk 245,Bishan St 22,1.36018670154842,103.84386020713477
66499,1331.2608695652175,1361.0,0.02207680676290824,0.02232230272175424,0.030621283570598463,-0.21211490144835116,-0.008052405846008071,,Blk 911,Buangkok Green,1.37912306945844,103.88326933020046
58511,1331.6666666666665,1383.6000000000001,0.03822934185168947,0.03896948474237129,0.030621283570598463,0.2116566167513591,0.008100163760300387,,Blk 104C,Canberra st,1.44964,103.8315
64361,910.4347826086956,930.8,0.02209815734796372,0.02234413013404579,0.030621283570598463,-0.21155475594836107,-0.008031226958438492,,Blk 535,Hougang Ave 8,1.37634509209583,103.89054894445846
13011,1882.2608695652175,1955.6000000000001,0.03820349362823716,0.03894262957405024,0.030621283570598463,0.21097847299033687,0.008074106498773614,,Napier Stn Exit 2,Napier Rd,1.306504,103.81932
66309,492.4347826086956,511.65,0.03820265374411047,0.038941756982993556,0.030621283570598463,0.2109564381227744,0.008073259833688588,,Blk 112,S'goon Nth Ave 1,1.36927306510786,103.8719488184558
63361,1065.086956521739,1106.6,0.038200617175808915,0.038939641109298685,0.030621283570598463,0.21090300752278968,0.008071206825732511,,Opp S'goon Sports Cplx,Yio Chu Kang Link,1.35744648841295,103.87383985365209
54391,2462.277777777778,2517.4,0.022130886202818445,0.022377590834254744,0.030621283570598463,-0.21069609466488504,-0.007998760425151867,,Aft Ang Mo Kio Int,Ang Mo Kio Ave 8,1.371548,103.848298
77401,342.14285714285717,355.5,0.03818738626973506,0.038925895087427116,0.030621283570598463,0.21055588670718653,0.00805786921851375,,UMC,Pasir Ris Ind Dr 1,1.381097,103.932503
52369,2944.1666666666665,3010.2,0.022173261811060385,0.02242091562446996,0.030621283570598463,-0.2095843449772589,-0.007956722878571113,,Blk 237,Lor 6 Toa Payoh,1.34001833298065,103.85273333299853
18049,871.2857142857142,890.85,0.02218093276480282,0.022428758598100517,0.030621283570598463,-0.20938309287066365,-0.007949112931294081,,Opp Science Pk,AYE,1.29018147748939,103.79208093037771
17079,876.9444444444445,896.65,0.022196920803898124,0.02244510535974113,0.030621283570598463,-0.20896363700424925,-0.007933251856133689,,Blk 512,West Coast Rd,1.30968304242083,103.75999360222924
59751,354.44444444444446,368.25,0.03810495879819076,0.0388402625820571,0.030621283570598463,0.20839335218454355,0.007974780981607416,,Opp The Shaughnessy,Yishun Ave 1,1.41725535689777,103.84590800002533
91091,1689.5652173913045,1727.55,0.02221998559612981,0.022468688115629194,0.030621283570598463,-0.20835851824318422,-0.00791036977882362,,Bef Kg Kayu Rd,Mountbatten Rd,1.303159444,103.8843669
52151,863.3333333333334,896.9,0.03810020665620861,0.038835325877362506,0.030621283570598463,0.2082686768681672,0.007969990953715226,,Blk 131,Lor 1 Toa Payoh,1.33834001400213,103.84365712218609
83329,813.8260869565217,832.15,0.022238997752102918,0.022488127634598263,0.030621283570598463,-0.20785972284316248,-0.007891507836732028,,Opp Kembangan Stn,Jln Kembangan,1.32198642679896,103.91379833222052
01139,1118.7826086956522,1162.25,0.038083244654222526,0.03881770529994231,0.030621283570598463,0.20782366849679748,0.007952893909727211,,Bugis Stn/Parkview Sq,Nth Bridge Rd,1.30033057855542,103.85716080665901
46119,2043.5217391304348,2122.85,0.03806658566954102,0.038800399795849316,0.030621283570598463,0.2073866099675112,0.007936102577771546,,Marsiling CC,Admiralty Rd,1.44101545973486,103.77252382232057
14309,323.94444444444446,336.55,0.03805941994101847,0.03879295606086518,0.030621283570598463,0.20719861274984117,0.007928880007169918,,Blk 41,Telok Blangah Rise,1.27128899958763,103.82302593897191
12121,443.6111111111111,460.85,0.03804017056773823,0.03877296013994818,0.030621283570598463,0.20669359381042865,0.00790947819465569,,Blk 7,Ghim Moh Rd,1.31164833301814,103.7871516670319
65621,456.14285714285717,466.45,0.02229645140482006,0.022546874999999994,0.030621283570598463,-0.2063523915478432,-0.007834505942497712,,Samudera Stn Exit B,Punggol Way,1.416165,103.902557
65151,478.4347826086956,489.25,0.022307591246926606,0.022558266074181297,0.030621283570598463,-0.20606013105894483,-0.007823453313988196,,Cove Stn Exit B,Punggol Field,1.39885650320272,103.90662105241732
21029,349.04347826086956,356.95,0.022335941471362197,0.0225872562414599,0.030621283570598463,-0.20531634579029573,-0.007795324487482529,,Aft Corp Pl,Jln Ahmad Ibrahim,1.32429728567538,103.72180766916203
44689,1919.608695652174,1993.95,0.03797682258898405,0.0387071580567753,0.030621283570598463,0.2050316213098899,0.007845631188755618,,Sunshine Pl,Choa Chu Kang Ave 3,1.37811000397911,103.73849893266107
67761,511.1904761904762,531.0,0.03794690967631187,0.03867608776496816,0.030621283570598463,0.2042468379711018,0.00781548404129957,,Opp Blk 326D,Anchorvale Rd,1.396006,103.887595
44351,705.0,721.0,0.022409901399583987,0.022662889518413425,0.030621283570598463,-0.2033759623832194,-0.007721938387118395,,Aft Chestnut Ave,Petir Rd,1.36823452426378,103.77558853634072
06129,372.52173913043475,386.95,0.03790025863105129,0.03862763357001496,0.030621283570598463,0.20302291960986507,0.0077684694921867,,Grand Copthorne Hotel,Kim Seng Rd,1.29078162052352,103.83440916705554
17009,16891.652173913044,17274.75,0.02242503927643469,0.022678370580469648,0.030621283570598463,-0.20297881103700147,-0.007706917290326577,,Clementi Int,Clementi Ave 3,1.31491572870629,103.76412225438476
46541,1708.5714285714287,1747.3500000000001,0.022429773487112392,0.022683212166792043,0.030621283570598463,-0.20285460615923206,-0.007702219554698973,,Marsiling Mall,Woodlands Ave 3,1.43328331503309,103.78083569681783
54261,13076.833333333334,13373.55,0.022434962346906673,0.02268851874036146,0.030621283570598463,-0.20271847328716822,-0.0076970706472836,,Aft Ang Mo Kio Stn Exit A,Ang Mo Kio Ave 3,1.36946941916508,103.85075454495572
22469,1050.2857142857142,1074.15,0.02244628184011166,0.022700095121619426,0.030621283570598463,-0.2024214995431483,-0.007685838217444917,,Blk 653B,Pioneer Rd Nth,1.33649062479414,103.69631873743737
50211,2120.5555555555557,2202.45,0.03787474162970028,0.03860113124541732,0.030621283570598463,0.20235346566081094,0.00774275459087415,,Opp Balestier Pt,Balestier Rd,1.32306968689436,103.8525670514891
59571,569.8695652173914,591.9,0.037864999345630146,0.03859101294744892,0.030621283570598463,0.20209787095147014,0.007732936922512639,,Opp Northbrooks Sec Sch,Yishun Ring Rd,1.42072559126348,103.84373330710623
21571,1187.2173913043478,1233.05,0.03784724978753662,0.038572578579530614,0.030621283570598463,0.20163220056974213,0.007715050266946559,,Opp Jurong Sec Sch,Corporation Dr,1.33056719470166,103.72307005592994
64349,1046.2777777777778,1070.1,0.022491952799835957,0.02274680388308262,0.030621283570598463,-0.2012232943181712,-0.0076405172424099605,,Blk 502,Hougang Ave 8,1.37291834719604,103.88673982857989
52169,493.77777777777777,512.85,0.037822666085599366,0.03854704693465107,0.030621283570598463,0.20098723229475263,0.007690277205021144,,Blk 117,Lor 1 Toa Payoh,1.34013183349101,103.84465978021645
64119,3156.222222222222,3277.9,0.037815402881824056,0.0385395037832127,0.030621283570598463,0.20079667775492718,0.007682958171775252,,Blk 953,Yio Chu Kang Rd,1.37679164872283,103.87713655364794
84031,12557.555555555555,13041.4,0.037803437755238534,0.03852707760092643,0.030621283570598463,0.2004827654290459,0.007670901189754457,,Bedok Stn Exit B,New Upp Changi Rd,1.32428292329305,103.93003627080394
56051,1001.2857142857142,1039.9,0.03780261752471681,0.0385262257696691,0.030621283570598463,0.20046124618568534,0.007670074667664414,,Opp Tagore Rd,Upp Thomson Rd,1.38249472962714,103.82576395474278
22239,1236.3333333333333,1264.55,0.0225482840417639,0.022804418103448246,0.030621283570598463,-0.1997454101481217,-0.00758461482579576,,Blk 624,Jurong West St 61,1.34081972201603,103.69742194398371
78089,956.7777777777778,993.65,0.037775130161466386,0.0384976798143846,0.030621283570598463,0.19974009860161177,0.007642376854957109,,Blk 405,Pasir Ris Dr 6,1.37361141865113,103.95608873577847
78269,391.47826086956525,400.45,0.022601843261687904,0.02285920017724617,0.030621283570598463,-0.1983402516503357,-0.007531460408483392,,Ripple Bay,Jln Loyang Besar,1.37861875398733,103.96096176266686
20149,310.47826086956525,322.45,0.037714995238541604,0.03843523171412606,0.030621283570598463,0.1981624225622415,0.0075817841801753645,,Blk 408,West Coast Rd,1.31795969674094,103.74897266925451
76119,455.8095238095238,473.34999999999997,0.0376789387443619,0.0383977900552493,0.030621283570598463,0.19721645865035348,0.00754545496839444,,Opp Blk 945,Tampines Ave 4,1.35188664573357,103.94009028016603
45301,1108.0,1133.4,0.022645168427495754,0.022903516681694953,0.030621283570598463,-0.19720358974619911,-0.007488460612966607,,Blk 708,Choa Chu Kang Nth 5,1.39184565454372,103.74663514172119
64069,1171.5652173913045,1198.45,0.022669276093795432,0.022928176795579583,0.030621283570598463,-0.19657111055380522,-0.00746453318756045,,S'goon Sec Sch,Upp S'goon Rd,1.37526504951859,103.90134716214978
01229,1203.4782608695652,1249.65,0.037616921512193535,0.038333393495289164,0.030621283570598463,0.19558939909059522,0.0074829717255324,,Bef Sultan Mque,Nth Bridge Rd,1.30337552638813,103.85963089198265
53381,2456.7391304347825,2513.2,0.022712786810954455,0.022972686102463044,0.030621283570598463,-0.19542958059785148,-0.007421346318054655,,Bishan Nth Shop Mall,Bishan St 22,1.35830432828214,103.84496212009292
92121,1172.0,1198.95,0.022715319587869764,0.02297527706734856,0.030621283570598463,-0.19536313166505162,-0.007418832334570303,,Opp The Holy Family Ch,East Coast Rd,1.30720333,103.9067761
46391,1466.4782608695652,1500.2,0.02271932938584076,0.022979378999762875,0.030621283570598463,-0.1952579321923681,-0.007414852276638542,,Blk 853,Woodlands Ave 7,1.43921765358175,103.79299454006805
65029,1702.304347826087,1741.45,0.022722070365391644,0.022982182969164502,0.030621283570598463,-0.19518602093761772,-0.007412131617317484,,Blk 111,Punggol Rd,1.38461500003195,103.90061583298267
67621,397.5714285714286,406.75,0.02276751574102498,0.023028673835125177,0.030621283570598463,-0.19399373404757592,-0.007367022063787204,,Blk 278 CP,Buangkok Dr,1.38095802621952,103.89025132744938
97051,292.27777777777777,303.5,0.03755088022250064,0.03826482288312228,0.030621283570598463,0.19385676595015006,0.0074164384477319305,,Komo Shoppes,Upp Changi Rd Nth,1.36044412865764,103.9703768491515
62261,623.6111111111111,638.0,0.022775220523939765,0.02303655607933813,0.030621283570598463,-0.19379159441220278,-0.0073593740127149,,Opp S'goon Sec Sch,Upp Serangoon View,1.374585,103.902922
58389,377.27777777777777,386.0,0.022795905442979603,0.02305771772653815,0.030621283570598463,-0.19324891306236078,-0.00733884110937071,,Opp Blk 469B,Sembawang Way,1.44773992017207,103.8135666814871
28459,1775.8260869565217,1816.85,0.022825808622030763,0.023088310862064726,0.030621283570598463,-0.1924643850910017,-0.007309156941175985,,Opp Parc Oasis,Jurong East Ave 1,1.34440772894012,103.7343152870331
43359,588.7222222222222,602.35,0.022845843278418876,0.023108808290156317,0.030621283570598463,-0.19193876377474794,-0.007289268522007518,,Blk 169,Bt Batok West Ave 8,1.34689882191148,103.74106453897556
21699,991.6111111111111,1014.5999999999999,0.022895892793521,0.023160015671349565,0.030621283570598463,-0.19062568450369793,-0.0072395825878922865,,Summerdale,Boon Lay Way,1.341617,103.712315
10201,3521.391304347826,3603.0,0.022904232962277504,0.02316854903412996,0.030621283570598463,-0.19040687513683635,-0.007231302763948775,,Opp Redhill Stn,Tiong Bahru Rd,1.28928144532567,103.81662854691157
01119,1376.0434782608695,1407.95,0.022905952251816686,0.023170308158625356,0.030621283570598463,-0.19036176853689776,-0.007229595905645499,,Aft Bugis Stn Exit C,Victoria St,1.2996041093804,103.85512934079571
53281,2007.3333333333335,2053.9,0.02292199425507846,0.023186721991701218,0.030621283570598463,-0.18994089688796828,-0.007213669751841461,,Blk 169,Bishan St 13,1.34665638902153,103.85432083296934
23499,1184.095238095238,1229.2,0.03735361673388482,0.038060031341664316,0.030621283570598463,0.18868143913014165,0.00721773156604551,,Joo Koon Stn Exit A,Joo Koon Circle,1.32755092355685,103.67805103515069
03218,420.65217391304344,430.45,0.0229708872181682,0.023236749845328506,0.030621283570598463,-0.18865816045780798,-0.007165128299782595,,Prince Edward Rd Stn Exit 2,Shenton Way,1.2740788888387,103.84687388890413
82119,887.3913043478261,921.2,0.03734981579232688,0.03805608574365005,0.030621283570598463,0.18858171913165572,0.007213903197587413,,Tg Katong Cplx,Tg Katong Rd,1.31619210726015,103.8940879247112
10461,484.2173913043478,495.5,0.02298646347907507,0.02325268817204304,0.030621283570598463,-0.18824950784098357,-0.00714966352434218,,Opp Blk 95,Kay Siang Rd,1.29680597432594,103.81169140516062
11221,345.76190476190476,358.95,0.03732674190335672,0.038032134029113464,0.030621283570598463,0.18797636171216017,0.007190663123936301,,Lien Twrs,Holland Rd,1.310019,103.805506
71151,457.1904761904762,467.85,0.022997903329658342,0.023264394096861547,0.030621283570598463,-0.18794937644841855,-0.007138305399873847,,Blk 3021,Ubi Ave 2,1.32814305145316,103.8944494102938
24711,344.2857142857143,357.40000000000003,0.03727744945260536,0.03798096814232484,0.030621283570598463,0.1866831444818075,0.0071410174513655235,,Tuas West Rd Stn Exit B,Pioneer Rd,1.329871,103.639994
70051,1388.4782608695652,1420.9,0.023065680632144314,0.023333750547593395,0.030621283570598463,-0.1861711979633639,-0.007071009631935151,,Aft Joo Seng Rd,Upp Aljunied Rd,1.33627202154131,103.87777948299751
44051,405.3333333333333,420.75,0.03723888061291536,0.03794093519278047,0.030621283570598463,0.18567126766737577,0.007102173939997614,,Opp Blk 632 CP,Woodlands Rd,1.38440811744123,103.75801976703181
52099,1261.6521739130435,1291.15,0.02309308899636875,0.023361798836128655,0.030621283570598463,-0.18545212296647215,-0.007043794699561456,,Opp NKF,Kim Keat Rd,1.32652328466497,103.85488905075222
12101,2869.6666666666665,2978.55,0.037227991569235286,0.037929633070134576,0.030621283570598463,0.18538558702674043,0.00709120762014176,,Ngee Ann Poly,Clementi Rd,1.33243896358504,103.77768506316727
01411,446.7826086956522,457.25,0.023107020523163158,0.023376055927760812,0.030621283570598463,-0.18508662094291628,-0.00702996120722103,,Opp St. John HQ,Beach Rd,1.30211332865049,103.86295598167331
21761,463.77777777777777,481.4,0.03721425130699707,0.03791537174276879,0.030621283570598463,0.18502510294438762,0.007077370017917618,,Blk 138B,Yuan Ching Rd,1.32831333299986,103.72476805601295
46691,518.5652173913044,538.25,0.03718694383875931,0.03788702928870354,0.030621283570598463,0.18430867501467257,0.007049869660107172,,Opp 888 Plaza,Woodlands Ave 4,1.43823132518893,103.79587886684328
40231,3259.782608695652,3383.3,0.037179859711914176,0.037879676791380185,0.030621283570598463,0.18412281866631722,0.007042735616360387,,Raffles Town Club,Whitley Rd,1.32230868317131,103.82577145824762
78221,725.4347826086956,752.95,0.037177343123889095,0.03787706487910064,0.030621283570598463,0.1840567944588346,0.007040201307860095,,Blk 231A CP,Pasir Ris Dr 4,1.37417517709229,103.96122560227602
43339,633.8333333333334,648.7,0.023148220635936134,0.02341822000525061,0.030621283570598463,-0.1840057110892098,-0.0069890498868728605,,Blk 148,Bt Batok St 11,1.34907250002611,103.74377833982919
55019,618.0555555555555,641.5,0.03717179761848577,0.03787130934218807,0.030621283570598463,0.18391130477371487,0.0070346167764669155,,Aft Lentor Stn Exit 4,Yio Chu Kang Rd,1.382212,103.836047
63389,1436.2173913043478,1469.9,0.023165581335081953,0.02343598741529536,0.030621283570598463,-0.18355024265694236,-0.006971810372874868,,Opp Xinmin Pr Sch,Hougang Ave 8,1.37063835467565,103.882445169636
44209,529.695652173913,542.15,0.02319682770446896,0.023467966573815783,0.030621283570598463,-0.18273047527550157,-0.006940781362480633,,Opp Petir Stn,Petir Rd,1.37719530827914,103.76698269593902
26461,300.6666666666667,307.75,0.02320923291037058,0.023480662983425476,0.030621283570598463,-0.18240501720284513,-0.006928462181990104,,Aft Tuas Sth Ave 8,Tuas Sth Ave 5,1.29946472196917,103.62876777798095
43279,1530.1304347826087,1566.1,0.0232204686920765,0.023492162653338755,0.030621283570598463,-0.18211023968058576,-0.006917304184288522,,Aft Hillview Stn,Hillview Rd,1.36203855984679,103.76591020179649
66431,693.1666666666666,719.4,0.03709452792891277,0.03779111644657844,0.030621283570598463,0.1818840877776711,0.006956806530464823,,Opp Blk 506A,S'goon Nth Ave 4,1.37297644274866,103.87526422817183
22249,825.5652173913044,845.0,0.023240537543745887,0.023512703171847445,0.030621283570598463,-0.18158372123046534,-0.006897373954983024,,Blk 622,Jurong West St 62,1.34016007378301,103.69865436006683
54191,1125.2777777777778,1167.8,0.037059387864460724,0.037754649040596,0.030621283570598463,0.18096216695343956,0.006921422625082919,,Mayflower Stn Exit 2,Ang Mo Kio Ave 4,1.37447193336668,103.83756404776227
72031,696.7142857142857,723.05,0.03705076459932943,0.037745700245700065,0.030621283570598463,0.18073593038212488,0.006912739712126829,,Bef Kaki Bt Stn Exit B,Kaki Bt Ave 1,1.33521859078695,103.9099203114682
52499,332.6111111111111,345.2,0.03704066612418888,0.03773522064945798,0.030621283570598463,0.18047099078482376,0.006902571480198046,,St. Michael's Ter,Whampoa Rd,1.32603759751245,103.85537211273478
46429,1350.888888888889,1401.85,0.03700309017931147,0.037696227500616304,0.030621283570598463,0.17948516316575555,0.006864736875515145,,Blk 856,Woodlands St 83,1.44071444400658,103.7931500000338
43331,753.4782608695652,781.9,0.036978508752514294,0.03767071976027191,0.030621283570598463,0.1788402545804407,0.006839987007885758,,Opp Bt Batok Presby Ch,Bt Batok St 11,1.34893916700858,103.74323444400876
46901,352.39130434782606,360.75,0.023377411622480082,0.023652805118110524,0.030621283570598463,-0.1779927470689133,-0.0067614346448829155,,Blk 15,Woodlands Loop,1.4479841829065,103.80951476110357
75249,1148.7777777777778,1192.05,0.03694436639833398,0.03763529184383499,0.030621283570598463,0.177944509288053,0.006805611707276618,,Temasek Poly West G,Tampines Ave 1,1.34791499671757,103.93017010145029
82091,898.2777777777778,932.1,0.03692040420218046,0.03761042812133189,0.030621283570598463,0.17731584659284352,0.006781486722765378,,Aft Queen of Peace Ch,Tg Katong Rd,1.31264667096781,103.89411050584133
65229,847.3888888888889,867.6,0.023543594043704097,0.023822932355444384,0.030621283570598463,-0.17363285083261804,-0.006596362139544723,,Blk 298,Punggol Ctrl,1.403199,103.9054445
07319,1538.4347826086957,1575.15,0.023569839795981373,0.02384980371113071,0.030621283570598463,-0.17294427766266654,-0.00657028917160326,,Aft Allenby Rd,Jln Besar,1.31038833299803,103.85870666696984
76461,313.0,324.75,0.03673723009670127,0.03742038216560524,0.030621283570598463,0.17251016325291357,0.006597087313635929,,Eden Condo,Tampines St 34,1.35610972200156,103.95981833302024
07531,1850.5652173913043,1919.85,0.036736451571544926,0.03741957450805441,0.030621283570598463,0.17248973817501426,0.006596303652786203,,Rochor Stn,Rochor Canal Rd,1.30365644370093,103.8525732326128
76069,3399.1304347826085,3526.3,0.03671891170210628,0.037401378463743036,0.030621283570598463,0.1720295691018512,0.006578648239879984,,Blk 147,Tampines Ave 5,1.348675,103.942076
93069,610.4444444444445,625.05,0.023606140391417618,0.023886970743231324,0.030621283570598463,-0.17199190960681532,-0.006534226427030543,,Aft Siglap Rd,East Coast Rd,1.31168943552207,103.92240015622043
46741,466.95238095238096,484.45,0.03670975517715025,0.03739187951562045,0.030621283570598463,0.17178934213681293,0.006569431519563795,,Seagate,Gambas Ave,1.44632701434368,103.80719269495765
84119,1069.2608695652175,1094.85,0.02362789575500024,0.02390924601884983,0.030621283570598463,-0.17142114449757886,-0.006512612982816257,,Blk 18,Bedok Sth Rd,1.31964,103.935232
44349,685.7777777777777,702.2,0.023630574047913022,0.02391198835139916,0.030621283570598463,-0.17135087786465744,-0.006509952129025397,,Bet Blks 443A/443B,Fajar Rd,1.3813330335154,103.7693280970516
01519,422.04347826086956,437.85,0.03668270978722532,0.03736382322713234,0.030621283570598463,0.1710797899899954,0.0065422088249276885,,The Gateway,Beach Rd,1.29907492488417,103.8589102973441
10091,1791.952380952381,1834.85,0.023643953552769048,0.02392568787846569,0.030621283570598463,-0.1709998584702135,-0.0064966596351822,,Bt Merah Town Ctr,Jln Bt Merah,1.28394108576437,103.81783962251122
93021,493.55555555555554,505.4,0.023667379150331236,0.023949674230509737,0.030621283570598463,-0.1703852737632867,-0.006473385953155234,,Opp Mandarin Gdns,Marine Parade Rd,1.30867772794032,103.92426998119757
63149,557.2608695652174,570.65,0.023700554673175667,0.023983644859812296,0.030621283570598463,-0.16951489387520224,-0.006440424641523022,,S'goon Stadium,Boundary Rd,1.35489972198729,103.87452555599006
54651,494.95238095238096,506.84999999999997,0.023706212413860506,0.023989438310129334,0.030621283570598463,-0.16936645962965402,-0.006434803323188739,,Opp Techplace 2,Ang Mo Kio Ave 5,1.37854275740549,103.86551861831312
63301,2112.391304347826,2191.2,0.03661169531527353,0.03729015799868358,0.030621283570598463,0.16921668240795007,0.006470732299434692,,Paya Lebar Meth Girls' Sch,Lor Ah Soo,1.35149473186732,103.88531199399267
54611,591.3333333333334,605.55,0.02371762573038616,0.024001125492402322,0.030621283570598463,-0.16906702437412377,-0.006423463384397162,,Blk 220,Ang Mo Kio Ave 1,1.36489470522366,103.84057417396242
44501,420.4347826086956,430.55,0.023718340102208302,0.024001857010213505,0.030621283570598463,-0.16904828239771177,-0.006422753601062738,,Blk 426,Choa Chu Kang Ave 4,1.38087128691259,103.73879787160988
50169,964.9444444444445,1000.9499999999999,0.03659705856852735,0.0372749755564497,0.030621283570598463,0.16883267851283146,0.006456000950028365,,Aft Irrawaddy Rd,Balestier Rd,1.32647401158756,103.84420812253344
22141,562.6086956521739,576.15,0.023741989390027918,0.024026074211216407,0.030621283570598463,-0.1684278290417168,-0.006399255928941116,,Aft Jln Buroh,Pioneer Rd,1.3173330063793,103.6959517251446
84079,447.9130434782609,458.7,0.023744900912098466,0.024029055690072607,0.030621283570598463,-0.16835144350091308,-0.0063963630342340795,,Opp Blk 71,Bedok Sth Rd,1.32099303797206,103.94325305782594
27099,1482.0555555555557,1517.7,0.0237501816981025,0.024034463382656048,0.030621283570598463,-0.16821289888919003,-0.006391116012200244,,Blk 271 CP,Jln Bahar,1.35023689448473,103.70360999821403
45411,2357.0555555555557,2413.75,0.02375839978350225,0.024042879019908574,0.030621283570598463,-0.16799729245296166,-0.006382950415984947,,Opp Blk 670,Choa Chu Kang Cres,1.4035145178289,103.74767347957746
71209,352.82608695652175,366.0,0.03655633542208481,0.03723273531580252,0.030621283570598463,0.16776428215901004,0.006415015729442933,,Opp Paya Ubi Ind Pk,Ubi Ave 1,1.32608112825105,103.89720788120638
07031,4392.277777777777,4555.85,0.03655600044368512,0.03723238786529894,0.030621283570598463,0.16775549379828408,0.00641467860220801,,Tekka Ctr,S'goon Rd,1.30572083298412,103.85120583303191
22509,379.8695652173913,394.05,0.036555371167454886,0.03723173515981739,0.030621283570598463,0.16773898435614465,0.006414045289572269,,Blk 664C,Jurong West St 63,1.33799405073941,103.70323491142737
75341,1287.388888888889,1318.4,0.023784573329725944,0.024069682204303312,0.030621283570598463,-0.16731061365245625,-0.006356943593865112,,Opp The Clearwater Condo,Bedok Reservoir Rd,1.33832204097015,103.933861255669
44091,1682.0434782608695,1722.6,0.023811378099138913,0.02409713252389571,0.030621283570598463,-0.16660737433016456,-0.006330308863892045,,Choa Chu Kang Mkt,Choa Chu Kang Ave 1,1.37647222708666,103.74421611501322
84629,602.7391304347826,617.3,0.023831575180453868,0.024117816505833035,0.030621283570598463,-0.1660774916978101,-0.006310239433668688,,Blk 716,Bedok Reservoir Rd,1.33815749250804,103.92537872720727
66511,379.27777777777777,388.45,0.023833507539572807,0.024119795471146666,0.030621283570598463,-0.16602679508869958,-0.006308319266343235,,Yio Chu Kang Amenity Ctr,S'goon Nth Ave 6,1.37665021193432,103.87172116805385
53399,1438.0434782608695,1491.5,0.03647392461701848,0.03714725965315145,0.030621283570598463,0.16560218489148745,0.006332079675226269,,Blk 202,Bishan St 22,1.35464002820911,103.8470163249439
70271,1063.142857142857,1088.85,0.02387042595355915,0.02415760504765798,0.030621283570598463,-0.16505821818987063,-0.00627163306830517,,Le Crescendo,Paya Lebar Rd,1.33078171512111,103.88931512831826
64489,1299.2777777777778,1330.7,0.023878404670092834,0.024165776543473454,0.030621283570598463,-0.16484889174048167,-0.006263704359723524,,Blk 946A,Hougang Ave 9,1.37488764981722,103.88067688397112
54389,2323.6666666666665,2409.95,0.03644420111577329,0.03711643246343599,0.030621283570598463,0.16482237087593796,0.006302168406938978,,Blk 465,Ang Mo Kio Ave 10,1.36638973614786,103.85660537812751
63209,1380.2222222222222,1431.4,0.03638258366878233,0.03705252996540983,0.030621283570598463,0.16320579992187859,0.00624016454669968,,Parkwood Residences,Yio Chu Kang Rd,1.36605804817414,103.87522122785421
23491,813.5217391304349,843.7,0.036380416893525336,0.037050282908082134,0.030621283570598463,0.16314895326374057,0.006237984252770648,,Joo Koon Stn Exit B,Joo Koon Circle,1.327885,103.677849
42169,605.695652173913,620.4,0.023947728388915124,0.024236777984807507,0.030621283570598463,-0.16303014208842392,-0.006194812476287864,,Opp Blk 19,Jln Jurong Kechil,1.34038575681297,103.77366130505683
55169,840.5652173913044,861.0,0.023991758679633435,0.024281876420747903,0.030621283570598463,-0.16187498080619073,-0.006151053981621279,,Opp Yio Chu Kang CC,Ang Mo Kio St 61,1.38123639226093,103.84100233602071
80161,558.6521739130435,579.35,0.03631589707156291,0.0369833747669367,0.030621283570598463,0.1614562367485489,0.0061730640515172625,,Opp Nicoll Highway Stn,Nicoll Highway,1.30032715605093,103.8624541086332
28491,2842.6521739130435,2947.8,0.03630910519023178,0.03697633172283073,0.030621283570598463,0.16127804763784254,0.006166230266674804,,Opp Jurong Polyclinic,Jurong East Ave 1,1.34905596073619,103.7307863306416
54209,1506.7777777777778,1543.5,0.02406333686594131,0.02435519528371444,0.030621283570598463,-0.15999708383739,-0.006079913530579435,,Bet Blks 152/155,Ang Mo Kio Ave 4,1.37638119735545,103.83952322759048
47659,565.4761904761905,579.3,0.02411016077999495,0.02440316072629492,0.030621283570598463,-0.15876863015891166,-0.006033373212282976,,Blk 685A,Woodlands Dr 73,1.44146349893337,103.80545909188204
54571,724.2173913043479,741.9499999999999,0.024157287718767684,0.024451438848920194,0.030621283570598463,-0.15753222644382564,-0.005986529504128596,,Blk 532,Ang Mo Kio Ave 10,1.37425472964633,103.85491933752174
77271,655.2380952380953,679.4,0.036157187369984634,0.03681880850446245,0.030621283570598463,0.15729239182753946,0.006013387296245808,,Aft Pasir Ris St 72,Pasir Ris Dr 12,1.38058998439068,103.9349613837619
75251,1470.4782608695652,1524.6,0.03612026017096692,0.036780522396879206,0.030621283570598463,0.15632358444810418,0.0059762387255791905,,Opp Tropica Condo,Tampines Ave 1,1.3494983330038,103.92783361101397
43409,1402.6521739130435,1437.05,0.024210493676001477,0.024505947218435815,0.030621283570598463,-0.1561363360061758,-0.005933640658939237,,Opp Blk 122,Bt Batok West Ave 3,1.35235542005389,103.74623591627208
63339,448.47826086956525,459.5,0.024225365868526083,0.02452118398142721,0.030621283570598463,-0.15574615504879233,-0.005918856602725489,,Opp Blk 615,Hougang Ave 2,1.36811854812783,103.88451259380585
78259,481.5652173913044,493.40000000000003,0.024228828920651146,0.024524731957833976,0.030621283570598463,-0.15565529978374715,-0.005915414041948483,,Opp Lighthouse,Jln Loyang Besar,1.37802115263457,103.95936584739643
17321,351.30434782608694,364.25,0.03608662409923369,0.036745649759348804,0.030621283570598463,0.155441121781636,0.0059424022057184825,,Tien Wah Press Bldg,West Coast Highway,1.30483416696998,103.76035361097789
46659,812.8695652173913,832.85,0.02425341619540866,0.024549922538597085,0.030621283570598463,-0.1550102377736592,-0.005890971910619854,,Opp Blk 550,Woodlands Ave 4,1.43269272771322,103.79414300304941
46009,58573.444444444445,60011.45,0.024253540864599188,0.024550050268414548,0.030621283570598463,-0.15500696700211455,-0.0058908479758443015,,Woodlands Int,Woodlands Sq,1.436946,103.785936
75471,395.1111111111111,409.65,0.036046514674024976,0.03670406732117874,0.030621283570598463,0.15438882677522434,0.005902055243325086,,Blk 602B,Tampines Ave 6,1.361598056,103.9379408
96309,1919.5652173913043,1966.8,0.024296640674351444,0.024594209132275262,0.030621283570598463,-0.15387621745026756,-0.005848001137180418,,Expo Stn Exit E,Changi Sth Ave 1,1.33427655612286,103.96175810276951
93031,1763.9130434782608,1828.65,0.0360232697103422,0.0366799694528622,0.030621283570598463,0.1537789811072716,0.005878673358339108,,Siglap Stn/Opp Victoria Sch,Marine Parade Rd,1.309633889,103.9286839
52291,741.7222222222223,760.0,0.024311242774728292,0.02460917046899575,0.030621283570598463,-0.1534931225235833,-0.005833484323915455,,Blk 59,Lor 5 Toa Payoh,1.3369700601272,103.85224710756584
52059,2907.777777777778,2979.4,0.02432453437844906,0.02462278925856587,0.030621283570598463,-0.153144409268537,-0.005820270168738171,,Blk 219,Braddell Rd,1.34309745890513,103.85622585798508
59641,631.304347826087,646.9,0.024365522207350665,0.02466478718283667,0.030621283570598463,-0.15206906881046814,-0.005779520064950966,,Bet Blks 333C/333D,Yishun St 31,1.43152,103.8457231
46008,13632.333333333334,13968.85,0.024383661536376167,0.024683374083128665,0.030621283570598463,-0.15159317255282126,-0.0057614854089737474,,Woodlands Int,Woodlands Sq,1.43684944,103.7857369
54609,751.0,778.5,0.035916364547991186,0.03656914893617001,0.030621283570598463,0.1509742595757059,0.005771145483203197,,Opp Townsville Pr Sch,Ang Mo Kio Ave 10,1.359358,103.855321
96351,306.30434782608694,313.9,0.024416510596541485,0.024717034521788188,0.030621283570598463,-0.1507313576103879,-0.005728825071761515,,Bef Changi Sth St 1,Changi Sth Ave 4,1.33529647913206,103.97039204168856
52441,399.04347826086956,413.65,0.03586155404400149,0.036512335615694225,0.030621283570598463,0.14953627288436985,0.0057160201705578504,,Blk 202,Lor 1 Toa Payoh,1.34083165668042,103.84976000739448
67241,375.55555555555554,389.3,0.035850079915737076,0.0365004426084388,0.030621283570598463,0.14923524219612794,0.005704480522148672,,Blk 248A,Compassvale Rd,1.39299612191324,103.89844142173672
11009,1857.3333333333333,1903.45,0.02451322430394587,0.024816143497758215,0.030621283570598463,-0.14819401505751867,-0.005632660770140784,,Ghim Moh Ter,Ghim Moh Rd,1.3110673548964,103.78932237623975
53029,381.2608695652174,390.75,0.024520601081822413,0.024823703366696797,0.030621283570598463,-0.14800048083252035,-0.005625325516096359,,Shunfu Est,Upp Thomson Rd,1.34939240848355,103.83729222566143
63029,449.1111111111111,460.3,0.024554124697303337,0.02485805973833588,0.030621283570598463,-0.14712096852378304,-0.005591989923103313,,Opp The Helping Hand,Upp S'goon Rd,1.35727472200293,103.88218027802674
43441,459.72222222222223,476.5,0.03576885336574609,0.03641625467261567,0.030621283570598463,0.1471042145760912,0.00562279393449014,,Opp Blk 258,Bt Batok East Ave 2,1.35173000550557,103.75897289147882
60161,3324.277777777778,3407.0,0.024572396159902254,0.024876785565117184,0.030621283570598463,-0.14664160566199608,-0.0055738204683483785,,St. Michael's Pl,S'goon Rd,1.32477289725503,103.8655673081052
28331,1133.0869565217392,1161.3,0.024572917065719402,0.024877319429535694,0.030621283570598463,-0.14662793938312665,-0.0055733024658318215,,Blk 229,Jurong East Ave 1,1.34204392869092,103.73804926872124
65319,680.5555555555555,705.35,0.03573309801969593,0.03637919791327041,0.030621283570598463,0.1461661514673501,0.005586838186306025,,Oasis Stn Exit A,Punggol Dr,1.40257805553795,103.91244500001986
67239,913.8695652173913,947.15,0.03573121414733382,0.03637724550898184,0.030621283570598463,0.1461167269376031,0.005584943790838266,,Opp Rivervale Pr Sch,Rivervale Dr,1.3930503019817,103.90373341553943
30111,466.5,483.5,0.03571808260207909,0.036363636363636216,0.030621283570598463,0.1457722129131284,0.00557173899334129,,Blk 804B,Brickland Rd,1.37245788679333,103.74282538457524
76061,2324.173913043478,2382.15,0.024628304451288052,0.02493408627685662,0.030621283570598463,-0.14517481785498695,-0.005518222245555119,,Blk 938,Tampines Ave 5,1.3482019444416,103.94189805552267
05199,921.5714285714286,944.6,0.024654844388926733,0.024961288324558892,0.030621283570598463,-0.14447852655431792,-0.005491828410946899,,Opp Hong Lim Cplx,Sth Bridge Rd,1.28451455846092,103.84666049314171
10351,1112.888888888889,1140.7,0.024660983843730833,0.024967581047381438,0.030621283570598463,-0.14431745424777587,-0.0054857226542321304,,Blk 95B,Henderson Rd,1.28675501760897,103.82204990181914
94039,631.304347826087,647.1,0.024674164185110037,0.02498109055903205,0.030621283570598463,-0.14397166002749057,-0.005472614530165635,,Bef Bayshore Stn Exit 3,Upp East Coast Rd,1.31485363967239,103.94066333773824
78109,1658.5555555555554,1718.75,0.035629102520783995,0.03627142474558078,0.030621283570598463,0.14343776671426844,0.005482267118923971,,Downtown East,Pasir Ris Dr 3,1.375403,103.954556
53009,12822.611111111111,13143.4,0.024707722645727515,0.025015487923751314,0.030621283570598463,-0.14309123353554065,-0.005439239162057487,,Bishan Int,Bishan St 13,1.35045541249544,103.84988083722291
66059,790.7826086956521,810.6,0.024720737784989844,0.02502882872988872,0.030621283570598463,-0.14274977349261472,-0.0054262947310137295,,Blk 257A,Boundary Rd,1.35553141738293,103.87212299732872
59149,917.8888888888889,940.9,0.024733901147253157,0.0250423216444975,0.030621283570598463,-0.14240442472969445,-0.005413202710866395,,Blk 145,Yishun Ave 5,1.43061861098729,103.83218000002928
01239,496.61904761904765,509.1,0.02477196525934744,0.02508133971291931,0.030621283570598463,-0.1414057897487173,-0.005375343927000962,,Sultan Plaza,Jln Sultan,1.30291236608351,103.86161817611134
52231,332.77777777777777,341.15,0.024773801850700217,0.025083222370172558,0.030621283570598463,-0.14135760566481953,-0.00537351720628089,,Blk 79C,Toa Payoh Ctrl,1.3343049899737,103.8487842386021
14209,685.6666666666666,702.9,0.0247873274985686,0.025097087378640526,0.030621283570598463,-0.14100275212013968,-0.005360064147733592,,Aft Hewlett Packard,Depot Rd,1.28176397706369,103.80958869712056
10481,423.7391304347826,439.1,0.03552680409325237,0.03616542123042225,0.030621283570598463,0.14075390565430218,0.005379413125077389,,Opp Blk 73,Redhill Cl,1.28784195484767,103.81797160113335
97079,533.0,552.3,0.03550451094386897,0.03614232209737801,0.030621283570598463,0.140169031409626,0.005357000301460737,,Opp St. John's Cres,Upp Changi Rd Nth,1.36810642046998,103.97758382793815
64071,1499.0869565217392,1536.8,0.02482974617354028,0.025140571561068633,0.030621283570598463,-0.13988987255083585,-0.005317871944718477,,Opp Punggol Pk,Hougang Ave 8,1.37514056376267,103.89724811886428
52131,930.8695652173913,954.3,0.024832573867979768,0.025143470349460975,0.030621283570598463,-0.13981568627858565,-0.005315059283619245,,Blk 163,Lor 1 Toa Payoh,1.33220703637711,103.84419754508008
60061,435.61904761904765,446.6,0.024838906111291692,0.025149961827897645,0.030621283570598463,-0.13964955604904863,-0.005308760676613788,,Biotronik,Jln Kolam Ayer,1.32276521075674,103.87402134422791
50029,1286.111111111111,1318.5,0.02485261865410049,0.02516401933701652,0.030621283570598463,-0.13928979920267603,-0.005295120836894801,,Opp United Sq,Thomson Rd,1.316795,103.844656
43401,1396.8695652173915,1447.3,0.035441116354853364,0.03607663836272565,0.030621283570598463,0.13850583606071445,0.005293268127771484,,Bt Batok Polyclinic,Bt Batok West Ave 3,1.35226498779767,103.74681637316733
53389,4433.0,4592.9,0.03542722531301479,0.03606224627875493,0.030621283570598463,0.13814139618443785,0.0052793036539146515,,Opp Bishan Nth Shop Mall,Bishan St 22,1.35804473736933,103.84516933880761
43239,575.6086956521739,596.4,0.035423039782346066,0.03605790981752363,0.030621283570598463,0.13803158625824322,0.005275096035364142,,The Petals Condo,Hillview Ave,1.35308576389352,103.76002837789773
59169,2796.478260869565,2867.1,0.024931399372724705,0.02524478567654094,0.030621283570598463,-0.13722293944643654,-0.0052167541848452655,,Bet Blks 201/202,Yishun Ctrl,1.4304570083984,103.83769416711105
65049,606.5652173913044,628.45,0.0353868990290227,0.036020466580793664,0.030621283570598463,0.13708341175680774,0.005238765292610366,,Blk 126A,Punggol Rd,1.38993499998792,103.90187166698628
65031,1458.6666666666667,1495.55,0.024954359894336697,0.025268326101849245,0.030621283570598463,-0.13662055628808456,-0.005193913180410795,,Blk 227D,Punggol Rd,1.387135,103.901618
21441,1968.9565217391303,2018.75,0.024962269054516817,0.025276435145335806,0.030621283570598463,-0.13641305469166073,-0.005186045068606944,,Blk 207,Boon Lay Pl,1.34638242521451,103.71326229185901
14039,964.8888888888889,999.65,0.035356262080789236,0.03598872656160136,0.030621283570598463,0.13627963290757197,0.005207968316360917,,Opp St. Theresa's Convent,Lower Delta Rd,1.27663637861466,103.82345826768822
55141,291.6190476190476,302.15,0.03535614824102762,0.0359886086248984,0.030621283570598463,0.1362766462526384,0.005207853883731941,,Opp Blk 622,Ang Mo Kio Ave 4,1.38151305598601,103.83902055596755
21439,619.0,634.7,0.025007275903225157,0.02532258064516059,0.030621283570598463,-0.1352322728204754,-0.0051412706198735395,,Boon Lay CC,Boon Lay Pl,1.34842277796612,103.71165888901649
52359,332.7391304347826,341.2,0.02503572025965184,0.025351745700885442,0.030621283570598463,-0.13448601794216092,-0.005112972101116186,,Blk 52,Lor 6 Toa Payoh,1.33862833298637,103.85268888900069
44459,824.8888888888889,854.5500000000001,0.035284289588905615,0.035914166554554317,0.030621283570598463,0.13439139109373296,0.005135623597465992,,Opp South View Stn,Choa Chu Kang Way,1.38028731431529,103.74454562435122
71029,504.76190476190476,517.6,0.025066858506447076,0.025383673853685774,0.030621283570598463,-0.13366908722224813,-0.005081992580986621,,Comfort Test Ctr,Airport Rd,1.33654331402892,103.89504292943955
04223,1294.8695652173913,1341.35,0.0352398605720996,0.03586814292903867,0.030621283570598463,0.13322576899165925,0.005090967401975633,,Old Hill St Police Stn,Hill St,1.29084476137495,103.84857901022669
77309,341.76190476190476,354.05,0.035222573712549554,0.035850236176715684,0.030621283570598463,0.13277223778580433,0.005073592685764706,,Opp Blk 778,Pasir Ris St 71,1.37437639672106,103.93874482147835
63089,680.9565217391304,705.4,0.03521574459412147,0.03584316225693342,0.030621283570598463,0.1325930717373587,0.005066728942607997,,Blk 241,Hougang Ave 3,1.35653228525134,103.89213497244268
75561,1655.5,1714.85,0.03520164189984154,0.035828554180501015,0.030621283570598463,0.13222307903139258,0.005052554893745167,,Blk 648C,Tampines Nth Dr 2,1.366506,103.941333
72039,1810.6190476190477,1856.8,0.025172045074566718,0.02549153611607551,0.030621283570598463,-0.13090945404880047,-0.0049773350660398665,,Kaki Bt Stn Exit A,Kaki Bt Ave 1,1.33546648279458,103.90985114690736
43691,791.8333333333334,812.05,0.02517958106750484,0.025499264242169296,0.030621283570598463,-0.13071174272045616,-0.00496983655400932,,Blk 190,Bt Batok Ave 1,1.34490189049397,103.74605567060456
84401,734.8333333333333,761.15,0.035139742897844606,0.035764439411097915,0.030621283570598463,0.13059912131162224,0.004990345069025669,,Opp Blk 550,Bedok Nth St 3,1.33316500001136,103.9269811109948
63391,647.5652173913044,670.75,0.035123682270819856,0.03574780451833479,0.030621283570598463,0.1301777610570177,0.004974204423544832,,Blk 639,Hougang Ave 8,1.3708774514093,103.88018734514235
54319,1958.0434782608695,2008.05,0.02520564070127662,0.0255259887256423,0.030621283570598463,-0.1300280524819582,-0.004943906094490371,,Opp Christ The King Ch,Ang Mo Kio Ave 8,1.36205969144532,103.85305482306448
83291,890.7777777777777,922.65,0.035116238514003584,0.035740094692250035,0.030621283570598463,0.1299824695990637,0.0049667236678029745,,Aft Joo Chiat Pl,Still Rd,1.31473309387158,103.90589521764187
28241,425.2608695652174,436.15,0.025224856908046434,0.025545695634434873,0.030621283570598463,-0.12952390368598754,-0.004924784707122644,,Opp Jurong East Lib,Jurong Town Hall Rd,1.33175858461326,103.73957485927775
84281,472.47826086956525,484.6,0.02527923974743196,0.025601469237832786,0.030621283570598463,-0.1280971370339577,-0.0048706682200220786,,Blk 180,Bedok Nth Rd,1.32657714220068,103.9403951168328
81171,1598.5652173913043,1639.55,0.025299698279674487,0.025622451753194178,0.030621283570598463,-0.12756039507853698,-0.004850309126244494,,Blk 39,Old Airport Rd,1.30751703730041,103.88500750064323
46389,450.0869565217391,461.65,0.025310699525290303,0.025633734939759453,0.030621283570598463,-0.1272717707523196,-0.004839361179850275,,Aft W'lands Ind Pk D St 1,Woodlands Ave 3,1.42930397640592,103.76660954719264
57121,640.2608695652174,656.7,0.025312553376952707,0.025635636314326415,0.030621283570598463,-0.12722313383376932,-0.004837516297935572,,Opp Blk 115B,Sembawang Rd,1.43345083292583,103.82631132424072
58141,496.3333333333333,514.05,0.03500349123410551,0.0356233243967824,0.030621283570598463,0.12702447658355995,0.004853422790624231,,Sembawang Camp,Admiralty Rd West,1.463365158306,103.81653183057891
75169,1357.4347826086957,1392.3,0.025341892318507142,0.02566572781974069,0.030621283570598463,-0.12645340897407648,-0.0048083188556801385,,Opp Blk 853,Tampines St 83,1.35327639994383,103.93440612457627
93019,948.0434782608695,981.8,0.0349510282700507,0.03556899395272078,0.030621283570598463,0.1256480790209132,0.004800706584460316,,Neptune Ct,Marine Parade Rd,1.30787614366531,103.92111718654822
71299,332.3333333333333,340.9,0.02537530633122742,0.02569999999999916,0.030621283570598463,-0.125576772159992,-0.004775064952617191,,Empire Technocentre,Kaki Bt Rd 3,1.33675693078428,103.9040176205713
44221,2379.6666666666665,2440.85,0.025375388236344776,0.02570008401008147,0.030621283570598463,-0.12557462332974714,-0.004774983438598753,,Opp Pending Stn,Pending Rd,1.3762995851872,103.77099428887409
67601,5866.888888888889,6017.8,0.025392978891630946,0.025718126905379,0.030621283570598463,-0.1251131218591869,-0.004757476624422532,,Buangkok Stn Exit B,Sengkang Ctrl,1.38334470717282,103.8932683273077
84351,845.6111111111111,875.7,0.034923406200843665,0.035540389789356065,0.030621283570598463,0.12492339734467206,0.004772952293121006,,Bedok Ctrl PO,Bedok Nth St 1,1.32766562447954,103.93409675152876
03021,569.5238095238095,589.8,0.034922647740748936,0.035539604373591785,0.030621283570598463,0.12490349868578843,0.004772190213221432,,Prudential Twr,Cecil St,1.28255524603003,103.84998903789258
04239,557.2173913043479,577.05,0.03491189345939638,0.035528467949216866,0.030621283570598463,0.1246213536162455,0.004761384668495696,,Opp Clarke Quay Stn,New Bridge Rd,1.28882717929599,103.8474938118651
63191,439.5,455.15,0.034911257415248365,0.03552780930760419,0.030621283570598463,0.12460466661369354,0.004760745596100064,,Aft S'goon Nth Ave 1,Yio Chu Kang Rd,1.36426277802723,103.87403972199432
15051,1763.142857142857,1825.8,0.034900863248334524,0.035517045914648666,0.030621283570598463,0.12433196936404887,0.004750301999478199,,Alexandra Pt,Alexandra Rd,1.276978,103.8023815
28519,2874.4347826086955,2948.5,0.025431772912131834,0.025757919407272876,0.030621283570598463,-0.12409533729011639,-0.004718866416649592,,Blk 425,Jurong West Ave 1,1.35058416759245,103.72452492776075
20159,514.2222222222222,527.5,0.025444498255050796,0.025770972611602248,0.030621283570598463,-0.1237614802293677,-0.004706201042338525,,Blk 411,West Coast Rd,1.3184165,103.746512
71201,624.4761904761905,640.6,0.025451792156087727,0.025778454510849112,0.030621283570598463,-0.12357012032833486,-0.004698941441390884,,Paya Ubi Ind Pk,Ubi Ave 1,1.32612447781531,103.89795152582765
70059,1231.8260869565217,1275.55,0.03485196099983767,0.035466408040909655,0.030621283570598463,0.12304898932562236,0.004701168651907912,,Blk 7,Upp Aljunied Rd,1.33477611102342,103.87831166701761
96389,583.8571428571429,598.95,0.025478701244476376,0.025806057645334647,0.030621283570598463,-0.12286414413468162,-0.004672158436881312,,Opp Changi City Pt,Changi Sth Ave 2,1.33316035695047,103.96219500000879
43701,486.17391304347825,498.75,0.02548680307463247,0.025814368585453648,0.030621283570598463,-0.12265158772501758,-0.004664094427092763,,Blk 225,Bt Batok Ctrl,1.34847060052694,103.75201666213025
76051,2102.9523809523807,2177.5,0.03481890458321324,0.03543217979765951,0.030621283570598463,0.1221817342611893,0.004667957380419738,,Our Tampines Hub,Tampines Ave 5,1.35313809279079,103.9412639409046
77289,3075.3333333333335,3184.25,0.03479236726402313,0.03540470256799212,0.030621283570598463,0.12148551165710068,0.004641296539909837,,Blk 738,Pasir Ris Dr 1,1.37889759950996,103.93596534133927
53161,711.2777777777777,729.7,0.025535006140636085,0.025863817174947266,0.030621283570598463,-0.1213869511617811,-0.004616115028372891,,Marymount CC,Marymount Rd,1.362208,103.842055
14331,621.4444444444445,637.55,0.025545602458437067,0.025874687611567772,0.030621283570598463,-0.12110895036146292,-0.0046055675685117365,,Opp Blk 70B,Telok Blangah Hts,1.27694611110347,103.8110680555484
28501,1372.6521739130435,1408.2,0.025549154267189067,0.025878331328732584,0.030621283570598463,-0.12101576651267898,-0.0046020321115763044,,Blk 490,Jurong West Ave 1,1.34980328426271,103.72737769835274
14279,2107.1111111111113,2181.6,0.03472448815107487,0.03533442260053726,0.030621283570598463,0.11970466211304921,0.004573104694296702,,Blk 25,Telok Blangah Way,1.27591552267791,103.81920892602811
44589,473.77777777777777,490.55,0.0347168055051279,0.03532646852328593,0.030621283570598463,0.11950310325440291,0.0045653869444518946,,Opp Blk 489A,Choa Chu Kang Ave 5,1.37512566998176,103.7401815256426
54519,379.2857142857143,389.15,0.025608430663026205,0.025939143501126558,0.030621283570598463,-0.1194606144502168,-0.0045430267588212215,,Extra Space,Ang Mo Kio Ind Pk 2,1.372117,103.864539
66331,3237.913043478261,3322.15,0.025675335177323788,0.02600778575743419,0.030621283570598463,-0.1177053340906655,-0.004476423965533455,,Blk 554,Ang Mo Kio Ave 3,1.371636,103.870361
22259,1106.0555555555557,1134.9,0.02572145010095639,0.026055101119084607,0.030621283570598463,-0.11649548120428953,-0.0044305144133005596,,Blk 668D,Jurong West St 62,1.34089136412278,103.7025463831608
80169,498.5652173913043,516.15,0.034594812910160755,0.035200174064403615,0.030621283570598463,0.11630255381159402,0.004442844880848506,,Nicoll Highway Stn,Nicoll Highway,1.30070547633658,103.86336013257065
54019,2285.8333333333335,2366.3,0.03458202850197889,0.035186939727425204,0.030621283570598463,0.11596714713798298,0.004430003755607463,,Blk 307A,Ang Mo Kio Ave 6,1.366576359,103.8443435
58059,844.0555555555555,866.1,0.025751938967536248,0.026086384853066587,0.030621283570598463,-0.11569558736671422,-0.004400160165352571,,Opp Blk 592C,Sembawang Rd,1.45079007708143,103.82866296034206
71111,1091.611111111111,1130.0,0.03453185078363141,0.03513499771190338,0.030621283570598463,0.11465070437732451,0.0043796050142367576,,Blk 343,Ubi Ave 1,1.3267052749653,103.90058695177659
52311,618.3478260869565,640.1,0.03451841999035299,0.03512109512109547,0.030621283570598463,0.11429833940012801,0.0043661154899764555,,Blk 23,Toa Payoh East,1.33435800960389,103.85721839168514
65809,411.6111111111111,422.4,0.02581182892763323,0.0261478389659353,0.030621283570598463,-0.11412433807514974,-0.004340531945124271,,Anchor Green Pr Sch,Anchorvale Rd,1.390669,103.886047
44871,484.22222222222223,501.25,0.03449102754570266,0.03509274101213693,0.030621283570598463,0.11357968206288223,0.004338603823556848,,Blk 810 CP,Choa Chu Kang Ave 7,1.37415475892549,103.74679713839167
10079,3390.0555555555557,3478.9,0.02586231149535223,0.026199642851291182,0.030621283570598463,-0.11279989740702455,-0.004290267229867855,,Blk 201,Jln Bt Merah,1.2803950142786,103.82708906887606
84069,2452.4347826086955,2538.45,0.03445852732566568,0.03505910081695519,0.030621283570598463,0.11272701915200199,0.004305963128358711,,Blk 55,New Upp Changi Rd,1.32548742810424,103.94219019887281
09169,2470.826086956522,2557.45,0.03444442242363177,0.035044501512699985,0.030621283570598463,0.11235696852427617,0.00429179759103871,,Delfi Orchard,Orchard Rd,1.3070135326348,103.82835507326037
11169,7231.0,7484.4,0.03443883356759869,0.035038716814158134,0.030621283570598463,0.11221034150919032,0.004286184764451426,,C'wealth Stn Exit B/C,C'wealth Ave,1.30270500001823,103.79838166697326
10399,501.95652173913044,515.15,0.025893692442203076,0.02623184647302928,0.030621283570598463,-0.11197659930450173,-0.0042590204253903355,,Melati Blk 2,Kg Bahru Rd,1.27588166292683,103.83019454205221
75201,297.11111111111114,307.55,0.03441763167767142,0.035016772269847514,0.030621283570598463,0.11165409711573766,0.004264892225028408,,Blk 833,Tampines St 83,1.35078500992301,103.93353377368994
22231,427.7391304347826,442.75,0.034412694386445786,0.03501166210323459,0.030621283570598463,0.11152456429708212,0.004259933889028195,,Blk 639,Jurong West St 61,1.34079486676221,103.69717899290252
70289,1877.095238095238,1942.8,0.034386728076222006,0.0349847870182561,0.030621283570598463,0.11084332245825655,0.004233857302597352,,Aft Tai Seng Stn Exit C,Upp Paya Lebar Rd,1.335054333,103.8885833
43699,1462.5555555555557,1513.7,0.03434861237294484,0.034945338597024665,0.030621283570598463,0.1098433339514226,0.0041955809523411625,,Blk 298,Bt Batok Ave 1,1.34475341160997,103.74628307427523
59591,1002.4782608695651,1029.0,0.026086576530795824,0.026429809358752724,0.030621283570598463,-0.10691616869034455,-0.0040669393099707135,,Bet Blks 405/406,Yishun Ave 6,1.42653688735925,103.84947950182573
43199,873.6666666666667,896.8,0.026104464951961504,0.02644817073170704,0.030621283570598463,-0.10644685515201081,-0.004049123480580212,,Ch of St. Mary,Bt Batok East Ave 6,1.34663409083885,103.75920055445125
83081,785.0555555555555,805.85,0.02611030608757403,0.02645416637218217,0.030621283570598463,-0.10629360942971856,-0.004043305979456656,,Opp Perpetual Succour Ch,Sims Ave East,1.32138694232025,103.91736615804473
44809,771.5,791.95,0.02612815917270872,0.026472491909384475,0.030621283570598463,-0.10582522295350959,-0.004025524921084943,,Blk 628,Senja Rd,1.38500083704863,103.75978425435241
40181,2594.222222222222,2663.05,0.026175373551660108,0.026520957314723658,0.030621283570598463,-0.104586525192501,-0.00397849949466324,,Newton Stn Exit A,Scotts Rd,1.312465,103.83808
21431,1297.111111111111,1331.6000000000001,0.026221704747507957,0.026568518360010476,0.030621283570598463,-0.10337099827387584,-0.003932351558418378,,Blk 210,Boon Lay Pl,1.34765638897246,103.71241055602675
40339,678.3888888888889,701.95,0.03409206423271183,0.03467985935072432,0.030621283570598463,0.1031126384735736,0.003937989487336095,,Blk 448B,Bukit Batok West Avenue 9,1.35347432348291,103.74087652056193
19039,3441.173913043478,3532.7,0.026242257396518198,0.02658961727927189,0.030621283570598463,-0.10283178710818427,-0.003911879519272906,,Dover Stn Exit B,C'wealth Ave West,1.31167951129602,103.77868390552867
17151,2262.782608695652,2323.0,0.026252704153176154,0.02660034186720967,0.030621283570598463,-0.10255771013482548,-0.003901473574714272,,Blk 410,C'wealth Ave West,1.31169519353522,103.76960993525367
84199,408.5,419.4,0.02626973570967195,0.026617826617826624,0.030621283570598463,-0.10211087695886538,-0.003884508321914161,,Opp Blk 220 CP,Bedok Nth Ave 3,1.32553283664673,103.9355563841307
76469,312.7391304347826,323.6,0.03403180926718097,0.03461751662971178,0.030621283570598463,0.10153181304389734,0.003877499060826999,,East Spring Sec Sch,Tampines St 34,1.35630339357193,103.95985048163843
50321,392.4347826086956,406.05,0.03402071059800349,0.03460603381589157,0.030621283570598463,0.1012406327516717,0.0038663574183990246,,Aft Gloucester Rd,Dorset Rd,1.3136845041501,103.85083079337346
98119,885.0,915.65,0.03400876940395303,0.03459367945823904,0.030621283570598463,0.10092734831030903,0.0038543701269957947,,Loyang Pt/Opp Blk 256,Pasir Ris Dr 2,1.3671897219745,103.96432861100051
46611,954.2608695652174,987.3,0.03400183035491722,0.03458650038687313,0.030621283570598463,0.10074529816594427,0.003847404356464606,,W'lands Ring Sec Sch,Woodlands Ave 1,1.42923412810157,103.77760584579323
14291,963.8333333333334,989.6,0.026355445303186897,0.026705821385385242,0.030621283570598463,-0.09986223398310506,-0.0037991280091248057,,Blk 27,Telok Blangah Way,1.27468440821038,103.82132649422054
10161,8890.95652173913,9198.05,0.03395311135665402,0.03453609759675434,0.030621283570598463,0.09946712580812635,0.0037984991078322825,,Opp Tiong Bahru Stn/Plaza,Tiong Bahru Rd,1.28593135445772,103.82668969231534
72059,926.7619047619048,958.8,0.03394979770168138,0.03453266950674993,0.030621283570598463,0.0993801900676481,0.003795172871455192,,Opp Kaki Bt Ind Est,Kaki Bt Ave 1,1.333808,103.904357
71121,878.7222222222222,909.05,0.03389334197984173,0.034474265866751556,0.030621283570598463,0.097899040091898,0.003738504490033814,,Ubi Stn Exit B,Ubi Ave 2,1.330081111,103.8994169
18019,597.1428571428571,617.75,0.03387169691907044,0.03445187485072886,0.030621283570598463,0.09733116884356709,0.0037167787442340342,,Bef Telok Blangah Hill Pk,Alexandra Rd,1.28091055556275,103.80252305556165
05521,628.6111111111111,650.3,0.03386802071557238,0.03444807200211799,0.030621283570598463,0.09723472142345493,0.003713088883883297,,Maritime Hse,Cantonment Rd,1.27676861098316,103.84059222200347
22461,643.5652173913044,660.85,0.026462936223003553,0.02681618887015204,0.030621283570598463,-0.09704214475048516,-0.003692039705665343,,Opp Blk 653B,Pioneer Rd Nth,1.33596194443399,103.6962049999685
11209,633.0434782608695,650.05,0.026468914390321174,0.026822327367482007,0.030621283570598463,-0.09688530391860856,-0.003686083592175521,,Opp Peirce Rd,Holland Rd,1.30817280849852,103.81038349817638
14031,2011.5652173913043,2065.55,0.02647041423389762,0.026823867441508796,0.030621283570598463,-0.0968459546161022,-0.0036845892760272525,,St. Theresa's Convent,Lower Delta Rd,1.27624277802151,103.82306027800865
05069,2344.095238095238,2407.0,0.026470513112798244,0.02682396897272896,0.030621283570598463,-0.09684336046839692,-0.003684490761449896,,Outram Pk Stn Exit 4,New Bridge Rd,1.28027629959632,103.84029791443083
72079,1343.2222222222222,1389.5,0.033847822343379796,0.034427178045958455,0.030621283570598463,0.09670480492414592,0.003692815718082618,,Blk 609,Bedok Reservoir Rd,1.33201510811169,103.91201112281274
61031,2851.2608695652175,2927.8,0.026480815462861074,0.02683454772720314,0.030621283570598463,-0.09657307208931874,-0.003674226317426837,,Woodleigh Stn Exit B,Upp S'goon Rd,1.33836472248768,103.8704496726279
46581,415.04347826086956,429.35,0.03380906124537031,0.03438708328978994,0.030621283570598463,0.09568788409653063,0.003653912236456853,,Blk 189B,Woodlands St 13,1.4364411890996,103.77379636706418
21379,1690.4444444444443,1735.9,0.02651905033693236,0.026873809367404692,0.030621283570598463,-0.09556995706469222,-0.003636131198659714,,Blk 263,Jln Boon Lay,1.34534855216089,103.70648912988919
44329,659.3913043478261,677.15,0.026535957699854507,0.02689117124234626,0.030621283570598463,-0.09512638218218054,-0.0036192851707168225,,Bangkit Stn,Bt Panjang Ring Rd,1.38021501052151,103.77257633645274
70021,721.4444444444445,740.9,0.02657393966784838,0.026930175330666904,0.030621283570598463,-0.0941299023013131,-0.003581439951583064,,Opp Canossa Catholic Pr,Aljunied Rd,1.32640814876454,103.88033937941422
84471,1938.1666666666667,1990.3999999999999,0.026579581445646205,0.026935969058873455,0.030621283570598463,-0.0939818868517512,-0.00357581836361578,,Blk 745,Bedok Reservoir Rd,1.3373330466218,103.92199745160043
28041,774.2608695652174,795.15,0.026588031697538206,0.02694464696315414,0.030621283570598463,-0.0937601893873123,-0.003567398292713862,,The Synergy,Boon Lay Way,1.33008349967851,103.74828366332322
44629,2311.6666666666665,2374.0,0.026596177607156157,0.026953012395502927,0.030621283570598463,-0.09354647652633145,-0.0035592814097403216,,Blk 457,Choa Chu Kang Ave 4,1.37851168892339,103.73644907938714
66051,2166.304347826087,2224.75,0.02660977815887211,0.026966979618038612,0.030621283570598463,-0.09318965783395008,-0.003545729174056521,,Opp Blk 257,Boundary Rd,1.35585499445871,103.87196190877665
72179,460.6666666666667,473.15000000000003,0.02668059737640771,0.02703971119133622,0.030621283570598463,-0.09133167286949573,-0.0034751585634384026,,HomeTeamNS,Bedok Nth Rd,1.342322,103.918768
47049,1710.857142857143,1757.15,0.02668329021009619,0.027042476842193637,0.030621283570598463,-0.09126102475053773,-0.003472475084160897,,W'lands Auto Hub,Admiralty Rd West,1.45246524141338,103.7925804884025
06161,601.3478260869565,617.65,0.026704622006584522,0.027064385736971727,0.030621283570598463,-0.0907013721799597,-0.003451217135070055,,Blk 2,Havelock Rd,1.28901705678419,103.83994286096711
11141,1677.1739130434783,1722.6,0.0267088810317766,0.027068760039379587,0.030621283570598463,-0.09058963408053586,-0.00344697279966034,,Queenstown Stn Exit A/D,C'wealth Ave,1.29463705145492,103.80582510668431
84249,1069.9565217391305,1098.95,0.026712529532732177,0.027072507307567984,0.030621283570598463,-0.09049391345336495,-0.0034433368683554704,,Blk 124,Bedok Nth Rd,1.32941668893627,103.93960622332179
93039,485.69565217391306,498.9,0.026769094897369783,0.027130605681615464,0.030621283570598463,-0.08900988693255908,-0.003386964682981813,,Siglap Stn/Laguna Park,Marine Parade Rd,1.30958474832555,103.92954154203639
78071,757.1111111111111,777.7,0.026795903103736585,0.02715814157995061,0.030621283570598463,-0.08830655743970683,-0.0033602469169370973,,Blk 446,Pasir Ris Dr 6,1.37031163160495,103.95718010428234
54329,1614.1666666666667,1658.05,0.02680699886752347,0.027169538747291375,0.030621283570598463,-0.08801545337215902,-0.0033491883763049055,,Blk 420,Ang Mo Kio Ave 8,1.36449772525141,103.85247983714417
70149,856.5238095238095,885.75,0.03351414879058634,0.03408207463349654,0.030621283570598463,0.08795067764485681,0.003357965838729939,,Sky Green Condo,MacPherson Rd,1.33291249995394,103.88646305557553
67131,581.1304347826087,596.95,0.026812601046587226,0.02717529315109486,0.030621283570598463,-0.0878684768193129,-0.0033436049443544722,,Bakau Stn/Blk 122F,Rivervale Dr,1.38767805568948,103.90527388892869
99009,1217.608695652174,1250.75,0.026832777648778894,0.027196018267446387,0.030621283570598463,-0.08733913146913233,-0.0033234956018812324,,Changi Village Ter,Changi Village Rd,1.38969812175274,103.98762553601895
76419,423.17391304347825,437.6,0.03344429257712633,0.034009840098400704,0.030621283570598463,0.08611795767421945,0.0032878774985730386,,Blk 307A,Tampines St 32,1.35366243500181,103.95648530342
05022,3324.913043478261,3438.0,0.03343649549553085,0.03400177787073789,0.030621283570598463,0.08591339652718685,0.003280054811625525,,Aft Chinatown Stn Exit D,Eu Tong Sen St,1.28571089865595,103.84437203405348
84039,4111.222222222223,4251.0,0.033425891417856235,0.03399081329370437,0.030621283570598463,0.08563519214189504,0.00326941600840236,,Bedok Stn Exit A,New Upp Changi Rd,1.32353645344906,103.92886300203479
54239,1376.4444444444443,1423.25,0.033415428858577734,0.03397999516011964,0.030621283570598463,0.08536070057723752,0.00325891929757639,,Blk 209,Ang Mo Kio Ave 3,1.369186093503,103.84332015576305
20169,294.14285714285717,302.2,0.026933153143946065,0.027299128751210093,0.030621283570598463,-0.0847057197016765,-0.0032234486831852842,,Blk 35,West Coast Rd,1.319148,103.742719
45051,400.04761904761904,411.0,0.02694317835107629,0.027309427689384935,0.030621283570598463,-0.08444270233489837,-0.00321345574170521,,Da Di Glass,Woodlands Rd,1.40338556,103.7560103
47561,405.05555555555554,416.15,0.026955882763856742,0.02732247913531285,0.030621283570598463,-0.08410939438898052,-0.00320079207355089,,Blk 620,Woodlands Ave 5,1.4332085,103.7984235
45439,1800.5555555555554,1849.8000000000002,0.026967488821410868,0.027334402368323074,0.030621283570598463,-0.08380490245610486,-0.0031892230974388176,,Blk 691A,Choa Chu Kang Cres,1.40127194398549,103.75115527801049
66471,330.0,339.05,0.026974290244584864,0.02734138972809675,0.030621283570598463,-0.08362646300938513,-0.003182443342464737,,Bef Yio Chu Kang Rd,Ang Mo Kio Ave 5,1.37895833299995,103.8743605559661
44509,2245.277777777778,2321.45,0.03334813762015365,0.03391041970667505,0.030621283570598463,0.08359527427655,0.0031914110338196583,,Blk 442,Choa Chu Kang Ave 4,1.38081340360597,103.73845177601393
63239,294.6111111111111,302.7,0.026995595351498203,0.027363277579402087,0.030621283570598463,-0.08306751065593422,-0.0031612058116139265,,Opp Blk 211,Hougang St 21,1.35891911967242,103.8878789953328
40089,538.8695652173913,557.15,0.03330017897304938,0.03386083595071334,0.030621283570598463,0.08233705019082752,0.003143300484627496,,Aft Stevens Stn Exit 5,Dunearn Rd,1.320510556,103.8273903
53069,393.39130434782606,404.2,0.027037197688733805,0.027406019182008533,0.030621283570598463,-0.0819760482004072,-0.003119734125275011,,Aft Windsor Pk Rd,Upp Thomson Rd,1.35777159286274,103.82894351047115
10299,2944.391304347826,3044.05,0.033275642364990254,0.033835468823806836,0.030621283570598463,0.08169331745218716,0.0031186870526026715,,Aft Dawson Pl,Alexandra Rd,1.29233498466278,103.81146486767658
67051,1471.7222222222222,1521.55,0.033274020706359764,0.03383379229695569,0.030621283570598463,0.0816507722581314,0.0031170603378453945,,Opp Seletar Hills Est,Yio Chu Kang Rd,1.3873944756683,103.87302341120069
70049,745.8571428571429,766.35,0.027069094932304694,0.02743879112471312,0.030621283570598463,-0.0811392047414625,-0.0030879358854879893,,Aft Blk 4,Upp Aljunied Rd,1.33290666703267,103.87871499999147
93081,349.22222222222223,358.85,0.027119404312263562,0.02749048223350321,0.030621283570598463,-0.07981930775887285,-0.0030377805960386944,,Opp Chiang Ct,Upp East Coast Rd,1.31342707975776,103.92903327944508
82099,818.8260869565217,846.5,0.033198610567787945,0.033755833686890085,0.030621283570598463,0.07967234170623458,0.0030414179934572447,,CDAC Bldg,Tg Katong Rd,1.31299461549467,103.89427184817765
01421,725.7619047619048,745.75,0.027131536970062875,0.02750294849954052,0.030621283570598463,-0.07950100015036726,-0.0030256847212144157,,Opp Golden Mile Cplx,Beach Rd,1.30338444400173,103.86483888898641
64549,2595.5217391304345,2666.95,0.02713763050624518,0.027509209645010864,0.030621283570598463,-0.07934113254661422,-0.00301960960364198,,Opp Hougang Ctrl Int,Hougang Ctrl,1.3714805,103.8922875
44931,515.9565217391304,533.4,0.03318584846675776,0.03374264087468422,0.030621283570598463,0.07933752027422697,0.003028617159226298,,Blk 643 CP,Senja Close,1.387703,103.763361
45321,7491.388888888889,7697.55,0.027144308984192733,0.02751607186552295,0.030621283570598463,-0.07916591864219971,-0.003012951269856832,,Yew Tee Stn,Choa Chu Kang Dr,1.397347,103.747665
10071,1966.0,2020.15,0.02715711694317413,0.027529232333503323,0.030621283570598463,-0.0788298940991324,-0.003000181818856584,,Blk 111,Jln Bt Merah,1.28045309423663,103.82638920754815
67041,1333.111111111111,1378.05,0.03312962059957769,0.03368451736487054,0.030621283570598463,0.07786234820315191,0.0029722205849072626,,Opp The Greenwich,Yio Chu Kang Rd,1.38802587904105,103.87037184486725
01529,574.5217391304348,593.9,0.03311632240923856,0.033670771322806964,0.030621283570598463,0.07751346214419295,0.002958882958096413,,Plaza Parkroyal,Beach Rd,1.30041667676526,103.86044115259938
78189,1117.4444444444443,1155.1,0.033113440681190376,0.03366779256904463,0.030621283570598463,0.07743785826756883,0.0029559927075166743,,Opp Blk 187,Pasir Ris St 11,1.3648,103.958657
19031,3181.722222222222,3269.55,0.027221291165759,0.027595175339069477,0.030621283570598463,-0.07714624459243892,-0.0029361980775760863,,Dover Stn Exit A,C'wealth Ave West,1.31123416666912,103.77838361113201
12109,1718.095238095238,1765.55,0.027230363910754285,0.027604498490346935,0.030621283570598463,-0.07690821564529479,-0.0029271519309205843,,Opp Ngee Ann Poly,Clementi Rd,1.33081944,103.7780086
64449,345.1904761904762,354.75,0.02723910416581976,0.027613480055020703,0.030621283570598463,-0.07667890977236577,-0.0029184372218252655,,Opp Hougang G. Shop Mall,Hougang St 51,1.37973333296925,103.88860666697411
28291,2559.9565217391305,2645.95,0.03302720374861767,0.03357865607279853,0.030621283570598463,0.07517538023298449,0.0028695045884888117,,Blk 303,Jurong Town Hall Rd,1.34446090409168,103.73638303040048
63021,336.5652173913044,347.9,0.03302661983297739,0.03357805255023198,0.030621283570598463,0.07516006085333146,0.0028689189974708865,,The Helping Hand,Upp S'goon Rd,1.3570580828827,103.88161613087621
64009,14342.0,14739.65,0.02734696517019053,0.027724325454924988,0.030621283570598463,-0.07384911114784566,-0.0028108852027943104,,Hougang Ctrl Int,Hougang Ctrl,1.37060695394614,103.89266808874676
46591,707.2380952380953,730.95,0.032931875748245965,0.033480131782424635,0.030621283570598463,0.07267439254142892,0.0027739076005898686,,Blk 303,Woodlands Ave 1,1.43068958976223,103.77322606797722
52109,1094.0434782608695,1130.7,0.03292685833525422,0.03347494639879334,0.030621283570598463,0.072542757679826,0.0027688762823801986,,Bet Blks 33/34,Jln Bahagia,1.32697666701265,103.8581711110213
67119,1145.304347826087,1177.15,0.02740225453496148,0.027781149250900364,0.030621283570598463,-0.07239856125456258,-0.002755749725891966,,Blk 128,Sengkang East Way,1.39050824371994,103.90323582065614
28499,3267.777777777778,3358.8,0.02746530161726035,0.027845949896326758,0.030621283570598463,-0.07074448295434503,-0.0026928744035408718,,Jurong Polyclinic,Jurong East Ave 1,1.34963044051902,103.73046199733298
04222,4886.782608695652,5049.85,0.03281779956441966,0.033362243037207515,0.030621283570598463,0.06968153492837974,0.0026595215044589106,,Clarke Quay Stn Exit E,Eu Tong Sen St,1.28898962180798,103.84708976365569
07211,5028.611111111111,5196.4,0.032815833317336285,0.03336021119370863,0.030621283570598463,0.06962994924804553,0.0026575500300373396,,Aft Farrer Pk Stn Exit G,S'goon Rd,1.31313747728456,103.8563561439714
76149,1938.5555555555557,2003.2,0.0327861268875953,0.03332951420714887,0.030621283570598463,0.06885058311372441,0.002627765096377315,,Opp Tampines Stn/Int,Tampines Ave 4,1.35370728527221,103.94636710560508
58159,331.8095238095238,342.9,0.032780591684514526,0.03332379453426817,0.030621283570598463,0.06870536371626196,0.002622215363442547,,Aft Admiral Hill,Canberra Rd,1.44821708737482,103.82235611868522
70269,752.5,773.55,0.027553197485821634,0.02793629727936278,0.030621283570598463,-0.06843848173169068,-0.0026052113749616343,,Citipoint Ind Cplx,Paya Lebar Rd,1.32824611112671,103.89014388885742
43839,410.2608695652174,421.75,0.027553255494669138,0.02793635690876442,0.030621283570598463,-0.06843695983452466,-0.002605153517237762,,Opp Blk 336,Bt Batok West Ave 7,1.36527346533705,103.74824970624866
47571,431.6111111111111,443.7,0.02756069983582954,0.027944009246179704,0.030621283570598463,-0.06824165304594937,-0.002597728542091929,,Blk 618,Woodlands Ave 5,1.43349024051919,103.79639715585557
46809,831.9444444444445,859.65,0.03272097111877681,0.03326218902154379,0.030621283570598463,0.06714118214849393,0.00256244024167237,,Opp W'lands Mart,Woodlands Ave 6,1.44649662319346,103.79808713932866
70061,448.61111111111114,461.2,0.027614686240743147,0.027999505745706157,0.030621283570598463,-0.0668252870918352,-0.002543880925696717,,Bef Bidadari Pk Dr,Upp Aljunied Rd,1.337594,103.874302
14241,1515.857142857143,1558.3500000000001,0.027628542658937327,0.02801375023544975,0.030621283570598463,-0.06646175558779059,-0.0025300596608240876,,Opp Blk 1,Henderson Rd,1.27914353103301,103.8168725087535
51071,1764.4444444444443,1813.95,0.0276554505579778,0.028041412297815628,0.030621283570598463,-0.06575581059740541,-0.002503219479268705,,MacRitchie Resvr,Thomson Rd,1.34219256998908,103.83596576505084
67539,389.8333333333333,400.8,0.027673240728510073,0.028059701492538107,0.030621283570598463,-0.0652890747238069,-0.002485473683587951,,Blk 122C,Sengkang East Way,1.38772020397705,103.90661294770753
82121,403.8695652173913,417.3,0.032633924406083814,0.03317225085910699,0.030621283570598463,0.06485745904314527,0.0024751742751427256,,Questa @ Dunman,Dunman Rd,1.30965150589688,103.8965764453886
60199,875.3333333333334,904.4,0.03263029894008618,0.0331685051350318,0.030621283570598463,0.0647623427520148,0.0024715398420731773,,Boon Keng Stn/Blk 22,Boon Keng Rd,1.3179530560114,103.8612788890282
21551,801.6111111111111,824.15,0.027694886356360193,0.028081954731086115,0.030621283570598463,-0.06472118859782026,-0.002463881621690192,,Blk 151,Yung Ho Rd,1.3266610431866,103.7209862100987
60121,7214.277777777778,7416.95,0.027702047160172327,0.02808931665062533,0.030621283570598463,-0.06453332058290377,-0.002456738435675521,,Boon Keng Stn/Blk 102,S'goon Rd,1.32008815616383,103.86179781146463
85109,376.04761904761904,388.55,0.032620736834214625,0.03315862591563569,0.030621283570598463,0.06451147512658624,0.002461954148905769,,Bef Bedok Rd,Upp Changi Rd East,1.32945523179761,103.95134864429271
41139,322.2173913043478,331.3,0.027713040432500335,0.028100618778584364,0.030621283570598463,-0.06424490544070986,-0.0024457721106643866,,Aft The Japanese Assn,Adam Rd,1.32962999996746,103.81485527800427
81161,1018.2777777777778,1046.95,0.027741559336613264,0.02812993949964518,0.030621283570598463,-0.06349669475880139,-0.0024173225516185694,,Blk 56,Guillemard Rd,1.31054638768125,103.88318148792811
52391,829.6666666666666,857.15,0.03255031814341347,0.03308587479935803,0.030621283570598463,0.06266399822302775,0.0023913645759584606,,Opp Blk 231,Lor 8 Toa Payoh,1.3376513888146,103.8598834966415
40129,1137.7777777777778,1175.45,0.032545866831442005,0.03308127622207085,0.030621283570598463,0.06254721536375765,0.0023869026292079967,,Newton Life Ch,Newton Rd,1.31453779264106,103.84082845008946
92111,1038.2777777777778,1072.65,0.032538030960401976,0.03307318116213247,0.030621283570598463,0.062341636552208944,0.0023790480854804156,,Opp Roxy Sq,East Coast Rd,1.30477657929676,103.90293341562067
11109,737.0434782608695,761.45,0.03253419606327412,0.03306921944035357,0.030621283570598463,0.0622410257088288,0.0023752040723185952,,Spanish Village,Farrer Rd,1.31552472199926,103.80574305602846
84659,1861.9444444444443,1923.55,0.03253390348429086,0.03306891718605592,0.030621283570598463,0.06223334972241247,0.002374910798443443,,Bef Heartbeat @ Bedok,Bedok Nth St 1,1.327201,103.93063
54621,612.5555555555555,629.85,0.027797301219870008,0.028187250996016062,0.030621283570598463,-0.06203427276960987,-0.0023617138646212215,,Blk 223,Ang Mo Kio Ave 1,1.36595331171712,103.83773071305599
11051,1014.4782608695652,1048.05,0.03252529822843098,0.03306002740195213,0.030621283570598463,0.062007585635215245,0.002366285142981533,,Opp Queenstown Polyclinic,Queensway,1.29872166703909,103.8002979755481
81151,742.9565217391305,767.55,0.032523028068120574,0.033057682192741654,0.030621283570598463,0.06194802660773081,0.002364009613407426,,Kong Hwa Sch,Guillemard Rd,1.31153305600814,103.88784583298123
54299,1992.2608695652173,2048.5,0.027823935389540644,0.028214636274402734,0.030621283570598463,-0.06133550923464293,-0.0023351422433834056,,Opp Blk 565,Ang Mo Kio Ave 3,1.36890152697813,103.85832656880861
44229,3265.222222222222,3373.05,0.032479769889256715,0.0330129949652997,0.030621283570598463,0.060813122146546626,0.0023206501096262205,,Bef Pending Stn,Pending Rd,1.37656055754166,103.771459794786
10421,407.94444444444446,419.5,0.027865165250461565,0.02825703029479696,0.030621283570598463,-0.06025381892029982,-0.0022940078120747952,,Blk 63B,Lengkok Bahru,1.288964,103.814975
67391,1234.4444444444443,1275.2,0.03245613306721751,0.03298857810954308,0.030621283570598463,0.0601929958378331,0.0022969587147891007,,Blk 333B,Sengkang East Way,1.39425676218487,103.89144488028346
52179,1031.7777777777778,1065.8,0.032411469488534905,0.032942442173212134,0.030621283570598463,0.059021219863193405,0.0022521935454039846,,Braddell Stn/Blk 106,Lor 1 Toa Payoh,1.34069018059141,103.84803485038329
63031,5944.777777777777,6113.1,0.027916228759481854,0.028309538047542233,0.030621283570598463,-0.058914136906102456,-0.0022430601423707864,,Kovan Stn Exit B,Upp S'goon Rd,1.36050444441455,103.88535194446017
41081,2006.6521739130435,2072.7,0.032368484659347274,0.03289804227304256,0.030621283570598463,0.05789348689593618,0.0022091128319766938,,Sixth Ave Stn,Bt Timah Rd,1.33082323351422,103.79727250094409
65629,361.27777777777777,371.55,0.027959997502699174,0.028354546848643105,0.030621283570598463,-0.05776583748059743,-0.0021993886193599917,,Samudera Stn Exit A,Punggol Way,1.41645968650579,103.90252132088521
55231,461.8260869565217,474.95,0.027961445298884335,0.028356035697510797,0.030621283570598463,-0.057727853672851014,-0.0021979440063955307,,Liuxun Sanhemiao Tp,Ang Mo Kio St 63,1.38576093943759,103.84831692135697
77381,568.4782608695652,587.2,0.03234641627104562,0.03287524812948559,0.030621283570598463,0.05731450939405114,0.002186995936158281,,Blk 524B,Pasir Ris Dr 8,1.370821,103.94712
82059,411.3478260869565,423.05,0.02798414155156337,0.02837937579080632,0.030621283570598463,-0.05713240376963934,-0.0021752973818132564,,Bef Tg Katong Stn Exit 3,Tg Katong Rd Sth,1.301242,103.8974605
10519,550.0434782608696,568.15,0.032330305816913096,0.032858608174214966,0.030621283570598463,0.056891841895166224,0.002170850378584522,,Blk 4,Delta Rd,1.291728,103.826122
76391,675.8333333333334,695.05,0.027996438376333366,0.028392021669539417,0.030621283570598463,-0.056809789141460204,-0.0021630272308521925,,Blk 418,Tampines St 41,1.35844376751138,103.947541136035
10111,1576.857142857143,1628.6499999999999,0.032297580019040595,0.03282480760525129,0.030621283570598463,0.056033260813465983,0.0021380540745468547,,Opp Blk 28,Jln Bt Merah,1.28592835098556,103.80935410958449
77019,1271.0,1312.75,0.03229517829109341,0.032822327044025136,0.030621283570598463,0.05597025002953094,0.0021356472144657564,,Blk 515,Pasir Ris Dr 1,1.3737108000359,103.94351079998545
67251,607.3333333333334,627.3,0.03229478206041936,0.03282191780821939,0.030621283570598463,0.05595985467837546,0.002135250137661439,,Compassvale Stn Exit A,Compassvale St,1.39442862205324,103.9003121852631
84541,754.6086956521739,776.1,0.028045398379612507,0.028442372978882687,0.030621283570598463,-0.05552529387142206,-0.0021141719334253645,,Blk 42,Chai Chee St,1.32761801937398,103.92519155563974
17329,428.5217391304348,442.6,0.03225090036088751,0.032776596821540466,0.030621283570598463,0.05480859177570521,0.0020912757045681144,,Blk 705,West Coast Highway,1.30505055600585,103.76058388902574
97189,292.1904761904762,301.8,0.03225003437550633,0.032775702452492846,0.030621283570598463,0.054785872125959506,0.0020904079085484937,,SATS Maintenance Ctr 2,Changi Nth Cres,1.34674882374419,103.97146767080093
54659,1699.1428571428573,1747.55,0.028074591906824153,0.028472397277539307,0.030621283570598463,-0.054759384044878706,-0.0020850397011153475,,Techplace 2,Ang Mo Kio Ave 5,1.37834008020794,103.86686274044777
83301,651.2777777777778,669.85,0.028075054302433067,0.028472872838769644,0.030621283570598463,-0.054747252816677,-0.002084578269512954,,Aft East Coast Rd,Still Rd,1.30887166700305,103.90817888897894
55201,1093.5652173913043,1124.75,0.028092257524067854,0.02849056603773603,0.030621283570598463,-0.054295915902067025,-0.002067410761672355,,Aft Blk 648,Ang Mo Kio Ave 6,1.37859113966821,103.8443777268119
52229,308.1666666666667,317.0,0.028170876966695957,0.028571428571428196,0.030621283570598463,-0.05223328731903634,-0.0019889507735261634,,Jackson Sq,Lor 3 Toa Payoh,1.33775023417492,103.8488028810671
10349,745.0,769.35,0.03211935682402345,0.032640750670241615,0.030621283570598463,0.05135746760108808,0.0019594657434656186,,Blk 116,Henderson Rd,1.284977,103.821011
55149,493.17391304347825,509.3,0.03211128214200887,0.03263241245820891,0.030621283570598463,0.05114562343932085,0.001951375272052277,,Blk 622,Ang Mo Kio Ave 4,1.38147638900431,103.8392680559805
25421,2887.5238095238096,2981.75,0.03210011470070295,0.032620880660742646,0.030621283570598463,0.050852638868750216,0.001940186101354865,,Opp Tuas Lk Stn,Tuas West Dr,1.3412625,103.6374186
44131,1239.0434782608695,1274.55,0.028231016029165446,0.028633287752883332,0.030621283570598463,-0.0506555026762094,-0.0019289295198986218,,Blk 26,Choa Chu Kang Rd,1.37710069702793,103.75532192967427
77361,587.6666666666666,606.85,0.032068048506006974,0.03258776896942205,0.030621283570598463,0.050011362874950296,0.001908058207386018,,Blk 555,Pasir Ris St 51,1.36800665136778,103.95173655442387
06081,337.44444444444446,347.15,0.028273465269668563,0.028676953381484488,0.030621283570598463,-0.049541821201719065,-0.0018865612617447803,,Havelock Stn Exit 3,Zion Rd,1.28837086415387,103.83349881780524
10181,757.6086956521739,779.4,0.028320516796640938,0.02872535534158652,0.030621283570598463,-0.04830739596078295,-0.001839597395508352,,Bef Ar-Rabitah Mque,Tiong Bahru Rd,1.28850399420484,103.82109741719866
93079,615.0,632.7,0.028328692795952293,0.028733766233767045,0.030621283570598463,-0.04809289367851401,-0.0018314364033819484,,Opp Springvale,East Coast Rd,1.31250502315071,103.9250247698478
40191,312.82608695652175,321.85,0.028348849798891962,0.028754502632308276,0.030621283570598463,-0.04756406252655245,-0.0018113161139295603,,Aft Draycott Pk,Stevens Rd,1.31268555601325,103.8304269440197
14271,361.0869565217391,372.85,0.031970253080269906,0.032486791546590316,0.030621283570598463,0.04744564078799636,0.0018100809732249786,,Al-Amin Mque,Telok Blangah Way,1.27568194286532,103.81914854048932
45061,1399.8095238095239,1445.3,0.03195827029511733,0.03247441955331996,0.030621283570598463,0.047131265178938266,0.0017980765701842273,,Opp Mandai Est,Woodlands Rd,1.40718111138275,103.75606300126093
07021,756.9565217391305,781.55,0.03193179332244522,0.03244708311822341,0.030621283570598463,0.0464366258022138,0.0017715523410301037,,Selegie Ctr,Selegie Rd,1.30372355,103.850036756528
03059,1245.5238095238096,1285.95,0.031916352919272306,0.032431141842075545,0.030621283570598463,0.04603153749513144,0.0017560847037883841,,One Raffles Quay,Raffles Quay,1.281111,103.851461
92161,907.5652173913044,937.0,0.031883277955276235,0.03239699478394017,0.030621283570598463,0.04516379582919623,0.001722952205285079,,Aft Katong PO,Tg Katong Rd,1.30380001918907,103.89656923070308
19019,2063.222222222222,2122.8,0.028453429358498816,0.028862094951017724,0.030621283570598463,-0.044820354588221784,-0.0017069205222368542,,Blk 27,C'wealth Ave West,1.30807305598128,103.78475916699466
54189,3039.4444444444443,3137.9,0.03186871651044143,0.032381961701504966,0.030621283570598463,0.04478176752522355,0.0017083657779767703,,Mayflower Stn Exit 5,Ang Mo Kio Ave 4,1.37046966291161,103.83679073259783
84579,1140.4444444444443,1177.4,0.03186306926837634,0.0323761316071256,0.030621283570598463,0.04463360871730828,0.0017027089043294811,,Aft Chai Chee St,Chai Chee Dr,1.32584772443012,103.91948961283839
58339,488.22222222222223,502.35,0.028468924755897795,0.028878037701567046,0.030621283570598463,-0.04441382347438851,-0.0016914514544003284,,Opp Blk 589D,Canberra Link,1.44936138505812,103.82430573345592
70251,1405.4444444444443,1446.1,0.02849670474491539,0.0289066203191654,0.030621283570598463,-0.043684998676494446,-0.001663718068670768,,MacPherson Stn Exit C,Paya Lebar Rd,1.32497158481981,103.89037074589527
67469,306.6111111111111,316.55,0.031798927322181925,0.03230991511648965,0.030621283570598463,0.04295080600122121,0.0016384598036253448,,Bef Sengkang East Ave,Sengkang East Rd,1.38533638989648,103.8907421565758
22191,440.6190476190476,453.40000000000003,0.028530240178958444,0.028941125727841268,0.030621283570598463,-0.042805176300638334,-0.0016302378667518598,,Soon Lee Depot,Soon Lee Rd,1.33130584013018,103.69832754842358
50991,1282.1739130434783,1319.35,0.02856022465427266,0.028971978450174473,0.030621283570598463,-0.042018515472694855,-0.0016003018244586985,,Blk 82,Whampoa Dr,1.32337986005569,103.85626145335385
59421,3307.5,3414.25,0.03175578231548393,0.03226537705909184,0.030621283570598463,0.041818870680192494,0.0015952450378255286,,Blk 624,Yishun Ring Rd,1.41762836917061,103.8351341252188
54011,1771.0434782608695,1828.2,0.0317453246552839,0.032254582034987746,0.030621283570598463,0.041544507645819066,0.00158477074986333,,Blk 207,Ang Mo Kio Ave 6,1.36567044820875,103.84341042482097
43251,608.0,627.6,0.03167685665357034,0.03218390804597716,0.030621283570598463,0.03974820824917459,0.0015161965896579991,,Hillbrooks,Hillview Ave,1.35859534411792,103.76319656643706
02049,1547.4347826086957,1597.25,0.031664677614726244,0.03217133711461789,0.030621283570598463,0.03942868380593346,0.0015039991592733825,,Raffles Hotel,Bras Basah Rd,1.29452091230981,103.85402155505173
75479,1300.0555555555557,1341.9,0.03165555379144447,0.03216191980870253,0.030621283570598463,0.03918931478907929,0.00149486165545361,,Blk 619A,Tampines Ave 6,1.361776111,103.9381889
01559,354.5652173913044,366.0,0.031653163059132794,0.032159452188799675,0.030621283570598463,0.03912659248228603,0.0014924673521899447,,Village Hotel Bugis,Ophir Rd,1.30168731070562,103.85752923961614
28391,933.0869565217391,963.05,0.031573625389204274,0.03207735989573602,0.030621283570598463,0.037039873651191414,0.001412814142643124,,Blk 501,Jurong West St 51,1.34978093237085,103.71937165971983
75551,591.1666666666667,608.45,0.028768784308873308,0.029186602870813344,0.030621283570598463,-0.03654682691238276,-0.0013920542129837034,,Blk 641A,Tampines St 62,1.366268,103.943413
58109,472.4347826086957,487.59999999999997,0.03152999040672899,0.03203232620075322,0.030621283570598463,0.03589508351957849,0.0013691184653844752,,Opp Blk 311,Canberra Rd,1.44667607916689,103.82309298513003
84639,427.72222222222223,440.25,0.028802399686068014,0.02922119994816623,0.030621283570598463,-0.03566490717963747,-0.0013584850659998336,,Aft Waterfront Waves,Bedok Reservoir Rd,1.33857139776249,103.92937717202952
60211,1920.4761904761904,1981.8999999999999,0.03146667978972584,0.031966989665684245,0.030621283570598463,0.034234091227153686,0.0013057231754651628,,Aft Tai Thong Cres,MacPherson Rd,1.328541,103.870488
46921,982.5238095238095,1011.35,0.028887793349599455,0.029309092669701362,0.030621283570598463,-0.03342455281789471,-0.0012732037672955907,,Opp Blk 22,Woodlands Link,1.4533158942724,103.81089004960499
21451,304.2173913043478,313.95,0.031389614977230806,0.03188746438746429,0.030621283570598463,0.032212249305047104,0.0012285607109520625,,Blk 206,Boon Lay Dr,1.34524833302487,103.71473000001441
84221,1706.8260869565217,1761.25,0.03137013411473255,0.03186736252545832,0.030621283570598463,0.031701157106122896,0.0012090561050154159,,Blk 109,Bedok Nth Rd,1.33185798500032,103.93512740972372
76181,372.69565217391306,384.59999999999997,0.03135886084859063,0.03185573007562539,0.030621283570598463,0.03140539615703516,0.0011977692724820966,,Blk 216,Tampines St 23,1.35384110037439,103.95308027923268
10361,1519.8095238095239,1568.25,0.031355023674853655,0.03185177067351405,0.030621283570598463,0.03130472558543902,0.001193927510067085,,Cendex Ctr,Lower Delta Rd,1.28038092060065,103.82353025808791
71059,334.76190476190476,345.45,0.03133621607777215,0.031832364203658495,0.030621283570598463,0.03081129691154291,0.0011750976351509316,,Bef Kim Chuan Rd,Hougang Ave 3,1.34065465828861,103.89195372882892
14359,307.5238095238095,316.6,0.028993710646446402,0.029418120080259298,0.030621283570598463,-0.030645748534744454,-0.0011674157224570354,,Blk 50,Telok Blangah Dr,1.27289055599998,103.81035027797056
43809,508.5,523.5,0.029015575173572117,0.02944062806673184,0.030621283570598463,-0.03007211945399302,-0.0011455764815725843,,Blk 514,Bt Batok St 52,1.35437129288657,103.7518708699386
21751,375.4782608695652,387.45,0.03130415587777868,0.03179928398198449,0.030621283570598463,0.02997017819238569,0.0011430002758188989,,Jurong Sec Sch,Yuan Ching Rd,1.33089333300685,103.72480472198433
80011,867.6666666666666,893.25,0.029025909122446514,0.029451266308518933,0.030621283570598463,-0.029801002060999834,-0.0011352543176927144,,Aft Padang Jeringau,Kallang Rd,1.30972720802554,103.86737828692955
92201,364.77777777777777,376.4,0.03127964847370812,0.03177399756986565,0.030621283570598463,0.029327211638031692,0.0011184651604259463,,Aft Lor M Telok Kurau,Telok Kurau Rd,1.31117244269722,103.9112378097299
52129,1287.8260869565217,1325.85,0.02907591808373411,0.029502749384340072,0.030621283570598463,-0.028488986743778574,-0.0010853008802449951,,Blk 29,Jln Bahagia,1.32544666698102,103.85938111100755
85099,5886.666666666667,6073.4,0.03122345141168914,0.0317160165317319,0.030621283570598463,0.027852847758971774,0.0010622068247423744,,Tanah Merah Stn Exit 1,New Upp Changi Rd,1.32684437763421,103.94645987386455
63399,1562.5555555555554,1612.1,0.03119536340256701,0.03168703808982339,0.030621283570598463,0.02711594186751458,0.0010340893752287,,Blk 632,Hougang Ave 8,1.37022333300436,103.8802849999831
50059,1693.611111111111,1743.7,0.02912933956787178,0.02955774841818792,0.030621283570598463,-0.02708744182757364,-0.001031935949086861,,Opp Thomson Med Ctr,Thomson Rd,1.325264,103.842208
53241,824.7222222222222,849.1500000000001,0.029154380250764333,0.029583529570073104,0.030621283570598463,-0.026430484381091784,-0.0010069207933781918,,Opp Blk 217,Bishan Rd,1.35615639153054,103.84995659632311
60039,584.3333333333334,601.65,0.029155111507400022,0.029584282460136373,0.030621283570598463,-0.026411299421393745,-0.001006190272792916,,Opp Blk 66,Kallang Bahru,1.31996473842763,103.86983042567824
76541,923.4444444444445,952.65,0.031103771343401476,0.031592548076923826,0.030621283570598463,0.02471296885093993,0.0009424068004499281,,Citylife @ Tampines,Tampines Ave 9,1.360247,103.940633
50159,1688.2222222222222,1738.35,0.0292432807534464,0.02967506413207906,0.030621283570598463,-0.02409812597523,-0.0009181058586731425,,Bef Kim Keat Lane,Kim Keat Rd,1.32456066077113,103.85326623915941
06151,322.39130434782606,332.6,0.031079611928726436,0.03156762570583532,0.030621283570598463,0.02407913200864952,0.0009182249098895403,,Hotel Miramar,Havelock Rd,1.28870976841461,103.83737276969174
54409,534.1666666666666,551.05,0.031060397023686903,0.031547804422298174,0.030621283570598463,0.02357501736435931,0.0008989925460201735,,Jing Shan Pr Sch,Ang Mo Kio St 52,1.37270833297137,103.85213888899418
85061,523.6521739130435,540.2,0.031053379152181648,0.03154056517775729,0.030621283570598463,0.023390899264880426,0.0008919683901480868,,Opp Bedok Mkt Pl,Bedok Rd,1.33146,103.94739
03151,1026.7142857142858,1057.25,0.029279404200776682,0.02971226021684691,0.030621283570598463,-0.02315040550698019,-0.000882014924630936,,Aft Telok Ayer St,Cecil St,1.27892124625262,103.84776234627124
92131,307.8333333333333,317.55,0.030977691505191807,0.031462493254181774,0.030621283570598463,0.02140518811195273,0.0008162160989621057,,Caltex Stn,East Coast Rd,1.30878111099591,103.91089222198016
11029,1550.4444444444443,1596.65,0.02934740295130922,0.02978228174461091,0.030621283570598463,-0.02136641719861419,-0.0008140738400829728,,Blk 166/Aft Mei Chin Rd,Queensway,1.29013472201419,103.80202111098815
07369,894.0,922.15,0.03096801656689685,0.03145251396648056,0.030621283570598463,0.021151360259717325,0.0008065333106670212,,Aft Kallang Bahru,Lavender St,1.31140805601851,103.86237888899062
09037,2991.4347826086955,3085.55,0.030966597701377552,0.031451050475111944,0.030621283570598463,0.021114135465471136,0.0008051133017928192,,Bef Cairnhill Rd,Orchard Rd,1.3023400420296,103.83701253388183
46719,438.2857142857143,452.09999999999997,0.030962820487787646,0.03144715447154479,0.030621283570598463,0.0210150379845642,0.000801333054257414,,Aft W'lands Ind Pk E3,Woodlands Ave 8,1.45490953729339,103.80106314214777
67179,634.304347826087,653.25,0.0293853694242312,0.029821379687927103,0.030621283570598463,-0.020370343840320715,-0.0007761375545244769,,Opp Blk 225A,Compassvale Dr,1.38741393896265,103.8979957397525
10051,680.4285714285714,700.75,0.029385780414918017,0.029821802935010213,0.030621283570598463,-0.020359561251311564,-0.0007757268827385757,,Blk 149,Jln Bt Merah,1.2774116353284,103.83214410914843
47759,988.4761904761905,1019.5500000000001,0.03092127406359424,0.03140430242071294,0.030621283570598463,0.01992504244148457,0.0007597542012733282,,Blk 694C,Woodlands Dr 62,1.439225,103.805645
27361,558.7777777777777,576.35,0.030908788821529143,0.03139142516871821,0.030621283570598463,0.019597484571717633,0.0007472595514926444,,Blk 710,Jurong West Ave 5,1.34294490356227,103.6945223808434
21019,914.8095238095237,942.15,0.029416937180222646,0.029853889351081724,0.030621283570598463,-0.019542144687115064,-0.000744593801573839,,Aft Yuan Ching Rd,Jln Ahmad Ibrahim,1.32554867828642,103.72703317988619
77209,1218.4782608695652,1254.95,0.02946914608668383,0.029907658300056334,0.030621283570598463,-0.01817241247895113,-0.0006924224076469329,,Opp Pasir Ris Elias CC,Pasir Ris Dr 3,1.37902915784394,103.94271591238348
43539,1795.611111111111,1849.35,0.029472636070179803,0.029911252667058325,0.030621283570598463,-0.01808085065311685,-0.0006889348346079508,,Opp Blk 140,Bt Batok West Ave 3,1.35142277800259,103.7433686110311
54101,887.2222222222222,915.05,0.030848986402204126,0.03132974731048299,0.030621283570598463,0.01802853196520203,0.0006874142337038147,,Aft Ang Mo Kio Ave 10,Ang Mo Kio Ave 1,1.35732097800984,103.85465761724518
80101,4142.166666666667,4266.15,0.029485766307637107,0.029924775735146143,0.030621283570598463,-0.017736370939497842,-0.0006758135568860602,,Kallang Stn/Opp Blk 2C,Lor 1 Geylang,1.31251933500742,103.87153830811837
10191,1421.7826086956522,1466.3,0.03080943950898174,0.03128896222955597,0.030621283570598463,0.016990995325360744,0.0006478409378897381,,Blk 78,Tiong Bahru Rd,1.28860026020096,103.81903121724014
10119,1314.3333333333333,1355.45,0.030780873940147835,0.031259503294475376,0.030621283570598463,0.01624156036630036,0.000619257271367219,,Opp Pacific Tech Ctr,Jln Bt Merah,1.28598009010704,103.81122515087834
04143,767.8333333333334,790.9,0.0295609068866014,0.030002167786689918,0.030621283570598463,-0.01576501244678542,-0.0006007209377275942,,Bef Stamford Rd,Hill St,1.29411640848293,103.85020606905503
28629,800.8260869565217,825.85,0.030731564926268717,0.031208654158985123,0.030621283570598463,0.01494790859228271,0.0005699189389449686,,Blk 266,Jurong East Ctrl,1.342682,103.744754
44189,1031.4444444444446,1063.65,0.03071686907832749,0.031193499784761387,0.030621283570598463,0.014562354141600169,0.0005552148236066631,,Blk 803,Keat Hong Cl,1.374321,103.742872
47529,1214.6666666666667,1252.55,0.030686902974984775,0.031162599396764922,0.030621283570598463,0.01377617531343022,0.0005252325318676358,,Blk 573A,Woodlands Dr 16,1.431536111,103.7981161
70221,1765.7777777777778,1820.8,0.03066760033453253,0.031142695427961158,0.030621283570598463,0.013269758877573494,0.0005059199394332873,,Blk 79 FC,Circuit Rd,1.32620809233247,103.88512100988676
62129,502.7826086956522,517.95,0.029662696343385697,0.030107016483991014,0.030621283570598463,-0.01309450454192009,-0.0004989874503908613,,Blk 403,Upp S'goon Rd,1.34698958928417,103.87205488524701
01311,4016.722222222222,4137.75,0.029678679220792148,0.030123480689723342,0.030621283570598463,-0.012675184095531724,-0.000483012420576526,,Lavender Stn Exit B,Kallang Rd,1.3070916463394,103.86219695240973
45489,330.3888888888889,340.7,0.03064058248539414,0.03111483654652116,0.030621283570598463,0.01256092927993232,0.00047888878658974794,,Bef Choa Chu Kang Lk,Choa Chu Kang Nth 5,1.3937917601606,103.75199938008781
50051,465.6111111111111,479.7,0.02974720267045239,0.030194070722704882,0.030621283570598463,-0.010877429988501794,-0.0004145197219423791,,Thomson Med Ctr,Thomson Rd,1.325878056,103.8418119
14299,660.2173913043479,680.2,0.02977328054941797,0.030220936349290007,0.030621283570598463,-0.010193261076319843,-0.00038845231288204456,,Opp Blk 27,Telok Blangah Way,1.27488820445716,103.82127132943862
64611,1225.2173913043478,1263.25,0.030544921642581713,0.031016203949934592,0.030621283570598463,0.0100512092658249,0.00038318671041599457,,Blk 913,Hougang Ave 4,1.37837333826782,103.88445923003084
11149,2618.166666666667,2697.35,0.029784274073191952,0.030232262169901443,0.030621283570598463,-0.009904839337288845,-0.0003774629991622678,,Queenstown Stn Exit B/C,C'wealth Ave,1.29506407111991,103.80596280094791
21581,1538.391304347826,1586.1,0.030521370157439165,0.03099192227306144,0.030621283570598463,0.009433321822159953,0.00035962647809764924,,Blk 65,Corporation Dr,1.33243350969467,103.72328639029729
59073,5298.333333333333,5462.55,0.030517735146696978,0.030988174613160266,0.030621283570598463,0.009337955118888797,0.00035599016671837097,,Opp Yishun Stn,Yishun Ave 2,1.42868146490253,103.83546942999693
67359,566.5652173913044,584.15,0.030512561354762546,0.030982840508656743,0.030621283570598463,0.009202217561232821,0.00035081454635368876,,Nan Chiau High Sch,Anchorvale Dr,1.39008740102191,103.89042014225743
47671,1149.2777777777778,1184.1,0.029823700110900297,0.030272880946631553,0.030621283570598463,-0.008870473414885189,-0.00033805106640129236,,Opp Admiralty Sec Sch,Woodlands Cres,1.446563,103.803336
05029,1107.3333333333333,1140.9,0.029836156285758086,0.03028571428571486,0.030621283570598463,-0.008543678140865785,-0.0003255990248144548,,Boat Quay,Sth Bridge Rd,1.28712283362119,103.84819780822524
64499,1034.3333333333333,1065.7,0.029846334590915014,0.03029620090148158,0.030621283570598463,-0.008276644154847905,-0.0003154239819215031,,Regentville,Hougang Ave 9,1.3748828566071,103.87828864496953
13199,917.9444444444445,945.8,0.029862209293772146,0.030312556677346912,0.030621283570598463,-0.007860161733125213,-0.0002995541603623399,,Aft Orchard Stn Exit 12,Paterson Rd,1.302127,103.829875
06159,635.2608695652174,654.55,0.02986592643058472,0.03031638649719778,0.030621283570598463,-0.007762640402772851,-0.00029583813012706915,,Opp Hotel Miramar,Havelock Rd,1.28909385421188,103.8368794036018
43009,21740.222222222223,22410.85,0.030379736751317665,0.03084590971579815,0.030621283570598463,0.005717483830785386,0.00021795216999736576,,Bt Batok Int,Bt Batok Ctrl,1.34999354306126,103.75106190953444
44861,711.4782608695652,733.15,0.029963966791872743,0.030417404039788203,0.030621283570598463,-0.005190492283637726,-0.00019782196822475638,,Blk 636A,Senja Rd,1.3866920101757,103.75877312173013
64441,357.44444444444446,368.35,0.029971022625812083,0.03042467451952893,0.030621283570598463,-0.005005378216761875,-0.0001907675051968431,,Hougang G. Shop Mall,Hougang St 51,1.37980640697067,103.88818499902484
59181,3149.222222222222,3246.3,0.030350884744423823,0.03081616817155822,0.030621283570598463,0.0049605339961427625,0.00018909429105187496,,Opp Blk 245,Yishun Ave 9,1.43416611096992,103.84218833299445
64159,362.39130434782606,373.45,0.029978055616665777,0.03043192151232424,0.030621283570598463,-0.004820863452040828,-0.00018373583128244737,,Bef Greenwich Dr,Tampines Rd,1.36751138265993,103.9099923734176
84041,1658.611111111111,1709.15,0.029997781457843153,0.030452247849228474,0.030621283570598463,-0.004303344089441895,-0.00016401341992896038,,Blk 221A,New Upp Changi Rd,1.3246905167586,103.93468799273933
80091,2246.904761904762,2316.1,0.030317838343301595,0.030782103969834284,0.030621283570598463,0.004093541694461921,0.00015604218717340466,,Bef Lor 23 Geylang,Sims Ave,1.31489775184137,103.88095141640784
46841,1460.7777777777778,1505.75,0.030301662390424866,0.030765430221951537,0.030621283570598463,0.003669155796445234,0.00013986384101604432,,Opp Blk 739A CP,Woodlands Circle,1.44498571659794,103.79690162812369
59041,2312.8333333333335,2384.0,0.030293523515694254,0.030757040985377827,0.030621283570598463,0.003455627499984557,0.00013172386107633427,,Bef Khatib Stn,Yishun Ave 2,1.41625420109094,103.832591612732
66589,690.0,711.25,0.03028914961034701,0.030752532561504273,0.030621283570598463,0.003340875450273758,0.0001273493891481604,,Buangkok Sports Pk,Buangkok Cres,1.381992,103.8794283
46299,375.94444444444446,387.45,0.030066647023625492,0.030523212969786842,0.030621283570598463,-0.0024966143592255476,-9.515677812499541e-05,,Opp Blk 106,Woodlands Ave 5,1.43692705673107,103.78274585693057
45249,466.44444444444446,480.79999999999995,0.03024858392646923,0.03071072022819085,0.030621283570598463,0.002276610221985466,8.67793621363268e-05,,Blk 511A,Choa Chu Kang Way,1.38856706129182,103.74086222271667
44249,805.9130434782609,830.55,0.03007551946699394,0.030532356269195426,0.030621283570598463,-0.002263840446293526,-8.62851396731776e-05,,Blk 174,Bt Panjang Rd,1.38049595009817,103.76649141308671
13019,1324.1666666666667,1364.85,0.030238707764533856,0.030700540812476203,0.030621283570598463,0.0020175031459546333,7.690239192727882e-05,,Napier Stn Exit 1,Napier Rd,1.3067380217198,103.82013079894885
44149,1997.1666666666667,2058.25,0.030111745341759644,0.030569688881474832,0.030621283570598463,-0.0013134327323837845,-5.006173455382904e-05,,Opp Phoenix Stn,Choa Chu Kang Rd,1.37798495709362,103.75776732086608
22181,627.8695652173913,647.1,0.03012113873086264,0.030579369469026937,0.030621283570598463,-0.0010669914933251487,-4.0668771584375694e-05,,S'pore Post,Pioneer Rd Nth,1.33301611112037,103.69637694442996
28079,652.5238095238095,672.55,0.030183265889659694,0.030643398426114906,0.030621283570598463,0.0005629520579597527,2.1457790430856992e-05,,Blk 210,Boon Lay Way,1.33839906637569,103.7386009027093
99131,788.0555555555555,812.2,0.030140350769228164,0.030599169189607776,0.030621283570598463,-0.0005629520579597527,-2.1457330003966565e-05,,Blk 4,Changi Village Rd,1.38894186746545,103.98734296938127
