stop,2026-07,2026-08,log_ratio,pct_change,network_shift,robust_z,vs_network,flag,Description,RoadName,Latitude,Longitude
02051,402.3478260869565,16.55,-3.1347453318122467,-0.9564891667564945,0.010035587188611443,-112.95126052803886,-0.9569214849502324,drop,The Float @ Marina Bay,Raffles Ave,1.289503056,103.8590339
16141,199.2173913043478,558.45,1.0275504254934722,1.7942128121606937,0.010035587188611443,36.54851159678652,1.7664498633540817,surge,Tentera Diraja Mque,Clementi Rd,1.29786833526113,103.76959523650599
27389,225.3913043478261,628.4,1.0225020473965571,1.7801421163817936,0.010035587188611443,36.36718585275114,1.752518972247497,surge,Gek Poh Shop Ctr,Jurong West St 75,1.34845180903204,103.69810437813979
19079,114.47826086956522,309.95,0.9905498328827234,1.6927146084337346,0.010035587188611443,35.21953824017645,1.6659601330768794,surge,Dover Ct Intl Sch,Dover Rd,1.30607,103.780131
16149,126.78260869565217,337.9,0.9753746281232383,1.6521605988431447,0.010035587188611443,34.67448094829406,1.6258090630502577,surge,SDE3,Clementi Rd,1.29781833402646,103.76994027003138
28369,160.30434782608697,422.70000000000005,0.965732717960182,1.626711590296495,0.010035587188611443,34.32816644873096,1.6006129126675908,surge,Opp Jurong Lake,Boon Lay Way,1.34449722197147,103.72747138899737
27251,900.304347826087,2268.5,0.9234718323958448,1.5180173661360352,0.010035587188611443,32.810255870038354,1.492998660715335,surge,Academic Bldg Sth,Nanyang Dr,1.341151,103.683656
16199,188.91304347826087,445.05,0.8538647518642009,1.3487065018315012,0.010035587188611443,30.31013495491838,1.3253700479693196,surge,Aft Architecture Dr,Kent Ridge Cres,1.29639303583424,103.77072917887465
27211,1673.5652173913043,3885.1000000000004,0.841852524150327,1.3206620797092055,0.010035587188611443,29.87868428186527,1.2976042717154788,surge,Lee Wee Nam Lib,Nanyang Dr,1.34793140650697,103.68050066497821
27219,600.3913043478261,1392.3,0.8401845016855694,1.3167943898207057,0.010035587188611443,29.818772878899093,1.2937750107096706,surge,NIE Blk 2,Nanyang Dr,1.34793269501118,103.68025240016884
27439,1107.7826086956522,501.65,-0.7911238406629089,-0.5466649674535332,0.010035587188611443,-28.77394605952862,-0.5511692476021519,drop,Blk 861,Jurong West Ave 5,1.349546,103.697197
27241,235.34782608695653,505.85,0.7629105424865239,1.1445088300220747,0.010035587188611443,27.04327590198116,1.1232012586717053,surge,SPMS,Nanyang Dr,1.33998726585628,103.68089382456998
51039,170.08695652173913,362.05,0.7523686209039022,1.1220203303684886,0.010035587188611443,26.664635131057214,1.1009362019362472,surge,Opp S'pore Polo Club,Thomson Rd,1.33165828742218,103.83888866147537
16061,573.3478260869565,1198.45,0.7363832157887096,1.0883686601059797,0.010035587188611443,26.090477367796474,1.0676188904579687,surge,Opp Heng Mui Keng Terr,Pasir Panjang Rd,1.29046257201356,103.77356171611027
27071,151.1304347826087,316.65,0.736211871274004,1.0880108602457845,0.010035587188611443,26.084323080019505,1.067264645652406,surge,Nanyang Cres Halls,Nanyang Cres,1.35507533539502,103.68452767084537
16099,188.0,392.0,0.7320625968096186,1.0793650793650786,0.010035587188611443,25.935291001791956,1.0587047681685138,surge,Opp NUS Sports Ctr,AYE,1.30061249997689,103.77815138886747
27311,148.8695652173913,308.65,0.725677276796354,1.066129968088192,0.010035587188611443,25.705945481293654,1.0456011593009031,surge,Hall 2,Lien Ying Chow Dr,1.34902211051484,103.68539285058924
16131,299.9130434782609,613.65,0.7142316692006361,1.0426166738910556,0.010035587188611443,25.294846456341713,1.0223214902522266,surge,Opp Kent Ridge Ter,Clementi Rd,1.29487639088562,103.76935201010454
27061,288.69565217391306,560.65,0.6620479834541904,0.9387588173495414,0.010035587188611443,23.42053247612204,0.9194955523755248,surge,Sch of ADM,Nanyang Dr,1.34984722128218,103.68387082088056
27199,382.8695652173913,709.45,0.6155957511116519,0.8507588628383742,0.010035587188611443,21.75207868167226,0.8323699543992089,surge,Hall 11,Nanyang Ave,1.35434216792763,103.68685754938303
16189,933.7826086956521,1715.2,0.6075538251864163,0.8359348837209306,0.010035587188611443,21.463231813653042,0.8176932644830592,surge,Information Technology,Kent Ridge Cres,1.297228,103.772756
16069,762.7391304347826,1370.45,0.5853975747306324,0.7957047705795288,0.010035587188611443,20.667431950448613,0.7778628727110419,surge,Heng Mui Keng Terr,Pasir Panjang Rd,1.290648611,103.7736967
27349,1047.7391304347827,634.3,-0.5012465651498861,-0.3942249492143775,0.010035587188611443,-18.362243201244905,-0.40024385430639126,drop,Blk 745,Jurong West St 72,1.34680805601666,103.69781805598312
17099,398.6521739130435,669.5,0.5174290991222907,0.6777088772845943,0.010035587188611443,18.226165830114994,0.6610393718447303,surge,UTown - Cendana,Clementi Rd,1.3078304704809,103.77165274445558
27231,756.8695652173913,1268.3,0.5157095531084153,0.674826458608226,0.010035587188611443,18.164403823707513,0.6581855925195963,surge,Wee Kim Wee Sch of C&I,Nanyang Dr,1.34207972361937,103.67922271593845
12101,4754.565217391304,2978.55,-0.4675432745406578,-0.3734603850865799,0.010035587188611443,-17.151701096664155,-0.37968560428908765,drop,Ngee Ann Poly,Clementi Rd,1.33243896358504,103.77768506316727
53339,296.1304347826087,479.75,0.4811761677228015,0.6179762949956098,0.010035587188611443,16.924046687435702,0.6019002850178516,surge,Opp Bright Hill Tp,Sin Ming Ave,1.36312998205072,103.8367836110905
12109,2798.3478260869565,1765.55,-0.46035797882306717,-0.3689423002252076,0.010035587188611443,-16.893622349966776,-0.3752124105534607,drop,Opp Ngee Ann Poly,Clementi Rd,1.33081944,103.7780086
19059,277.7826086956522,445.5,0.47100710251625966,0.6016063630692448,0.010035587188611443,16.558798031466917,0.5856930026864142,surge,UTown - RC4,Dover Rd,1.30894500001531,103.7727225000061
46351,218.0,349.0,0.468861424666958,0.5981735159817343,0.010035587188611443,16.48173038221089,0.5822942639379454,surge,Woodhaven,Woodlands Ave 1,1.43084888887005,103.78373500001297
55329,389.6086956521739,249.05,-0.44604538262421656,-0.35984528049866416,0.010035587188611443,-16.379547907638372,-0.36620577767643053,drop,Nanyang Poly,Ang Mo Kio Ave 8,1.37901970079676,103.84722527828754
19071,1139.2173913043478,1813.6,0.46464611940017964,0.5914509056244031,0.010035587188611443,16.330326634480127,0.5756384485957915,surge,Opp ACS Independent,Dover Rd,1.30515500002931,103.78108305597279
16091,958.6521739130435,1525.3,0.46403088495310385,0.5904720913374408,0.010035587188611443,16.308228875213565,0.5746693596850863,surge,NUS Sports Ctr,AYE,1.299478,103.779229
16009,1029.0869565217392,1632.05,0.46080620952759244,0.5853515954752657,0.010035587188611443,16.19240619720124,0.5695997404289688,surge,Kent Ridge Ter,Clementi Rd,1.29425341056334,103.76988323197696
27321,312.5652173913044,489.15,0.44670409831367675,0.563151691625069,0.010035587188611443,15.685891875325174,0.5476204120451156,surge,Blk 949,Pioneer Rd Nth,1.34403944399659,103.6917308330011
17131,250.43478260869566,391.55,0.4454802754151954,0.5612398409130199,0.010035587188611443,15.641935065162665,0.5457275572424738,surge,Clementi Flyover,AYE,1.3080413890204,103.76591111102081
19051,945.8695652173913,1458.35,0.4325850611126896,0.5412365690146015,0.010035587188611443,15.178769612217218,0.5259230353502338,surge,New Town Sec Sch,Dover Rd,1.30896444398008,103.77392333299538
27401,600.0869565217391,921.25,0.4280767260153988,0.534303797468354,0.010035587188611443,15.016840929344475,0.519059146954435,surge,Opp Blk 821,Jurong West St 81,1.34736600563095,103.6941379590552
22449,530.2608695652174,813.35,0.4271370686321969,0.5328627547262457,0.010035587188611443,14.983090669186359,0.517632422232666,surge,Blk 685B,Jurong West St 64,1.343058,103.703812
54351,2023.3478260869565,1378.8,-0.3833090263641612,-0.31839776632302397,0.010035587188611443,-14.126207080437936,-0.32517008081449367,drop,Nanyang Poly,Ang Mo Kio Ave 5,1.37647777885877,103.85003474200923
27221,583.5652173913044,868.65,0.39722247908034714,0.48768687244328784,0.010035587188611443,13.908629702937262,0.47290540186232166,surge,Sch of CEE,Nanyang Dr,1.34623151653928,103.67851763727317
17191,1001.1739130434783,1436.8,0.3609426140541263,0.43468112798264646,0.010035587188611443,12.605543168392124,0.420426315844986,surge,NUS High Sch,Clementi Rd,1.30566944,103.7698914
46369,835.9565217391304,1198.9,0.36022137518356256,0.4336467532467532,0.010035587188611443,12.579637982147828,0.4194022185270168,surge,Blk 413,Woodlands St 41,1.42760121342773,103.77315906940312
27539,353.1304347826087,504.05,0.3549921291681972,0.4261694290976057,0.010035587188611443,12.39181589230484,0.41199918813483005,surge,Bef Xingnan Pr Sch,Jurong West St 91,1.34071614464901,103.6868923374865
46269,387.6521739130435,279.5,-0.3261110641959517,-0.2782749748293991,0.010035587188611443,-12.071792207313477,-0.28544594435579246,drop,Republic Poly,Woodlands Ave 9,1.44217333334596,103.78588499999181
18309,321.47826086956525,454.45,0.3452502153834107,0.4123432654712152,0.010035587188611443,12.04190950030255,0.3983103995398904,surge,Blk S17,Lower Kent Ridge Rd,1.29752011664987,103.78134198615086
18041,412.9130434782609,577.95,0.33556020620202087,0.3987237394957984,0.010035587188611443,11.693867398305702,0.3848261954700854,surge,Normanton Pk,AYE,1.28836025261771,103.7931740283919
96119,1328.8695652173913,1858.3,0.335119206644638,0.39810703893811117,0.010035587188611443,11.67802774221683,0.3842156223719593,surge,ITE Coll East Adm Blk,Simei Ave,1.33373145315305,103.9537488312858
27101,1493.0434782608695,2085.4,0.33395390454811835,0.3964787707708882,0.010035587188611443,11.636172860189168,0.3826035324734685,surge,Opp Westwood Sec Sch,Jln Bahar,1.35259472200365,103.70111638902962
96111,1927.6521739130435,2683.45,0.33065446179713387,0.3918787619197911,0.010035587188611443,11.51766471752648,0.3780492287346261,surge,Opp ITE Coll East Adm Blk,Simei Ave,1.33365307929022,103.95337833802823
27399,963.2608695652174,1333.85,0.32521233538696936,0.38432455586617353,0.010035587188611443,11.3221964698014,0.3705700803269503,surge,Bet Blks 859/860,Jurong West St 82,1.3486765,103.696401
16159,300.2173913043478,413.45,0.31912010572441396,0.3759165704387993,0.010035587188611443,11.103378058186726,0.3622456355905251,surge,Coll of Design & Engrg,Clementi Rd,1.30060333385651,103.77017032679849
46261,700.1739130434783,528.6,-0.28063394442856726,-0.24469523159918133,0.010035587188611443,-10.43836213925933,-0.2521998452518138,drop,Blk 808,Woodlands Ave 9,1.442639,103.7869635
27261,417.0,563.5,0.30045895106496,0.350478468899521,0.010035587188611443,10.433113730074595,0.33706028384456926,surge,Hall 4,Nanyang Dr,1.343777,103.686919
77219,573.8260869565217,773.35,0.29795643018123563,0.3471030935632695,0.010035587188611443,10.343229127040864,0.33371844581523136,surge,Opp Blk 626,Pasir Ris Dr 3,1.3805766269449,103.94064766803564
17121,1625.608695652174,2184.55,0.2953702204763191,0.3436237036245056,0.010035587188611443,10.250338620432005,0.33027362665945437,surge,Blk 610,AYE,1.30476410258543,103.76944539352431
44159,1249.0,1665.95,0.28785205800341895,0.33356000000000074,0.010035587188611443,9.980304090924294,0.3203099147346926,surge,Bt Batok Fire Stn,Bt Batok Rd,1.37401429037273,103.7525923087755
14121,2198.173913043478,1683.7,-0.26649428936755104,-0.23393962159704226,0.010035587188611443,-9.930499331616396,-0.24155110164459423,,Opp HarbourFront Int,Telok Blangah Rd,1.26591350024271,103.81925660621779
16179,677.4782608695652,901.1,0.28487293988686346,0.32959307914130154,0.010035587188611443,9.8733012478956,0.3163824087051863,surge,Opp Yusof Ishak Hse,Kent Ridge Cres,1.29898164227099,103.7741773272528
17091,941.6521739130435,1249.75,0.28280128634637336,0.3268414741017481,0.010035587188611443,9.798892375897196,0.31365814326894315,surge,Aft Clementi Ave 1,Clementi Rd,1.30904805161426,103.77157783850733
75239,4569.782608695652,3524.7,-0.25960544130238006,-0.22864412906171552,0.010035587188611443,-9.68306828010163,-0.236308224460369,,Temasek Poly,Tampines Ave 1,1.34675259898315,103.93257655832721
44361,488.4347826086956,644.75,0.27716121155029505,0.31937905303366726,0.010035587188611443,9.59631429256405,0.30626986788267474,surge,Opp Dairy Farm Mall,Petir Rd,1.36637611,103.7755464
17139,765.3478260869565,1002.9,0.2700115459670247,0.30997957562691464,0.010035587188611443,9.339515295618309,0.2969637825070935,surge,Aft Clementi Ave 2,AYE,1.307653,103.76674
14369,260.7391304347826,340.25,0.26526702412545244,0.30377906976744184,0.010035587188611443,9.169103346176387,0.2908248840978486,surge,The Interlace,Depot Rd,1.28153635758335,103.80365927155157
43769,494.2608695652174,644.4,0.26478564664709925,0.30315161092090265,0.010035587188611443,9.151813411122275,0.2902036596038823,surge,Dulwich Coll/Blk 445,Bt Batok Rd,1.3517415,103.737677
44151,579.8695652173913,754.9,0.2633828611366438,0.3013248502994009,0.010035587188611443,9.101428689232916,0.28839504944729716,surge,Opp Bt Batok Fire Stn,Bt Batok Rd,1.37392273953012,103.75223395114867
04121,1590.9130434782608,2062.95,0.25968515752001675,0.2965218222537835,0.010035587188611443,8.968615962722412,0.2836397436872434,surge,SMU,Stamford Rd,1.29618544092334,103.84958029974611
80229,426.82608695652175,335.95,-0.23878222272492344,-0.2124136178861789,0.010035587188611443,-8.935147754086366,-0.22023897761262815,,Blk 45,Sims Dr,1.3172897212662,103.87810554835914
17119,502.9130434782609,651.7,0.2587138852365243,0.29526315789473717,0.010035587188611443,8.93373017047701,0.28239358525974695,surge,Opp Blk 343,Clementi Rd,1.31728446989719,103.77193266319905
16151,1084.0869565217392,1403.15,0.25777200946301626,0.29404375525904636,0.010035587188611443,8.899900231010985,0.2811862984560365,surge,The Japanese Pr Sch,Clementi Rd,1.30076138899694,103.76993555602371
17149,776.7826086956521,1002.35,0.2546526183704607,0.2900134160657386,0.010035587188611443,8.78785911603574,0.27719600420855744,surge,Blk 426,AYE,1.31171515103681,103.76346179699715
22489,280.4347826086956,361.55,0.2532616532012417,0.28822029970647367,0.010035587188611443,8.737898952713177,0.2754207040290302,surge,Blk 683A,Jurong West Ctrl 1,1.34258460261,103.70536833792208
75379,265.2173913043478,341.45,0.25181242609510956,0.2863547280744735,0.010035587188611443,8.68584615907313,0.27357366848328973,surge,Bef Tampines Ave 5,Tampines Ave 10,1.35943002306953,103.9309897702735
14201,859.8695652173913,1093.2,0.23983578087624924,0.2710404040404048,0.010035587188611443,8.255673524680972,0.2584115056562398,surge,Blk 110,Depot Rd,1.28167307267242,103.80914683892263
27189,307.0869565217391,389.7,0.23755793256475677,0.2681484617555738,0.010035587188611443,8.173858626519225,0.255548297348025,surge,Opp PUB Sub-Stn,Nanyang Ave,1.35607204234326,103.68903921690323
18331,505.69565217391306,640.85,0.23644409975706537,0.26673674274927023,0.010035587188611443,8.13385239903221,0.25415060500509185,surge,Kent Ridge Stn Exit A/NUH,Lower Kent Ridge Rd,1.29485266612069,103.78437805999793
19089,1450.8695652173913,1834.45,0.23443760179975826,0.26419758632048584,0.010035587188611443,8.06178376074291,0.2516366773168091,surge,ACS Independent,Dover Rd,1.30370305599194,103.78184388900041
17051,740.2608695652174,932.4,0.23048121947963374,0.25920581852308056,0.010035587188611443,7.919679909939149,0.24669450709952032,,Opp Regent Pk,Clementi Ave 6,1.31726409983754,103.76240145648879
54489,3801.4347826086955,4756.05,0.22398613440454973,0.25105367270398893,0.010035587188611443,7.68639188927121,0.23862335998104825,,Opp ITE Coll Ctrl,Ang Mo Kio Ave 5,1.375675,103.855423
11529,396.2608695652174,494.05,0.2200656004990531,0.24615847652402362,0.010035587188611443,7.545575628329004,0.2337768018576945,,Bef IKEA Ind Bldg,Alexandra Rd,1.28903120647732,103.8060909305284
22521,6218.391304347826,7701.6,0.2138858932771459,0.23848132768480093,0.010035587188611443,7.3236152306682465,0.22617593220854518,,Pioneer Stn Exit A,Jurong West St 63,1.33741647896432,103.69776790191162
75231,3972.782608695652,3276.35,-0.1926832702171577,-0.17525684650480836,0.010035587188611443,-7.279382931750621,-0.18345139126154253,,Opp Temasek Poly,Tampines Ave 1,1.34707779444929,103.93265533979496
14209,569.7391304347826,702.9,0.20970405973982764,0.23331301896853746,0.010035587188611443,7.17341370791588,0.22105897516087397,,Aft Hewlett Packard,Depot Rd,1.28176397706369,103.80958869712056
54481,2456.2608695652175,3029.55,0.20969685927846982,0.23330413857777377,0.010035587188611443,7.173155084455425,0.22105018300456153,,ITE Coll Ctrl,Ang Mo Kio Ave 5,1.37599497932237,103.855765341723
11221,291.8695652173913,358.95,0.20623779292229916,0.22904542755344445,0.010035587188611443,7.048913641231577,0.21683378599999334,,Lien Twrs,Holland Rd,1.310019,103.805506
18149,541.6521739130435,665.85,0.2060965820791001,0.22887188526560445,0.010035587188611443,7.04384168332403,0.21666196800660656,,Essec Business Sch,Nth Buona Vista Rd,1.302549,103.787196
85041,758.8695652173913,928.7,0.20171515962460163,0.22349945642844982,0.010035587188611443,6.886471400979146,0.21134291895001983,,Man Fatt Lam Tp,Bedok Rd,1.3264647104527,103.95116420801885
22599,2321.521739130435,1940.1000000000001,-0.17939872919553057,-0.16422741398030602,0.010035587188611443,-6.80223378826887,-0.172531545798273,,Blk 678D,Jurong West St 64,1.3443608,103.7034508
16081,466.95652173913044,568.75,0.19682227879064484,0.21752764099228805,0.010035587188611443,6.710730749098137,0.2054304387246606,,Aft Palm Green Condo,Pasir Panjang Rd,1.29195777797363,103.76866138900287
15221,810.8695652173913,983.55,0.19284499070124816,0.21269479997857785,0.010035587188611443,6.567876012743584,0.2006456162144338,,Aft Sth Buona Vista Rd,Pasir Panjang Rd,1.27949923466491,103.78548955401584
65529,778.4347826086956,942.4,0.19092135152447298,0.21036425503430645,0.010035587188611443,6.4987834649414475,0.19833822727306158,,Aft Punggol Field,Punggol East,1.39161433333333,103.914103333333
13099,996.2173913043479,1204.55,0.1897223816927811,0.20891393442622957,0.010035587188611443,6.455719317876006,0.19690231686903928,,Bef Kim Yam Rd,River Valley Rd,1.29578024244395,103.83961272081199
43459,492.60869565217394,595.5,0.1893361523025865,0.2084471064916758,0.010035587188611443,6.441846876034107,0.19644012727841983,,Aft PIE,Bt Batok Rd,1.34808666498981,103.73807456781998
12091,4892.260869565217,5902.8,0.18773728564898384,0.20651650450930764,0.010035587188611443,6.3844193854594575,0.19452870751573412,,SIM Campus,Clementi Rd,1.32918315486756,103.7771471166854
05649,690.0434782608696,583.7,-0.1671038473893507,-0.1538882597206497,0.010035587188611443,-6.360630851932756,-0.16229512008139813,,Aft Cantonment Rd,Keppel Rd,1.2723842122117,103.84093912218094
16169,818.6521739130434,987.1,0.18690383508644537,0.20551135158073414,0.010035587188611443,6.354483821904632,0.19353354166086437,,NUS Raffles Hall,Kent Ridge Cres,1.30098333297992,103.77270416701658
46309,354.1304347826087,299.9,-0.16570716027935273,-0.1527056807051914,0.010035587188611443,-6.310465170095304,-0.16112429102303796,,Opp Progen Bldg,Riverside Rd,1.44317008649619,103.78254975765708
81099,1059.7826086956522,1275.45,0.18507584153046963,0.20330969751619019,0.010035587188611443,6.288826637504808,0.19135376295556927,,Blk 102,Aljunied Rd,1.31982276662398,103.88194665985091
43349,1478.608695652174,1775.1,0.18264229130320775,0.20038494314007835,0.010035587188611443,6.201419296546061,0.1884580685729062,,Opp Princess E Pr Sch,Bt Batok West Ave 3,1.34989138902216,103.74073750002215
43551,318.5652173913043,382.2,0.18159566981897246,0.19912925170067988,0.010035587188611443,6.163827140073402,0.18721485352650008,,Opp Blk 435A,Bt Batok West Ave 5,1.359789,103.740915
27091,748.4347826086956,896.1,0.17984803933999594,0.19703544700353862,0.010035587188611443,6.101056406420753,0.18514185261079052,,Opp Blk 271 CP,Jln Bahar,1.34910999998031,103.70388500000492
20039,1878.1304347826087,2244.1,0.17794092848244247,0.1947547431744564,0.010035587188611443,6.032557516566376,0.18288380956952457,,Opp The Infiniti,AYE,1.32102499760642,103.75471510655738
17021,570.304347826087,490.35,-0.15076537130101553,-0.13995053272450497,0.010035587188611443,-5.77379161837139,-0.1484958765963841,,Waseda S Snr High Sch,West Coast Rd,1.29673702633957,103.76691201794645
19021,459.30434782608694,395.4,-0.14946409395839666,-0.13883064135260184,0.010035587188611443,-5.727052828641885,-0.1473871123249981,,SP SMA,C'wealth Ave West,1.30965490194051,103.7812018067838
17109,632.8695652173913,749.1,0.16836333079991928,0.1833664860415677,0.010035587188611443,5.688552968468785,0.1716087047342708,,Opp Blk 352,Clementi Rd,1.31552714122807,103.77218311911328
17039,547.4782608695652,646.9,0.16658871830990307,0.1812683313515655,0.010035587188611443,5.624813105100925,0.16953139704668496,,Opp Kent Ridge Sec Sch,West Coast Rd,1.3015316464856,103.76606427132043
54371,2215.478260869565,2615.15,0.1657842041097215,0.18031836638615875,0.010035587188611443,5.595916866916211,0.16859087081428661,,Blk 409 Mkt/FC,Ang Mo Kio Ave 10,1.36238306289968,103.85568284134345
13091,1130.2173913043478,1332.4,0.1644376809516057,0.1787301099238997,0.010035587188611443,5.547552955018365,0.16701839506946667,,Aft Kim Yam Rd,River Valley Rd,1.295871,103.839349
18011,604.695652173913,710.65,0.161208581739559,0.17493001220300036,0.010035587188611443,5.43157138510659,0.16325605464394094,,Aft HortPark,Alexandra Rd,1.28087089714667,103.8021033300325
17129,1131.1739130434783,1328.05,0.1603247998845747,0.17389208909370188,0.010035587188611443,5.399828041136788,0.16222844420876067,,Aft NUS High Sch,AYE,1.30514136653386,103.76985839745124
54059,344.1304347826087,299.05,-0.13997328997833858,-0.13061854371378132,0.010035587188611443,-5.386165704076159,-0.13925660906057497,,Bef Ang Mo Kio Lib,Ang Mo Kio Ave 6,1.3762849891494,103.84498299185917
18079,413.0,483.75,0.157767320297447,0.17089371980676354,0.010035587188611443,5.3079694520832845,0.15925986634381215,,Opp NUH,Buona Vista Flyover,1.2964817739742,103.78455389999202
22501,786.6521739130435,918.75,0.15504530523792948,0.16771086332523796,0.010035587188611443,5.210201139871461,0.1561086343259534,,Blk 662A,Jurong West St 63,1.33769199118033,103.70297133237953
04151,406.8695652173913,474.2,0.15278833785163393,0.16507834985609213,0.010035587188611443,5.129136234920363,0.1535022771811786,,Cath of The Good Shepherd,Victoria St,1.29533777799211,103.85113972198121
40329,410.0869565217391,477.25,0.1513288431569535,0.16337916446324627,0.010035587188611443,5.076714653900048,0.15181997468174344,,Millennia Institute,Bt Batok West Ave 8,1.35096917519706,103.73961904709157
77211,524.8260869565217,610.65,0.15118969858891695,0.16321729783363662,0.010035587188611443,5.071716911685944,0.151659716338708,,Blk 626,Pasir Ris Dr 3,1.37999169580419,103.94094544562029
21661,360.4347826086956,418.75,0.1495776783557119,0.16134367857572487,0.010035587188611443,5.0138169757907685,0.14980471312725993,,Yuan Ching Sec Sch,Yuan Ching Rd,1.34176560473259,103.72141430185464
42029,330.3478260869565,383.5,0.14877513120873154,0.16041201942002437,0.010035587188611443,4.984991389482443,0.1488823108203335,,Aft Swiss Club Rd,Dunearn Rd,1.33325151466609,103.79206171859214
57079,452.0,397.45,-0.1283101056392768,-0.12041942604856505,0.010035587188611443,-4.967251839563024,-0.12915882855206334,,Khatib Camp,Sembawang Rd,1.42443860227619,103.82566793061787
02111,614.2608695652174,540.95,-0.1268726097614623,-0.11915412338350607,0.010035587188611443,-4.915620403765498,-0.1279060977759321,,Esplanade Bridge,Esplanade Dr,1.29095592348389,103.85453419435228
44891,285.3478260869565,330.55,0.1465713808077167,0.15785757667780137,0.010035587188611443,4.905837912175254,0.1463532487015094,,APSN,Choa Chu Kang Gr,1.37409009466488,103.74930160167106
43041,586.304347826087,678.6,0.14596122422146873,0.1571513177376374,0.010035587188611443,4.8839225376023565,0.1456540070617868,,Hume Stn Exit 1,Upp Bt Timah Rd,1.355809,103.768503
20019,1048.9565217391305,1213.95,0.1459541682377523,0.15714315292558745,0.010035587188611443,4.883669103435438,0.14564592337428756,,Blk 431,AYE,1.31357611099308,103.7615108330155
46361,592.8695652173913,685.35,0.14472799362392674,0.15572516289625915,0.010035587188611443,4.839627825246493,0.14424202231642955,,Blk 425,Woodlands St 41,1.4274660260627,103.773787554639
17029,580.6086956521739,670.95,0.14438605562663653,0.15533004410555432,0.010035587188611443,4.8273462249815475,0.14385082937658014,,Opp Waseda S Snr High Sch,West Coast Rd,1.29694570097768,103.76710295331488
75229,1661.4347826086955,1469.0,-0.12302086348172114,-0.11575478606548768,0.010035587188611443,-4.777274830870243,-0.12454053584807932,,Temasek Poly East G,Tampines Ave 1,1.34499782605889,103.93676608938834
53219,720.9130434782609,831.6,0.14264864151709578,0.15332450012045334,0.010035587188611443,4.7649424390403645,0.14186521222552181,,Raffles Instn,Bishan Rd,1.34606111102286,103.8465836110301
99029,523.9130434782609,463.45,-0.12237870756970715,-0.1151867804191164,0.010035587188611443,-4.754210116560551,-0.12397817383472463,,Aft Cranwell Rd,Loyang Ave,1.38664086819653,103.97959306203218
18289,765.9130434782609,882.95,0.14202707726970498,0.15260785758829912,0.010035587188611443,4.742617328388927,0.14115569016387947,,Opp R'ford/Normanton Pk,Science Pk Dr,1.28738105702672,103.7912059790003
19049,675.4782608695652,777.65,0.14066133855553442,0.15103477087216377,0.010035587188611443,4.693563239382355,0.1395982334404842,,Sch of Science & Tech,C'wealth Ave West,1.31266302174215,103.77479215922537
20139,341.7391304347826,393.34999999999997,0.14026923471324082,0.15058353418749146,0.010035587188611443,4.679479801181388,0.13915148018703863,,Bef West Coast Rise,West Coast Rd,1.31584166892255,103.75204376675156
75221,1100.7826086956522,976.45,-0.11973756081032771,-0.11284677005642993,0.010035587188611443,-4.659346401510414,-0.1216614135221501,,Opp Temasek Poly East G,Tampines Ave 1,1.34567355960876,103.93595044893453
11231,532.2608695652174,612.1,0.13951731400520195,0.1497187117814917,0.010035587188611443,4.652472596248764,0.13829525054823258,,Aft Hyll on Holland,Holland Rd,1.31115316310297,103.80119919777994
20029,1317.7391304347825,1514.25,0.13890436596532219,0.14901420988427772,0.010035587188611443,4.630456959295156,0.13759774849370113,,Opp NEWest,AYE,1.31772833949651,103.75767989744158
46088,1220.8260869565217,1085.95,-0.11697092333394732,-0.11038894028894697,0.010035587188611443,-4.559975358127709,-0.11922800444364012,,Blk 25,Woodlands Ctr Rd,1.44180914262822,103.77108660594439
54471,270.2173913043478,309.85,0.13638979947674734,0.14612856684834846,0.010035587188611443,4.540139706760944,0.13474077684583938,,Opp Blk 538,Ang Mo Kio Ave 5,1.37613470846106,103.853296559924
22451,523.7391304347826,599.2,0.13436168831751782,0.14380644626729558,0.010035587188611443,4.467294773621235,0.132441728564267,,Opp Blk 643,Pioneer Rd Nth,1.33817022625307,103.69561280580359
42011,593.8695652173913,679.2,0.1340447091813024,0.14344394094430749,0.010035587188611443,4.455909636332672,0.13208282504880067,,Sixth Ave Ctr,Bt Timah Rd,1.33161452117352,103.79503057628676
08079,889.4347826086956,1016.9,0.1337870972339994,0.1431494140624996,0.010035587188611443,4.446656827386832,0.13179122454923048,,Sch of The Arts,Prinsep St,1.29921444445586,103.84910329217985
85049,281.1304347826087,321.34999999999997,0.13326841306461024,0.14255663430420695,0.010035587188611443,4.428026924648101,0.13120433457643,,Opp Man Fatt Lam Tp,Bedok Rd,1.32671998700111,103.95124872703616
60181,374.0,333.90000000000003,-0.11309404617025187,-0.1069333333333333,0.010035587188611443,-4.420727143603044,-0.11580673196626909,,Aft Moonstone Lane,S'goon Rd,1.32714561804071,103.86738538742665
20299,1566.5217391304348,1399.1,-0.11295219945078117,-0.1068066457715029,0.010035587188611443,-4.4156323465309475,-0.11568130315619811,,Blk 501,West Coast Rd,1.3109280417106,103.75857544044081
46629,483.0869565217391,551.9,0.13291260052958354,0.14215017064846375,0.010035587188611443,4.415246983959773,0.13080190949270146,,The Woodgrove,Woodlands Ave 1,1.42946092866646,103.7808172850331
81091,931.0,1063.05,0.1325048465930898,0.14168454935622357,0.010035587188611443,4.400601431566766,0.13034091455534857,,Sims Urban Oasis,Aljunied Rd,1.31935333297674,103.88173111103306
50241,278.7826086956522,318.2,0.1318049614745762,0.14088578088578074,0.010035587188611443,4.3754632213500395,0.12955008254846237,,Opp S'pore Khalsa Assn,Balestier Rd,1.31724802771626,103.8572754498738
22401,277.52173913043475,316.5,0.1309817040927923,0.13994692475803905,0.010035587188611443,4.345893772624358,0.12862055477770834,,Aft Shipyard Rd,Tg Kling Rd,1.31007875279152,103.69714966993958
54359,1361.695652173913,1218.8500000000001,-0.11073693480545277,-0.10482579286580272,0.010035587188611443,-4.3360653049310125,-0.11372013175706576,,Blk 502,Ang Mo Kio Ave 5,1.37615334768079,103.8499921086812
43089,710.4782608695652,809.35,0.13012138998398903,0.13896663407479828,0.010035587188611443,4.314993334327509,0.12765000414001312,,St. Joseph's Ch (Bt Timah),Upp Bt Timah Rd,1.36705664197789,103.76608527288596
11369,4525.782608695652,5147.3,0.12865511684588427,0.1372978216604542,0.010035587188611443,4.262328287728007,0.12599777283696653,,Buona Vista Stn Exit D,Nth Buona Vista Rd,1.3063259638605,103.79084827741467
11229,429.60869565217394,488.4,0.12798037201334278,0.1365306946688197,0.010035587188611443,4.238093056838827,0.12523826792311515,,Sommerville Pk,Holland Rd,1.31060065879064,103.80522542227166
03519,320.04347826086956,287.25,-0.10774840110437012,-0.10214653304442048,0.010035587188611443,-4.228724276481745,-0.11106749272596009,,Bayfront Stn Exit A,Bayfront Ave,1.28124500000125,103.85884799997385
28379,421.60869565217394,478.95,0.1272352502842109,0.13568415637860087,0.010035587188611443,4.211330055071126,0.12440014073140389,,Aft Jurong West St 51,Boon Lay Way,1.345075,103.723997
22529,2023.2173913043478,2295.5,0.1262030723552634,0.1345125330240351,0.010035587188611443,4.174256676780052,0.12324015847986072,,Pioneer Stn Exit B,Jurong West St 63,1.33777262767008,103.69728617102128
12039,499.0869565217391,566.3,0.1261062679879723,0.13440271257172737,0.010035587188611443,4.170779693957458,0.12313142918982312,,Opp Pandan Valley Condo,Ulu Pandan Rd,1.32104526183447,103.78018998386835
16041,486.0,549.8000000000001,0.12310764377191052,0.13100616016427166,0.010035587188611443,4.06307623818972,0.11976862450201022,,Opp Luxe Ville,Pasir Panjang Rd,1.2893086506189,103.77660095143266
46491,404.17391304347825,456.75,0.12200679369811418,0.129761777014701,0.010035587188611443,4.023536319651427,0.11853660538767949,,Blk 402,Woodlands Ave 3,1.43188974761143,103.77200799456398
28389,873.7391304347826,788.9,-0.10201935008971397,-0.09698792186490457,0.010035587188611443,-4.0229503788246,-0.10596013686152497,,Opp Blk 515,Jurong West St 51,1.34646209983221,103.72147231551902
44129,900.5217391304348,1016.9499999999999,0.12146192323935345,0.12914637087050806,0.010035587188611443,4.003965867628814,0.11792731384191732,,Sol Acres Condo,Choa Chu Kang Way,1.37741713631203,103.75092697249079
12069,570.1304347826087,643.65,0.12108991809378722,0.1287264007308165,0.010035587188611443,3.9906043268507956,0.1175115164729746,,Opp Blk 109A,Clementi Rd,1.32143306,103.7710419
75371,321.6521739130435,363.05,0.12071633879973565,0.12830481067241548,0.010035587188611443,3.977186246400065,0.11709411528063193,,Aft Tampines Ave 5,Tampines Ave 10,1.35909826524265,103.93052373888251
24461,331.4347826086956,299.7,-0.10033060833272511,-0.09546167930944292,0.010035587188611443,-3.9622947881197885,-0.10444905886108553,,Bef Nam Leong Co Pte Ltd,Pioneer Sector Lane,1.29723931495896,103.66626018526829
70089,952.695652173913,862.5,-0.09935070008443159,-0.09457488032824272,0.010035587188611443,-3.9270988125416504,-0.10357107100357989,,HDB CP,Ubi Ave 3,1.33187702164512,103.89443953236938
80289,571.5217391304348,517.6,-0.0989178338831378,-0.09418286755771609,0.010035587188611443,-3.9115512872750053,-0.10318295322288089,,Sims Pl Ter,Sims Pl,1.31607500002964,103.8793280559861
27301,660.6521739130435,742.9,0.1171666163899765,0.12430674201603273,0.010035587188611443,3.8496886531706753,0.11313577093406173,,Blk 978,Pioneer Rd Nth,1.34045284969365,103.69439784182157
21371,1831.086956521739,2058.15,0.11683754581486028,0.12393682661730507,0.010035587188611443,3.837869220131466,0.11276953096844103,,Blk 680C,Jln Boon Lay,1.34522722613512,103.70617873626036
16089,616.3913043478261,692.8,0.11668070687544674,0.12376056338028149,0.010035587188611443,3.8322359381472464,0.11259501906088121,,Aft Clementi Rd,Pasir Panjang Rd,1.29201138346787,103.76908420716119
42991,429.82608695652175,483.0,0.11638040858688203,0.12342315067110705,0.010035587188611443,3.8214499372651374,0.11226095884215802,,Bef Hillview Stn Exit B,Upp Bt Timah Rd,1.36164,103.766952
11181,1283.5652173913045,1441.55,0.11599207197597572,0.12298696903029334,0.010035587188611443,3.8075018090629738,0.11182911104753943,,Opp Blk 43,C'wealth Ave,1.30722333300814,103.79227638896938
75171,373.4347826086956,418.95,0.1147180140165327,0.12155712958662393,0.010035587188611443,3.7617406748917097,0.11041347830963824,,UWCSEA,Tampines Ave 5,1.3575,103.9313
65201,477.6086956521739,535.7,0.11455593493880745,0.12137536337209244,0.010035587188611443,3.7559191795922473,0.11023351810146637,,Opp Blk 201A,Punggol Field,1.40083471013366,103.903580214986
14129,3195.2608695652175,2907.0499999999997,-0.09449889487064134,-0.09017125989607357,0.010035587188611443,-3.752833499322966,-0.09921120439291277,,HarbourFront Stn Exit A,Telok Blangah Rd,1.26607869101924,103.81977877391114
93201,593.9130434782609,665.95,0.11429983113639253,0.12108821164949196,0.010035587188611443,3.7467205396267595,0.10994921948244465,,Victoria Sch,Marine Parade Rd,1.30920003741893,103.92781269211483
64011,530.5217391304348,482.75,-0.09417585406993112,-0.08987730061349657,0.010035587188611443,-3.741230641450978,-0.09892016585297854,,Naung Residence,Upp S'goon Rd,1.36756333302324,103.8927594439902
27411,465.47826086956525,521.6,0.11360493437891606,0.12030944170006577,0.010035587188611443,3.7217614994839083,0.10917818729377311,,Blk 844A CP,Jurong West St 81,1.34590833297224,103.69273749998102
65449,517.7826086956521,580.15,0.11352396938422782,0.1202187395239695,0.010035587188611443,3.718853429283771,0.10908838632314717,,Blk 315B,Sumang Walk,1.40804081420589,103.89593121183572
03222,1322.4347826086955,1204.5,-0.09333604637445436,-0.08911265153257324,0.010035587188611443,-3.7110667447884014,-0.09816311422962762,,Hub Synergy Pt,Anson Rd,1.27397836925637,103.84489562922414
11091,491.26086956521743,550.1,0.11290748222173352,0.11952835188129238,0.010035587188611443,3.696710675456389,0.10840485828568587,,Leedon Green,Farrer Rd,1.31219444050072,103.80367378215983
46589,314.04347826086956,286.3,-0.09218368954062939,-0.08806237924372104,0.010035587188611443,-3.669676825832994,-0.09712327731479616,,Blk 146,Woodlands St 13,1.43632306005208,103.7741086340661
15139,1219.608695652174,1363.85,0.11169486730568767,0.11817161786706537,0.010035587188611443,3.6531564293877805,0.10706160461082928,,Kent Ridge Stn Exit B,Sth Buona Vista Rd,1.29241000003008,103.7845849999835
82129,944.9565217391305,1055.3,0.11033090694006376,0.11664751574206002,0.010035587188611443,3.604166214434852,0.10555264577379703,,Tg Katong Sec Sch,Dunman Rd,1.309501,103.896589
55071,285.5217391304348,318.75,0.10972502889154878,0.11597116843702569,0.010035587188611443,3.582404514769604,0.10488301857094084,,Bef ECON Medicare Ctr,Yio Chu Kang Rd,1.39246274085167,103.85261828242731
12179,338.2608695652174,377.4,0.10918249899011112,0.11536588491605733,0.010035587188611443,3.562918130003824,0.10428374907128572,,Montview,Mt Sinai Rise,1.31679504687757,103.7769949436126
67341,299.4347826086956,333.85,0.10845196952349401,0.11455137481910352,0.010035587188611443,3.5366792476279056,0.10347733184471952,,Opp Blk 204 CP,Compassvale Dr,1.38864779457077,103.89505169031366
27379,1764.9565217391305,1618.0,-0.08688380755643532,-0.08321638722702276,0.010035587188611443,-3.4793176598523523,-0.09232543446830116,,Blk 755,Jurong West St 75,1.348016,103.7009747
65521,366.78260869565213,408.25,0.1068341898763796,0.11274973401111257,0.010035587188611443,3.4785724472720507,0.1016935919143219,,Waterwoods,Punggol East,1.39031766666667,103.912942666667
18071,2168.608695652174,2411.45,0.10609600191994506,0.11192861866495647,0.010035587188611443,3.45205849014189,0.10088063506748281,,NUH,Buona Vista Flyover,1.295425,103.784491
14151,610.0,678.2,0.10581867582554239,0.11162029459901815,0.010035587188611443,3.442097595881866,0.10057537447087699,,Opp Hotel Faber Pk,Telok Blangah Rd,1.26964765905364,103.8129359412343
27409,925.3478260869565,1028.25,0.10533587440802084,0.11108373228198627,0.010035587188611443,3.4247565163167426,0.10004414336987648,,Blk 821,Jurong West St 81,1.34719000000045,103.69416749997193
24049,623.8260869565217,573.1,-0.08466975297150636,-0.08118432955257143,0.010035587188611443,-3.39979408074632,-0.09031356706459165,,Pasir Laba Camp,Upp Jurong Rd,1.3309125,103.6737755
43811,502.5217391304348,557.95,0.10443313646110663,0.11008116742941007,0.010035587188611443,3.392332314572976,0.09905153987620478,,Bef Summerhill,Hume Ave,1.358391,103.7649
43453,373.60869565217394,414.3,0.10311914772963249,0.10862349117920085,0.010035587188611443,3.345136961963739,0.09760834691478981,,Bef PIE,Bt Batok Rd,1.3479,103.7385
90049,291.30434782608694,323.05,0.10310227833383845,0.10860478952848479,0.010035587188611443,3.3445310533560515,0.09758983108133476,,Tanjong Rhu Stn Exit 1,Tg Rhu Rd,1.297117,103.873563
27391,439.0,486.65,0.10282320850571747,0.10829545454545486,0.010035587188611443,3.334507528324758,0.09728356961198299,,Blk 857,Jurong West St 82,1.3485045,103.6961505
08041,2841.0434782608695,3147.7000000000003,0.10246634121031484,0.10790001070876723,0.010035587188611443,3.321689703150309,0.096892054855767,,YMCA,Orchard Rd,1.29811014243867,103.84780636909545
40051,868.695652173913,962.15,0.1020658375500636,0.1074563815427683,0.010035587188611443,3.3073045634500304,0.09645283353364138,,Balmoral Plaza,Bt Timah Rd,1.31588,103.83632
46221,410.3478260869565,378.05,-0.08177102627298183,-0.07851707007715905,0.010035587188611443,-3.2956787064073083,-0.08767280914552013,,Opp Casablanca,Woodlands Ave 2,1.4309096816047,103.78759769642132
04179,957.304347826087,1059.8,0.10161320107236094,0.10695521981761298,0.010035587188611443,3.291046936837804,0.09595665128866691,,Aft Bras Basah Stn Exit A,Bras Basah Rd,1.29647916306741,103.85147164487202
17141,620.0869565217391,686.3,0.10129977939183554,0.10660833041652057,0.010035587188611443,3.2797895749035195,0.09561320853725067,,Clementi Stadium,AYE,1.3109950000148,103.76349999999258
75319,610.3478260869565,562.8,-0.08096649198165373,-0.07777540715454072,0.010035587188611443,-3.2667817465963567,-0.08693851529288203,,Aft Tampines Lk,Tampines Ave 10,1.367593,103.931091
26349,323.0,297.85,-0.08080174052206601,-0.07762345679012328,0.010035587188611443,-3.2608642656911697,-0.08678807468826888,,Tuas Technology Pk,Tuas Sth Ave 4,1.31161056,103.6309569
10329,622.3913043478261,688.45,0.10071975980408254,0.10596666201701795,0.010035587188611443,3.258956649697566,0.09497791567466085,,Crescent Girls' Sch,Tanglin Rd,1.29364671283262,103.81597460107542
22499,1175.2173913043478,1299.75,0.10063733224439098,0.10587550364100051,0.010035587188611443,3.255996047638218,0.09488766303685908,,Opp Blk 662C,Jurong West St 64,1.3377065,103.704634
52301,391.6521739130435,361.25,-0.08058958512085734,-0.0774277488650205,0.010035587188611443,-3.25324414785594,-0.08659431129261713,,Blk 35,Toa Payoh East,1.334033333,103.8545343
12099,2518.304347826087,2784.2,0.10033687312237927,0.10554328316995708,0.010035587188611443,3.245204270000905,0.09455874346683864,,Opp SIM Campus,Clementi Rd,1.32783806,103.7767036
46019,576.2608695652174,637.0,0.10004400537803715,0.10521955260977589,0.010035587188611443,3.2346851566089723,0.0942382294529886,,Aft W'lands Ctr Rd,Marsiling Rd,1.4386733329964,103.7741286109918
23049,605.5652173913044,559.05,-0.0797861878812105,-0.07668625904953111,0.010035587188611443,-3.224388028239235,-0.08586018882713717,,Jurong Camp,Upp Jurong Rd,1.33410764081742,103.69061140570352
11341,311.04347826086956,343.75,0.09967698517248902,0.10481398913194931,0.010035587188611443,3.2215026630299555,0.09383669560312156,,Garlick Ville,Sixth Ave,1.32551506183496,103.79282790894261
10287,415.82608695652175,459.5,0.09964377854751483,0.10477730259726734,0.010035587188611443,3.2203099599746854,0.09380037358125688,,Opp Cycle & Carriage,Alexandra Rd,1.291914,103.813405
17189,1118.7391304347825,1235.85,0.09947208601958213,0.10458763687194159,0.010035587188611443,3.214143172389632,0.09361259235084132,,Blk 317,C'wealth Ave West,1.31790502165515,103.76406408827933
40321,392.5217391304348,433.4,0.09882945672170429,0.10387802452767618,0.010035587188611443,3.1910614551846868,0.09291003062602074,,Dulwich College,Bt Batok West Ave 8,1.35174487949103,103.73947152056856
75369,347.7826086956522,321.4,-0.07865581976837532,-0.07564198454250816,0.010035587188611443,-3.1837878918867393,-0.08482629010092532,,Bef Tampines Lk,Tampines Ave 10,1.370271,103.930686
42071,2957.9565217391305,2737.0,-0.07760895287817693,-0.07467379804866632,0.010035587188611443,-3.1461869210150795,-0.08386772338691799,,Pei Hwa Presby Pr Sch,Upp Bt Timah Rd,1.33876225175982,103.77694915592028
28341,2339.1739130434785,2578.9,0.09752539007109462,0.10243943222354385,0.010035587188611443,3.144222480140797,0.09148573199498282,,Chinese Gdn Stn,Boon Lay Way,1.34247027799798,103.73271277802048
11099,362.0,399.0,0.09706171284313125,0.10192837465564743,0.010035587188611443,3.12756829601697,0.0909797522311223,,Opp Leedon Green,Farrer Rd,1.31305333300118,103.80437666697586
02119,350.60869565217394,385.85,0.09551812382879099,0.10022876221095584,0.010035587188611443,3.0721262468802144,0.08929702692297507,,Opp War Memorial Pk,Nicoll Highway,1.29192,103.855306
43111,328.4782608695652,361.5,0.09551409864533333,0.10022433359725554,0.010035587188611443,3.0719816718560526,0.08929264231142627,,Min of Defence,Upp Bt Timah Rd,1.37229972154626,103.76298146518725
41079,2328.391304347826,2560.25,0.09488842989237334,0.09953617291324501,0.010035587188611443,3.049509137118711,0.08861131910584896,,Natl JC,Dunearn Rd,1.32940305598521,103.80304777797754
19031,3521.6521739130435,3269.55,-0.07425599791617188,-0.07156601374952186,0.010035587188611443,-3.025756746901496,-0.08079081764363143,,Dover Stn Exit A,C'wealth Ave West,1.31123416666912,103.77838361113201
11261,2147.7391304347825,2360.05,0.09422521619693214,0.09880718722810156,0.010035587188611443,3.0256880772710315,0.08788957653124069,,Holland Village,Holland Rd,1.31223168432152,103.79444621838488
75289,590.0,648.15,0.09384779740016391,0.09839255499153941,0.010035587188611443,3.0121320910070954,0.08747906402868992,,Opp Blks 741/742,Tampines Ave 9,1.36045667202312,103.93331674675824
13071,888.7391304347826,975.75,0.09330242604570582,0.09779368647380778,0.010035587188611443,2.9925436480013854,0.08688614579360222,,Great World Stn Exit 5,River Valley Rd,1.296373,103.833056
05641,822.0,763.9,-0.07321109434924988,-0.07059538274605141,0.010035587188611443,-2.98822629393619,-0.07982983070833725,,Bef Cantonment Rd,Keppel Rd,1.27272393115133,103.84140618785226
03509,539.5652173913044,501.59999999999997,-0.07282066591429626,-0.0702324459100782,0.010035587188611443,-2.974203032385357,-0.0794704999673448,,Bayfront Stn Exit B/MBS,Bayfront Ave,1.28314999997332,103.86004388891767
75149,535.3478260869565,587.3,0.0924541419964493,0.09686284046692614,0.010035587188611443,2.96207530085465,0.08596454855614981,,Blk 867A,Tampines Ave 5,1.35597194444127,103.93366388890493
97019,1435.5652173913045,1335.15,-0.07246265434829713,-0.06989951877969763,0.010035587188611443,-2.961344107730381,-0.07914088075926595,,Opp Salvation Army,Upp Changi Rd Nth,1.3529227886583,103.96544071070835
42061,367.60869565217394,403.2,0.09217416898608821,0.09655579146025041,0.010035587188611443,2.952019335663657,0.08566055034997734,,King Albert Pk,Bt Timah Rd,1.33687567142278,103.78038743713434
30021,575.9565217391305,631.45,0.09183425469644746,0.09618311981914109,0.010035587188611443,2.9398104221682453,0.0852915815276543,,Opp Keat Hong Camp,Old Choa Chu Kang Rd,1.3744419562273,103.71705234322658
21681,356.5652173913043,390.95,0.09181650886893422,0.09616366731517477,0.010035587188611443,2.9391730342159983,0.08527232230133291,,Opp Blk 200,Boon Lay Way,1.34228732259066,103.71466298692037
53391,389.82608695652175,427.4,0.09179466792934399,0.09613972633218365,0.010035587188611443,2.9383885595697645,0.08524861919295261,,Opp Blk 203,Bishan St 22,1.35444291744538,103.84696320325273
09159,970.9130434782609,1064.35,0.09179232363496848,0.09613715666100046,0.010035587188611443,2.938304358086889,0.08524607505370069,,Aft Tomlinson Rd,Tanglin Rd,1.30602637557418,103.82568042620605
54379,1736.5217391304348,1903.55,0.09178595009348722,0.09613017040762697,0.010035587188611443,2.9380754356232694,0.08523915821486638,,Blk 475,Ang Mo Kio Ave 10,1.36288998904353,103.85594804936484
44491,398.39130434782606,370.75,-0.07172006361632466,-0.06920857827128243,0.010035587188611443,-2.934672013365863,-0.07845680534927134,,Bet Blks 416/417,Choa Chu Kang Ave 4,1.38353368663411,103.74184597655336
77171,331.4782608695652,308.5,-0.071616384990425,-0.0691120700928472,0.010035587188611443,-2.9309481235103645,-0.07836125606401906,,Aft Pasir Ris Stn Exit A,Pasir Ris Ctrl,1.37276133738912,103.95064755544978
21071,485.17391304347825,451.75,-0.07122630889391779,-0.0687488821319975,0.010035587188611443,-2.9169375171192136,-0.0780016766932955,,Jurong Abattoir,Jln Buroh,1.31394221438857,103.72226742161243
53261,300.3478260869565,329.1,0.0911304728703124,0.09541191747222631,0.010035587188611443,2.9145322514740775,0.08452804175074269,,Opp Bishan Stadium,Bishan St 14,1.35285975794309,103.85179055539538
59759,485.39130434782606,452.15,-0.07079025641699044,-0.06834271922767526,0.010035587188611443,-2.9012755484038277,-0.07759954937275942,,The Shaughnessy,Yishun Ave 1,1.41755035688919,103.84631099997239
16991,822.8260869565217,901.0500000000001,0.09071050278431869,0.0949519738230941,0.010035587188611443,2.8994479240220694,0.08407266804414645,,Opp Nan Hua High Sch,Clementi Ave 1,1.30777929773028,103.76988582423061
11189,2328.1304347826085,2548.6,0.09044149015726966,0.09465745753220012,0.010035587188611443,2.8897856297528692,0.08378107803026015,,Blk 43,C'wealth Ave,1.30740138898924,103.79254222202354
59779,371.17391304347825,406.35,0.09031151355001299,0.09451518691588819,0.010035587188611443,2.885117178902801,0.08364022099698676,,Opp Blks 469A/469B,Yishun Ave 1,1.424119,103.852562
64061,1343.086956521739,1470.05,0.0902614917233251,0.0944604386362169,0.010035587188611443,2.8833205137624196,0.08358601668937055,,Opp S'goon Sec Sch,Upp S'goon Rd,1.37557886299976,103.90111900001394
50249,460.1304347826087,503.6,0.0900850944390319,0.09426739581369051,0.010035587188611443,2.876984742509504,0.08339489191616953,,S'pore Khalsa Assn,Balestier Rd,1.317187,103.857005
46341,391.04347826086956,428.0,0.09008417135725999,0.09426638571587005,0.010035587188611443,2.8769515876059124,0.08339389185455459,,Rosewood,Woodlands Ave 1,1.43172193690625,103.78630311506315
65269,931.0869565217391,1018.8000000000001,0.08993569729874107,0.09410392760518793,0.010035587188611443,2.8716187522647267,0.08323304790732863,,Blk 162B,Punggol Ctrl,1.396356,103.915423
46991,394.69565217391306,431.85,0.08974588701357611,0.09389627513459986,0.010035587188611443,2.8648012178957907,0.08302745864570066,,Blk 589,Woodlands Ave 1,1.42764093083406,103.79587149975599
46211,998.3913043478261,931.2,-0.06959901406091351,-0.0672322283128859,0.010035587188611443,-2.8584889538985347,-0.07650009215672175,,Johor Bahru Checkpt,Johor Bahru,1.46491732433248,103.76547712149443
20209,401.8695652173913,374.8,-0.06955576306807831,-0.06719188430822293,0.010035587188611443,-2.856935481019611,-0.07646014900504007,,Bef Jurong Town Hall Rd,Teban Gdns Rd,1.321453,103.744211
80159,971.4347826086956,906.5,-0.06910944551997833,-0.06677546275596909,0.010035587188611443,-2.8409048153421077,-0.07604786496521437,,Suntec City,Nicoll Highway,1.294924,103.857158
77231,647.3913043478261,707.6,0.08879681359773883,0.092858579762623,0.010035587188611443,2.830712756222119,0.08200007368507245,,Tampines Meridian JC,Pasir Ris Dr 1,1.37670503142246,103.93844026085439
40069,893.4782608695652,976.1999999999999,0.08845073983850416,0.09248043552228619,0.010035587188611443,2.81828260921655,0.08162568663858297,,Anglo-Chinese Sch,Dunearn Rd,1.31830398893217,103.83435129198834
46251,311.3478260869565,340.2,0.0883514215646386,0.09237193763919865,0.010035587188611443,2.814715332843969,0.0815182667768833,,Riverside Sec Sch,Woodlands St 81,1.4409223616912,103.78908630031805
99049,534.1304347826087,583.5,0.08824626039934103,0.0922570685732864,0.010035587188611443,2.8109381936964746,0.08140453903563413,,Changi Golf Course,Loyang Ave,1.38749994542049,103.98573364026825
14219,334.95652173913044,365.95,0.08824384698663756,0.09225443250938263,0.010035587188611443,2.810851509647515,0.0814019291633314,,Opp Blk 114,Depot Rd,1.28218647936578,103.80684961252827
10049,1818.0434782608695,1698.35,-0.06806497653230892,-0.06580022945647511,0.010035587188611443,-2.8033899714307995,-0.07508232146173398,,Opp Kampong Bahru Ter,Kg Bahru Rd,1.27623302424393,103.83483786772155
46279,1375.608695652174,1285.25,-0.06789199955631364,-0.06563862042827348,0.010035587188611443,-2.7971770495237616,-0.07492231816061122,,Blk 803,Woodlands Ave 2,1.44021958652464,103.78690125681027
42041,1306.1304347826087,1425.9,0.08767003221243286,0.09162786056413008,0.010035587188611443,2.790241446598802,0.08078158275851155,,The Nexus,Bt Timah Rd,1.33442500001261,103.78689111113574
18141,1040.7826086956522,1136.1,0.08754786897432876,0.09149451191519611,0.010035587188611443,2.785853633400632,0.08064955904506488,,Aft Anglo-Chinese JC,Nth Buona Vista Rd,1.30418279677397,103.78788091438994
20341,315.9130434782609,295.25,-0.0674237330037224,-0.06520098778982035,0.010035587188611443,-2.7803580277655904,-0.07448903378528414,,Pan Tech Ind Cplx,Pandan Loop,1.31186472196722,103.75047333297755
43779,726.7826086956521,792.9,0.08695511955759727,0.09084772089133145,0.010035587188611443,2.7645634829895416,0.08000919445586759,,Blk 433C,Bt Batok Rd,1.361511,103.741404
94009,397.9130434782609,433.95,0.08648762495992823,0.09033787465940032,0.010035587188611443,2.7477721880176658,0.07950441399228979,,Upp East Coast Ter,Upp East Coast Rd,1.31795981372922,103.95256713632443
42241,379.0,354.55,-0.06650536639090454,-0.06434210526315794,0.010035587188611443,-2.747372481483269,-0.07363868500791772,,Aft Eng Kong Pl,Lor Kismis,1.33711750136148,103.76708487597254
44541,355.3478260869565,387.4,0.08612844298752975,0.08994631527574491,0.010035587188611443,2.734871225146234,0.07911674509366683,,Northvale Condo,Choa Chu Kang Dr,1.38764444400097,103.74593527798108
13081,656.1739130434783,715.15,0.08594095094146503,0.08974197816738301,0.010035587188611443,2.7281369564166047,0.07891443825324089,,St. Thomas Wk,River Valley Rd,1.295875,103.836253
45131,2099.695652173913,1966.3,-0.06560650851379979,-0.06350070370063787,0.010035587188611443,-2.7150876426262753,-0.07280564350602167,,Opp Kranji Stn,Woodlands Rd,1.42513583961154,103.76103770449444
59421,3645.1304347826085,3414.25,-0.06541575359320717,-0.06332204481224796,0.010035587188611443,-2.708236179197654,-0.0726287597499877,,Blk 624,Yishun Ring Rd,1.41762836917061,103.8351341252188
27149,310.17391304347825,337.84999999999997,0.08520556977267457,0.08894089702389313,0.010035587188611443,2.7017238124284355,0.07812131655173762,,Juying Pr Sch,Jurong West St 91,1.33906525108364,103.68875795867145
08069,2348.3478260869565,2556.35,0.08483379727123364,0.08853613398723056,0.010035587188611443,2.688370627674531,0.07772057518995133,,Bencoolen Stn Exit B,Bras Basah Rd,1.29821382250893,103.84936128375956
07517,951.0434782608695,1035.1,0.08460823906711301,0.08829063342010236,0.010035587188611443,2.680269113009762,0.07747751388573379,,ibis S'pore on Bencoolen,Bencoolen St,1.30145216158073,103.85247781934106
57029,1042.8695652173913,978.0,-0.06415818057549583,-0.06214336290557712,0.010035587188611443,-2.663067144957792,-0.07146178907922979,,Aft The Springside,Sembawang Rd,1.40396290628178,103.81862261343507
42129,565.8260869565217,615.5,0.08400579087077009,0.08763519214543242,0.010035587188611443,2.658630605483671,0.07682858499354066,,Sixth Ave Ville,Sixth Ave,1.33016133420747,103.79515526101162
85109,414.2173913043478,388.55,-0.06380999076875948,-0.061816753926701926,0.010035587188611443,-2.650560994554639,-0.07113842524629369,,Bef Bedok Rd,Upp Changi Rd East,1.32945523179761,103.95134864429271
46459,624.7391304347826,586.15,-0.06365323589012917,-0.06166967759866591,0.010035587188611443,-2.6449307318339867,-0.07099281025024645,,Blk 872,Woodlands Ave 9,1.4441853308513,103.78940895329838
59529,424.04347826086956,461.1,0.08358985239399441,0.08718289689034434,0.010035587188611443,2.6436910838538665,0.0763807836875025,,Opp Yishun Emerald,Yishun Ave 2,1.44035052900307,103.8318142995419
05271,370.2608695652174,402.6,0.08351932050099808,0.08710621852676029,0.010035587188611443,2.6411577458727833,0.07630486719054273,,Opp Fairfield Meth Ch,Tg Pagar Rd,1.27975329525167,103.84382212419122
14131,1031.4347826086957,1121.15,0.08332660868993624,0.0868967405036643,0.010035587188611443,2.634235995588955,0.0760974705148681,,Caribbean at Keppel Bay,Telok Blangah Rd,1.26740130257465,103.81675441150337
70011,370.2608695652174,402.5,0.08327151973154745,0.08683686614357698,0.010035587188611443,2.6322573311196504,0.07603819105892935,,Opp Blk 125,Aljunied Rd,1.32317687661433,103.88116008329277
75069,1045.3478260869565,1136.1499999999999,0.0832192921014645,0.08678010471204196,0.010035587188611443,2.630381438763295,0.0759819936018744,,Blk 970A,Bedok Reservoir Rd,1.341667,103.937323
58019,897.1304347826086,842.4,-0.06287396675664336,-0.060938180761969135,0.010035587188611443,-2.6169412364514075,-0.07026858147457246,,Aft Sembawang Shop Ctr,Sembawang Rd,1.44085,103.824719
42181,327.2608695652174,355.55,0.0826658561603919,0.08617880794701985,0.010035587188611443,2.610503334971459,0.07538667124625739,,Opp The Hillford,Jln Jurong Kechil,1.3436280559857,103.76943333300858
43268,607.9565217391304,660.35,0.08253632818574275,0.08603812651720666,0.010035587188611443,2.6058509979385005,0.0752473876095246,,Hillington Green Condo,Hillview Ave,1.36036935442362,103.76427530511685
28281,1475.1304347826087,1602.0,0.08245278090465114,0.08594739477482229,0.010035587188611443,2.6028501781474223,0.0751575573663775,,Opp Blk 227,Jurong Town Hall Rd,1.3420603281321,103.73537548132207
14009,2612.1739130434785,2454.3,-0.06231658779814442,-0.0604146215663111,0.010035587188611443,-2.5969215088439914,-0.06975022429755919,,HarbourFront Int,Seah Im Rd,1.26703502614245,103.81901469907409
50129,534.9130434782609,580.85,0.08224076696104721,0.08571718319000499,0.010035587188611443,2.595235141133188,0.07492963313505602,,Opp Natl Skin Ctr,Moulmein Rd,1.3189880880064,103.84929028517206
42031,818.6086956521739,888.4,0.08172005213883349,0.08515198132725048,0.010035587188611443,2.57653230217074,0.07437004704727497,,The Tessarina,Bt Timah Rd,1.33332611108217,103.78997500000864
15169,978.7826086956522,920.2,-0.06165355124906924,-0.059791435544708615,0.010035587188611443,-2.5731068116728,-0.06913323017427576,,HarbourSide Bldg 2,Pasir Panjang Rd,1.27481499269165,103.79673994290195
14259,499.39130434782606,469.6,-0.06138192474607962,-0.0595360152923802,0.010035587188611443,-2.563350633191553,-0.06888034774560872,,Blk 11,Telok Blangah Cres,1.27784501068205,103.81865821941
98069,605.0434782608695,569.1,-0.06113994576320003,-0.05930841523782149,0.010035587188611443,-2.5546593231768817,-0.06865500909670799,,Aft Engine Test Facility,Loyang Ave,1.3757102208247,103.976778734029
47069,1114.6521739130435,1208.8500000000001,0.08105724172362372,0.08443296960249405,0.010035587188611443,2.552725727190599,0.07365817933303158,,Nth Tech,Admiralty Rd West,1.45593908069502,103.79877069336828
13089,491.4782608695652,533.05,0.08103914826414105,0.084413348636003,0.010035587188611443,2.552075853124139,0.07363875331800802,,Opp St. Thomas Wk,River Valley Rd,1.29575111096804,103.83604111103381
14211,526.2608695652174,570.5500000000001,0.08065653374414516,0.08399851570874892,0.010035587188611443,2.5383332488292294,0.0732280421188029,,ISS Intl Sch,Depot Rd,1.28161168409316,103.80521877469815
46759,452.52173913043475,490.6,0.08062217294505913,0.08396126929345304,0.010035587188611443,2.5370990905826964,0.07319116577922805,,Blk 676A,Woodlands Ring Rd,1.439275,103.801227
70081,583.1739130434783,548.85,-0.0605532210460904,-0.05875632628758577,0.010035587188611443,-2.533585565658826,-0.06810840563318804,,Opp HDB CP,Ubi Ave 3,1.33227580149459,103.89497442435284
75141,1437.5652173913043,1558.1,0.08046249163739905,0.08378819475927113,0.010035587188611443,2.5313637174858,0.07301981089195751,,Blk 730,Tampines Ave 5,1.35625000000112,103.93377888890949
43069,1079.3478260869565,1169.15,0.07984889524311267,0.08312339021249136,0.010035587188611443,2.5093247931826874,0.07236161175995444,,Hillview Stn Exit A,Upp Bt Timah Rd,1.36296778241046,103.76768583722071
27479,377.47826086956525,355.59999999999997,-0.059543930844100146,-0.05780585870189589,0.010035587188611443,-2.497334260128574,-0.0671673817744788,,Opp Corporation Pr Sch,Jurong West St 23,1.3518923433776,103.70818261767401
40479,390.5652173913044,422.95,0.07946343881764406,0.08270597379524687,0.010035587188611443,2.4954801143968366,0.07194834273999212,,Blk 307B,Tengah Dr,1.3595915,103.736422
66021,284.95652173913044,308.4,0.07879516076676385,0.08198266686939272,0.010035587188611443,2.4714771549369625,0.0712322225012316,,New Tech Pk,Lor Chuan,1.350294,103.8611675
67469,335.7826086956522,316.55,-0.05880235789656396,-0.057106893880712634,0.010035587188611443,-2.470698722162296,-0.06647536178028356,,Bef Sengkang East Ave,Sengkang East Rd,1.38533638989648,103.8907421565758
64551,296.95652173913044,321.35,0.0786903360999549,0.08186925434116418,0.010035587188611443,2.467712102015509,0.07111993682569,,Blk 836,Hougang Ctrl,1.3703455,103.890922
11401,1283.608695652174,1387.7,0.07791390275293075,0.08102958099235086,0.010035587188611443,2.4398244613435343,0.07028860636618557,,Holland V Stn/Blk 12,Holland Ave,1.30906722197973,103.79507444402137
96109,816.9565217391304,883.1,0.07776099512977819,0.08086429596555604,0.010035587188611443,2.434332382896842,0.0701249635907316,,Opp Blk 3012,Simei Ave,1.33737118239889,103.95067333143491
77139,381.69565217391306,360.3,-0.0575313932882926,-0.055907748239036686,0.010035587188611443,-2.4250486938139306,-0.06528813069963052,,Blk 582,Pasir Ris St 52,1.37518089319612,103.94649798163485
18129,760.6086956521739,821.95,0.07746254446758005,0.08054175943369365,0.010035587188611443,2.4236127443630333,0.06980563174148444,,Ayer Rajah Ind Est,Buona Vista Flyover,1.29776225378985,103.78570767644749
42171,288.82608695652175,312.1,0.07724158539382486,0.08030303030303047,0.010035587188611443,2.4156764195313984,0.06956927459358664,,Signature Pk Condo,Jln Jurong Kechil,1.34261833302181,103.77026361103131
22511,1063.608695652174,1149.1,0.07724158539382397,0.08030303030302952,0.010035587188611443,2.4156764195313665,0.06956927459358568,,Blk 658C,Jurong West St 63,1.33746181720219,103.70029665103546
42149,478.39130434782606,516.85,0.0771684418144094,0.08022401596227183,0.010035587188611443,2.413049275980676,0.06949104532942915,,Aft Bt Timah Rd,Clementi Rd,1.33607426889198,103.77862313710679
07551,638.5217391304348,603.0,-0.0571464164553781,-0.05554422462437944,0.010035587188611443,-2.411221240852897,-0.06492821901011363,,Fu Lu Shou Cplx,Rochor Rd,1.30171975809706,103.8546132267025
18111,773.7826086956521,730.8,-0.05707523251054436,-0.055476992143658976,0.010035587188611443,-2.4086644827193813,-0.06486165454290749,,Fairfield Meth Pr Sch,Dover Rd,1.30059305599352,103.78448416698873
61079,351.5652173913044,379.8,0.07703868390180268,0.08008385744234804,0.010035587188611443,2.4083886801227172,0.06935227940701853,,Blk 121,Potong Pasir Ave 1,1.33598640879377,103.86525430193133
57021,658.4347826086956,622.05,-0.05675630573337109,-0.055175710423947144,0.010035587188611443,-2.3972093907960788,-0.06456336632065736,,Forest Hills Condo,Sembawang Rd,1.40414074099185,103.81834244198308
62161,468.7391304347826,506.15,0.07662931883864754,0.07964179933357947,0.010035587188611443,2.39368525988879,0.06891461353229521,,St. Gabriel's Sec Sch,S'goon Ave 1,1.34750333302055,103.87601972203167
54579,1103.0434782608695,1190.85,0.07652739223649618,0.079531760721459,0.010035587188611443,2.3900242985627385,0.06880566825005348,,Blk 540,Ang Mo Kio Ave 10,1.37487817367914,103.85483080978989
23219,318.4347826086956,300.9,-0.056457292978334905,-0.05489315366816415,0.010035587188611443,-2.386469563223311,-0.06428361701343792,,Opp Mapletree Log Hub,Benoi Sector,1.31832727349422,103.68852528629336
11239,726.9565217391305,784.3000000000001,0.07582448685343479,0.07877321865854324,0.010035587188611443,2.3647776076209555,0.0680546629661435,,Fairlodge,Holland Rd,1.31152857401616,103.80165517330278
43521,1045.0869565217392,1127.35,0.07569989401839905,0.07863881961762256,0.010035587188611443,2.3603025290748105,0.0679215992972734,,Bt Batok Driving Ctr,Bt Batok West Ave 5,1.36756037490262,103.750164221858
96101,1558.5217391304348,1681.1,0.07566381603912742,0.07859990521062764,0.010035587188611443,2.359006693796799,0.06788307153895624,,Blk 3012,Simei Ave,1.33638500905398,103.9510568939649
04229,366.04347826086956,346.2,-0.05557932762709861,-0.0540630182421221,0.010035587188611443,-2.35493513424552,-0.0634617297090978,,High St Ctr,Hill St,1.29044830830726,103.84875123545265
50037,425.2608695652174,402.25,-0.055494811713534986,-0.05398306813545466,0.010035587188611443,-2.351899523477951,-0.06338257397668447,,Bef Novena Stn Exit B,Thomson Rd,1.32109968376279,103.84224304873378
47089,614.3478260869565,581.2,-0.05537364749316609,-0.053868437787041354,0.010035587188611443,-2.3475475926227163,-0.06326908258106705,,Aft Senoko Dr,Senoko Rd,1.46227877192855,103.80387918503345
65281,957.6086956521739,1032.6000000000001,0.07532017514410239,0.0782293178519598,0.010035587188611443,2.3466639294920664,0.06751616628990523,,Punggol Sec/Blk 601B,Punggol Ctrl,1.40201165055481,103.90783309940194
15049,745.5217391304348,803.75,0.07510693221654652,0.07799941758881826,0.010035587188611443,2.3390047502948947,0.06728855028700628,,Opp Alexandra Retail Ctr,Alexandra Rd,1.274590541032,103.80216344738955
43529,1342.4347826086957,1446.95,0.07491915798926918,0.07779701608466282,0.010035587188611443,2.332260346286697,0.06708815981886565,,Opp Bt Batok Driving Ctr,Bt Batok West Ave 5,1.36769649857951,103.7502379581868
02171,319.2173913043478,344.1,0.07483411713637622,0.07770536320434428,0.010035587188611443,2.329205880945909,0.06699741759009561,,Opp The Ritz-Carlton,Temasek Ave,1.29070000003898,103.86092194446034
05631,893.3913043478261,845.65,-0.05485599391197482,-0.053378542608526515,0.010035587188611443,-2.3289547061629157,-0.06278405493973567,,Blk 16,Cantonment Link,1.27346055934188,103.84034718190608
41119,331.0,356.65,0.07441988563790503,0.0772590361445791,0.010035587188611443,2.3143276699202575,0.06655552518013856,,Opp Lutheran Twrs,Farrer Rd,1.32074221277671,103.81245374678939
11151,743.8260869565217,801.3,0.07433185195830116,0.07716420524195867,0.010035587188611443,2.31116570935631,0.06646163650549851,,Blk 42,C'wealth Ave,1.29863585845076,103.80247592925552
59379,461.5652173913044,496.85,0.07351126924687712,0.07628066547607874,0.010035587188611443,2.2816923284337407,0.06558687548015758,,Opp Chung Cheng High Sch,Yishun St 61,1.41946852245611,103.83823983239508
58509,415.0869565217391,393.45,-0.05340187897675186,-0.05200104493207962,0.010035587188611443,-2.2767263533175965,-0.06142024390780847,,Blk 590A,Montreal Link,1.45059927113154,103.82696425665894
46621,800.6521739130435,861.6,0.0732762687843529,0.076027768738475,0.010035587188611443,2.2732516702861463,0.0653364914928887,,Blk 335,Woodlands Ave 1,1.42955535916481,103.78064562823636
43109,459.6521739130435,494.65,0.07322677770565722,0.07597451628126528,0.010035587188611443,2.271474068352351,0.06528376814542927,,Cashew Stn,Upp Bt Timah Rd,1.37043731031208,103.76391083181434
83031,486.9130434782609,461.65000000000003,-0.053166371686727665,-0.0517777579754048,0.010035587188611443,-2.268267491130652,-0.061199175502390867,,Opp Hong San Si Tp,Sims Ave East,1.32027026937212,103.91000032422843
06169,781.7391304347826,841.1,0.07309929830747386,0.07583736043992689,0.010035587188611443,2.2668953113177093,0.06514797506736543,,River Pl Condo,Havelock Rd,1.28937078931125,103.83998944937589
11111,1302.0434782608695,1400.2,0.07262634694177272,0.07532866199532885,0.010035587188611443,2.2499080222058434,0.06464433098684942,,Farrer Rd Stn Exit B,Farrer Rd,1.31780157259006,103.80771866952543
43259,736.695652173913,792.25,0.07260708634951474,0.07530795072788311,0.010035587188611443,2.249216227503724,0.06462382550396502,,Opp Hillbrooks,Hillview Ave,1.35757277797812,103.76266305599302
43419,3722.391304347826,4002.65,0.07257155109832247,0.07526974006866166,0.010035587188611443,2.2479398857285586,0.06458599450107154,,Aft Bt Batok Stn/Blk 628,Bt Batok Ctrl,1.351623356,103.749933755
04331,483.2173913043478,519.55,0.07235198345681138,0.0750336715452994,0.010035587188611443,2.240053537836466,0.06435227152501348,,Bef Fort Canning Stn,River Valley Rd,1.29183939431601,103.84504089382705
43649,765.7391304347826,823.25,0.07232725521083783,0.07500708817692096,0.010035587188611443,2.239165358006476,0.06432595228565637,,HomeTeamNS,Bt Batok West Ave 7,1.36545844046425,103.7506020069351
28571,910.304347826087,864.1,-0.052031815319500296,-0.05070133587786273,0.010035587188611443,-2.2275169226335554,-0.060133448600096014,,Blk 416,Jurong West St 42,1.35242067621829,103.72542293305399
67111,455.8695652173913,489.85,0.07174064726225016,0.07437666539779275,0.010035587188611443,2.218095794536235,0.06370179330836431,,CHIJ St. Joseph's Convent,Sengkang East Way,1.39105369405739,103.90237246307768
84019,1332.8260869565217,1265.75,-0.05159700402288525,-0.05028848034422047,0.010035587188611443,-2.211899534165388,-0.05972469514736726,,Opp Chai Chee Ind Pk,New Upp Changi Rd,1.32221972730517,103.92262015530929
20121,393.3913043478261,373.7,-0.05121786888615265,-0.0499283430713261,0.010035587188611443,-2.1982819010487233,-0.05936813615334528,,Opp Blk 51,West Coast Rd,1.32023972200054,103.73707999997312
63279,606.0,650.75,0.07113226175411302,0.07372322899505784,0.010035587188611443,2.1962440328802053,0.06305484936794958,,Opp Yuying Sec Sch,Hougang Ave 1,1.35623805601182,103.88983499998875
16011,2883.304347826087,3095.25,0.07090795820721141,0.0734824160750093,0.010035587188611443,2.188187582521116,0.06281642913493697,,Opp Haw Par Villa Stn,Pasir Panjang Rd,1.28277766355314,103.78186930413443
74009,565.695652173913,537.65,-0.0507563816229748,-0.04948979591836767,0.010035587188611443,-2.1817063752556556,-0.058933946350014595,,Tampines Nth Int,Tampines St 62,1.368916,103.939651
18019,575.5217391304348,617.75,0.07068826607219592,0.07324660633484127,0.010035587188611443,2.1802967631181978,0.06258296237083573,,Bef Telok Blangah Hill Pk,Alexandra Rd,1.28091055556275,103.80252305556165
81109,585.3913043478261,556.6,-0.05034546214139368,-0.04909913249796091,0.010035587188611443,-2.166947124005861,-0.058547164512461565,,Opp Paya Lebar Green,Paya Lebar Rd,1.3209137166719,103.89117183414866
22009,61598.95652173913,66078.8,0.0702019378504577,0.0727247831202588,0.010035587188611443,2.162829009126877,0.06206632392640729,,Boon Lay Int,Jurong West Ctrl 3,1.33932334709184,103.70545701843297
15141,536.6521739130435,575.7,0.07011036643200264,0.0726265566876921,0.010035587188611443,2.159539981390645,0.06196907345938157,,Labrador Pk Stn,Pasir Panjang Rd,1.27275860463579,103.80095947823813
82033,535.1304347826087,508.95,-0.0500647982448541,-0.04883221149947333,0.010035587188611443,-2.156866343825192,-0.058282895607609866,,Blk 414,Sims Ave,1.31798449318919,103.898237229405
44519,840.5652173913044,799.5,-0.050026979547290296,-0.04879623889233331,0.010035587188611443,-2.155507986082851,-0.05824728041979243,,Blk 408,Choa Chu Kang Ave 3,1.380017,103.740996
95039,384.69565217391306,365.9,-0.04995926123020045,-0.04873182279337127,0.010035587188611443,-2.153075705062013,-0.05818350435112802,,AirFreight Ter Bldg,Airport Cargo Rd,1.372277,103.99465
30031,1004.4782608695652,955.65,-0.0497809904287454,-0.048562224336244686,0.010035587188611443,-2.146672641524959,-0.05801559100304623,,Opp Army Logistics Base,Old Choa Chu Kang Rd,1.37461935383489,103.71983865916742
03217,655.5652173913044,623.75,-0.049670460131578054,-0.048457055824117946,0.010035587188611443,-2.142702655920163,-0.05791146743209419,,Aft Straits Blvd,Shenton Way,1.27552218897645,103.8479443674916
14221,403.26086956521743,383.70000000000005,-0.04959657656313077,-0.04838674983867484,0.010035587188611443,-2.1400489337219626,-0.05784185999812365,,Opp Ch of St. Teresa,Kg Bahru Rd,1.27359332247784,103.82893371728431
20151,284.8695652173913,305.45,0.0695189688149247,0.07199239543726187,0.010035587188611443,2.1382983844106294,0.0613412131557705,,Opp Blk 411,West Coast Rd,1.31829668687275,103.74631047251557
14119,3713.391304347826,3534.3,-0.04941665527867123,-0.048215518956818915,0.010035587188611443,-2.133586588757673,-0.05767233044488035,,Opp VivoCity,Telok Blangah Rd,1.26592360897281,103.8222827803663
57071,705.8260869565217,671.8,-0.049336539646335886,-0.04813926308667033,0.010035587188611443,-2.1307090256347867,-0.057596832243514154,,Opp Khatib Camp,Sembawang Rd,1.424958,103.8255225
75139,800.2173913043479,761.75,-0.04920198652987917,-0.04801117864119844,0.010035587188611443,-2.125876197450087,-0.057470020429062754,,Blk 863,Tampines Ave 5,1.35563964372785,103.93612503756641
59109,500.6521739130435,536.55,0.06911478004355232,0.0715591957011617,0.010035587188611443,2.123780884276353,0.06091231763803338,,Opp Yishun Pr Sch,Yishun Ring Rd,1.4343984933093,103.83322945585378
46161,373.7391304347826,355.9,-0.04877450122213567,-0.04760413040956102,0.010035587188611443,-2.110521941092357,-0.05706701657771288,,GES S'pore,Marsiling Lane,1.44536006142756,103.77556464561282
40199,461.7826086956522,494.65,0.06861261631047633,0.071021232619316,0.010035587188611443,2.1057443563500415,0.06037969969004295,,Aft Balmoral Rd,Stevens Rd,1.31258333303153,103.83191222199584
60061,468.8695652173913,446.6,-0.048555158936245846,-0.04739520681040075,0.010035587188611443,-2.1026436874386345,-0.056860168817287136,,Biotronik,Jln Kolam Ayer,1.32276521075674,103.87402134422791
95131,649.8260869565217,619.15,-0.04828107472474752,-0.04713407709265817,0.010035587188611443,-2.09279923390837,-0.05660163365173974,,Police Pass Off,Airline Rd,1.385586,103.999695
81181,2600.391304347826,2783.3,0.0679500763271026,0.0703118732450858,0.010035587188611443,2.0819474946387837,0.05967738842177896,,Dakota Stn Exit A/Blk 99,Old Airport Rd,1.30845544825732,103.88847214403829
22151,311.4347826086956,296.85,-0.047805747669617205,-0.046681046479264576,0.010035587188611443,-2.0757266156779095,-0.056153104293824155,,Hitachi,Pioneer Rd,1.32095233702714,103.69627164313702
17049,1793.086956521739,1918.75,0.06769873601867626,0.07004289453276426,0.010035587188611443,2.072919948057173,0.05941108224828044,,Blk 601,West Coast Rd,1.304845,103.764494
59329,299.6521739130435,320.7,0.06766540607527194,0.07000723065799005,0.010035587188611443,2.071722815696952,0.059375772725302665,,Naval Base Sec Sch,Yishun Ring Rd,1.41968029160119,103.83179596945222
47061,298.8695652173913,319.84999999999997,0.06762612669438273,0.06996520226185293,0.010035587188611443,2.0703119936808005,0.05933416191804971,,Aft Attap Valley Rd,Admiralty Rd West,1.45605441023441,103.79808423496016
92241,1477.2608695652173,1580.25,0.06734936480668186,0.06966911764705909,0.010035587188611443,2.060371364384698,0.059041019162933535,,Amber Gdns,Amber Rd,1.301778,103.901024
13119,1052.4347826086955,1125.8,0.06732571012393862,0.06964381526270202,0.010035587188611443,2.059521744394674,0.05901596817990087,,Great World Stn Exit 3,Kim Seng Rd,1.29425,103.832501
41071,1882.304347826087,2013.45,0.06731833944965437,0.06963593129559467,0.010035587188611443,2.059257007290405,0.05900816254690402,,Opp Natl JC,Bt Timah Rd,1.328988333013,103.80266277802423
04019,583.0434782608695,623.7,0.06729610536566089,0.06961214918484349,0.010035587188611443,2.0584584118314933,0.05898461673222894,,Opp Bencoolen Stn Exit B,Bencoolen St,1.29807216909408,103.84975607305783
20291,620.1304347826087,591.65,-0.04693709426025894,-0.045852582948341304,0.010035587188611443,-2.0445266495230356,-0.055332872272862134,,Opp Blk 501,West Coast Rd,1.31095062259154,103.75771430804498
67339,357.04347826086956,381.8,0.06685823289620796,0.06914389799635677,0.010035587188611443,2.0427310733097057,0.058521018028949504,,Opp Blk 200B,Sengkang East Ave,1.38648038153055,103.89269086108794
42019,1051.2173913043478,1123.8,0.06670550338046688,0.06898062063551177,0.010035587188611443,2.0372453920579714,0.058359362971527745,,Opp Sixth Ave Stn,Dunearn Rd,1.33170368135595,103.79657033601987
19091,432.5652173913043,462.45,0.06665627560754306,0.06892799839550763,0.010035587188611443,2.0354772474417686,0.058307263579514615,,S'pore Poly,Dover Ave,1.30739277801307,103.78208222199827
93071,502.3913043478261,537.05,0.06658368393660119,0.06885040594230453,0.010035587188611443,2.032869927131836,0.058230442075215876,,Crescendo Bldg,Upp East Coast Rd,1.31293014528666,103.92634861688488
14161,2292.1304347826085,2449.95,0.06655781834319452,0.06882275984983471,0.010035587188611443,2.0319408964848944,0.05820307067086093,,Telok Blangah Stn,Telok Blangah Rd,1.27075866533548,103.81009913005327
42039,668.0,713.8,0.06621872315704369,0.06846038863975995,0.010035587188611443,2.0197614032402846,0.0578442999357788,,Opp The Nexus,Dunearn Rd,1.33474752657285,103.7877986922408
64429,530.3913043478261,506.5,-0.046001958609768856,-0.044959908361970335,0.010035587188611443,-2.0109387992582666,-0.05444906718946336,,Blk 412,Hougang Ave 10,1.37481689904602,103.8952195672541
43641,1057.2608695652175,1129.4,0.06594468075794957,0.06816762530813515,0.010035587188611443,2.009918451512214,0.05755444546397777,,Opp HomeTeamNS,Bt Batok West Ave 7,1.36530401539571,103.75026447996078
03511,761.4347826086956,727.2,-0.04594123807725925,-0.04490191605839409,0.010035587188611443,-2.008757862029683,-0.05439165109015773,,Aft Bayfront Stn Exit E,Bayfront Ave,1.28194779470571,103.85897064872482
27371,310.7826086956522,332.0,0.06583631202701845,0.06805187561009601,0.010035587188611443,2.006026104229775,0.05743984584045231,,Opp Blk 755,Jurong West St 75,1.347539667,103.701155
51069,538.6521739130435,575.35,0.06579030540790054,0.06800273928456342,0.010035587188611443,2.004373655803377,0.057391197727300815,,Mt Alvernia Hosp,Thomson Rd,1.34125785266365,103.83660435635784
62019,622.9130434782609,595.0,-0.04577033819326726,-0.044738675958187715,0.010035587188611443,-2.002619544331303,-0.05423003292315754,,Aft Rochdale Rd,Upp Paya Lebar Rd,1.34215709944082,103.88405276089232
66471,354.7391304347826,339.05,-0.04510501693854607,-0.04410290882424795,0.010035587188611443,-1.9787227859627903,-0.0536005826918945,,Bef Yio Chu Kang Rd,Ang Mo Kio Ave 5,1.37895833299995,103.8743605559661
41101,365.9130434782609,390.5,0.06486063420204058,0.06701030927835012,0.010035587188611443,1.970982075403756,0.056408628381426885,,St. Margaret's Sec Sch,Farrer Rd,1.31908138967253,103.80921733406133
80199,388.1304347826087,371.15,-0.044617596533831794,-0.04363687150838002,0.010035587188611443,-1.9612158033544846,-0.05313917586447259,,Stadium Stn,Stadium Cres,1.30155838525089,103.87513532479657
84011,2749.0434782608695,2629.25,-0.04453782312391841,-0.04356057611737352,0.010035587188611443,-1.9583505320477212,-0.053063638534922776,,Chai Chee Ind Pk,New Upp Changi Rd,1.32257749632692,103.92233358172962
08138,2079.913043478261,2218.55,0.06449771202675159,0.06662313783665158,0.010035587188611443,1.9579467733328932,0.05602530382671864,,Concorde Hotel S'pore,Orchard Rd,1.3004785730821,103.84184700607595
40309,318.6521739130435,304.75,-0.04446567353909181,-0.043491566920566084,0.010035587188611443,-1.9557590904204547,-0.05299531500485834,,Opp Blk 451A,Bt Batok West Ave 6,1.35367643079374,103.74299081028306
44461,1099.2173913043478,1172.35,0.06435511664957616,0.06647105315155194,0.010035587188611443,1.9528250862551881,0.055874730236016794,,Blk 352,Choa Chu Kang Way,1.3825705560115,103.7430047219692
64081,491.2608695652174,469.95,-0.044256867398630106,-0.043291821232998386,0.010035587188611443,-1.9482592700719132,-0.052797553965444194,,Hougang 1/Opp Blk 931A,Hougang St 91,1.37602972196856,103.880089999971
02061,1594.2173913043478,1699.8500000000001,0.06411810366578052,0.0662183156173345,0.010035587188611443,1.9443121431261758,0.055624503870309316,,The Esplanade,Raffles Ave,1.2899155,103.8565215
11381,1272.608695652174,1356.9,0.06408502502159674,0.06618304714436982,0.010035587188611443,1.9431240368367577,0.05558958582047816,,Blk 10A,Holland Dr,1.30841137865065,103.79328294102335
46511,462.30434782608694,492.90000000000003,0.06394889069555898,0.06603791291291346,0.010035587188611443,1.938234415361568,0.05544589362458205,,Marsiling Pr Sch,Woodlands Ctr Rd,1.43438229479103,103.77255675974702
58269,533.5217391304348,510.7,-0.0436338857267593,-0.04269562388156859,0.010035587188611443,-1.925883248901588,-0.05220728035628427,,Opp Visionaire,Canberra Link,1.44702361616489,103.82761997468876
52419,489.4347826086956,468.5,-0.04362401047458242,-0.04268617021276578,0.010035587188611443,-1.9255285533114133,-0.05219792061795156,,Opp Blk 105,Jln Rajah,1.32803305599299,103.85391750002599
55011,420.4347826086957,402.45,-0.04361247426894277,-0.04267512637986184,0.010035587188611443,-1.9251142002200248,-0.052186986515189215,,Bef Lentor Stn Exit 5,Yio Chu Kang Rd,1.382262,103.835704
13079,420.2608695652174,447.9,0.06354786133203216,0.06561048611827863,0.010035587188611443,1.9238303936489374,0.055022713689086365,,Great World Stn Exit 4,River Valley Rd,1.29612213279141,103.83229211134126
27469,608.7826086956522,648.75,0.06348515905985241,0.0655436720142604,0.010035587188611443,1.9215782770409024,0.05495656344164389,,Blk 276B,Jurong West Ave 3,1.352945333,103.7048917
80071,2019.5217391304348,1933.5,-0.043506869602651044,-0.0425740230676536,0.010035587188611443,-1.9213211315707774,-0.05208688775283802,,Yi Xiu Fty Bldg,Sims Ave,1.31380009198455,103.87655394006379
44871,523.5652173913044,501.25,-0.043471758434938224,-0.04254040613344347,0.010035587188611443,-1.920060021866382,-0.05205360483227904,,Blk 810 CP,Choa Chu Kang Ave 7,1.37415475892549,103.74679713839167
66491,818.0,871.6,0.0633931768364393,0.06544566544566491,0.010035587188611443,1.918274494166834,0.054859530654048465,,Opp Blk 910,Buangkok Green,1.37936944398935,103.88260194401967
20169,315.6521739130435,302.2,-0.04341127452054927,-0.04248249347796276,0.010035587188611443,-1.9178875833983815,-0.051996267589695444,,Blk 35,West Coast Rd,1.319148,103.742719
44369,536.0869565217391,571.1,0.06315378966681884,0.06519064194932384,0.010035587188611443,1.9096762759251218,0.05460704103925092,,Dairy Farm Mall,Petir Rd,1.36578306,103.7753769
13141,688.3478260869565,733.25,0.06310359903543183,0.06513718070009503,0.010035587188611443,1.9078735477211042,0.05455411097430377,,Aft Zion Full Gospel Ch,Hoot Kiam Rd,1.29763682834545,103.82997986347917
28471,597.0869565217391,571.85,-0.04311225328337276,-0.042196132596685594,0.010035587188611443,-1.9071474511672906,-0.05171275195429665,,Opp Blk 311,Jurong East St 32,1.34811145616559,103.73224640616968
84679,818.0434782608696,783.5,-0.04309059728052578,-0.04217539016880803,0.010035587188611443,-1.9063696190093822,-0.051692215620586575,,Opp Blk 156,Bedok Sth Ave 3,1.31804305599346,103.94476555602924
84309,453.5217391304348,483.05,0.06294246382236324,0.0649655634207004,0.010035587188611443,1.902085953797064,0.05438419886271935,,Blk 423,Bedok Nth Ave 1,1.32802803259661,103.92687404688121
58059,904.0,866.1,-0.042780633316811034,-0.041878453038673734,0.010035587188611443,-1.8952364500458538,-0.051398228820615684,,Opp Blk 592C,Sembawang Rd,1.45079007708143,103.82866296034206
58011,1200.8695652173913,1150.55,-0.04276945447079594,-0.04186774228556969,0.010035587188611443,-1.894834932462933,-0.05138762448821404,,Opp Sembawang Shop Ctr,Sembawang Rd,1.44135611418225,103.82418746836298
10279,575.8260869565217,613.15,0.06269838599733646,0.0647056606617926,0.010035587188611443,1.8933192583602538,0.05412687846509729,,Tanglin View,Alexandra Rd,1.29151373164978,103.81757660887743
59521,629.8695652173913,670.6,0.06256379525430145,0.06456237077877275,0.010035587188611443,1.8884850787182792,0.05398501229242245,,Yishun Emerald,Yishun Ave 2,1.44003661278482,103.83171080846517
80231,512.5652173913044,545.7,0.06252317896629034,0.06451913308499868,0.010035587188611443,1.8870262381753986,0.05394220420296252,,Opp Blk 53,Sims Dr,1.31856503177728,103.88010860959606
80119,583.3913043478261,559.05,-0.042544734684250685,-0.041652406814969664,0.010035587188611443,-1.8867635317650158,-0.05117442856390071,,Aft Geylang Rd,Sims Way,1.30992065473549,103.87599804972949
21491,360.8695652173913,384.15000000000003,0.06234903898202937,0.06433377387961071,0.010035587188611443,1.8807715437752854,0.05375868670344165,,Bef Intl Rd,Quality Rd,1.3268635454851,103.71082676692178
48131,1635.0,1740.15,0.062291576274978944,0.06427261613691995,0.010035587188611443,1.878707619895144,0.05369813661642838,,S'pore Zoo,Mandai Lake Rd,1.40462388269986,103.78935694475769
21619,540.695652173913,518.25,-0.04231885361349175,-0.04143590978409172,0.010035587188611443,-1.8786504204978742,-0.050960082620427026,,Aft Corp Rd,Corporation Dr,1.33793509893342,103.71816213921478
12201,304.60869565217394,291.95,-0.04230356525595802,-0.04142125480153649,0.010035587188611443,-1.8781012990272425,-0.050945573247944395,,Bet Clementi Loop,Clementi Ave 6,1.32670826856501,103.76399509585458
70261,825.4782608695652,791.25,-0.04229661570597365,-0.041414593087484845,0.010035587188611443,-1.8778516877070452,-0.05093897772384985,,Opp Orion @ Paya Lebar,Paya Lebar Rd,1.328998,103.889692
63041,902.1304347826087,864.8,-0.04221305402718034,-0.041334488734835986,0.010035587188611443,-1.8748503507847372,-0.05085966927802388,,Opp Glad Tidings Ch,Upp S'goon Rd,1.36259166703136,103.88754805602413
20021,771.8260869565217,821.4,0.06217285595860833,0.06414627285513319,0.010035587188611443,1.8744434682637177,0.05357304866567762,,NEWest,AYE,1.31675923723731,103.75788959223745
01129,331.7391304347826,353.05,0.06207935521701202,0.06404677904089949,0.010035587188611443,1.8710851438251876,0.05347454340953051,,Bef Jln Pisang,Victoria St,1.30350269187301,103.85864530718491
66579,1351.5652173913043,1295.85,-0.042064703315936924,-0.041192259474750165,0.010035587188611443,-1.8695219457845593,-0.05071885319006631,,Blk 998B,Buangkok Cres,1.38402973472559,103.88070409002009
59069,2947.0,2825.6,-0.04205239837517638,-0.04118046132971466,0.010035587188611443,-1.8690799815544872,-0.05070717226992334,,Opp Blk 757,Yishun Ave 2,1.4259095,103.835307
59081,483.9130434782609,463.95,-0.04203971014118135,-0.04116829552586789,0.010035587188611443,-1.8686242503423085,-0.050695127343981045,,Blk 774,Yishun Ring Rd,1.42371474872973,103.83164666791833
10041,2015.8260869565217,1933.05,-0.041908781782643345,-0.04104274904606897,0.010035587188611443,-1.8639216148480013,-0.0505708282782933,,Bef Kampong Bahru Ter,Kg Bahru Rd,1.27605834770353,103.83519065305671
90061,466.04347826086956,495.85,0.06186581514111733,0.06381958666914905,0.010035587188611443,1.8634152917658426,0.05324960839275273,,Dunman High Sch,Tg Rhu Rd,1.2981225,103.8824094
55151,508.60869565217394,487.9,-0.04148519820943086,-0.040636464465489436,0.010035587188611443,-1.848707499522358,-0.050168580490459996,,Ang Mo Kio Community Hosp,Ang Mo Kio Ave 9,1.3833944010563,103.8403312479222
17159,3596.217391304348,3823.5,0.06126714005506706,0.06318289499129694,0.010035587188611443,1.8419123053948643,0.052619242803729954,,Blk 365,C'wealth Ave West,1.31197556,103.7698144
16031,531.1304347826087,564.75,0.06126364706045795,0.06317918130566218,0.010035587188611443,1.8417868453294235,0.052615566016810895,,Opp S'pore Science Pk II,Pasir Panjang Rd,1.28800629048399,103.77846479413628
13101,510.95652173913044,543.3,0.06126086248468532,0.06317622080679383,0.010035587188611443,1.8416868299850688,0.05261263493308879,,Opp Mohd Sultan Rd,River Valley Rd,1.29414162678811,103.84231209757696
44079,1033.2173913043478,1098.55,0.0612560081654987,0.06317105982259295,0.010035587188611443,1.8415124743759206,0.05260752522778103,,Opp Blk 464,Choa Chu Kang Ave 3,1.37657500784909,103.73634658951725
41051,1768.608695652174,1880.2,0.06115142484662428,0.0630598756787302,0.010035587188611443,1.8377560900987244,0.05249744579565703,,Tan Kah Kee Stn,Bt Timah Rd,1.32612500001248,103.80715333299845
82081,606.6086956521739,644.8,0.06095877623002455,0.06285509838998203,0.010035587188611443,1.8308366096097968,0.05229470314842205,,Aft Dunman Rd,Tg Katong Rd,1.31037284851913,103.89412794527634
59039,1091.8695652173913,1048.05,-0.04092187286354232,-0.04009587842138706,0.010035587188611443,-1.828474191811185,-0.04963336564163762,,Yishun Sports Hall,Yishun Ave 2,1.41342871609658,103.83156300557019
73041,462.95652173913044,444.45,-0.04070583752076207,-0.0398884828038606,0.010035587188611443,-1.8207147156951817,-0.04942803068101139,,ST Aero,Airport Rd,1.35049911274132,103.89882183551578
95061,579.8695652173913,556.75,-0.04061539784884527,-0.03980164670658695,0.010035587188611443,-1.817466337605068,-0.049342057376332744,,Airline Hse,Airline Rd,1.378238,103.996862
09141,336.0,357.0,0.06045005604833875,0.06231454005934737,0.010035587188611443,1.8125645896304774,0.05175951573770983,,British Council,Napier Rd,1.30543500002797,103.82177666702269
61089,339.60869565217394,326.15,-0.040315516980879096,-0.03951365841204997,0.010035587188611443,-1.80669532947888,-0.049056930497448616,,Bet Blks 138/144,Potong Pasir Ave 3,1.3330716590648,103.86530804883829
05241,283.9130434782609,301.6,0.06022777824390779,0.06207843735693514,0.010035587188611443,1.8045808991268633,0.05152575892220059,,Opp Blk 333,Kreta Ayer Rd,1.28071988238536,103.84227488654868
65261,1294.4782608695652,1374.85,0.060191781556165225,0.06204020673915942,0.010035587188611443,1.803287983647391,0.051487908159058536,,Blk 649,Punggol Ctrl,1.3968515,103.914998
55081,768.4782608695652,738.15,-0.04021182455104633,-0.03941405808565884,0.010035587188611443,-1.8029709438189088,-0.048958319787435554,,Opp Sunrise Gdns,Yio Chu Kang Rd,1.39177133420779,103.8559732827973
52439,632.9130434782609,607.9499999999999,-0.04017562710038014,-0.03937928669410169,0.010035587188611443,-1.8016708174123226,-0.04892389388007329,,Opp Blk 5,Lor 7 Toa Payoh,1.33825111098581,103.85541166702772
64521,358.7391304347826,381.0,0.0600414775143685,0.06188058979937199,0.010035587188611443,1.7978894196557262,0.05132987715320882,,Blk 834,Hougang Ave 4,1.36983992146019,103.88956725593734
84461,384.7826086956522,369.65,-0.04001579980345937,-0.03922574101205911,0.010035587188611443,-1.7959302007281184,-0.04877187380871128,,Opp Blk 701,Bedok Reservoir Rd,1.33807138901241,103.91939027798064
76259,386.7826086956522,410.75,0.05997147332069197,0.061806256306760794,0.010035587188611443,1.7953750353801603,0.05125628222887738,,Opp Blk 487B,Tampines St 45,1.35967015846114,103.95842446373796
43609,668.4782608695652,642.25,-0.03996524274699187,-0.03917716586569708,0.010035587188611443,-1.7941143114059992,-0.04872378129892433,,Blk 531,Bt Batok West Ave 5,1.3566605,103.750018
43141,730.695652173913,702.05,-0.03993663874709874,-0.03914968209638119,0.010035587188611443,-1.7930869237057439,-0.048696570604900784,,Opp Blk 291A,Bt Batok East Ave 6,1.34421891680123,103.75586020801809
76369,605.9130434782609,582.2,-0.03985534388916001,-0.039071566731141094,0.010035587188611443,-1.7901670056015513,-0.04861923138415358,,Blk 496F,Tampines Ave 9,1.36025642698418,103.95022273065783
17031,864.304347826087,917.65,0.059823908819786276,0.06164958295648701,0.010035587188611443,1.790074869186926,0.05110116556540428,,Kent Ridge Sec Sch,West Coast Rd,1.30172305827699,103.76567633935802
59031,651.7391304347826,626.25,-0.03983237023662323,-0.03904949044161693,0.010035587188611443,-1.7893418465981106,-0.04859737444187929,,Opp Yishun Sports Hall,Yishun Ave 2,1.41277747172151,103.83083958669692
50111,511.5652173913044,491.55,-0.03983197806129013,-0.03904911358045685,0.010035587188611443,-1.7893277605921298,-0.04859700132516454,,Revival Ctr Ch,Moulmein Rd,1.31875833024702,103.8465549576423
93131,492.82608695652175,523.25,0.0597852652738009,0.06160855784469068,0.010035587188611443,1.788686884849492,0.05106054807398448,,Opp Eastern Lagoon II,Bedok Sth Ave 1,1.31277833350682,103.93415826027375
78219,401.0869565217391,385.4,-0.03979527264464622,-0.03901384083044996,0.010035587188611443,-1.7880093892547784,-0.04856207904078733,,Opp Blk 204,Pasir Ris St 21,1.36725694472542,103.96327818546209
10281,726.695652173913,771.5,0.05974910818741286,0.061570173866284994,0.010035587188611443,1.787388208231853,0.05102254547398449,,SIS Bldg,Alexandra Rd,1.29153833298318,103.81445166697797
14189,357.6086956521739,343.65,-0.03970240043598494,-0.0389245877788551,0.010035587188611443,-1.784673640225599,-0.04847371279634313,,Aft Alexandra Rd,Telok Blangah Rd,1.27269303340787,103.80398363214624
43731,475.1304347826087,456.6,-0.039696399281021755,-0.038918820199069004,0.010035587188611443,-1.7844580930007514,-0.04846800252250798,,Opp Blk 217,Bt Batok St 21,1.34630310628015,103.75421605015862
55021,1366.2173913043478,1313.05,-0.03966360203008534,-0.03888729886154101,0.010035587188611443,-1.7832800936880624,-0.04843679437704479,,Opp Seasons Pk,Yio Chu Kang Rd,1.3857011784032,103.83872706499656
83299,568.4782608695652,546.45,-0.03944947652941533,-0.038681478088257774,0.010035587188611443,-1.7755892145620191,-0.04823301861320647,,Aft Lor G Telok Kurau,Still Rd,1.31574389673514,103.90586328314893
40071,372.7391304347826,395.6,0.05937017425244395,0.06116798510935291,0.010035587188611443,1.773777801804395,0.05062435281420746,,Leng Kwang Baptist Ch,Bt Timah Rd,1.31918027796911,103.829213610999
46171,1114.0,1071.0,-0.03932834226347204,-0.03856502242152486,0.010035587188611443,-1.7712383595985668,-0.04811772003540381,,Opp Blk 19,Marsiling Lane,1.44412876526641,103.77800011395242
58529,576.8260869565217,554.55,-0.039314321748123326,-0.03855154251316752,0.010035587188611443,-1.7707347760062606,-0.048104374061728905,,Blk 108 CP,Canberra st,1.44801889,103.832461
30029,442.5217391304348,425.45,-0.03925169098825165,-0.03849132437996364,0.010035587188611443,-1.7684852279503867,-0.04804475424836025,,Keat Hong Camp,Old Choa Chu Kang Rd,1.37415602765485,103.71709630730658
40111,666.1739130434783,706.8,0.05911081678667607,0.060892798957315,0.010035587188611443,1.7644622979834295,0.05035190087733672,,Ferrell Residences,Bt Timah Rd,1.31806499998598,103.83262555597635
20129,519.7826086956521,499.8,-0.039125877109369434,-0.03837034563366189,0.010035587188611443,-1.7639662924110227,-0.0479249775317413,,Bet Blks 50/51,West Coast Rd,1.32034555007728,103.73754105423453
52069,415.47826086956525,399.55,-0.03899566279261624,-0.03824511953231029,0.010035587188611443,-1.759289303600743,-0.04780099566126071,,Opp BCA Acad,Braddell Rd,1.34314389988912,103.85856611406128
44141,2611.782608695652,2770.4,0.05893682066482153,0.06070822378274096,0.010035587188611443,1.7582127707790736,0.050169159618597726,,Phoenix Stn,Choa Chu Kang Rd,1.37835602806756,103.75773677895589
40481,399.69565217391306,384.40000000000003,-0.03892041102625665,-0.03817274305555544,0.010035587188611443,-1.7565864389849835,-0.047729338308121004,,Bef Blk 113,Plantation Cres,1.352848,103.735005
20179,411.39130434782606,395.65,-0.03891838669195291,-0.038170795993674185,0.010035587188611443,-1.7565137297075173,-0.04772741059200293,,Blk 31,West Coast Rd,1.32000211967899,103.73910069465363
20319,607.695652173913,584.55,-0.03876681618009936,-0.038024999999999684,0.010035587188611443,-1.751069677121111,-0.04758306320907524,,Blk T Pandan Light Ind Pk,Pandan Loop,1.31259468493848,103.75284421307401
75591,348.6521739130435,335.4,-0.03863794342927651,-0.03790101964685388,0.010035587188611443,-1.7464408741708883,-0.04746031470920219,,Bef Blk 631B,Tampines Ave 12,1.362079,103.942426
44139,864.0434782608695,916.15,0.058491266206268655,0.06023572577402472,0.010035587188611443,1.74220951346466,0.04970135629096309,,Opp Blk 26,Choa Chu Kang Rd,1.37680960030968,103.75536565517723
41021,1717.1739130434783,1820.5,0.05839828908400513,0.06013715268991313,0.010035587188611443,1.7388699961882095,0.049603762616678836,,Botanic Gdns Stn,Bt Timah Rd,1.32264999998361,103.81554000003177
46289,747.7826086956522,792.8,0.05838284102200397,0.06012077575194496,0.010035587188611443,1.7383151385126374,0.049587548397916736,,Blk 891C CP,Woodlands Ave 7,1.43872239825648,103.79091198323174
90011,315.82608695652175,303.9,-0.03836914774692346,-0.03764237683546047,0.010035587188611443,-1.7367863720396102,-0.0472042417404137,,Bef Tg Rhu View,Tg Rhu Rd,1.29711286404721,103.86924820515104
58069,675.4782608695652,650.0500000000001,-0.038313868211075075,-0.037589176682305436,0.010035587188611443,-1.7348008624808544,-0.04715157017732243,,Blk 101A,Sembawang Rd,1.452187,103.830428
65209,500.6521739130435,481.8,-0.038304509664308206,-0.037580169873461224,0.010035587188611443,-1.7344647257210841,-0.04714265285900369,,Blk 201A,Punggol Field,1.40040560689368,103.90387509832152
11269,886.0434782608695,939.25,0.058251799037131846,0.059981864523086605,0.010035587188611443,1.7336084218304357,0.04945001737364361,,Opp Holland Village,Holland Rd,1.31256112590195,103.79453796697418
44281,2282.130434782609,2196.6,-0.0381816431796036,-0.037461913467397884,0.010035587188611443,-1.7300516535762522,-0.04702557143379124,,Blk 8,Teck Whye Ave,1.38104915821148,103.75422740795686
23189,366.6521739130435,388.6,0.057983260147455695,0.05969725638599761,0.010035587188611443,1.7239631430818574,0.04916823706738609,,Bef First Lok Yang Rd,Intl Rd,1.32764459746447,103.69397532297509
70129,457.6521739130435,485.0,0.05791649214783412,0.05962650488197872,0.010035587188611443,1.7215649952061003,0.04909818854145662,,Opp Jln Muhibbah,MacPherson Rd,1.33157543468156,103.88058185579888
44119,359.2173913043478,345.84999999999997,-0.03781530410020295,-0.03710923355461645,0.010035587188611443,-1.7168936244297923,-0.04667639570448539,,Blk 204,Choa Chu Kang Ave 1,1.38048445565999,103.74930565785152
54247,1030.3478260869565,992.1999999999999,-0.037689741175875646,-0.0369883225833651,0.010035587188611443,-1.7123837025816606,-0.046556686089512425,,Blk 322,Ang Mo Kio Ave 3,1.36873836498602,103.84719306132868
93099,321.1304347826087,340.2,0.057512275130016555,0.05919827237143985,0.010035587188611443,1.707046480526639,0.048674210895549255,,Siglap Sth CC,Upp East Coast Rd,1.31390444400831,103.93171138898548
18119,717.0,759.45,0.05744079427015425,0.05912256267409544,0.010035587188611443,1.7044790579109,0.04859925344028262,,Opp Fairfield Meth Pr Sch,Dover Rd,1.30004638896912,103.78466749999943
11101,960.6086956521739,1017.45,0.0574295360205781,0.0591106388750738,0.010035587188611443,1.7040746883407645,0.0485874481146358,,Empress Rd Mkt/FC,Farrer Rd,1.31614971080385,103.80596012189226
17169,1162.7391304347825,1231.5,0.05740641748967512,0.05908615407606668,0.010035587188611443,1.7032443256507057,0.04856320659352734,,Blk 329,C'wealth Ave West,1.31284527799656,103.76679666702314
24709,967.1304347826086,931.65,-0.03733682838473573,-0.03664840346701361,0.010035587188611443,-1.6997079138026563,-0.04622014436696021,,Tuas Cres Stn Exit A,Pioneer Rd,1.32089,103.649026
53351,343.39130434782606,363.65,0.05715946589511223,0.05882464335311215,0.010035587188611443,1.6943744112415209,0.048304294208388075,,Ai Tong Sch,Sin Ming Ave,1.36080972198475,103.83211750001261
21559,577.1304347826087,556.05,-0.037144506422229995,-0.036463111980145284,0.010035587188611443,-1.6928001659525087,-0.04603669391311622,,CISCO Recall,Yung Ho Rd,1.326626598883,103.72063909698713
21069,331.9130434782609,351.45,0.057027443035910785,0.058684863523573126,0.010035587188611443,1.6896324638844067,0.048165903213741965,,Bef Jln Tepong,Jurong Port Rd,1.31237305598007,103.7191852779968
82071,1630.3478260869565,1725.95,0.056950286499916736,0.05860318221795814,0.010035587188611443,1.6868611844699621,0.048085033483357166,,Opp Tg Katong Girls' Sch,Tg Katong Rd,1.307258,103.895454
43311,696.0434782608696,670.75,-0.036961540459841125,-0.03628680139720566,0.010035587188611443,-1.6862284633925155,-0.04586213513006347,,Midview Bldg,Bt Batok St 23,1.339803833761,103.75695468286781
59771,335.69565217391306,355.4,0.056874282569390644,0.0585227272727269,0.010035587188611443,1.6841313039048202,0.04800537792839283,,Blk 469B,Yishun Ave 1,1.423939,103.852066
10179,334.04347826086956,353.65,0.05687107839114258,0.058519335582662896,0.010035587188611443,1.6840162174367115,0.048002019937736826,,Tiong Bahru Pk,Tiong Bahru Rd,1.28722333302937,103.82395833301354
59621,847.7391304347826,817.05,-0.0368284128048586,-0.03615849597868972,0.010035587188611443,-1.681446834396434,-0.045735104538128506,,Bet Blks 318A/318B,Yishun Ave 6,1.43416283001882,103.84410555917717
28699,303.8695652173913,292.84999999999997,-0.0368145970533158,-0.03614517969195648,0.010035587188611443,-1.6809506054334258,-0.04572192056035372,,Opp Uni-Tech Ctr,Toh Guan Rd East,1.33566850623054,103.75723501585756
46079,1129.391304347826,1195.3999999999999,0.05675318795944939,0.05839455363667872,0.010035587188611443,1.6797818732907208,0.047878477809551526,,Opp Blk 137,Marsiling Rd,1.43886731397133,103.77691747568024
65179,1204.0,1274.25,0.05666267087828025,0.05829875518672166,0.010035587188611443,1.676530714844222,0.04778363120100409,,Coral Edge Stn Exit A,Punggol Field,1.39429582834351,103.91190241454986
44121,1640.4782608695652,1736.1,0.05661984170834877,0.05825343010012234,0.010035587188611443,1.6749923928415595,0.0477387564587928,,Blk 113,Choa Chu Kang Way,1.377619,103.750861
28679,701.2608695652174,676.1,-0.036485971571924125,-0.035828380386329954,0.010035587188611443,-1.66914715910306,-0.045408268932980556,,Bef Toh Guan Rd East,Toh Guan Rd East,1.33661449274468,103.75110456918219
63311,928.4782608695652,982.45,0.056443378791160015,0.05806670408831479,0.010035587188611443,1.6686542642110083,0.047553885733269845,,Blk 634,Hougang Ave 2,1.36990463865149,103.87780647158901
14141,7714.695652173913,8162.45,0.056410223206556864,0.058031623849747735,0.010035587188611443,1.6674633944045714,0.04751915404756291,,HarbourFront Stn/Vivocity,Telok Blangah Rd,1.26552421466644,103.82211326846237
53421,339.5217391304348,359.25,0.056319266598434226,0.05793539325842631,0.010035587188611443,1.6641964491944157,0.04742387959135363,,Blk 151A Mkt,Bishan St 11,1.345658889,103.8553811
92069,1124.8260869565217,1084.65,-0.036338179749662025,-0.035685873175253034,0.010035587188611443,-1.6638388280669207,-0.04526717765571816,,Tao Nan Sch,Marine Parade Rd,1.30566306799291,103.9110051545323
84611,325.82608695652175,344.75,0.056287785296548876,0.057902088599175706,0.010035587188611443,1.663065715644357,0.04739090584302926,,Opp Waterfront Isle,Bedok Reservoir Rd,1.33922469822607,103.92795482353951
10339,738.6521739130435,781.4,0.0561860782762329,0.057794498001410545,0.010035587188611443,1.6594126411760073,0.04728438425197856,,Aft Bt Merah Ctrl,Henderson Rd,1.28115835063292,103.81857250844851
27441,341.30434782608694,361.05,0.056082076579512474,0.057684491299377846,0.010035587188611443,1.6556771473843879,0.04717547056276996,,Bet Blks 757/758,Jurong West Ave 5,1.35032868767666,103.70079327483805
21391,490.8695652173913,519.1,0.05580753078170986,0.05739414832493611,0.010035587188611443,1.6458161147710093,0.04688801239978592,,River Valley High Sch,Boon Lay Ave,1.34485064221938,103.70847936082643
76559,319.47826086956525,308.2,-0.03582612854687195,-0.0351919685253016,0.010035587188611443,-1.6454471657255327,-0.0447781803805566,,Aft Tampines Stn Exit E,Tampines Ctrl 1,1.355625,103.943569
56059,957.7826086956521,924.0500000000001,-0.03581657367481306,-0.035182749863957974,0.010035587188611443,-1.6451039774278298,-0.04476905331467836,,Bef Tagore Rd,Upp Thomson Rd,1.38268805765919,103.82604547355085
40349,450.17391304347825,434.34999999999997,-0.03570257640150398,-0.035072757058880084,0.010035587188611443,-1.6410094662791097,-0.04466015338434616,,Blk 461,Bt Batok West Ave 8,1.35497444398167,103.73939913984925
32089,405.6521739130435,391.4,-0.03567648281419267,-0.03504757831711692,0.010035587188611443,-1.6400722466329292,-0.04463522481541004,,Aft Sg Gedong Camp,Lim Chu Kang Rd,1.41681891211204,103.7010851003633
50199,971.4782608695652,1027.05,0.05557136158348985,0.05714445388295234,0.010035587188611443,1.6373334784146616,0.04664079889052851,,Opp Shaw Plaza,Balestier Rd,1.32496824756028,103.85050892832005
28081,420.0,444.05,0.05555380172255919,0.05712589073634215,0.010035587188611443,1.6367027699401209,0.04662242018501987,,Blk 112,Boon Lay Way,1.33950830792818,103.73664764665054
15159,982.5652173913044,948.25,-0.03551174805026491,-0.03488860401379182,0.010035587188611443,-1.634155365396172,-0.04447783006086719,,Mapletree Business City,Pasir Panjang Rd,1.27426303773784,103.79839350407595
12031,992.9565217391305,958.35,-0.0354374931907131,-0.034816937141857185,0.010035587188611443,-1.6314883073038506,-0.044406875262003,,Pandan Valley Condo,Ulu Pandan Rd,1.3208008510991,103.7796285552172
04249,1288.0434782608695,1361.45,0.05538409602034111,0.05694650566648698,0.010035587188611443,1.6306073444131493,0.046444817462768774,,Opp The Treasury,Nth Bridge Rd,1.29043039362749,103.85026216508201
61011,368.3478260869565,389.3,0.05517685600968658,0.05672748675691584,0.010035587188611443,1.6231637757254562,0.04622797469767297,,Blk 103,Upp S'goon Rd,1.3333927981396,103.86946402615806
52489,448.2173913043478,473.70000000000005,0.055176087270690566,0.05672667440960085,0.010035587188611443,1.6231361644475872,0.04622717042173924,,Opp Toa Payoh Polyclinic,Lor 8 Toa Payoh,1.33536277799489,103.85871194397946
95069,1729.2608695652175,1669.55,-0.03511927527288172,-0.034509749723590256,0.010035587188611443,-1.620058675923542,-0.04410274001947956,,Opp Airline Hse,Airline Rd,1.378218,103.996517
80069,4495.565217391304,4340.599999999999,-0.035070876534732065,-0.03446302008296239,0.010035587188611443,-1.6183203082662694,-0.04405647467871275,,Opp Mohd Salleh Mque,Geylang Rd,1.31214703288286,103.87715016317217
46111,940.8695652173914,908.4499999999999,-0.035026778004292325,-0.03442044038221861,0.010035587188611443,-1.616736393850719,-0.04401431804454673,,Blk 23,Admiralty Rd,1.44132222201705,103.77372416702165
21389,460.2608695652174,444.4,-0.034991005706855205,-0.03438589876519994,0.010035587188611443,-1.6154515379377667,-0.04398011962871188,,Opp St. Joseph's Hme,Jurong West Ave 2,1.350059,103.709927
45319,650.6521739130435,687.4499999999999,0.05493174990595229,0.05646850813984436,0.010035587188611443,1.6143601469611226,0.045971569259729624,,Blk 530,Choa Chu Kang Nth 5,1.39292754317447,103.74210769996479
75179,454.1304347826087,479.8,0.054867335500111025,0.05640045854031333,0.010035587188611443,1.612046534580762,0.04590419579250313,,Blk 871C,Tampines Ave 5,1.357,103.9317
84269,1147.5652173913043,1212.25,0.05478918292613777,0.0563179013514023,0.010035587188611443,1.6092394798491363,0.0458224588814891,,Blk 95,Bedok Nth Ave 4,1.33402333297056,103.94185027798375
96049,477.60869565217394,461.25,-0.03477747397674147,-0.03417968750000048,0.010035587188611443,-1.6077819856390403,-0.043775957252836145,,Upp Changi Stn/SUTD,Upp Changi Rd East,1.3408744614671,103.96143293297968
28251,311.47826086956525,300.8,-0.03477035520554406,-0.03417281202170552,0.010035587188611443,-1.6075262962950156,-0.04376915008843307,,S'pore Science Ctr,Jurong Town Hall Rd,1.33382805600325,103.7369883329766
42221,452.69565217391306,478.2,0.05469144321908814,0.056214662194537586,0.010035587188611443,1.6057289018452021,0.045720245495966656,,Forett @ Bt Timah,Toh Tuck Rd,1.339618,103.767643
70349,301.8695652173913,318.85,0.054549900899349524,0.056065173700832305,0.010035587188611443,1.6006450380880912,0.045572242301226376,,Bef Lor Bakar Batu,Tannery Rd,1.32598493140196,103.87447469442839
67401,4209.95652173913,4066.9,-0.0345629284211455,-0.03397245281460385,0.010035587188611443,-1.6000760191382952,-0.043570781625338256,,Opp Sengkang Stn/Blk 260A,Sengkang East Way,1.39290842289238,103.89531738456282
50189,1061.695652173913,1121.25,0.05452685059324569,0.056040831355863234,0.010035587188611443,1.5998171258706853,0.04554814181875047,,Opp Public Mansion,Balestier Rd,1.32606229603246,103.84849190712964
14139,536.304347826087,566.4,0.05449983268297576,0.056012299724874516,0.010035587188611443,1.5988467067404362,0.04551989367447655,,Bef Seah Im Rd,Telok Blangah Rd,1.2686352773503,103.81546952380809
55181,752.9565217391304,727.5,-0.03434707723414032,-0.03376391211579517,0.010035587188611443,-1.5923231574600958,-0.04336431296081414,,Opp Yio Chu Kang Stn,Ang Mo Kio Ave 6,1.38143251435794,103.84389230276943
40041,1629.9565217391305,1720.75,0.05417454958453494,0.05566885263382368,0.010035587188611443,1.5871633108626675,0.04517985903074008,,Newton Stn Exit C,Bt Timah Rd,1.3137222313328,103.83809742560602
65451,680.6521739130435,657.75,-0.0341754189639456,-0.033598035463706995,0.010035587188611443,-1.5861576003315787,-0.04320008443838168,,Blk 322 CP,Sumang Walk,1.41068999997892,103.89759188105812
75419,682.4347826086956,720.4,0.054062533670349744,0.055550607545008575,0.010035587188611443,1.5831399654250813,0.04506278881032909,,The Alps Residences Condo,Tampines Ave 10,1.35557389,103.92911
20031,566.3478260869565,597.85,0.054038583860418044,0.05552532761131059,0.010035587188611443,1.582279745167802,0.045037760054888555,,The Infiniti,AYE,1.32055987103977,103.75464677812963
45029,307.5652173913044,297.25,-0.03400116161780797,-0.03342961814851369,0.010035587188611443,-1.5798986905717602,-0.04303334049655476,,Opp Heavy Veh Pk,Woodlands Rd,1.39303959514259,103.75414864750223
54439,779.0,822.2,0.05390526483620217,0.05538461538461511,0.010035587188611443,1.5774912426436376,0.044898445927267425,,Blk 549,Ang Mo Kio St 54,1.37328474238491,103.85715387505564
98049,349.7391304347826,369.15,0.05386559988128248,0.05534275443163483,0.010035587188611443,1.5760665717246076,0.04485700089947708,,Loyang Valley,Loyang Ave,1.368333,103.969362
65011,819.2608695652174,864.65,0.053858246544435495,0.055334994169404426,0.010035587188611443,1.5758024573398834,0.044849317742240984,,Blk 266/Opp The Rivervale,Punggol Rd,1.38159696830765,103.89720951783346
11079,344.30434782608694,332.8,-0.033884184534311856,-0.03331654495089347,0.010035587188611443,-1.5756971517224843,-0.042921390780075015,,Opp Blk 95,Queensway,1.305441389003,103.80185250000659
10241,848.1739130434783,895.1,0.05378800398243211,0.055260867339101856,0.010035587188611443,1.5732795114404867,0.04477592742684735,,Gan Eng Seng Sec Sch,Alexandra Rd,1.2906166672167,103.82362326803131
76529,563.7826086956521,545.05,-0.03373034709175737,-0.033167821401077026,0.010035587188611443,-1.5701716763725422,-0.04277414492883682,,Blk 519A,Tampines Concourse,1.35741,103.940604
62011,696.7391304347826,673.6,-0.03372537164501743,-0.03316301096709892,0.010035587188611443,-1.5699929701495319,-0.04276938229072871,,Aft Bartley Rd,Upp Paya Lebar Rd,1.3421349999944,103.88345100001618
64029,857.4347826086956,904.65,0.053542207162960764,0.05500151944894633,0.010035587188611443,1.564451073808328,0.044519156384871084,,Opp Blk 458,Hougang Ave 10,1.37781617357511,103.89688283812272
92169,488.7826086956522,515.65,0.053404025723168935,0.054855747891700085,0.010035587188611443,1.5594879248719509,0.04437483319557437,,Bef Katong PO,Tg Katong Rd,1.303782,103.8967661
78211,466.82608695652175,451.45,-0.0334193579894837,-0.032867100371747435,0.010035587188611443,-1.559001686868165,-0.042476411826019494,,Blk 204,Pasir Ris St 21,1.36790255939851,103.96243675215658
26461,291.7826086956522,307.75,0.05310150415031689,0.05453667953667958,0.010035587188611443,1.5486220689017591,0.04405893506379803,,Aft Tuas Sth Ave 8,Tuas Sth Ave 5,1.29946472196917,103.62876777798095
81051,656.8260869565217,692.7,0.05309899953800379,0.05453403833443499,0.010035587188611443,1.5485321091795523,0.04405632010420838,,Sims Ville,Sims Ave,1.31662343087312,103.89033436777706
84109,1257.9565217391303,1326.4,0.05293892122794208,0.05436524381820677,0.010035587188611443,1.542782476699845,0.04388920270916882,,Bef Bedok View Sec Sch,Bedok Sth Ave 3,1.32350836424044,103.9441209521673
13059,663.9565217391305,700.1,0.05292887253790113,0.05435464888191438,0.010035587188611443,1.542421551633759,0.04387871304283749,,Valley Pt,River Valley Rd,1.29328273601932,103.82663492676832
52171,1760.0434782608695,1702.95,-0.03295743348484503,-0.03242025478965026,0.010035587188611443,-1.5424104564009062,-0.042034006045703426,,Braddell Stn/Blk 107,Lor 1 Toa Payoh,1.3409498853794,103.8477798112237
21419,523.695652173913,506.70000000000005,-0.03292766239645317,-0.032391448458733645,0.010035587188611443,-1.541341149655301,-0.04200548593088569,,Blk 188,Boon Lay Dr,1.34388060681347,103.71057645840757
99181,502.17391304347825,529.5,0.05288409613510936,0.05430743973040656,0.010035587188611443,1.540813289654252,0.04383197295555082,,Bef S'pore Aviation Ac,Telok Paku Rd,1.387793,103.988393
59631,287.39130434782606,303.05,0.0528739079697127,0.05429669832654935,0.010035587188611443,1.5404473549648445,0.04382133827693805,,Opp Blk 445,Yishun Ring Rd,1.42333778088573,103.84397389045573
81031,1228.086956521739,1294.8,0.05285668307014024,0.054278538328203625,0.010035587188611443,1.5398286775062724,0.04380335871406318,,Blk 134,Sims Ave,1.31580283030533,103.88604854571838
54429,567.3913043478261,549.05,-0.032800914447266294,-0.03226879828654541,0.010035587188611443,-1.5367886645303628,-0.041884054395458684,,Blk 561,Ang Mo Kio St 54,1.370344,103.85818
13062,623.1304347826087,656.95,0.0527695639701351,0.054186694531522285,0.010035587188611443,1.5366995664680605,0.04371242746585143,,Stellar RV,River Valley Rd,1.29476674399435,103.82853268161283
43499,1194.0434782608695,1258.7,0.05269102917261037,0.05410390744379012,0.010035587188611443,1.5338787831748,0.04363046294026219,,Blk 419,Bt Batok West Ave 4,1.36259558126251,103.74686723054008
44381,516.5652173913044,499.95,-0.032629245438451804,-0.03210265456989284,0.010035587188611443,-1.5306227216961434,-0.041719561461981934,,Blk 202,Petir Rd,1.37242134216992,103.77441361028244
11361,2818.2608695652175,2970.3,0.05252481988107682,0.05392872013941331,0.010035587188611443,1.5279089404105803,0.04345701627501704,,Buona Vista Stn Exit C,Nth Buona Vista Rd,1.30649698638726,103.79058123542397
27461,866.9565217391304,913.75,0.05250918065581178,0.053912237639632855,0.010035587188611443,1.5273472166048587,0.04344069754329161,,Opp Blk 276B,Jurong West Ave 3,1.353225,103.705048
14269,709.4347826086956,747.7,0.05246121675179616,0.05386168910648801,0.010035587188611443,1.5256244671563202,0.04339065125404595,,Blk 10,Telok Blangah Cres,1.27758480623244,103.81999451121168
46059,302.7391304347826,293.05,-0.03241938853166282,-0.031899513312339166,0.010035587188611443,-1.5230851603182172,-0.04151843859054023,,GlobalFoundries/Aft BKE,Woodlands Rd,1.4387537800127,103.76656472079625
66599,313.7826086956522,303.75,-0.032390501089230916,-0.03187154696132545,0.010035587188611443,-1.5220475920355552,-0.0414907501096902,,KLA Corporation,S'goon Nth Ave 5,1.37284849802167,103.868436813377
67171,615.1739130434783,648.25,0.0522886004866443,0.0536797911374535,0.010035587188611443,1.5194245011255676,0.04321056060046729,,Blk 225A,Compassvale Dr,1.38731209583307,103.89897692182004
77169,407.60869565217394,394.65,-0.032227981678409456,-0.031714194509470564,0.010035587188611443,-1.5162102810177056,-0.041334961092104335,,Opp Blk 742,Pasir Ris Dr 10,1.37694324707892,103.9363320444146
78231,284.7391304347826,300.05,0.05219710068244776,0.05358338405356049,0.010035587188611443,1.5161380456033144,0.04311511140529452,,Opp Blk 482,Pasir Ris St 41,1.373443032341,103.95986036196572
46851,739.7391304347826,716.25,-0.032224057754918434,-0.03171039502259793,0.010035587188611443,-1.5160693430109067,-0.041331199356457765,,Blk 664,Woodlands Ring Rd,1.43612666735899,103.79761267660548
78131,604.2173913043479,585.1,-0.032097294476876925,-0.03158764367816046,0.010035587188611443,-1.5115163073099385,-0.04120966765401632,,Pasir Ris Pr Sch,Pasir Ris Dr 3,1.37308472383764,103.9637271722912
77179,795.6086956521739,770.45,-0.0320917257569695,-0.03158225084597764,0.010035587188611443,-1.5113162921246346,-0.04120432840433915,,Opp Pasir Ris Stn Exit A,Pasir Ris Ctrl,1.37254332490473,103.95081255052568
27109,994.7826086956521,1047.95,0.052015973418314765,0.053392568659127726,0.010035587188611443,1.509632384715102,0.042926191928740344,,Westwood Sec Sch,Jln Bahar,1.35309472199852,103.70082305601869
55509,11935.695652173912,12572.5,0.051974100962514314,0.05334846144880107,0.010035587188611443,1.5081284256104452,0.042882522962135496,,Yio Chu Kang Int,Ang Mo Kio Ave 8,1.38113241525166,103.8455558816965
10011,491.04347826086956,475.55,-0.03199443365315702,-0.03148802686224261,0.010035587188611443,-1.507821790965273,-0.04111104061831441,,Bef Neil Rd,New Bridge Rd,1.2777380589964,103.83749709165197
71159,319.47826086956525,309.40000000000003,-0.0319526569510753,-0.03144756478089798,0.010035587188611443,-1.5063212711066392,-0.0410709805631462,,Blk 3026,Ubi Ave 2,1.32787641919412,103.89457489895001
58581,565.4347826086956,547.7,-0.031810106402044624,-0.031309487258213,0.010035587188611443,-1.5012011941493617,-0.04093427496144624,,Bef Gambas Cres,Bef Gambas Cres,1.443876,103.813122
09219,3137.6521739130435,3304.4,0.0517640309327323,0.05312720774633328,0.010035587188611443,1.500583209361085,0.04266346760876556,,Far East Plaza,Scotts Rd,1.30731999685228,103.83316088291699
11191,895.4347826086956,867.4,-0.031773105723043926,-0.031273644388398844,0.010035587188611443,-1.49987221768983,-0.04089878822190084,,The Star Vista,C'wealth Ave West,1.30801640815091,103.7883731546267
60069,587.695652173913,569.3,-0.031746792374623745,-0.03124815361890754,0.010035587188611443,-1.4989271047468697,-0.040873550725505046,,Kallang Basin Swim Cplx,Jln Kolam Ayer,1.32335935195255,103.87256741522513
41121,325.4347826086956,342.75,0.0516844672035317,0.053043420351625355,0.010035587188611443,1.4977254692872297,0.04258051271512549,,S'pore Bible Coll,Adam Rd,1.32554444399609,103.81350777801268
55229,351.34782608695656,340.4,-0.03156401963902944,-0.031071076011846062,0.010035587188611443,-1.492362342434144,-0.040698232539386106,,Bef Ang Mo Kio St 62,Ang Mo Kio St 64,1.38851043039698,103.84591573293089
95099,639.4347826086956,619.6,-0.03146054151324673,-0.030970807875085146,0.010035587188611443,-1.4886456540663684,-0.04059896065428353,,Opp SAF Ferry Ter,Nicoll Dr,1.388248,103.998803
53329,326.5652173913044,343.8,0.051277366466701224,0.052614812848420366,0.010035587188611443,1.4831033782738314,0.04215616380243223,,Eunoia JC,Sin Ming Ave,1.36153970079158,103.84049549859829
55049,364.69565217391306,353.45,-0.031234143732261188,-0.03075139698014516,0.010035587188611443,-1.4805139837958219,-0.040381729798536437,,Bef AMK St 64/Apple SG,Yio Chu Kang Rd,1.39110547694961,103.84659281119058
24711,368.7391304347826,357.40000000000003,-0.031148022991859037,-0.03066792097836339,0.010035587188611443,-1.477420731462,-0.04029908320386138,,Tuas West Rd Stn Exit B,Pioneer Rd,1.329871,103.639994
96261,339.7391304347826,329.3,-0.031115838726971212,-0.030636723235932382,0.010035587188611443,-1.4762647491514471,-0.040268195438294775,,Blk 233,Simei St 3,1.34404967237603,103.95585935578698
41031,533.8695652173914,561.9,0.051079078630817065,0.05240611282718264,0.010035587188611443,1.4759813504295163,0.04194953739848676,,Bef Crown Ctr,Bt Timah Rd,1.3230683576264,103.811977237669
59451,318.5652173913044,308.8,-0.03103444829496471,-0.03055782312925199,0.010035587188611443,-1.4733413982538672,-0.04019007927320003,,Bet Blks 349/350,Yishun Ave 11,1.42569613726662,103.84360741617542
75511,854.1304347826087,828.05,-0.030973545655298196,-0.03049877974374574,0.010035587188611443,-1.4711539201689754,-0.0401316225353829,,Blk 610C,Tampines Nth Dr 1,1.364262,103.934773
21149,365.7826086956522,354.6,-0.030962822029765746,-0.030488383119961805,0.010035587188611443,-1.4707687530239835,-0.04012132921115176,,Jurong Port Workshops,Jurong Port Rd,1.315633,103.719896
52319,1016.5652173913044,985.55,-0.03095400256350711,-0.030479832507263514,0.010035587188611443,-1.4704519787549724,-0.040112863556271125,,Blk 25,Toa Payoh East,1.33412138901702,103.85712611102798
83151,404.9130434782609,392.55,-0.030930833448783446,-0.03045736932305093,0.010035587188611443,-1.4696197992142845,-0.040090623563445615,,Parkway East Hosp,Joo Chiat Pl,1.31488002411227,103.90911503893872
67269,366.6521739130435,355.5,-0.03080307176657371,-0.030333491012299412,0.010035587188611443,-1.4650309032082487,-0.03996797609208638,,Opp Blk 203A,Sengkang East Ave,1.386147,103.8951088
47071,447.39130434782606,433.8,-0.030780143139864435,-0.030311257635992926,0.010035587188611443,-1.4642073614255307,-0.039945963623824375,,Bef British American Tobacco,Admiralty Rd West,1.45761031985152,103.80214839695255
43241,589.7826086956521,620.5,0.05068779759944153,0.0519944068295561,0.010035587188611443,1.4619274656413592,0.04154192206012774,,Opp Hillview Apts,Hillview Ave,1.35584392851879,103.76188709548238
67059,420.7826086956522,408.05,-0.030652638072426797,-0.030187609524791426,0.010035587188611443,-1.459627682412277,-0.03982354406478125,,Seletar Hills Est,Yio Chu Kang Rd,1.38705245959807,103.87298447808229
59059,2806.8695652173915,2722.15,-0.030636735474969257,-0.030172186866106523,0.010035587188611443,-1.459056498903291,-0.039808274643702894,,Blk 608,Yishun Ave 2,1.42054602879781,103.83497942324875
85091,5731.521739130435,6029.0,0.05059148273636538,0.05189308901158963,0.010035587188611443,1.4584680646468853,0.041441610923320694,,Tanah Merah Stn Exit 2,New Upp Changi Rd,1.32754912682416,103.94636119805759
20191,286.82608695652175,301.75,0.050550949431297454,0.05185045317220546,0.010035587188611443,1.4570122046541194,0.04139939870830078,,Blk 407,Pandan Gdns,1.31924166701026,103.74845638901051
96361,955.4347826086956,926.65,-0.030558096715025407,-0.03009591781070995,0.010035587188611443,-1.4562319815269973,-0.0397327633880957,,Aft Akzonobel,Changi Business Pk Ctrl 2,1.33649110063455,103.96643704167043
43091,358.9130434782609,348.1,-0.030504042268537646,-0.03004348876540224,0.010035587188611443,-1.4542904742667142,-0.03968085527122068,,Opp Cashew Stn,Upp Bt Timah Rd,1.36863253283887,103.76474109358477
54039,860.4782608695652,834.6,-0.030499791921415387,-0.030039366104774638,0.010035587188611443,-1.4541378118988098,-0.03967677357283312,,Bef Al-Muttaqin Mque,Ang Mo Kio Ave 6,1.37091786093364,103.84563650364578
40501,467.69565217391306,491.95,0.05045412048721243,0.05174860853432339,0.010035587188611443,1.4535343390914932,0.04129856598599488,,Blk 131D,Tengah Gdn Ave,1.354773,103.731884
65711,358.82608695652175,377.4,0.05033101424143904,0.051619139681005094,0.010035587188611443,1.4491126552988505,0.04117038351900015,,Blk 446B,New Punggol Rd,1.417097,103.91168
17081,322.82608695652175,313.15,-0.03033602417879777,-0.029880504833512827,0.010035587188611443,-1.4482556637694375,-0.03951949072728112,,Aft West Coast Highway,West Coast Link,1.299503055534,103.76457888891022
65809,435.4347826086956,422.4,-0.030321595584964278,-0.029866507272364798,0.010035587188611443,-1.4477374229677349,-0.03950563224414887,,Anchor Green Pr Sch,Anchorvale Rd,1.390669,103.886047
46129,908.8695652173913,881.8,-0.030202579928937823,-0.029751039327184255,0.010035587188611443,-1.4434626634377299,-0.03939131157402086,,Marsiling Lane Mkt/FC,Admiralty Rd,1.44378798401059,103.77675415681387
56019,342.5652173913044,332.35,-0.030183965978117122,-0.029732978992659892,0.010035587188611443,-1.4427940945593285,-0.03937343068472007,,Bef Ang Mo Kio Ave 1,Upp Thomson Rd,1.369486,103.828616
29011,505.4782608695652,490.5,-0.03001946288340651,-0.029573353935960597,0.010035587188611443,-1.4368855343303013,-0.03921539164260711,,Opp Sanmina-SCI,Penjuru Rd,1.3085474999723,103.73362194401842
75051,4967.739130434783,5222.400000000001,0.0499824190275735,0.051252614170333936,0.010035587188611443,1.4365919436350456,0.04080749975993244,,Tampines West Stn Exit B,Tampines Ave 1,1.3450165,103.940188
94031,1103.0,1159.55,0.0499540828265328,0.05122282608695679,0.010035587188611443,1.4355741746331594,0.040778007647223766,,Opp Bayshore Stn Exit 3,Upp East Coast Rd,1.31504670788151,103.94089937209914
27359,791.9130434782609,832.5,0.04992014170316583,0.05118714700882782,0.010035587188611443,1.4343550901411177,0.04074268307194986,,Blk 817,Jurong West Ave 5,1.34441434989381,103.69601368907118
53249,717.9130434782609,754.7,0.049904062539930294,0.05117024493498593,0.010035587188611443,1.4337775648089854,0.040725948934998375,,Blk 210,Bishan Rd,1.35538305217047,103.84911895270494
11139,633.9565217391304,666.35,0.04975811907378258,0.051016844700082054,0.010035587188611443,1.4285356223319536,0.0405740728656305,,Blk 53A CP,C'wealth Ave,1.2931986108138,103.80744694841283
58419,1302.3478260869565,1264.3,-0.02962695681407279,-0.029192380825299298,0.010035587188611443,-1.4227876490899247,-0.03883820383309465,,Blk 482A CP,Admiralty Link,1.4546446175566,103.81583789207467
63201,590.304347826087,620.35,0.049563674457010265,0.05081250000000038,0.010035587188611443,1.421551633784927,0.04037175850891516,,Affinity At Serangoon,Yio Chu Kang Rd,1.36617789459924,103.87492029493984
92171,542.8695652173913,570.5,0.04955503494927349,0.050803421536493504,0.010035587188611443,1.4212413231983592,0.040362770247885524,,Marshall Lane,Joo Chiat Rd,1.30837865741776,103.90304313394574
59099,673.0434782608695,653.4,-0.029575831348675585,-0.02914274656518132,0.010035587188611443,-1.4209513438698447,-0.038789062732773494,,Blk 220,Yishun Ave 2,1.43272835490407,103.83522544787667
67121,392.04347826086956,412.0,0.04952735550396081,0.050774336283186415,0.010035587188611443,1.420247143301478,0.04033397398201527,,Blk 142A,Sengkang East Way,1.38949805550873,103.90518999989366
75291,1046.0434782608695,1015.5500000000001,-0.0295559162727832,-0.02912341167677125,0.010035587188611443,-1.4202360416709237,-0.038769919953394905,,Aft Tampines Ave 9,Tampines Ave 10,1.364015,103.930753
45361,649.6521739130435,682.65,0.04947088639744113,0.05071500167056473,0.010035587188611443,1.4182189071911615,0.04027522891067889,,Opp Blk 765,Choa Chu Kang Nth 5,1.39239930690933,103.7500200571186
53089,295.04347826086956,310.05,0.04944734140721163,0.050690262887354766,0.010035587188611443,1.4173732270955526,0.040250735928922844,,Faber Gdn,Upp Thomson Rd,1.363977,103.828198
64461,1132.0,1099.2,-0.02937700058664916,-0.028949691085613953,0.010035587188611443,-1.4138098154087346,-0.03859792542829027,,Blk 579,Buangkok Green,1.37938472998807,103.88640309201648
75071,662.3913043478261,643.2,-0.029355781823926286,-0.02892908638091473,0.010035587188611443,-1.413047687877006,-0.03857752544935826,,Opp Blk 819,Tampines Ave 3,1.34893303477474,103.93654250213598
59811,1072.0434782608695,1126.3,0.04932640996031168,0.05056320907617556,0.010035587188611443,1.4130296569101481,0.04012494450851076,,Blk 477B,Yishun St 42,1.427487,103.852056
20101,1407.3478260869565,1478.55,0.049320724687453854,0.05055723635465586,0.010035587188611443,1.4128254554198478,0.040119031131204595,,Nan Hua Pr Sch,C'wealth Ave West,1.31993714188512,103.76221926730373
55141,311.17391304347825,302.15,-0.029332713595380255,-0.0289066852367686,0.010035587188611443,-1.412219131928068,-0.038555346880176866,,Opp Blk 622,Ang Mo Kio Ave 4,1.38151305598601,103.83902055596755
60161,3508.304347826087,3407.0,-0.0292922173656347,-0.028867358822509192,0.010035587188611443,-1.410764603592774,-0.03851641120824785,,St. Michael's Pl,S'goon Rd,1.32477289725503,103.8655673081052
67481,2138.0434782608695,2076.3,-0.0292897827778571,-0.02886499451197249,0.010035587188611443,-1.4106771589854727,-0.03851407038920475,,Fernvale Stn/Blk 439A,Sengkang West Ave,1.3914815,103.877678
57119,1959.1739130434783,1902.75,-0.029207575223447968,-0.0287851565965753,0.010035587188611443,-1.4077244589930389,-0.038435025733343245,,Blk 101,Sembawang Rd,1.43130257113028,103.82688773076856
43809,539.0434782608695,523.5,-0.029204223778692473,-0.028781901618227478,0.010035587188611443,-1.4076040830619543,-0.03843180309605294,,Blk 514,Bt Batok St 52,1.35437129288657,103.7518708699386
14239,986.6086956521739,958.2,-0.029186958551049358,-0.0287651331719127,0.010035587188611443,-1.4069839571149216,-0.03841520125892218,,Opp Keppel DP Blk 519,Kg Bahru Rd,1.27178138152481,103.8271423936315
84561,331.04347826086956,321.5,-0.029162782723407332,-0.028741652481340918,0.010035587188611443,-1.4061156188386066,-0.03839195386955331,,Blk 53,Chai Chee St,1.32804725721627,103.91973825722668
42231,405.39130434782606,425.84999999999997,0.04911616420288212,0.050342355836097606,0.010035587188611443,1.4054781289412954,0.0399062856385865,,Bef Jln Jurong Kechil,Toh Tuck Rd,1.34056805598593,103.7706058329681
54031,775.9565217391305,753.65,-0.029130326618886926,-0.028710128707330848,0.010035587188611443,-1.404949872694464,-0.03836074331181662,,Opp Al-Muttaqin Mque,Ang Mo Kio Ave 6,1.37008641040706,103.84534111753092
10469,385.60869565217394,405.05,0.04906324557348185,0.05028677462887934,0.010035587188611443,1.4035774175315856,0.039851256679287184,,Bef Margaret Dr,Kay Siang Rd,1.29668400003303,103.81216918970023
27369,1245.8260869565217,1308.5,0.04904419314504427,0.05026676430589002,0.010035587188611443,1.4028930995792048,0.039831445176362786,,Blk 834,Jurong West Ave 5,1.34285373346865,103.6941039562493
75111,622.8695652173913,605.0,-0.029061330349942516,-0.028643111018189497,0.010035587188611443,-1.4024716906799959,-0.038294391502047324,,Blk 874A,Tampines St 84,1.35304499998303,103.93201333297846
58111,761.4782608695652,739.65,-0.029045818712082117,-0.028628043565034265,0.010035587188611443,-1.4019145495106442,-0.038279473757220954,,Blk 351 CP,Canberra Rd,1.45096272310028,103.82075231895968
10111,1676.5652173913043,1628.6499999999999,-0.02897819900171328,-0.028562357453866847,0.010035587188611443,-1.3994858102088912,-0.03821444029503349,,Opp Blk 28,Jln Bt Merah,1.28592835098556,103.80935410958449
44869,709.9130434782609,745.55,0.0489124733672357,0.05012843251177251,0.010035587188611443,1.3981620381854654,0.039694487829639455,,Bef Blk 629A CP,Senja Rd,1.38658738981297,103.75886226371927
55171,352.69565217391306,370.4,0.04884284519461701,0.05005531653349732,0.010035587188611443,1.395661159692703,0.03962209832257395,,Castle Green,Ang Mo Kio Ave 6,1.385783333,103.8429056
27429,370.3478260869565,359.8,-0.02881537182852867,-0.02840416813019524,0.010035587188611443,-1.3936374450983384,-0.03805782272068453,,Blk 711,Jurong West St 71,1.34286500004293,103.69555805555355
92211,359.7391304347826,349.5,-0.028794360260491203,-0.028383753163794514,0.010035587188611443,-1.3928827595073223,-0.03803761059483504,,CHIJ Katong Convent (Sec),Marine Terr,1.30595638898755,103.91698861102066
77029,1496.3478260869565,1453.85,-0.028792624678657397,-0.028382066842823697,0.010035587188611443,-1.3928204215323712,-0.03803594102893835,,Blk 571,Pasir Ris Dr 1,1.373014,103.945543
10009,6460.652173913043,6783.55,0.04876292874594945,0.049971403194768144,0.010035587188611443,1.3927907507738138,0.03953901873627665,,Bt Merah Int,Bt Merah Ctrl,1.28210155945393,103.81722480263163
63319,966.1739130434783,1014.35,0.04861033231173373,0.04981119352663506,0.010035587188611443,1.3873098494942089,0.03938040089135594,,Opp Blk 634,Hougang Ave 2,1.369226,103.878124
13109,1111.8260869565217,1167.25,0.048604098618001856,0.04980464934557556,0.010035587188611443,1.3870859500294062,0.039373921732460446,,UE Sq/Bef Mohd Sultan Rd,River Valley Rd,1.29350944398488,103.84272416702719
53139,287.4347826086956,301.8,0.0486035179854456,0.049804039794995404,0.010035587188611443,1.3870650950878283,0.03937331823829856,,Marymount View,Marymount Rd,1.353021,103.840607
15161,784.0869565217391,762.0,-0.02853645300227381,-0.028133133964667448,0.010035587188611443,-1.383619343695228,-0.03778948151670557,,Opp HarbourSide Bldg 2,Pasir Panjang Rd,1.27443806198132,103.79666055940478
01219,813.0434782608695,853.5,0.04850272488264196,0.04969823212092012,0.010035587188611443,1.3834448463646447,0.03926856185603111,,Blk 461,Victoria St,1.30526598535719,103.86072019914616
60029,705.8260869565217,685.95,-0.028523138935117487,-0.028120194377806974,0.010035587188611443,-1.3831411340431552,-0.03777667049596076,,Blk 16,Kallang Bahru,1.31717045698013,103.86600136758759
12021,339.9130434782609,356.85,0.04848646388283484,0.04968116311694999,0.010035587188611443,1.3828607898949863,0.039251662447548234,,Bef Moonbeam Wk,Holland Rd,1.31907638897016,103.78243055601493
83029,614.8695652173913,645.45,0.04846065936509447,0.04965407695022884,0.010035587188611443,1.3819339529408354,0.0392248454055898,,Aft Kg Eunos,Changi Rd,1.31774429797349,103.90635251996308
58229,504.5217391304348,490.35,-0.02843433793102257,-0.028033886643158114,0.010035587188611443,-1.3799516130069953,-0.03769122030416198,,Blk 358A CP,Sembawang Way,1.44875084068886,103.8168059210019
46379,333.2608695652174,323.9,-0.02840429204592443,-0.028004682622268778,0.010035587188611443,-1.3788724362167404,-0.037662306450769324,,Blk 409,Woodlands St 41,1.42911804399457,103.77294013114384
15151,579.8260869565217,608.55,0.04826960195049246,0.04945355191256788,0.010035587188611443,1.375071624646258,0.03902631275960738,,Opp Mapletree Biz City,Pasir Panjang Rd,1.27389192906939,103.79822208982421
50049,585.6521739130435,569.3,-0.02826955733914449,-0.027873712295264245,0.010035587188611443,-1.3740330857391703,-0.03753263742854301,,Opp Novena Lodge,Thomson Rd,1.32354108650178,103.84189326889334
44241,1813.608695652174,1763.15,-0.028200861807923694,-0.027806929269695222,0.010035587188611443,-1.3715657055090469,-0.03746651795075816,,Opp Lompang Rd,Bt Panjang Rd,1.38117443945082,103.76586096715347
67089,449.8695652173913,437.35,-0.028160407259829157,-0.027767598842816224,0.010035587188611443,-1.370112674279603,-0.037427578306078436,,Bef Fernvale Lane,Sengkang West Rd,1.39029406445756,103.86916019529639
50019,557.5652173913044,585.1,0.04811903937992401,0.049295555382580056,0.010035587188611443,1.3696637749154927,0.03886988606336829,,Parish of Christ Ch,Keng Lee Rd,1.31194891032358,103.84763856174139
54211,568.4782608695652,596.55,0.048117352464040586,0.04929378531073426,0.010035587188611443,1.3696031849058272,0.038868133578734816,,Mayflower Sec Sch,Ang Mo Kio Ave 3,1.36861222198461,103.83634833298527
52449,362.52173913043475,352.45,-0.02809706760394537,-0.027706016026791264,0.010035587188611443,-1.367837664363628,-0.03736660736920642,,Bef Blk 105,Lor 1 Toa Payoh,1.34044945876465,103.85000305578686
82149,563.9565217391305,591.75,0.04802394943418875,0.04919578266892462,0.010035587188611443,1.3662483700409518,0.0387711046789092,,Bef Koon Seng Rd,Joo Chiat Rd,1.31101372476887,103.90136361120997
64101,1934.4782608695652,2029.3,0.04782910620402969,0.04899137388804038,0.010035587188611443,1.3592500642483571,0.03856872687809013,,Opp Gracehaven S Army,Yio Chu Kang Rd,1.37212119701131,103.87653938842564
81131,328.3478260869565,319.3,-0.027856357833307754,-0.02747194719471949,0.010035587188611443,-1.3591919414364722,-0.03713486421575646,,Opp Grandlink Sq,Guillemard Rd,1.31431505362846,103.89221613925537
59309,454.04347826086956,476.3,0.04775225300884767,0.048910758647047824,0.010035587188611443,1.356489680115007,0.038488912620043086,,Jiemin Pr Sch,Yishun Ring Rd,1.42826195477761,103.83063072371398
43341,1847.9565217391305,1938.2,0.04765407923749798,0.04880778817664459,0.010035587188611443,1.3529635115529457,0.038386965251347056,,Princess E Pr Sch,Bt Batok West Ave 3,1.34972199038423,103.74139303669513
14059,440.1304347826087,461.65,0.047630226497553885,0.04878277153558077,0.010035587188611443,1.3521067778189393,0.038362197172498017,,Bef Telok Blangah Hts,Henderson Rd,1.276025,103.815613
76281,690.1739130434783,671.35,-0.027612436961843123,-0.02723469837076178,0.010035587188611443,-1.3504308833986223,-0.03689997266642197,,Junyuan Pr Sch,Tampines Ave 4,1.34758373789104,103.93848632286071
52149,564.695652173913,592.25,0.04755967874154621,0.04870878487433657,0.010035587188611443,1.3495728700761862,0.038288945633460525,,Blk 139A,Lor 1 Toa Payoh,1.33640498933489,103.84357399610558
09179,1887.5217391304348,1836.25,-0.02752448599866053,-0.02714913896307188,0.010035587188611443,-1.3472718938119554,-0.03681526336629914,,Royal Thai Embassy,Orchard Rd,1.30587966240898,103.83049004618626
93041,322.7826086956522,314.0,-0.02749969095586291,-0.02712501678528279,0.010035587188611443,-1.346381314798784,-0.03679138086344967,,Hua Xin Ct,Marine Parade Rd,1.31120679321816,103.9333999156994
46321,553.2608695652174,580.2,0.047459472088051236,0.04860370254157592,0.010035587188611443,1.345973685218504,0.03818490738560717,,W'lands Civic Ctr,Woodlands Ave 5,1.43457763941924,103.78655642033898
52019,391.3478260869565,410.4,0.047417219410166744,0.04855939716312098,0.010035587188611443,1.3444560694401664,0.038141042219847744,,Raffles Girls' Sch,Braddell Rd,1.34403333300249,103.84368166701324
47549,766.2173913043478,803.45,0.047388622244143974,0.04852941176470632,0.010035587188611443,1.3434289271962938,0.03811135475259907,,Blk 693 CP,Woodlands Ave 6,1.4379048516895,103.80352352573782
78161,319.7391304347826,335.3,0.047375503791071694,0.0485156567710455,0.010035587188611443,1.3429577435372533,0.038097736426833825,,Blk 216,Pasir Ris Dr 4,1.36900499745113,103.96052175997124
76179,330.9130434782609,321.95,-0.027375504897544367,-0.027004191773644944,0.010035587188611443,-1.3419208467056372,-0.03667175635400624,,Opp Blk 266,Tampines St 21,1.35172938925372,103.95069571840816
74941,647.695652173913,630.2,-0.027340888296937926,-0.02697050938337827,0.010035587188611443,-1.3406775006763898,-0.036638408627753916,,Opp Blk 961A,Bedok Reservoir Rd,1.3402645,103.9361875
50069,1111.608695652174,1165.5,0.0473003782368,0.0484368894099259,0.010035587188611443,1.3402594121597542,0.0380197516883566,,Hotel Royal,Newton Rd,1.31702163080967,103.84164776289317
93139,343.7391304347826,334.45,-0.02731507333435257,-0.026945390339261355,0.010035587188611443,-1.3397502885682286,-0.0366135391633157,,Eastern Lagoon II,Bedok Sth Ave 1,1.31278641539067,103.9338525622476
44231,1219.9565217391305,1187.1,-0.027279193281196434,-0.02691047646179076,0.010035587188611443,-1.338461562325925,-0.03657897218576219,,Zhenghua Pr Sch,Bt Panjang Rd,1.37916686797468,103.76933485417399
40239,1777.9565217391305,1864.0,0.0472340844301673,0.04836738684133314,0.010035587188611443,1.3378782961692626,0.03795093968858715,,Bef Stevens Stn Exit 4,Whitley Rd,1.322585278,103.8262153
15149,560.0869565217391,545.0,-0.02725692047865902,-0.026888802789615952,0.010035587188611443,-1.3376615761889283,-0.036557513860481665,,Opp Labrador Pk Stn,Pasir Panjang Rd,1.27341871854745,103.80055546758587
30011,404.9130434782609,394.0,-0.0272531931361204,-0.026885175664096022,0.010035587188611443,-1.3375276989027751,-0.03655392277362696,,Tengah Air Base,Old Choa Chu Kang Rd,1.37367799480239,103.71422567942253
75349,1320.2608695652173,1284.75,-0.02724427922422379,-0.026876501365625693,0.010035587188611443,-1.337207532370893,-0.03654533466190065,,The Clearwater Condo,Bedok Reservoir Rd,1.33811824869625,103.9339578151498
61101,1955.0,1902.45,-0.027233542519358167,-0.026866053169733554,0.010035587188611443,-1.336821895447336,-0.03653499027797531,,Blk 120,Potong Pasir Ave 1,1.33560138948489,103.86370334032118
54499,355.52173913043475,372.75,0.04719190738170198,0.04832317073170793,0.010035587188611443,1.3363633968199322,0.037907162904693543,,Bef CTE,Ang Mo Kio Ave 5,1.37700806651463,103.86055355422364
65221,832.4782608695652,872.75,0.047186673437479065,0.04831768388106368,0.010035587188611443,1.336175405981639,0.037901730570710605,,Blk 303D,Punggol Ctrl,1.40402842836975,103.90480763848863
62079,979.5217391304348,953.25,-0.027159125239459847,-0.026793632493792297,0.010035587188611443,-1.3341490036021515,-0.03646328916480677,,Aft Bartley Stn Exit B,Bartley Rd,1.34296635529936,103.87976646424752
45301,1164.608695652174,1133.4,-0.02713955931224188,-0.02677459062255228,0.010035587188611443,-1.3334462419938822,-0.036444436491216314,,Blk 708,Choa Chu Kang Nth 5,1.39184565454372,103.74663514172119
28409,2413.9565217391305,2349.3,-0.027138303939076458,-0.02677336886072256,0.010035587188611443,-1.3334011519731088,-0.03644322686865922,,Blk 454,Jurong West Ave 1,1.35081149361542,103.71793769087185
83121,488.69565217391306,512.3,0.04707638944771109,0.04820207759921913,0.010035587188611443,1.3322142671532917,0.03778727293841437,,Bef Lor K Telok Kurau,Telok Kurau Rd,1.31260836391216,103.91063424326731
47059,881.8695652173913,858.3,-0.027059367612841,-0.02669654289372601,0.010035587188611443,-1.330565946722771,-0.03636716423485601,,Bef W'lands Ind Pk E4,Admiralty Rd West,1.45396450182247,103.7954729366899
27329,997.9130434782609,971.25,-0.02705475825888115,-0.026692056583242373,0.010035587188611443,-1.3304003896824212,-0.036362722499791875,,Blk 840,Pioneer Rd Nth,1.34404250003243,103.69186499999779
17181,632.1304347826087,662.6,0.047003099290782835,0.04812525751957159,0.010035587188611443,1.3295818588866435,0.0377112161334642,,Opp Blk 317,C'wealth Ave West,1.31749570803723,103.7638854582427
75129,1348.5217391304348,1312.55,-0.027016866717854526,-0.026655175746641405,0.010035587188611443,-1.329039415576005,-0.03632620810656774,,Darul Ghufran Mque,Tampines Ave 5,1.35563642049496,103.93936521711959
29029,411.39130434782606,400.4,-0.027014230077726964,-0.026652609383236537,0.010035587188611443,-1.32894471372846,-0.036323667242228484,,Bef Penjuru Cl,Penjuru Rd,1.313867,103.734975
67349,492.0869565217391,515.8,0.046970411582210936,0.04809099726655459,0.010035587188611443,1.3284077940753662,0.0376772962860335,,Blk 204 CP,Compassvale Dr,1.38837810902521,103.8953369095349
58531,670.5652173913044,652.7,-0.026962602581375172,-0.02660235659717684,0.010035587188611443,-1.3270903767495414,-0.03627391376156195,,Blk 129A,Canberra Way,1.44543806,103.8323
23231,317.2608695652174,308.8,-0.02694446304343945,-0.02658469945355206,0.010035587188611443,-1.3264388476545508,-0.03625643205710645,,Keppel Logistics,Pioneer Rd,1.3093,103.6750325
58549,4606.739130434782,4484.45,-0.026898484546455492,-0.02653994225216521,0.010035587188611443,-1.324787409308374,-0.03621211955767122,,Canberra Stn,Canberra Link,1.442578,103.830142
12051,378.4347826086956,396.6,0.04676374354825796,0.04787441274206551,0.010035587188611443,1.3209847694315204,0.03746286371827426,,Pine Gr Condo,Ulu Pandan Rd,1.3204289505949,103.7750613105408
11531,357.7826086956522,348.3,-0.02678550644920641,-0.02642995637421226,0.010035587188611443,-1.3207295045417105,-0.03610322648563691,,Opp Lea Hin Hardware Fty,Alexandra Rd,1.29108833302538,103.80753083302794
58411,400.30434782608694,389.7,-0.02678010950672327,-0.026424702058504897,0.010035587188611443,-1.320535659193267,-0.03609802437615284,,Blk 404A CP,Admiralty Link,1.45461200191848,103.81658372927154
46699,486.4782608695652,509.8,0.046732427802854914,0.047841598287548935,0.010035587188611443,1.3198599822768697,0.03743037530407105,,888 Plaza,Woodlands Ave 4,1.43769989889611,103.79566316043969
09131,794.9130434782609,832.9,0.046623553077364654,0.047727521031355774,0.010035587188611443,1.3159494608723352,0.03731743150521868,,Opp Orchard Blvd Stn,Grange Rd,1.30391999998489,103.82333805603095
24701,1342.304347826087,1307.0,-0.02663325672200134,-0.026281719316415743,0.010035587188611443,-1.3152610561539972,-0.035956462292694835,,Tuas Cres Stn Exit B,Pioneer Rd,1.321386,103.649116
21501,522.7391304347826,509.0,-0.026582991956145108,-0.02623277436493429,0.010035587188611443,-1.3134556652160214,-0.035908003652125854,,Bef Meiji Seika,Quality Rd,1.3304277146486,103.71000208357827
62121,292.04347826086956,306.0,0.04652675960999364,0.04762611275964341,0.010035587188611443,1.3124728695489678,0.037217030813402815,,Aft Wolskel Rd,Upp S'goon Rd,1.34682778451192,103.87156809881778
01319,1127.3478260869565,1097.8,-0.026535786764871006,-0.026186806411837266,0.010035587188611443,-1.3117601669261174,-0.035862492430857915,,Lavender Stn Exit A/ICA,Kallang Rd,1.30757426746418,103.86325596123476
40341,755.8695652173913,791.9,0.046506176551833533,0.04760454963235274,0.010035587188611443,1.311733575014415,0.0371956819346463,,Bef Blk 440A,Bt Batok West Ave 8,1.3546236109849,103.73889587967264
75489,1067.0434782608695,1039.15,-0.026463516169206613,-0.026116425809077397,0.010035587188611443,-1.309164378877133,-0.03579281112095895,,Opp Blk 609D,Tampines Ave 6,1.363941111,103.9381689
63101,952.6521739130435,927.75,-0.026459411359035734,-0.026112428193672082,0.010035587188611443,-1.3090169438506611,-0.035788853225360004,,Opp Blk 169,Hougang Ave 3,1.35110728949265,103.8903098431232
05519,393.6521739130435,383.35,-0.02645120880233698,-0.026104439792883516,0.010035587188611443,-1.3087223275069877,-0.035780944196321926,,Blk 1G,Cantonment Rd,1.27553472200739,103.84112694400494
13069,483.7391304347826,506.75,0.046378329622072556,0.04747062516817681,0.010035587188611443,1.307141617118925,0.037063088127185805,,RV Residences,River Valley Rd,1.29488000002792,103.82880805602646
42119,574.3913043478261,601.7,0.04636922184614267,0.047461085083874185,0.010035587188611443,1.3068144874516754,0.03705364283196687,,Southaven II,Upp Bt Timah Rd,1.34582513057916,103.77330275765884
28651,966.3913043478261,1012.3,0.04636453878903524,0.047456179775280855,0.010035587188611443,1.3066462831694161,0.037048786261905824,,Opp IMM Bldg,Toh Guan Rd,1.33515192012369,103.74794188238828
65651,383.95652173913044,402.2,0.046302319394222025,0.04739100971312381,0.010035587188611443,1.3044115103688545,0.03698426372133036,,Blk 413C,Northshore Dr,1.417212,103.9013
70379,306.2608695652174,298.3,-0.026250709903052005,-0.025909155228527568,0.010035587188611443,-1.3015208835197916,-0.035587599954957604,,Opp MacPherson Stn Exit A,Circuit Link,1.32604294133609,103.88933975894
52251,440.7826086956522,429.35,-0.026219094461248815,-0.025878358429289035,0.010035587188611443,-1.3003853319826604,-0.0355571091488621,,Chung Hwa Free Clinic,Lor 4 Toa Payoh,1.3329698063249,103.85142087938439
82079,587.4347826086956,615.25,0.04618662449387845,0.04726983892419063,0.010035587188611443,1.3002560244913768,0.03686429687019153,,Tg Katong Girls' Sch,Tg Katong Rd,1.30801114591342,103.8951960850957
54369,357.5217391304348,348.25,-0.02620129920062464,-0.025861023526558537,0.010035587188611443,-1.2997461685105438,-0.03553994648355567,,Opp Blk 4025,Ang Mo Kio Ind Pk 1,1.35874638898802,103.85588277797046
92149,487.0869565217391,510.15,0.04616950963002786,0.04725191519686412,0.010035587188611443,1.2996412992544402,0.036846551230776584,,St. Patrick's Green,East Coast Rd,1.30928064742874,103.91434517290193
58151,628.5217391304348,612.25,-0.026187703713673294,-0.025847779542786095,0.010035587188611443,-1.299257850928213,-0.03552683409034851,,Bef Sembawang Stn,Canberra Rd,1.44835904274406,103.82201343608213
96251,589.304347826087,574.05,-0.02618125413254191,-0.025841496648744938,0.010035587188611443,-1.2990261973010653,-0.03552061362235624,,Bef Changi General Hosp,Simei St 3,1.34026697859529,103.95138028105873
76129,907.304347826087,950.15,0.046092271544249996,0.04717103058733354,0.010035587188611443,1.2968670907655597,0.03676647028060361,,St. Hilda's Sec Sch,Tampines Ave 4,1.34988214931301,103.93791583710507
63261,385.7391304347826,375.8,-0.026035841468577736,-0.02569983136593582,0.010035587188611443,-1.2938033199770425,-0.03538035590806774,,Opp Blk 232,Hougang Ave 1,1.35896472197244,103.88913833298105
61029,559.9130434782609,545.5,-0.02603158317939336,-0.02569568250523187,0.010035587188611443,-1.2936503723491406,-0.035376248269924526,,Opp Woodleigh Pk,Upp S'goon Rd,1.336175,103.870563
30101,480.9130434782609,503.59999999999997,0.046002346153237283,0.047076867556837904,0.010035587188611443,1.2936371844233592,0.0366732428421945,,Blk 485B,Brickland Rd,1.373713,103.738897
44221,2505.217391304348,2440.85,-0.026018652296723843,-0.02568308380896199,0.010035587188611443,-1.2931859257732163,-0.03536377475272405,,Opp Pending Stn,Pending Rd,1.3762995851872,103.77099428887409
57111,973.2608695652174,948.35,-0.025901561121369987,-0.02556899321670762,0.010035587188611443,-1.2889802890155437,-0.03525081775031591,,Opp Blk 101,Sembawang Rd,1.43123622644607,103.82654938929034
59569,3052.608695652174,2974.65,-0.025861567589484658,-0.02553002149986467,0.010035587188611443,-1.287543816392754,-0.035212233251574215,,Khatib Stn Exit D,Yishun Ring Rd,1.41849332350079,103.83293900021363
65019,1146.9565217391305,1200.75,0.045795403661298195,0.04686020527970291,0.010035587188611443,1.286204301900887,0.03645873329432989,,Opp Blk 266/The Rivervale,Punggol Rd,1.38151407829697,103.89749237919405
21171,303.95652173913044,296.2,-0.02576390192736966,-0.02543484459652128,0.010035587188611443,-1.2840358979069075,-0.03511800201403108,,Opp Corp Pl,Corporation Rd,1.3258163890121,103.71906611098208
07539,1166.695652173913,1221.15,0.04557932412471999,0.046634024649066866,0.010035587188611443,1.2784432384486855,0.0362347999661334,,Bef Rochor Stn Exit B,Sungei Rd,1.30461300741211,103.8520009720951
52479,301.4347826086956,293.85,-0.025398907098510115,-0.025079068430131576,0.010035587188611443,-1.2709261510453431,-0.03476576079510532,,Opp EAIM,Ah Hood Rd,1.32749617656635,103.84578619081431
42311,1807.8695652173913,1762.55,-0.025373277562013463,-0.025054081338332132,0.010035587188611443,-1.270005599001633,-0.03474102197192287,,Opp Burgundy Hill,Bt Batok East Ave 3,1.33865749997067,103.76028055601957
22471,664.6521739130435,695.5,0.04530052049728095,0.04634225996081024,0.010035587188611443,1.2684292747132753,0.03594593421530502,,Blk 991B,Upp Jurong Rd,1.33509047686273,103.6931453983202
07359,755.0869565217391,790.1,0.04526799060817144,0.046308223116733514,0.010035587188611443,1.2672608784020372,0.03591223555705133,,Opp Arc 380,Lavender St,1.31368253065979,103.86071451807119
84641,717.9130434782609,751.2,0.045261836549492784,0.04630178409434558,0.010035587188611443,1.2670398392390976,0.035905860511983995,,Blk 24,Chai Chee Rd,1.32460611097515,103.92299333298999
58331,1187.0869565217392,1157.45,-0.025261509285900985,-0.024945107223889408,0.010035587188611443,-1.2659911481351198,-0.03463313061064317,,Blk 589D,Canberra Link,1.44974129560526,103.82397609690102
59311,913.6086956521739,890.8000000000001,-0.02525442658670851,-0.02493820117893103,0.010035587188611443,-1.2657367544117892,-0.03462629318328322,,Blk 760,Yishun Ring Rd,1.4260484365847,103.83218609995292
40179,513.5652173913044,537.35,0.04518660024279164,0.046223067173637826,0.010035587188611443,1.2643375298975301,0.03582792571274899,,Env Bldg,Scotts Rd,1.31133173990881,103.83686949960516
67361,533.6086956521739,558.3,0.04515093253826041,0.04618575146389093,0.010035587188611443,1.2630564307131977,0.03579098076722409,,Blk 313B,Anchorvale Dr,1.39099505909557,103.88834913656447
10291,1783.3478260869565,1865.75,0.045145966000308846,0.046180555555554746,0.010035587188611443,1.2628780444726944,0.03578583648478287,,Opp Dawson Pl,Alexandra Rd,1.29215855273858,103.81065866068086
75281,659.4347826086956,689.9,0.045096715834080925,0.04612903225806511,0.010035587188611443,1.2611090955422248,0.03573482511632897,,Blk 742A,Tampines Ave 9,1.36022789260467,103.93363809095122
20109,3387.2173913043475,3543.4500000000003,0.045079060036224305,0.0461105621783921,0.010035587188611443,1.2604749412412928,0.035716538553056065,,Aft Clementi Fire Stn,C'wealth Ave West,1.32085220079341,103.76206999856427
58279,600.6086956521739,585.75,-0.02500839200910132,-0.02469827274698228,0.010035587188611443,-1.2568997770724106,-0.03438874865020732,,Opp Blk 336A CP,Sembawang Cres,1.44658462255674,103.81456918653721
27331,426.3478260869565,415.8,-0.02499177219832216,-0.024682063282124002,0.010035587188611443,-1.2563028329653319,-0.03437270024056326,,West Grove Pr Sch,Jurong West St 72,1.34537305600812,103.69941138898014
40381,315.30434782608694,329.84999999999997,0.04496022434752511,0.04598625429553286,0.010035587188611443,1.2562066457100003,0.03559346577776381,,Blk 111,Plantation Cres,1.35636,103.73427
92109,346.4347826086956,362.4,0.04492718451675781,0.04595169565761493,0.010035587188611443,1.255019933506264,0.035559250510147224,,Opp Katong Shop Ctr,Mountbatten Rd,1.30356602776936,103.90145614778639
67621,417.04347826086956,406.75,-0.024931200592607894,-0.02462298491939749,0.010035587188611443,-1.25412724483332,-0.03431420887305516,,Blk 278 CP,Buangkok Dr,1.38095802621952,103.89025132744938
65531,510.0869565217391,533.55,0.04488552641448873,0.045908124202467065,0.010035587188611443,1.253523673471054,0.035516111975524754,,Blk 226A,Sumang Lane,1.4024,103.8936
54049,332.3478260869565,347.65000000000003,0.044882086037274505,0.045904525890178176,0.010035587188611443,1.2534001032973952,0.035512549415616435,,Courts Ang Mo Kio,Ang Mo Kio Ave 6,1.373029,103.845336
84491,824.6521739130435,862.55,0.04487821191274666,0.04590047393364952,0.010035587188611443,1.2532609539510087,0.03550853771882076,,Blk 629,Bedok Reservoir Rd,1.33463946695939,103.91413940065628
11061,571.3913043478261,597.6,0.04477073941733867,0.04578807443980271,0.010035587188611443,1.2494007973187031,0.03539725501227804,,Opp Queensway Sec Sch,Queensway,1.30265777802206,103.80118694402536
71079,1812.782608695652,1768.55,-0.024689226686282595,-0.02438694057578431,0.010035587188611443,-1.2454361171564146,-0.03408050983649923,,Comfort Driving Ctr,Eunos Link,1.33554558497215,103.89825312082961
68011,1575.304347826087,1537.1,-0.024535198418778492,-0.024236657012825517,0.010035587188611443,-1.2399037878277677,-0.03393171947221405,,Bef Jln Kayu,Sengkang West Ave,1.3913169267408,103.8701030697383
10341,1446.5217391304348,1512.4,0.04450582652850876,0.045511068392755066,0.010035587188611443,1.2398857559035212,0.03512300126264663,,Opp Blk 116,Henderson Rd,1.28484639603431,103.82059301467888
44389,317.1304347826087,331.6,0.04447909580394693,0.04548312149788155,0.010035587188611443,1.2389256518014253,0.035095332044623034,,Opp Blk 201,Petir Rd,1.37154303506556,103.77461859337586
09111,1358.7826086956522,1420.6,0.04445815743447934,0.045461231015187814,0.010035587188611443,1.2381735953290864,0.03507365906302574,,Opp Four Seasons Hotel,Orchard Blvd,1.30453752623147,103.82914529614989
28561,770.0,751.35,-0.0244867323584419,-0.024189364461737504,0.010035587188611443,-1.238163002117528,-0.033884896813994994,,Blk 402,Jurong West St 42,1.35318546958489,103.72232429359829
50121,769.5217391304348,804.55,0.044457405258897076,0.04546044464507338,0.010035587188611443,1.2381465789696775,0.03507288050618636,,Natl Skin Ctr,Moulmein Rd,1.31930304159281,103.84933923160258
43119,306.7826086956522,299.35,-0.02444525654886842,-0.024148891086310947,0.010035587188611443,-1.2366732896027353,-0.03384482557696144,,Bef Hazel Pk Terr,Upp Bt Timah Rd,1.37337830995776,103.76300821940876
14199,549.7391304347826,574.75,0.04441228914631168,0.04541327859793153,0.010035587188611443,1.2365261154216856,0.0350261830949861,,Blk 118,Depot Rd,1.28131676735406,103.81275056370772
84311,563.0869565217391,588.7,0.044405515162607934,0.045406197009403945,0.010035587188611443,1.2362828100250642,0.03501917186823586,,Blk 521,Bedok Nth Rd,1.330067,103.927858
66041,948.6956521739131,991.8,0.044387666756726674,0.045387538341803174,0.010035587188611443,1.2356417377016098,0.035000698590821236,,Blk 230,Boundary Rd,1.3557230306281,103.8697219448858
65079,772.304347826087,807.4,0.044384291499030226,0.04538400989542332,0.010035587188611443,1.2355205064662764,0.03499720520264303,,Blk 102C,Punggol Rd,1.398951,103.904753
52341,868.5652173913044,847.6,-0.024405403838754225,-0.02411000000000034,0.010035587188611443,-1.235241874963309,-0.03380632090761722,,Pei Chun Public Sch,Lor 6 Toa Payoh,1.33625777803173,103.85562250002782
04029,539.9130434782609,564.45,0.044363341331995265,0.04536210915521322,0.010035587188611443,1.234768026253354,0.03497552206544679,,Bef Bencoolen Stn Exit A,Bencoolen St,1.29948166696821,103.85092666701239
78159,663.1304347826087,693.25,0.04435355807626262,0.04535188216039288,0.010035587188611443,1.2344166349568317,0.03496539668476707,,Opp Blk 230,Pasir Ris Dr 4,1.37246473904375,103.96053778303401
10239,1245.913043478261,1215.95,-0.02432320316385095,-0.024029777886258208,0.010035587188611443,-1.2322894220663767,-0.033726895870757445,,Blk 79,Ganges Ave,1.29060688839488,103.82865297447873
52289,394.7391304347826,412.65,0.044264972988754536,0.04525928367391802,0.010035587188611443,1.2312348691313562,0.03487371824526515,,Blk 34,Lor 5 Toa Payoh,1.334886632,103.8538671
46469,720.304347826087,703.05,-0.024211790892019636,-0.023921036769137836,0.010035587188611443,-1.2282877580276175,-0.033619235191767856,,Blk 759,Woodlands Ave 9,1.44668865905093,103.79491852510797
52321,778.8260869565217,814.0,0.04411718385807095,0.04510481712756436,0.010035587188611443,1.2259266347703208,0.03472078645918461,,Aft SAFRA Toa Payoh,Lor 6 Toa Payoh,1.3312589884768,103.8527071071997
46471,935.7391304347826,913.4,-0.024136721640187986,-0.023847760501276592,0.010035587188611443,-1.2255914488999649,-0.03354668698773358,,Opp Blk 773,Woodlands Ave 9,1.44796931841747,103.79758820990358
07011,1249.1304347826087,1305.5,0.04410391228208965,0.045090947031614655,0.010035587188611443,1.225449951300277,0.03470705417477242,,Bef Sophia Rd,Selegie Rd,1.30099699058522,103.8498101874305
46741,496.30434782608694,484.45,-0.024125912729957122,-0.023837209302324813,0.010035587188611443,-1.2252032185312807,-0.0335362406241741,,Seagate,Gambas Ave,1.44632701434368,103.80719269495765
64021,760.5652173913044,742.45,-0.024074297848907023,-0.023786823475679383,0.010035587188611443,-1.2233493346640192,-0.03348635542479645,,Blk 458,Hougang Ave 10,1.37788950153352,103.89663845377325
70141,550.9565217391305,575.8000000000001,0.044026307761110495,0.045009846396219286,0.010035587188611443,1.2226625813297802,0.034626759345140624,,Grantral Mall Macpherson,MacPherson Rd,1.33325940650465,103.88723373413463
24511,433.7826086956522,423.45,-0.02405194286305612,-0.02376499999999988,0.010035587188611443,-1.2225463966977064,-0.0334647487844401,,Gul Circle Stn Exit A,Tuas Rd,1.319446944,103.6608911
92121,1228.086956521739,1198.95,-0.02399169270437085,-0.02370617991439381,0.010035587188611443,-1.220382354179074,-0.03340651312784329,,Opp The Holy Family Ch,East Coast Rd,1.30720333,103.9067761
66431,736.8695652173913,719.4,-0.0239604547803145,-0.023675682045842725,0.010035587188611443,-1.2192603621822582,-0.033376318282297326,,Opp Blk 506A,S'goon Nth Ave 4,1.37297644274866,103.87526422817183
52081,2707.8260869565215,2643.75,-0.023938819913237985,-0.02365455917050574,0.010035587188611443,-1.218483289170997,-0.033355405281206174,,Aft Blk 195,Jln Toa Payoh,1.33081389290944,103.8608407974236
10119,1388.304347826087,1355.45,-0.023932159803768727,-0.02364805658133605,0.010035587188611443,-1.218244073866262,-0.033348967300948676,,Opp Pacific Tech Ctr,Jln Bt Merah,1.28598009010704,103.81122515087834
62049,495.30434782608694,483.59999999999997,-0.02386553465232044,-0.023583004818221235,0.010035587188611443,-1.2158510567574183,-0.03328456188401096,,Aft Paya Lebar Cres,Upp Paya Lebar Rd,1.348714,103.8803845
58589,343.0,334.90000000000003,-0.023828160755151373,-0.02354651162790706,0.010035587188611443,-1.2145086751882122,-0.03324843128546862,,Opp Gambas Cres,Opp Gambas Cres,1.443534,103.813173
28509,1738.8260869565217,1816.65,0.04375929976303894,0.044730857656937864,0.010035587188611443,1.2130722885695553,0.034350542603057324,,Blk 422,Jurong West Ave 1,1.35003470887569,103.72654009750788
11439,819.695652173913,856.35,0.04369389970773163,0.04466253443526143,0.010035587188611443,1.2107232740027187,0.03428289823236084,,Blk 92,C'wealth Dr,1.30606472198412,103.80029777801455
84261,479.3478260869565,500.8,0.0436911547723442,0.04465966690803832,0.010035587188611443,1.2106246824467972,0.03428005919652935,,St. Anthony's Cano Sch,Bedok Nth Ave 4,1.334189,103.941658
84151,573.7391304347826,599.35,0.04359656682647728,0.04456085936909021,0.010035587188611443,1.2072273082145506,0.03418223339692249,,Casafina,Bedok Sth Ave 1,1.31656999665769,103.93334015990408
46941,722.4782608695652,705.6,-0.023605763521005407,-0.023329326923077265,0.010035587188611443,-1.2065206950530534,-0.03303340450068541,,Opp Nylect Engrg,Woodlands Ave 9,1.45167306508663,103.80547695607456
76279,769.2608695652174,803.55,0.043553865791220225,0.04451625649130747,0.010035587188611443,1.2056935885048883,0.03413807368775135,,Blk 491C,Tampines St 45,1.3618856073242,103.95504580030337
44641,825.304347826087,862.05,0.04350946133849831,0.04446987634832888,0.010035587188611443,1.2040986860879703,0.03409215437206893,,Blk 602,Bt Panjang Ring Rd,1.38178063199093,103.76285898246775
12209,650.6521739130435,635.5,-0.02352652598696725,-0.02325193488123849,0.010035587188611443,-1.2036746711342472,-0.032956781416488744,,Opp Clementi Loop,Clementi Ave 6,1.32653202760922,103.76429968220569
10381,432.30434782608694,451.55,0.04345789136097977,0.04441601444912721,0.010035587188611443,1.2022464150488517,0.03403882763795693,,Opp Blk 48,Lower Delta Rd,1.28906972186602,103.82559411728036
61021,502.65217391304344,525.0,0.04341531404136223,0.04437154696132626,0.010035587188611443,1.2007171389109568,0.03399480197354968,,Aft Woodleigh Pk,Upp S'goon Rd,1.33627668492978,103.87018878876424
22441,363.4782608695652,379.65000000000003,0.04341340904351387,0.044369557437671445,0.010035587188611443,1.2006487159153714,0.0339928322175529,,Blk 669 CP,Jurong West St 64,1.342816,103.70358
46499,528.7826086956521,516.55,-0.023360611300397238,-0.02308986458760724,0.010035587188611443,-1.1977154098802045,-0.03279632143301196,,Opp Blk 402,Woodlands Ave 3,1.4322913388299,103.77219638823969
07518,1779.6521739130435,1858.45,0.043301058034415085,0.04425222805518193,0.010035587188611443,1.1966133346648244,0.033876668605124075,,Opp NAFA Campus 3,Bencoolen St,1.30095828368506,103.85211175034802
70289,1988.6521739130435,1942.8,-0.023315016393773647,-0.02304532144574099,0.010035587188611443,-1.1960777491881895,-0.03275222086622873,,Aft Tai Seng Stn Exit C,Upp Paya Lebar Rd,1.335054333,103.8885833
76409,383.17391304347825,400.15,0.04324007358880699,0.04418854685378009,0.010035587188611443,1.1944229183049186,0.033813620132169674,,Blk 259,Tampines St 21,1.35484670853897,103.9507954515594
66701,359.8695652173913,375.8,0.04319796484666849,0.04414457831325312,0.010035587188611443,1.1929104723565211,0.033770088457558724,,Goldenhill Pk Condo,Lor Chuan,1.352218,103.862853
59471,824.0869565217391,860.5,0.043186273343154724,0.044132370764609324,0.010035587188611443,1.1924905413345517,0.03375800220159048,,Blk 430B,Yishun Ave 1,1.42111543044621,103.84901971560181
59441,1347.7391304347827,1316.8,-0.02320649906833072,-0.022939299184423254,0.010035587188611443,-1.192180064744013,-0.032647252028830794,,Naval Base Pr Sch,Yishun Ave 4,1.41588388901051,103.83948333301474
56191,302.34782608695656,295.4,-0.023170194588155724,-0.02290382685968247,0.010035587188611443,-1.1908760940918204,-0.03261213215266928,,Teachers' Housing Est,Yio Chu Kang Rd,1.37879833302094,103.82944083302411
43789,1812.4347826086955,1892.1000000000001,0.04299298010736052,0.04393056654439044,0.010035587188611443,1.1855479076560624,0.03355820308284795,,Blk 436A,Bt Batok Rd,1.35915702140816,103.73950237742633
71169,697.5652173913044,681.7,-0.022973017689950304,-0.02271114707163706,0.010035587188611443,-1.1837939684888403,-0.03242136680688407,,Aztech Bldg,Ubi Ave 2,1.32706502989935,103.89217317535862
84141,353.7391304347826,345.7,-0.022922822808673082,-0.02266209094251778,0.010035587188611443,-1.1819910876388657,-0.032372798093324356,,Opp Lion Hme for Elders,Bedok Sth Rd,1.32021707852141,103.93816948878941
16221,454.5652173913044,444.25,-0.02290296186924401,-0.02264267990074413,0.010035587188611443,-1.1812777298930544,-0.03235357991723248,,Opp Haw Par Villa Stn,West Coast Highway,1.28297585453544,103.78118424868649
28621,1220.2608695652175,1273.75,0.042866256257416246,0.04379828402577548,0.010035587188611443,1.180996288118648,0.03342723490678282,,Blk 241,Jurong East Ctrl,1.342172,103.744076
55059,1727.2173913043478,1688.2,-0.022835423544386835,-0.022576668595436326,0.010035587188611443,-1.178851913765472,-0.032288224491992916,,ST Engineering,Yio Chu Kang Rd,1.3920822654425,103.84909518015897
81169,764.0869565217391,746.85,-0.022787072917276774,-0.022529408421890607,0.010035587188611443,-1.1771152741424085,-0.03224143388961695,,Opp Blk 56,Guillemard Rd,1.31078371924435,103.88313174959588
43831,499.8695652173913,488.6,-0.022756987122615868,-0.02249999999999966,0.010035587188611443,-1.176034663895502,-0.03221231766612545,,Blk 334,Bt Batok West Ave 7,1.36512501870188,103.74788610102789
28689,950.3478260869565,928.95,-0.022748922140365835,-0.022492116448059946,0.010035587188611443,-1.1757449888990883,-0.032204512444171184,,Opp Toh Guan Ctr,Toh Guan Rd East,1.33727934409499,103.75440999786483
59119,3362.521739130435,3286.95,-0.022724291443728006,-0.022468039451403705,0.010035587188611443,-1.1748603128094164,-0.0321806746735405,,Opp Blk 701A,Yishun Ave 5,1.43037444021889,103.82794865433573
46571,470.30434782608694,490.85,0.042669732894279555,0.043593173431734446,0.010035587188611443,1.1739376359422449,0.03322416226593463,,Blk 182,Woodlands St 13,1.43475417848392,103.7758535357882
28049,917.9565217391304,958.0,0.04265226405048139,0.043574943224829715,0.010035587188611443,1.173310196586806,0.033206113192084205,,Opp The Synergy,Boon Lay Way,1.33069921313648,103.7481034124348
78141,627.0,654.35,0.04262927759735646,0.043550955414013326,0.010035587188611443,1.172484577816659,0.03318236372115403,,Blk 249,Pasir Ris Dr 3,1.370066,103.963665
59339,710.1304347826087,694.3,-0.022512458450410833,-0.022260943996086812,0.010035587188611443,-1.1672517750994635,-0.03197563689274968,,Blk 776,Yishun Ave 3,1.42273567302859,103.83378411194366
59459,1205.9565217391305,1179.15,-0.022460370666702367,-0.022210014409221223,0.010035587188611443,-1.165380905692542,-0.03192521333588537,,Opp Huamin Pr Sch,Yishun Ave 11,1.42637371131971,103.84259503772017
43249,487.5217391304348,508.65,0.042340243319436865,0.04324937700249164,0.010035587188611443,1.1621031534285917,0.03288378175498677,,Hillview Apts,Hillview Ave,1.35565052307818,103.76204709426311
58121,649.0,634.65,-0.022324265493550932,-0.022076923076922692,0.010035587188611443,-1.160492331319749,-0.031793444382408206,,Blk 424A CP,Canberra Rd,1.45329115486737,103.81929476185202
97179,443.0,433.2,-0.022319304988033473,-0.022072072072072253,0.010035587188611443,-1.160314161749943,-0.03178864157653486,,SATS Catering,Changi Nth Cres,1.34529387211141,103.9698135852748
15199,869.0,849.8,-0.022316128322547257,-0.022068965517241364,0.010035587188611443,-1.1602000634748573,-0.03178556588804398,,Opp Currency Hse,Pasir Panjang Rd,1.27604240853686,103.79318399639808
43099,516.6521739130435,539.0,0.042265601774134964,0.0431715101629437,0.010035587188611443,1.1594222065030655,0.03280668859061155,,Assumption Eng Sch,Upp Bt Timah Rd,1.36872205121157,103.76498636840047
41041,1340.9565217391305,1398.85,0.04223644810715488,0.04314109833144365,0.010035587188611443,1.1583750760673015,0.03277657892726326,,Coronation Plaza,Bt Timah Rd,1.32398472197176,103.8102991670086
71071,1178.4347826086955,1152.5,-0.02223452730057307,-0.02198916208943094,0.010035587188611443,-1.157269148686094,-0.031706555377104914,,Opp Comfort Driving Ctr,Eunos Link,1.33638181561906,103.89785574766542
50349,500.82608695652175,489.8,-0.022216906505005518,-0.021971928608559895,0.010035587188611443,-1.1566362515842041,-0.03168949312594303,,Blk 107,Towner Rd,1.31930481783402,103.85957694494822
40081,906.2173913043479,945.3,0.04217754041542232,0.04307965110706443,0.010035587188611443,1.1562592517713084,0.03271574223481536,,Stevens Stn Exit 1,Bt Timah Rd,1.32012951912406,103.82605259642706
55131,600.3478260869565,587.15,-0.0221914952891078,-0.02194707541031008,0.010035587188611443,-1.1557235410975801,-0.03166488686596066,,Blk 612,Ang Mo Kio Ave 4,1.37986282047018,103.8396597025406
75059,2671.391304347826,2786.2,0.04206381648589197,0.04296103473521518,0.010035587188611443,1.152174558481533,0.032598304420391994,,Bef Tampines West Stn,Tampines Ave 1,1.34471168546511,103.9402168928283
72031,739.2173913043479,723.05,-0.022083464313952028,-0.021841409691630155,0.010035587188611443,-1.151843325199932,-0.031560271028637496,,Bef Kaki Bt Stn Exit B,Kaki Bt Ave 1,1.33521859078695,103.9099203114682
75031,1138.608695652174,1187.55,0.042049122714210796,0.042945709816489125,0.010035587188611443,1.1516467931217231,0.0325831317681405,,Opp Springfield Sec Sch,Tampines Ave 8,1.35080696753697,103.92946243284943
28089,360.3913043478261,352.5,-0.022077831513286128,-0.021835899903753554,0.010035587188611443,-1.1516410083860684,-0.03155481598532369,,Bef Yuhua CC,Boon Lay Way,1.34016358625469,103.73634638831608
16231,418.52173913043475,409.4,-0.021983052234674005,-0.02174318582236469,0.010035587188611443,-1.1482367619363063,-0.03146302309944436,,Wholesale Ctr,West Coast Highway,1.28635947284714,103.77852933168337
02151,1634.217391304348,1598.75,-0.02192838951566234,-0.02168971018346145,0.010035587188611443,-1.1462734069724925,-0.0314100787877968,,Suntec Convention Ctr,Temasek Blvd,1.29317776320814,103.85784623004031
44449,371.82608695652175,387.75,0.04182440738845283,0.04271137026239059,0.010035587188611443,1.1435755526446847,0.032351120582523936,,Palm Gdns,Choa Chu Kang Way,1.37889232196067,103.74762704486072
70281,2617.608695652174,2561.05,-0.02183542524441684,-0.02159875805273291,0.010035587188611443,-1.1429343512740697,-0.03132003034605654,,Aft Tai Seng Stn,Upp Paya Lebar Rd,1.3354935,103.8879965
28529,1347.4347826086957,1404.95,0.04176873136565984,0.04265331785645187,0.010035587188611443,1.1415758022171087,0.0322936449780254,,Blk 441,Jurong West Ave 1,1.35117921308914,103.7206511492765
28671,1254.391304347826,1227.3999999999999,-0.02173481069394345,-0.021500311699107023,0.010035587188611443,-1.1393205157262685,-0.03122256214307975,,Alliance Bldg,Toh Guan Rd East,1.33715229988486,103.75226376356609
03019,800.5217391304348,834.65,0.041697770395838774,0.04257933279088668,0.010035587188611443,1.1390270528161597,0.03222039501881244,,OUE Bayfront,Collyer Quay,1.284245000013,103.85310805599599
62149,828.5652173913044,863.85,0.041654352416804485,0.04253406708595381,0.010035587188611443,1.1374675821897984,0.03217557906825879,,Forest Woods,Upp S'goon Rd,1.35169173270668,103.87595332312252
70139,612.9130434782609,599.75,-0.021674420501505587,-0.021441218130312103,0.010035587188611443,-1.1371514435280259,-0.03116405572058883,,Aft Jln Belangkas,MacPherson Rd,1.33218202150261,103.88328460405727
27141,1195.4782608695652,1246.35,0.041638841666630455,0.042517896725898854,0.010035587188611443,1.1369104729040316,0.03215956937487762,,Blk 920,Jurong West St 91,1.33967546710179,103.68779973857258
46769,618.304347826087,644.6,0.041583288487220926,0.0424599831508009,0.010035587188611443,1.134915134718859,0.03210223122181398,,Blk 666,Woodlands Ave 7,1.4395995,103.7980195
12061,870.6086956521739,907.6,0.04156437364997689,0.04244026537636602,0.010035587188611443,1.1342357587151721,0.032082709360718206,,Blk 109,Clementi Rd,1.32178500189496,103.77087339859139
10271,295.5652173913044,308.15,0.04155944427900771,0.04243512681424971,0.010035587188611443,1.1340587074243507,0.032077621854712,,Opp Tanglin View,Alexandra Rd,1.29115999997607,103.81757666701353
55179,445.17391304347825,435.65,-0.021576856713018344,-0.021345741570843745,0.010035587188611443,-1.1336471841007911,-0.031069527804266483,,Opp Castle Green,Ang Mo Kio Ave 6,1.385991667,103.8431694
17101,503.69565217391306,525.1,0.04153573010188705,0.04241040661612638,0.010035587188611443,1.133206950537675,0.032053147273383494,,Blk 352,Clementi Rd,1.31487473157856,103.77179195235537
63199,883.9130434782609,865.05,-0.021546740607440107,-0.021316267872058016,0.010035587188611443,-1.1325654851577664,-0.031040346952463264,,Aft Phillips Ave,Yio Chu Kang Rd,1.36327972197547,103.87383805598819
52089,1829.3478260869565,1790.4,-0.021508580633542884,-0.02127892061380571,0.010035587188611443,-1.1311948695805552,-0.03100337077189495,,Opp Blk 195,Jln Toa Payoh,1.32991690265608,103.86027368842302
17371,304.7826086956522,317.7,0.04137580104442229,0.0422437082326178,0.010035587188611443,1.1274626788565592,0.03188810518415119,,Blk 201,Clementi Ave 6,1.32058194734278,103.76356592222618
43751,1672.2173913043478,1742.9,0.04137562982340892,0.04224352977860917,0.010035587188611443,1.1274565290046568,0.031887928503239266,,Opp Blk 443D,Bt Batok Rd,1.3561115,103.736562
97321,301.82608695652175,314.6,0.04131691868696308,0.04218234027279283,0.010035587188611443,1.125347764507459,0.03182734696869487,,Aft Compass Green,Tanah Merah Besar Rd,1.36060285135304,103.97464120182451
77191,664.304347826087,650.3,-0.02127423631029135,-0.02104953600836464,0.010035587188611443,-1.1227777783963553,-0.030776265303186126,,Blk 500A,Pasir Ris Dr 3,1.37654807606486,103.94602815996554
44779,656.5217391304348,684.2,0.041232939628374154,0.04209482245586209,0.010035587188611443,1.1223314362947738,0.03174069871784032,,Opp Fajar Stn,Fajar Rd,1.38422184036636,103.77020678944983
41049,882.695652173913,919.85,0.04118443805475369,0.04204428044280474,0.010035587188611443,1.120589375031773,0.03169065888389938,,Opp Coronation Plaza,Dunearn Rd,1.32469500003392,103.81026249997407
76439,898.8695652173914,880.0,-0.021192199348888607,-0.020969222592645713,0.010035587188611443,-1.1198312056993054,-0.030696749871514578,,Blk 351,Tampines St 33,1.35288166702581,103.96260527798987
44811,836.0,871.15,0.04113735697466847,0.04199522102747906,0.010035587188611443,1.1188983345208297,0.0316420869167846,,Senja FC,Senja Rd,1.38715472588861,103.76020832276009
92181,338.60869565217394,352.85,0.04107903484064579,0.041934451414671274,0.010035587188611443,1.1168035420662281,0.03158192110324438,,i12 Katong,Joo Chiat Rd,1.30528972611328,103.90534997934479
65171,1408.9565217391305,1468.05,0.041057065103561996,0.041911560640168224,0.010035587188611443,1.1160144413201063,0.03155925776861201,,Coral Edge Stn Exit B,Punggol Field,1.39452041732154,103.91205304613206
60211,2024.1304347826085,1981.8999999999999,-0.02107369109982571,-0.02085319249431038,0.010035587188611443,-1.1155746710216055,-0.030581872633715167,,Aft Tai Thong Cres,MacPherson Rd,1.328541,103.870488
64409,1439.1739130434783,1409.15,-0.021067797531770793,-0.020847421808959644,0.010035587188611443,-1.1153629880628284,-0.03057615928517187,,Blk 477A,Upp S'goon Rd,1.37820165544364,103.90352727356866
14229,869.7826086956522,851.65,-0.02104321076176241,-0.02082334731376072,0.010035587188611443,-1.1144798897132968,-0.03055232399114433,,Ch of St. Teresa,Kg Bahru Rd,1.27370670186653,103.82857888915174
01112,5663.782608695652,5545.85,-0.021038320222356077,-0.02081855860004531,0.010035587188611443,-1.1143042331599318,-0.03054758285748909,,Opp Bugis Stn Exit C,Victoria St,1.30009212839081,103.85520027125814
59073,5578.478260869565,5462.55,-0.020996508755882104,-0.020777616732122473,0.010035587188611443,-1.112802464646944,-0.030507047782842068,,Opp Yishun Stn,Yishun Ave 2,1.42868146490253,103.83546942999693
14051,392.7391304347826,409.2,0.040956261124466486,0.04180653710247426,0.010035587188611443,1.1123938019463657,0.0314552777316449,,Aft Telok Blangah Hts,Henderson Rd,1.275847,103.815157
05421,345.1304347826087,359.6,0.04095362760978816,0.04180379349327949,0.010035587188611443,1.1122992123575297,0.03145256138260774,,Aft Craig Rd,Tg Pagar Rd,1.27777470568529,103.84346347289251
65289,1602.0,1669.0,0.04094675280124793,0.04179663131628207,0.010035587188611443,1.112052285572387,0.03144547036810461,,Opp Punggol Sec/Blk 195E,Punggol Ctrl,1.40173746082241,103.90762981656073
63181,441.3478260869565,432.2,-0.020896994326725427,-0.020680165126794114,0.010035587188611443,-1.1092281428424586,-0.030410564444468213,,Bef St. Helier's Ave,Yio Chu Kang Rd,1.36083138898279,103.87346222201559
42259,431.52173913043475,449.55,0.04083646968690058,0.04168174507438664,0.010035587188611443,1.108091178187068,0.03133172562153067,,Aft Upp Bt Timah Rd,Jln Jurong Kechil,1.34106160633217,103.7770788000345
45139,12134.173913043478,11884.1,-0.020822655855901928,-0.020607361281792795,0.010035587188611443,-1.106558081631956,-0.03033848396935944,,Kranji Stn,Woodlands Rd,1.42525961270458,103.76178101875855
11041,619.5652173913044,645.4,0.04078780350626676,0.04163105163595592,0.010035587188611443,1.1063432046313275,0.031281535866759934,,Aft C'wealth Dr,Queensway,1.29624499998226,103.79952333299494
51099,1061.391304347826,1039.55,-0.0207728952756856,-0.020558624923265892,0.010035587188611443,-1.104770799843995,-0.03029023184919152,,Catholic JC,Whitley Rd,1.325881667006,103.8345342161876
43149,608.0434782608696,595.55,-0.020726597714729067,-0.02051327812678499,0.010035587188611443,-1.1031079014781622,-0.03024533561280531,,Blk 291A,Bt Batok East Ave 6,1.34399483001027,103.7561003299722
14159,933.4347826086956,914.3000000000001,-0.020689955528828463,-0.02047738693467309,0.010035587188611443,-1.1017918012388457,-0.030209801031086458,,Hotel Faber Pk,Telok Blangah Rd,1.26994046445496,103.81315419081787
50251,1247.2173913043478,1299.0,0.04064781793959771,0.041485248528336,0.010035587188611443,1.1013152557449333,0.031137181440570105,,Farrer Pk Stn Exit A,Rangoon Rd,1.31240499998142,103.85486499997727
93061,620.8695652173913,646.6,0.04054285327772966,0.04137593511850658,0.010035587188611443,1.0975451745336477,0.031028954155100208,,Bef Siglap Rd,East Coast Rd,1.31199515605411,103.92260670662348
65401,561.7826086956521,585.05,0.040511686800066116,0.04134347960445001,0.010035587188611443,1.0964257487214728,0.030996821114969493,,Opp Blk 264A,Punggol Ctrl,1.40653182138609,103.89871180015278
21761,491.39130434782606,481.4,-0.020500089009108713,-0.020291390728476154,0.010035587188611443,-1.0949722470583398,-0.030025652859916922,,Blk 138B,Yuan Ching Rd,1.32831333299986,103.72476805601295
55051,1252.1304347826087,1226.8,-0.020420818475761493,-0.020213725626257967,0.010035587188611443,-1.0921250378827732,-0.02994875942843461,,Opp ST Engineering,Yio Chu Kang Rd,1.3924,103.848962
75249,1216.6521739130435,1192.05,-0.020411503618538163,-0.020204599014496324,0.010035587188611443,-1.091790470347581,-0.02993972349754523,,Temasek Poly West G,Tampines Ave 1,1.34791499671757,103.93017010145029
63381,1072.391304347826,1116.6,0.04036044926895954,0.04118600129617614,0.010035587188611443,1.0909936560121865,0.03084090749145827,,Xinmin Pr Sch,Hougang Ave 8,1.37095163322641,103.88239574095121
14329,569.1304347826087,592.6,0.040340524250895626,0.041165255852969776,0.010035587188611443,1.0902779967140912,0.030820368172379306,,Blk 67,Telok Blangah St 32,1.274547,103.809425
67389,669.6521739130435,656.15,-0.02033832991642104,-0.02013290113452122,0.010035587188611443,-1.0891622448609997,-0.02986873799873259,,Blk 317B,Sengkang East Way,1.39424377787036,103.88869095686496
40401,710.6521739130435,739.9,0.04027639116035342,0.04109848484848508,0.010035587188611443,1.0879744885107416,0.030754260596238803,,Blk 224A,Tengah Blvd,1.357112,103.731092
52371,538.5652173913044,527.75,-0.020247931909015193,-0.020044319097501734,0.010035587188611443,-1.0859153632611058,-0.029781036101746917,,First Toa Payoh Pr Sch,Lor 8 Toa Payoh,1.33992964917756,103.85651585657361
06149,469.30434782608694,488.6,0.04020869749697642,0.04102801146343715,0.010035587188611443,1.085543092992681,0.03068448742592499,,Havelock Stn Exit 4,Havelock Rd,1.28984045728104,103.83411526676929
96161,1608.608695652174,1674.6,0.04018020681365453,0.040998352286540446,0.010035587188611443,1.0845197753543736,0.030655122938898088,,Opp Simei Stn,Simei St 3,1.34211893867102,103.95354015150029
92081,919.9565217391305,957.7,0.040165372608486294,0.04098291001794,0.010035587188611443,1.0839869659574413,0.03063983410274587,,St. Patrick's Sch,Marine Parade Rd,1.30751338586806,103.91754269765207
06049,495.60869565217394,515.95,0.04014377473704389,0.04096042724566659,0.010035587188611443,1.083211221741439,0.030617574716484047,,Bef Outram Flyover,Outram Rd,1.28474856880259,103.83517705055233
67129,622.1304347826086,609.7,-0.02015002226660556,-0.019948367289980357,0.010035587188611443,-1.0823986815828825,-0.029686037659376715,,Blk 137,Sengkang East Way,1.38936844113699,103.90498892005203
14539,291.47826086956525,303.45,0.04011652795812637,0.040932064813437745,0.010035587188611443,1.0822325821932628,0.030589494089832282,,Beach Stn Ter,Beach View,1.25142694,103.818545
43759,1755.1304347826087,1827.0,0.04010970108866019,0.040924958530364965,0.010035587188611443,1.081987377265735,0.03058245841389876,,Blk 443D,Bt Batok Rd,1.35596765339105,103.73690126563862
76271,1005.1304347826087,1046.3,0.04010370368257732,0.04091871569940728,0.010035587188611443,1.0817719646917594,0.030576277610928182,,Dunman Sec Sch,Tampines St 45,1.36181167182029,103.95518343875231
55261,375.7826086956522,391.2,0.04010352739154044,0.04091853219478376,0.010035587188611443,1.081765632736661,0.030576095929583626,,Bullion Pk Condo,Lentor Ave,1.39203,103.836929
59211,1261.608695652174,1236.45,-0.020127163423406813,-0.01992596418732803,0.010035587188611443,-1.0815776462580258,-0.029663857151148606,,Blk 289,Yishun Ave 7,1.44037027798466,103.8381736110171
83159,491.60869565217394,511.75,0.04007325885958757,0.04088702559576334,0.010035587188611443,1.0806784590004928,0.030544902376188038,,Opp Parkway East Hosp,Joo Chiat Pl,1.31480354064185,103.90947767042405
66341,647.0869565217391,673.5500000000001,0.0400209223723369,0.040832550650744925,0.010035587188611443,1.078798656753366,0.0304909686874058,,Daikin S'pore,Ang Mo Kio Ave 3,1.37114196132937,103.86525341485559
59249,1226.0869565217392,1201.75,-0.020032430831116166,-0.01983311483541828,0.010035587188611443,-1.0781750766699834,-0.029571930338779355,,Blk 257,Yishun Ring Rd,1.43436086302643,103.8394374423364
14399,653.5652173913044,640.6,-0.020006168434379745,-0.019807372965792068,0.010035587188611443,-1.07723179379042,-0.029546444237148164,,Blk 85,Telok Blangah Hts,1.27763662023223,103.80858552939208
77249,1102.1739130434783,1147.15,0.039960550790212324,0.04076971583967295,0.010035587188611443,1.0766302529933505,0.030428758195152873,,Blk 640,Pasir Ris Dr 1,1.37599439507295,103.939861116152
84081,413.39130434782606,405.2,-0.019965057862191493,-0.019767075857727075,0.010035587188611443,-1.075755199734537,-0.029506547516105732,,Opp Blk 40,Bedok Sth Rd,1.3204380811482,103.94022038903293
85019,301.82608695652175,295.85,-0.019931709568072442,-0.019734386216798752,0.010035587188611443,-1.0745574082602527,-0.02947418267535857,,Eastwood Ctr,Bedok Rd,1.321288333018,103.95534472201146
53021,539.1304347826087,561.1,0.0398691137235021,0.04067455526040415,0.010035587188611443,1.0733460508525134,0.030334543119490374,,Lakeview Est,Upp Thomson Rd,1.34967996840542,103.83652457261991
04168,1252.1304347826087,1303.1,0.0398683791936989,0.04067379085420863,0.010035587188611443,1.0733196682875539,0.030333786308339133,,Aft City Hall Stn Exit B,Nth Bridge Rd,1.29208221483052,103.85125994680256
09212,2666.4782608695655,2774.95,0.03985947642156251,0.04066452601382178,0.010035587188611443,1.0729999018693859,0.030324613522246885,,Royal Plaza On Scotts,Scotts Rd,1.30702238421536,103.83265522662566
50191,742.9130434782609,773.15,0.039841502305756116,0.04064582115721774,0.010035587188611443,1.0723543143441638,0.030306094514757145,,Bef Balestier Plaza,Balestier Rd,1.32604500002988,103.84902388888725
63071,723.9565217391304,709.7,-0.0198612832085594,-0.01966534724721107,0.010035587188611443,-1.0720278607910945,-0.029405829668332505,,Opp Blk 248,Hougang Ave 3,1.3597807263938,103.89332464938751
65091,417.7826086956522,409.55,-0.019854227464654706,-0.019658430232558036,0.010035587188611443,-1.0717744352376433,-0.0293989813802714,,Blk 301A,Punggol Rd,1.4039796271467,103.90655641325277
46239,645.6086956521739,632.9,-0.019850100182009278,-0.01965438407746074,0.010035587188611443,-1.0716261930532902,-0.029394975427264776,,Larkin Ter,Jln Datin Halimah,1.49390379286364,103.74403292148666
70149,903.5217391304348,885.75,-0.019843245310082303,-0.0196476639107865,0.010035587188611443,-1.071379982343917,-0.029388322031325582,,Sky Green Condo,MacPherson Rd,1.33291249995394,103.88646305557553
68149,294.7391304347826,306.75,0.03981001542657214,0.040613054983828625,0.010035587188611443,1.0712233804707927,0.030273653901966152,,ST Aerospace,West Camp Rd,1.41891604556531,103.86279700000911
10389,1009.6086956521739,1050.6,0.03975999558987908,0.040561004990534597,0.010035587188611443,1.069426786806297,0.03022212107089146,,Blk 48,Lower Delta Rd,1.28875832991208,103.82573455047122
84569,661.5217391304348,648.55,-0.019773555662063735,-0.01957934112088233,0.010035587188611443,-1.068876895800884,-0.029320678088111316,,Opp Blk 53,Chai Chee St,1.3279697494091,103.92011115886494
65191,13393.739130434782,13131.6,-0.01976433914873077,-0.01957030501916724,0.010035587188611443,-1.0685458605445244,-0.029311731767972006,,Bef Punggol Rd,TPE,1.39527356921611,103.90539999997036
46349,454.7391304347826,445.85,-0.01969759560556117,-0.01950486548368659,0.010035587188611443,-1.0661485910864028,-0.029246942431526153,,Aft Blk 353,Woodlands Ave 1,1.4318970485931,103.78622445675852
10401,303.9130434782609,316.25,0.039663473986736086,0.04046057322116049,0.010035587188611443,1.0659599601999288,0.030122687179008838,,Shriro Hse,Hoy Fatt Rd,1.28816729863,103.81167850401884
80089,3056.5652173913045,2996.95,-0.019690196895252754,-0.019497611057390826,0.010035587188611443,-1.0658828469947714,-0.029239760084302173,,Bef Lor 18 Geylang,Geylang Rd,1.31275356421909,103.88079905478979
59411,1101.1304347826087,1145.65,0.03959958212963954,0.04039409838652459,0.010035587188611443,1.0636651165286688,0.030056872830010573,,Blk 356,Yishun Ring Rd,1.42521425593657,103.84572707357924
71081,1271.1739130434783,1246.45,-0.019625711982843796,-0.0194343814080658,0.010035587188611443,-1.0635667021860544,-0.029177158676859667,,Eunos Technolink,Eunos Link,1.33375855817569,103.9005998503616
10659,319.2173913043478,332.15000000000003,0.039592726040964976,0.04038696537678185,0.010035587188611443,1.0634188621166136,0.030049810692959946,,Blk 1003,Bt Merah Ctrl,1.28362333298689,103.81472833301791
10017,1221.1304347826087,1197.4,-0.019608260047046855,-0.01941726849051911,0.010035587188611443,-1.0629398701258386,-0.029160215791120044,,Aft Hosp Dr,Eu Tong Sen St,1.27832046633393,103.83762574759974
17201,1819.7826086956522,1784.45,-0.019595929141114077,-0.01940517694254784,0.010035587188611443,-1.0624969732884846,-0.029148244383256163,,Blk 308,Clementi Ave 4,1.32055715133061,103.76734890374861
75339,690.6086956521739,677.1999999999999,-0.019578097277672235,-0.019387690953667887,0.010035587188611443,-1.061856495130142,-0.02913093213297335,,Blk 734,Tampines St 71,1.35846309875614,103.93415212517196
82069,2316.8695652173915,2272.0,-0.019547928065896336,-0.019358106206974215,0.010035587188611443,-1.0607728887387013,-0.029101641336620306,,Aft Lor 106 Changi,Changi Rd,1.31709537499354,103.90295147896967
44341,419.4347826086957,411.3,-0.01953813280533634,-0.019348500517063424,0.010035587188611443,-1.0604210662573093,-0.029092131087642314,,Blk 401A CP,Fajar Rd,1.3811702972192,103.76917730998287
84201,2344.7391304347825,2439.15,0.03945896637517077,0.040247812870700235,0.010035587188611443,1.058614532794117,0.029912040788763847,,Bedok Resvr Stn Exit A,Bedok Nth Ave 3,1.336576,103.933159
10599,874.5217391304349,909.75,0.03944845393941687,0.040236877389878675,0.010035587188611443,1.0582369510840894,0.029901213961511162,,Opp Blk 36,Jln Rumah Tinggi,1.28883435010664,103.80924997344987
65041,727.8260869565217,757.15,0.03944611554482069,0.040234444908429895,0.010035587188611443,1.0581529615072667,0.029898805648893627,,Blk 231,Punggol Rd,1.389877,103.901631
46479,1370.3478260869565,1344.0,-0.019400057819773053,-0.019213087727085326,0.010035587188611443,-1.0554617409038387,-0.028958063742198566,,Blk 774,Woodlands Ave 9,1.44796869795143,103.79840963198184
59429,1744.8695652173913,1711.35,-0.019386053634245393,-0.019199352509027708,0.010035587188611443,-1.0549587438398975,-0.02894446499554861,,Blk 846,Yishun Ring Rd,1.417434,103.835047
24009,10944.304347826086,10734.7,-0.019335901136708245,-0.019150161673458663,0.010035587188611443,-1.0531573853131435,-0.028895762913965558,,Joo Koon Int,Joo Koon Circle,1.32697254709069,103.67839791240787
40339,715.6521739130435,701.95,-0.019304844276289757,-0.019119699083904512,0.010035587188611443,-1.0520418966919116,-0.028865602996888836,,Blk 448B,Bukit Batok West Avenue 9,1.35347432348291,103.74087652056193
62239,943.0,980.8000000000001,0.039261455478452056,0.04004237288135658,0.010035587188611443,1.0515204107582694,0.029708642025443554,,Opp S'pore Girls' Hme,Hougang Ave 3,1.34763066655635,103.88998897946436
95139,1050.9565217391305,1030.9,-0.019250021176600463,-0.019065922711303872,0.010035587188611443,-1.0500727812352937,-0.028812360939596257,,Police Pass Off,Airline Rd,1.385469,103.999182
01019,513.9565217391305,534.55,0.03921178291830607,0.03999071259709518,0.010035587188611443,1.04973629044206,0.029657495031301294,,Bras Basah Cplx,Victoria St,1.29698951191332,103.85302201172507
91099,529.695652173913,519.6,-0.019206704614825654,-0.01902343109945936,0.010035587188611443,-1.04851695327588,-0.028770291519089216,,Bef Wilkinson Rd,Mountbatten Rd,1.30320972763591,103.88471920227425
84419,528.5217391304348,518.45,-0.019203660641419873,-0.019020445028327178,0.010035587188611443,-1.0484076209849877,-0.028767335117186096,,Blk 512,Bedok Nth St 3,1.33361648978155,103.9292288767243
77041,500.95652173913044,521.0,0.03915408202319348,0.0399307059333053,0.010035587188611443,1.0476638114127672,0.029598084586213016,,Blk 541,Pasir Ris Dr 1,1.36944854648197,103.95130450100082
43659,656.4347826086956,643.95,-0.019172774772374446,-0.018990146154354962,0.010035587188611443,-1.047298273967524,-0.028737337289033774,,St. Anthony's Pr Sch,Bt Batok St 34,1.36376864242438,103.74933550929673
14491,321.5652173913044,315.45,-0.019140089039061614,-0.018958080603854746,0.010035587188611443,-1.0461242801028583,-0.028705590337830326,,Opp Telok Blangah Mkt/FC,Telok Blangah Dr,1.27278805556375,103.8079488888896
17171,16119.304347826088,15814.4,-0.01909546815670282,-0.018914304671127213,0.010035587188611443,-1.0445216040477174,-0.028662249357291832,,Clementi Stn Exit A/Mall,C'wealth Ave West,1.315334,103.764861
63081,346.2608695652174,339.7,-0.019073958321318862,-0.018893201452360567,0.010035587188611443,-1.0437490218777215,-0.028641355817465786,,Opp Blk 241,Hougang Ave 3,1.3568307844677,103.89260949897677
65021,882.4782608695652,865.8,-0.01905841610106407,-0.01887795275590507,0.010035587188611443,-1.0431907822614406,-0.028626258630149903,,Opp Blk 110,Punggol Rd,1.38403136207098,103.89961345545082
10231,718.3913043478261,747.0,0.03899753415349938,0.039767919738910376,0.010035587188611443,1.042040983961158,0.029436915815072958,,Blk 51 CP,Ganges Ave,1.29041850946952,103.82788100149519
52061,938.9565217391304,921.25,-0.019017284248529442,-0.01883759655858247,0.010035587188611443,-1.0417134238660875,-0.02858630340695333,,BCA Acad,Braddell Rd,1.34352174018964,103.85873879159365
62031,470.17391304347825,488.9,0.03897402065068345,0.03974347144043538,0.010035587188611443,1.0411964348186162,0.029412710431831905,,Bef How Sun Rd,Upp Paya Lebar Rd,1.34521001044775,103.88171014272702
65629,378.69565217391306,371.55,-0.018998759484846417,-0.01881942058857179,0.010035587188611443,-1.0410480583777226,-0.028568308031105962,,Samudera Stn Exit A,Punggol Way,1.41645968650579,103.90252132088521
14041,671.1739130434783,697.85,0.0389190207186525,0.03968628719275581,0.010035587188611443,1.0392209679645186,0.029356094359680687,,Blk 54,Henderson Rd,1.2732727805917,103.81247079301698
67569,740.0434782608695,726.15,-0.018926515066933547,-0.018748533208166863,0.010035587188611443,-1.038453210571363,-0.028498124978841202,,Bet Blks 430D/433A,Sengkang West Way,1.39504999232889,103.87700000087196
77271,692.3913043478261,679.4,-0.018913632050389317,-0.018735891647855593,0.010035587188611443,-1.0379904832329074,-0.028485609023491093,,Aft Pasir Ris St 72,Pasir Ris Dr 12,1.38058998439068,103.9349613837619
63379,848.6521739130435,832.75,-0.01889346134530534,-0.018716098659297936,0.010035587188611443,-1.037265999440914,-0.02846601269559066,,Blk 608,Hougang Ave 8,1.370839,103.885214
67099,359.6521739130435,373.9,0.03874533704647121,0.039505726341169424,0.010035587188611443,1.0329826632099057,0.029177327538118518,,Blk 459B,Sengkang West Rd,1.3937,103.869287
62089,981.6086956521739,963.35,-0.01875667007542159,-0.018581858407079096,0.010035587188611443,-1.032352782103969,-0.02833310623771773,,Bartley Chr Ch,Bartley Rd,1.34383983323818,103.8782509427123
52299,354.04347826086956,368.05,0.038691880265689704,0.039450159196668846,0.010035587188611443,1.0310626226814703,0.029122312501811486,,Blk 50,Lor 5 Toa Payoh,1.337101667,103.8523
65679,345.4347826086956,359.1,0.038687187319545124,0.03944528112449804,0.010035587188611443,1.0308940632084975,0.029117482897555273,,Opp Punggol Cove Pr Sch,Sumang Link,1.410983,103.898983
58291,608.1304347826087,596.85,-0.018692537036313794,-0.018518915060670743,0.010035587188611443,-1.0300492757480215,-0.02827078828852195,,Blk 317,Sembawang Dr,1.44579319988216,103.8199449173096
94059,1454.0434782608695,1511.35,0.03862895030788582,0.03938474870017284,0.010035587188611443,1.0288023281468996,0.02905755191582256,,Temasek Sec Sch,Upp East Coast Rd,1.31707137658578,103.94798092494041
08057,4286.95652173913,4207.75,-0.018644592704156082,-0.018471857477464715,0.010035587188611443,-1.0283272292741077,-0.028224198263573412,,Dhoby Ghaut Stn,Orchard Rd,1.29930997279734,103.84529021429745
46719,460.60869565217394,452.09999999999997,-0.018604701411331526,-0.018432702269945075,0.010035587188611443,-1.026894428835415,-0.02818543209729542,,Aft W'lands Ind Pk E3,Woodlands Ave 8,1.45490953729339,103.80106314214777
75541,627.0,615.5,-0.018481843863799696,-0.018312101910828035,0.010035587188611443,-1.0224816776925907,-0.028066030008253463,,Opp Blk 648A,Tampines St 62,1.368309,103.941523
50021,1151.7826086956522,1196.95,0.03843308314772376,0.03918118729727691,0.010035587188611443,1.0217672452219129,0.02885601307355015,,United Sq/Bef Novena Stn,Thomson Rd,1.3173533543911,103.84421700922245
44321,652.7826086956521,640.85,-0.018420262062234904,-0.018251645940014657,0.010035587188611443,-1.0202698057263055,-0.02800617472040004,,Opp Bangkit Stn,Bt Panjang Ring Rd,1.379874,103.772318
21599,1065.695652173913,1046.25,-0.018398013836403493,-0.018229803537947464,0.010035587188611443,-1.019470702326183,-0.027984549341706216,,Blk 117,Corporation Dr,1.33468356164521,103.72268493639599
65259,1485.695652173913,1458.6,-0.018393548571612683,-0.018225419664268966,0.010035587188611443,-1.019310320626365,-0.027980209025647948,,Punggol Stn/Int,Punggol Ctrl,1.4053405,103.9014515
20131,427.34782608695656,419.55,-0.018372164902833,-0.0182044254973614,0.010035587188611443,-1.018542270060966,-0.02795942345415536,,S'pore Food Ind Bldg,West Coast Rd,1.3155936163792,103.7518511517015
41129,367.2173913043478,381.6,0.03831655601370265,0.039060101546817265,0.010035587188611443,1.0175818674884982,0.028736130415953215,,Opp S'pore Bible Coll,Adam Rd,1.32542946413096,103.81399869920736
46821,292.3478260869565,303.8,0.038296799114215574,0.03903957314361944,0.010035587188611443,1.0168722466101578,0.028715805980400435,,Blk 713,Woodlands Circle,1.44215561041047,103.79755539404626
70299,700.2608695652174,687.55,-0.01829201981489792,-0.018125736251472468,0.010035587188611443,-1.0156636489629367,-0.027881516054765642,,Opp Asiawide Ind Bldg,Upp Paya Lebar Rd,1.3374750000156,103.88758305557131
16019,1153.8260869565217,1198.85,0.03824679040807588,0.03898761341816874,0.010035587188611443,1.015076052728688,0.02866436252027907,,Haw Par Villa Stn,Pasir Panjang Rd,1.28278078585184,103.78217614858187
44049,573.4347826086956,563.05,-0.01824367053060172,-0.018078262185892067,0.010035587188611443,-1.013927057570556,-0.02783451368555948,,Opp Junction 10,Woodlands Rd,1.38103523807931,103.7608578414621
13011,1882.2608695652175,1955.6000000000001,0.03820349362823716,0.03894262957405024,0.010035587188611443,1.013520935289408,0.02861982563000601,,Napier Stn Exit 2,Napier Rd,1.306504,103.81932
66309,492.4347826086956,511.65,0.03820265374411047,0.038941756982993556,0.010035587188611443,1.0134907686475176,0.028618961708904867,,Blk 112,S'goon Nth Ave 1,1.36927306510786,103.8719488184558
63361,1065.086956521739,1106.6,0.038200617175808915,0.038939641109298685,0.010035587188611443,1.0134176199539235,0.028616866858266223,,Opp S'goon Sports Cplx,Yio Chu Kang Link,1.35744648841295,103.87383985365209
70201,662.6086956521739,650.65,-0.018185054009244084,-0.018020703662452234,0.010035587188611443,-1.011821691422479,-0.02777752705640511,,Opp MacPherson Stn Exit D,Circuit Rd,1.32461138902969,103.88885416699938
09059,1212.2173913043478,1259.35,0.038113628370641806,0.03884926892201912,0.010035587188611443,1.0102931887966549,0.02852739259772942,,Somerset Youth Pk,Grange Rd,1.30044251755834,103.83623804216019
01139,1118.7826086956522,1162.25,0.038083244654222526,0.03881770529994231,0.010035587188611443,1.009201877908183,0.02849614258785139,,Bugis Stn/Parkview Sq,Nth Bridge Rd,1.30033057855542,103.85716080665901
46119,2043.5217391304348,2122.85,0.03806658566954102,0.038800399795849316,0.010035587188611443,1.0086035267676268,0.02847900902908127,,Marsiling CC,Admiralty Rd,1.44101545973486,103.77252382232057
52509,2881.304347826087,2829.65,-0.018083727733740673,-0.01792119831656498,0.010035587188611443,-1.0081822924029764,-0.02767901038318152,,Aft HDB Hub,Lor 6 Toa Payoh,1.33115712303762,103.85017633434691
84139,333.7391304347826,327.75,-0.018053929856925777,-0.017891934017405072,0.010035587188611443,-1.007112023480877,-0.027650036850435645,,Panasonic,Bedok Sth Rd,1.321745,103.92772
44689,1919.608695652174,1993.95,0.03797682258898405,0.0387071580567753,0.010035587188611443,1.0053794502312743,0.02838669372825752,,Sunshine Pl,Choa Chu Kang Ave 3,1.37811000397911,103.73849893266107
41061,300.4782608695652,295.09999999999997,-0.018000675208273975,-0.01783963080473082,0.010035587188611443,-1.0051992430581842,-0.027598253315936794,,Chinese High Sch,Bt Timah Rd,1.32705333303352,103.80572472199289
06129,372.52173913043475,386.95,0.03790025863105129,0.03862763357001496,0.010035587188611443,1.0026294548125603,0.028307959386845157,,Grand Copthorne Hotel,Kim Seng Rd,1.29078162052352,103.83440916705554
58051,511.3478260869565,502.25,-0.01791667769341565,-0.01775712830957231,0.010035587188611443,-1.0021822519401624,-0.02751657055524501,,Blk 592C,Sembawang Rd,1.45087972197488,103.82843083296738
18131,541.4782608695652,531.85,-0.017908053814906566,-0.017748657529855005,0.010035587188611443,-1.001872502718311,-0.027508183940134864,,Science Pk,AYE,1.28950073498414,103.7918327963467
59571,569.8695652173914,591.9,0.037864999345630146,0.03859101294744892,0.010035587188611443,1.0013630250720758,0.02827170262220187,,Opp Northbrooks Sec Sch,Yishun Ring Rd,1.42072559126348,103.84373330710623
21571,1187.2173913043478,1233.05,0.03784724978753662,0.038572578579530614,0.010035587188611443,1.0007255031262503,0.02825345141585615,,Opp Jurong Sec Sch,Corporation Dr,1.33056719470166,103.72307005592994
62241,335.30434782608694,329.35,-0.01786384860212209,-0.017705235940530046,0.010035587188611443,-1.0002847565264628,-0.027465193782287237,,SBST Hougang Depot,Hougang Ave 3,1.345072,103.891184
62119,366.9130434782609,360.4,-0.01786123719273469,-0.017702670763412625,0.010035587188611443,-1.0001909609071449,-0.02746265409244862,,Aft Sunshine Lodge,Upp S'goon Rd,1.34483265931476,103.8710922003054
64561,686.7391304347826,713.25,0.037823445960669666,0.03854785687191814,0.010035587188611443,0.9998705262337356,0.028228975340036596,,Blk 574,Hougang St 51,1.37715998902026,103.88690877548076
92051,1106.3478260869565,1086.8,-0.017810502408007522,-0.017652832855628665,0.010035587188611443,-0.9983686880083004,-0.027413311367879202,,Marine Pde Stn Exit 4,Marine Parade Rd,1.304585,103.907913
43531,962.0,999.0500000000001,0.03775186593405344,0.038473520249221474,0.010035587188611443,0.9972995417838605,0.028155377316719837,,Blk 140,Bt Batok West Ave 3,1.35154868659228,103.7437763360561
59281,1359.7391304347827,1335.8,-0.01774933207896101,-0.017592740518261245,0.010035587188611443,-0.9961715951570289,-0.027353816100455328,,Blk 654,Yishun Ave 4,1.4228063053424,103.84070404095088
20149,310.47826086956525,322.45,0.037714995238541604,0.03843523171412606,0.010035587188611443,0.9959752340223497,0.028117469211717327,,Blk 408,West Coast Rd,1.31795969674094,103.74897266925451
84121,700.6521739130435,727.6,0.03768708209516092,0.03840624612715297,0.010035587188611443,0.9949726602462369,0.028088771621908867,,Aft Bedok Sth Ave 1,Bedok Sth Rd,1.318437,103.931033
52349,425.8695652173913,418.4,-0.017653380221028137,-0.017498472193929124,0.010035587188611443,-0.9927252324446387,-0.027260484414396113,,United Medicare Ctr,Lor 6 Toa Payoh,1.33619305600558,103.85544250002881
01229,1203.4782608695652,1249.65,0.037616921512193535,0.038333393495289164,0.010035587188611443,0.9924526588389947,0.02801664284467777,,Bef Sultan Mque,Nth Bridge Rd,1.30337552638813,103.85963089198265
43581,435.0869565217391,451.8,0.037608861862142184,0.03832502492522488,0.010035587188611443,0.9921631753624859,0.02800835742367832,,Blk 347,Bt Batok West Ave 5,1.36251939522797,103.75138384429646
84241,1151.7391304347825,1131.6000000000001,-0.017625088115013732,-0.017470674763323046,0.010035587188611443,-0.9917090472313076,-0.02723296317558169,,Blk 81,Bedok Nth Rd,1.32861392886029,103.94004872476815
05269,606.6521739130435,596.05,-0.017601773905348672,-0.01744776760160226,0.010035587188611443,-0.9908716562251353,-0.027210283616552942,,Maxwell Stn Exit 2,Sth Bridge Rd,1.280894,103.844567
21641,641.0434782608695,629.85,-0.017587908170873412,-0.01743414369878726,0.010035587188611443,-0.9903736319939748,-0.027196795079131284,,Bef Blk 322,Yuan Ching Rd,1.3363012622323,103.7250086693193
43561,720.2173913043479,707.65,-0.017578853824208096,-0.017425247166626724,0.010035587188611443,-0.9900484213789367,-0.027187986941800895,,Opp Bt Gombak Stadium,Bt Batok East Ave 5,1.35745163479028,103.75287425796093
60071,560.0,550.25,-0.017532478761640213,-0.01737967914438468,0.010035587188611443,-0.9883827393394027,-0.02714287167772502,,Kolam Ayer Ind Est,Jln Kolam Ayer,1.327057,103.870325
17279,464.1304347826087,456.05,-0.017525077062217953,-0.017372406057206934,0.010035587188611443,-0.9881168878859056,-0.027135670855031244,,Blk 723,Clementi West St 2,1.30292494255611,103.76319287727786
70111,476.4782608695652,494.7,0.037452273116859836,0.0381624476415952,0.010035587188611443,0.9865388797568855,0.027847395487592276,,Opp Cencon Bldg,MacPherson Rd,1.3307766855737,103.87714812684305
59619,1311.0869565217392,1288.4,-0.01744197226792732,-0.01729074159984105,0.010035587188611443,-0.9851319611691716,-0.02705481780549347,,Yishun Community Hosp,Yishun Ctrl 2,1.42335199999945,103.83687299997104
53439,297.04347826086956,308.4,0.03739556207170036,0.03810357403355182,0.010035587188611443,0.984501953785582,0.027789106840350408,,Blk 228,Bishan St 23,1.357625,103.847213
03011,2774.608695652174,2880.35,0.03738886138957476,0.0380966180547937,0.010035587188611443,0.98426128120745,0.02778221997532669,,Fullerton Sq,Fullerton Rd,1.28561840945474,103.85342223246427
54199,1231.2173913043478,1209.95,-0.01741012799896069,-0.01725944744363344,0.010035587188611443,-0.9839881907041256,-0.027023834584105476,,Bef Mayflower Stn Exit 3,Ang Mo Kio Ave 4,1.37430000000968,103.83767277798232
65621,474.65217391304344,466.45,-0.01739446890949825,-0.017244058500914494,0.010035587188611443,-0.9834257534236397,-0.027008598543995465,,Samudera Stn Exit B,Punggol Way,1.416165,103.902557
82119,887.3913043478261,921.2,0.03734981579232688,0.03805608574365005,0.010035587188611443,0.9828588561441206,0.02774209038815395,,Tg Katong Cplx,Tg Katong Rd,1.31619210726015,103.8940879247112
84459,896.0869565217391,880.65,-0.01735764700214748,-0.01720787088644379,0.010035587188611443,-0.9821031980169319,-0.02697277048513327,,Bet Blks 705/706,Bedok Nth Rd,1.336324,103.918288
75061,1681.0434782608695,1745.0,0.03731804705634367,0.03802310853775115,0.010035587188611443,0.981717798644339,0.02770944083964577,,Blk 954D,Bedok Reservoir Rd,1.342039,103.937243
76429,534.304347826087,554.65,0.037303140042089566,0.03800763482780978,0.010035587188611443,0.9811823741180691,0.02769412087454984,,Blk 331,Tampines St 32,1.35369222069272,103.9595890045465
67329,407.0,400.0,-0.01730574709759214,-0.01715686274509767,0.010035587188611443,-0.9802390767827056,-0.02692226915429591,,Opp Blk 310B,Sengkang East Ave,1.39001974230515,103.88460168183559
68019,1100.6521739130435,1142.45,0.03723897886954397,0.03794103717736247,0.010035587188611443,0.9788778572758932,0.027628184930022694,,Aft Jln Kayu,Sengkang West Ave,1.39106694073297,103.87060612962611
83101,5487.04347826087,5393.1,-0.01726604915259955,-0.017117845117843897,0.010035587188611443,-0.9788132209386563,-0.026883639201303485,,Eunos Stn,Jln Eunos,1.32066709057479,103.90489836683336
92201,382.95652173913044,376.4,-0.017223688605202625,-0.017076208809874243,0.010035587188611443,-0.9772917307437783,-0.026842416586479047,,Aft Lor M Telok Kurau,Telok Kurau Rd,1.31117244269722,103.9112378097299
46691,518.5652173913044,538.25,0.03718694383875931,0.03788702928870354,0.010035587188611443,0.9770088826286302,0.027574713656986407,,Opp 888 Plaza,Woodlands Ave 4,1.43823132518893,103.79587886684328
40231,3259.782608695652,3383.3,0.037179859711914176,0.037879676791380185,0.010035587188611443,0.9767544376274089,0.027567434213156296,,Raffles Town Club,Whitley Rd,1.32230868317131,103.82577145824762
78221,725.4347826086956,752.95,0.037177343123889095,0.03787706487910064,0.010035587188611443,0.9766640477660874,0.02756484825251029,,Blk 231A CP,Pasir Ris Dr 4,1.37417517709229,103.96122560227602
10249,993.0434782608695,1030.65,0.03713379482616119,0.03783186808380322,0.010035587188611443,0.975099896401947,0.027520100526914577,,Opp Gan Eng Seng Sec Sch,Alexandra Rd,1.29088138899671,103.82407777797806
46831,1180.4347826086957,1160.35,-0.01714649577412075,-0.017000331211128896,0.010035587188611443,-0.9745191476960324,-0.02676729289805877,,Blk 747A CP,Woodlands Circle,1.44364527797106,103.7956269439894
84539,2334.4347826086955,2294.75,-0.01713848867786183,-0.016992460206646517,0.010035587188611443,-0.9742315518268563,-0.026759500098891872,,Bedok Nth Stn Exit B,Bedok Nth Rd,1.3350342184363,103.91851751540032
78191,951.2608695652174,935.1,-0.017116711528855078,-0.01697105287188316,0.010035587188611443,-0.9734493683867864,-0.026738305464727604,,Aft Blk 182,Pasir Ris St 11,1.36488943048941,103.96176906896966
43681,753.1304347826086,740.35,-0.017092495010665232,-0.016947247045257935,0.010035587188611443,-0.9725795686026927,-0.026714736169816435,,Bt Batok Hme for the Aged,Bt Batok West Ave 2,1.36178500002853,103.74358000000312
54529,415.30434782608694,408.25,-0.01709038186845291,-0.016945169712793876,0.010035587188611443,-0.9725036695561977,-0.02671267947746776,,Opp Blk 5043,Ang Mo Kio Ind Pk 2,1.3733597291276,103.86303621815655
43331,753.4782608695652,781.9,0.036978508752514294,0.03767071976027191,0.010035587188611443,0.9695223896657613,0.02736055335295819,,Opp Bt Batok Presby Ch,Bt Batok St 11,1.34893916700858,103.74323444400876
07329,1905.8260869565217,1977.55,0.03692412792603772,0.03761429190323145,0.010035587188611443,0.9675691596119051,0.027304686156043364,,Hoa Nam Bldg,Jln Besar,1.31284472583438,103.85989088288474
52331,2659.869565217391,2615.3,-0.016891867670217664,-0.016749999999999533,0.010035587188611443,-0.9653735113141697,-0.026519448946514305,,Blk 27,Lor 6 Toa Payoh,1.33246306626276,103.85581029367948
95209,1181.913043478261,1226.25,0.036795816751634014,0.03748116293600899,0.010035587188611443,0.9629605271521013,0.027172879941578174,,Changi Airport Ter 4,T4 CRESCENT,1.33899412275069,103.98206408704047
71049,401.5652173913044,394.85,-0.016821762901454207,-0.016681067069877535,0.010035587188611443,-0.962855514620493,-0.026451200925359054,,Air Force Museum,Airport Rd,1.3461065,103.898851
72029,525.5217391304348,545.25,0.03678412579181156,0.037469033856316995,0.010035587188611443,0.9625406156582318,0.027160871374904038,,Opp Blk 646,Bedok Reservoir Rd,1.33086398684,103.90655207721196
76461,313.0,324.75,0.03673723009670127,0.03742038216560524,0.010035587188611443,0.9608562337350303,0.027112703081302453,,Eden Condo,Tampines St 34,1.35610972200156,103.95981833302024
07531,1850.5652173913043,1919.85,0.036736451571544926,0.03741957450805441,0.010035587188611443,0.9608282709615387,0.02711190344853597,,Rochor Stn,Rochor Canal Rd,1.30365644370093,103.8525732326128
84369,2320.173913043478,2281.6,-0.016757910569039858,-0.016618277857905272,0.010035587188611443,-0.9605620905818891,-0.026389035579138898,,Blk 45,Bedok Nth Rd,1.329162,103.924608
76069,3399.1304347826085,3526.3,0.03671891170210628,0.037401378463743036,0.010035587188611443,0.9601982805338825,0.02709388819784364,,Blk 147,Tampines Ave 5,1.348675,103.942076
93069,635.608695652174,625.05,-0.016724934162481553,-0.016585848927742057,0.010035587188611443,-0.9593776564250157,-0.02635692885876731,,Aft Siglap Rd,East Coast Rd,1.31168943552207,103.92240015622043
01519,422.04347826086956,437.85,0.03668270978722532,0.03736382322713234,0.010035587188611443,0.9588979937833106,0.027056706105363877,,The Gateway,Beach Rd,1.29907492488417,103.8589102973441
63301,2112.391304347826,2191.2,0.03661169531527353,0.03729015799868358,0.010035587188611443,0.9563473227129708,0.026983772805405804,,Paya Lebar Meth Girls' Sch,Lor Ah Soo,1.35149473186732,103.88531199399267
71209,352.82608695652175,366.0,0.03655633542208481,0.03723273531580252,0.010035587188611443,0.9543589269095151,0.026926920667115415,,Opp Paya Ubi Ind Pk,Ubi Ave 1,1.32608112825105,103.89720788120638
22509,379.8695652173913,394.05,0.036555371167454886,0.03723173515981739,0.010035587188611443,0.9543242931747089,0.026925930448554986,,Blk 664C,Jurong West St 63,1.33799405073941,103.70323491142737
05189,498.95652173913044,490.75,-0.016550680850347277,-0.016414470823550503,0.010035587188611443,-0.953118891557011,-0.026187253545971078,,Opp Sri Mariamman Tp,Sth Bridge Rd,1.2820913960391,103.84528061446953
75481,438.04347826086956,430.85,-0.016520141763416873,-0.016384432560903273,0.010035587188611443,-0.9520220001290095,-0.02615751373974223,,Blk 609D,Tampines Ave 6,1.363804,103.93794
53399,1438.0434782608695,1491.5,0.03647392461701848,0.03714725965315145,0.010035587188611443,0.9513989266364893,0.026842294279951197,,Blk 202,Bishan St 22,1.35464002820911,103.8470163249439
40059,407.7391304347826,422.9,0.03642044870919037,0.03709179874481449,0.010035587188611443,0.9494781991099941,0.026787384424258553,,Chancery Ct,Dunearn Rd,1.31662138896806,103.83634361100417
14339,397.95652173913044,391.45,-0.01644330230723412,-0.016308849171752293,0.010035587188611443,-0.9492621094678632,-0.026082681337686615,,Blk 70A,Telok Blangah Hts,1.276660654539,103.81124504785828
68119,2921.6521739130435,2874.05,-0.01642141737956493,-0.01628732092649641,0.010035587188611443,-0.9484760548743687,-0.026061366994381337,,Aft Piccadilly Circus/TPE,Jln Kayu,1.402186,103.872168
23491,813.5217391304349,843.7,0.036380416893525336,0.037050282908082134,0.010035587188611443,0.9480403514248168,0.026746281083684268,,Joo Koon Stn Exit B,Joo Koon Circle,1.327885,103.677849
54331,561.3913043478261,552.25,-0.016387899759821245,-0.01625434866640943,0.010035587188611443,-0.9472721816260413,-0.026028722342544112,,Blk 346,Ang Mo Kio Ave 8,1.36719473720813,103.85056845375878
10139,1908.7826086956522,1877.8,-0.016356142973307897,-0.0162231075697208,0.010035587188611443,-0.9461315533228196,-0.025997791653482368,,Blk 1,Jln Bt Merah,1.28635135443034,103.8081000223439
80161,558.6521739130435,579.35,0.03631589707156291,0.0369833747669367,0.010035587188611443,0.9457229527478999,0.02668003773345572,,Opp Nicoll Highway Stn,Nicoll Highway,1.30032715605093,103.8624541086332
28491,2842.6521739130435,2947.8,0.03630910519023178,0.03697633172283073,0.010035587188611443,0.9454790045110356,0.026673064668154545,,Opp Jurong Polyclinic,Jurong East Ave 1,1.34905596073619,103.7307863306416
45071,739.3913043478261,727.4,-0.01632848824400135,-0.016195901109870695,0.010035587188611443,-0.9451382611661424,-0.025970855513612452,,Bef Mandai Rd,Woodlands Rd,1.40955433592964,103.75568311864467
55209,771.5217391304348,800.05,0.036263217447609186,0.03692874831157092,0.010035587188611443,0.943830825845846,0.02662595403971397,,Opp Blk 646,Ang Mo Kio Ave 6,1.37863166702811,103.84468444401317
71069,432.2608695652174,448.25,0.03623950894592287,0.0369041645760159,0.010035587188611443,0.9429792728072846,0.026601614565078778,,Aft Airport Rd,Hougang Ave 3,1.3385251356058,103.89512258677937
55159,786.3478260869565,773.65,-0.016258800869891843,-0.01612733999668665,0.010035587188611443,-0.9426352562965191,-0.025902975615068595,,Opp Ang Mo Kio Cmty Hosp,Ang Mo Kio Ave 9,1.383362,103.84065
83301,680.8260869565217,669.85,-0.016229055825236927,-0.016098074225226418,0.010035587188611443,-0.9415668849800533,-0.02587400062465099,,Aft East Coast Rd,Still Rd,1.30887166700305,103.90817888897894
15041,3333.521739130435,3456.4,0.036187598980255586,0.03685034031345239,0.010035587188611443,0.9411147902018269,0.02654832509365201,,Alexandra Retail Ctr,Alexandra Rd,1.274632,103.801892
40451,1280.0,1259.45,-0.016172222854397234,-0.016042154566744633,0.010035587188611443,-0.9395255797280664,-0.025818636576897546,,Blk 306B,Tengah Blvd,1.361662,103.735908
47039,709.0869565217391,697.7,-0.016165970951911746,-0.016036002939015487,0.010035587188611443,-0.9393010262481061,-0.025812546070971644,,Aft View Rd,Admiralty Rd West,1.45156922188356,103.78905216062749
96189,753.695652173913,741.6,-0.01615701653206081,-0.01602719207281956,0.010035587188611443,-0.9389794047667697,-0.025803822748439557,,Blk 166,Simei Rd,1.3452978033151,103.95793622236005
75251,1470.4782608695652,1524.6,0.03612026017096692,0.036780522396879206,0.010035587188611443,0.9386961401993271,0.026479200879160197,,Opp Tropica Condo,Tampines Ave 1,1.3494983330038,103.92783361101397
01611,409.2173913043478,402.65,-0.01613907603247622,-0.01600953895071525,0.010035587188611443,-0.9383350246563477,-0.025786345025547195,,Aft Raffles Hotel,Beach Rd,1.29527259171342,103.85533686181174
17321,351.30434782608694,364.25,0.03608662409923369,0.036745649759348804,0.010035587188611443,0.93748801243703,0.026444674731791996,,Tien Wah Press Bldg,West Coast Highway,1.30483416696998,103.76035361097789
05049,3422.608695652174,3368.0,-0.016079204512436718,-0.015950624182467094,0.010035587188611443,-0.9361845819380564,-0.02572801562706319,,Chinatown Stn Exit E,New Bridge Rd,1.28531114761754,103.84455070696784
59761,2262.695652173913,2226.6,-0.016073949319332925,-0.015945452799385213,0.010035587188611443,-0.9359958278904591,-0.025722895626196406,,Blk 504C,Yishun Ring Rd,1.41849608053432,103.84326740385671
93031,1763.9130434782608,1828.65,0.0360232697103422,0.0366799694528622,0.010035587188611443,0.9352124733464305,0.026379647016610767,,Siglap Stn/Opp Victoria Sch,Marine Parade Rd,1.309633889,103.9286839
14231,520.3478260869565,512.05,-0.016044125142065546,-0.015916103744475198,0.010035587188611443,-0.9349246143186081,-0.025693838179822952,,Keppel DP Blk 519,Kg Bahru Rd,1.27100999999332,103.82667222202473
50161,744.5652173913044,771.9,0.03600706232410733,0.03666316771635181,0.010035587188611443,0.9346303425488776,0.02636301222005161,,Bef Jln Dusun,Balestier Rd,1.32665700619185,103.84366009715464
09023,1973.782608695652,2046.15,0.035990261213948216,0.03664575077058553,0.010035587188611443,0.9340268865989193,0.026345768326878738,,Opp Orchard Stn/ION,Orchard Turn,1.30323727330942,103.83254180023424
93049,433.95652173913044,427.05,-0.01600606487986589,-0.015878648540584333,0.010035587188611443,-0.9335575801486137,-0.02565675512615044,,Lagoon View,Marine Parade Rd,1.31073016722066,103.9329857782451
84051,1098.304347826087,1080.85,-0.01600503002960174,-0.015877630121816866,0.010035587188611443,-0.9335204107863928,-0.02565574682626439,,Bedok Sports Cplx,New Upp Changi Rd,1.325207,103.938755
53271,1046.304347826087,1029.7,-0.01598139218967365,-0.01585436731982792,0.010035587188611443,-0.9326713957502628,-0.02563271516056467,,Opp Kuo Chuan Presby Sch,Bishan St 13,1.3493461110909,103.85391500001569
52441,399.04347826086956,413.65,0.03586155404400149,0.036512335615694225,0.010035587188611443,0.9294040309202728,0.026213678768269563,,Blk 202,Lor 1 Toa Payoh,1.34083165668042,103.84976000739448
28381,656.0869565217391,645.75,-0.01585654257483249,-0.0157314894461722,0.010035587188611443,-0.9281870942837308,-0.025511058186083468,,Blk 515,Jurong West St 51,1.34626967118054,103.72129604136144
63091,547.4782608695652,538.85,-0.015856321952858465,-0.01573127229488648,0.010035587188611443,-0.9281791700667205,-0.025510843192385745,,Opp Blk 106,Hougang Ave 3,1.35385498086943,103.89147049226345
54229,1234.2173913043478,1214.8,-0.01584468360446145,-0.015719816965856736,0.010035587188611443,-0.9277611482502244,-0.02549950168207161,,Ang Mo Kio Pr Sch,Ang Mo Kio Ave 3,1.36960577947339,103.83993274827546
67239,913.8695652173913,947.15,0.03573121414733382,0.03637724550898184,0.010035587188611443,0.9247225315778997,0.026079930899950983,,Opp Rivervale Pr Sch,Rivervale Dr,1.3930503019817,103.90373341553943
44499,692.8695652173913,682.05,-0.015715933136540627,-0.015593082273325485,0.010035587188611443,-0.9231367374112437,-0.02537402620958453,,Blk 429A CP,Choa Chu Kang Ave 4,1.383205,103.740969
56029,709.6086956521739,698.55,-0.015684649389013927,-0.015562285854136595,0.010035587188611443,-0.9220130995442701,-0.025343535779762536,,Bef Sembawang Hills FC,Upp Thomson Rd,1.37359500001635,103.82870000002058
44611,708.4347826086956,697.4,-0.015676567636528915,-0.015554329840044732,0.010035587188611443,-0.9217228222008694,-0.025335658815631,,Blk 516,Jelapang Rd,1.3871248273065,103.76757814102818
63271,799.3913043478261,786.95,-0.015666102449332087,-0.0155440273779129,0.010035587188611443,-0.9213469375467279,-0.025325458717473555,,Blk 239,Hougang Ave 1,1.35639501261001,103.88997632456076
76341,451.4782608695652,444.45,-0.01565471254205697,-0.015532814451811323,0.010035587188611443,-0.9209378391449231,-0.025314357201602435,,Blk 464,Tampines Ave 9,1.35976305104284,103.95535006454477
44559,945.9565217391304,931.25,-0.015652161498872275,-0.015530303030303706,0.010035587188611443,-0.9208462117361492,-0.02531187073326461,,Blk 483,Choa Chu Kang Ave 5,1.37620955732727,103.73789066346548
44661,605.6086956521739,596.2,-0.015631864554576325,-0.015510321100917893,0.010035587188611443,-0.9201171937316625,-0.025292087341828442,,Blk 532,Jelapang Rd,1.38447517162011,103.76499586025828
94029,373.6521739130435,367.85,-0.015608001980305097,-0.015486828362538414,0.010035587188611443,-0.9192601067719963,-0.025268828024357388,,Aft Sennett Rd,Upp East Coast Rd,1.31453305602342,103.93750499997167
41029,965.2608695652174,1000.25,0.03557064931759424,0.03621085313175005,0.010035587188611443,0.9189554244675516,0.025915191776555407,,Opp Botanic Gdns Stn,Dunearn Rd,1.32333331915013,103.81630566925632
10481,423.7391304347826,439.1,0.03552680409325237,0.03616542123042225,0.010035587188611443,0.9173806082050683,0.0258702112809134,,Opp Blk 73,Redhill Cl,1.28784195484767,103.81797160113335
46731,521.6521739130435,540.55,0.03551921490664167,0.03615755760752026,0.010035587188611443,0.9171080226573158,0.025862425789984437,,Yew Huat Scaffolding Work,Gambas Ave,1.44852127932275,103.8043021981092
46071,1113.2173913043478,1153.5,0.03551508254815072,0.03615327584188603,0.010035587188611443,0.9169595981606542,0.02585818656743768,,Blk 137,Marsiling Rd,1.43864652268091,103.77679962439775
97079,533.0,552.3,0.03550451094386897,0.03614232209737801,0.010035587188611443,0.916579891257717,0.02584734165796424,,Opp St. John's Cres,Upp Changi Rd Nth,1.36810642046998,103.97758382793815
81209,426.4347826086957,419.85,-0.015525245780189323,-0.0154053504221339,0.010035587188611443,-0.9162877007296075,-0.02518815963857179,,Geylang Meth Pr Sch,Geylang East Ctrl,1.31843612461246,103.88429716458627
54441,415.69565217391306,430.75,0.035490612600706406,0.03612792153589244,0.010035587188611443,0.9160806958000013,0.02583308417865537,,Blk 507,Ang Mo Kio St 53,1.37418169489017,103.85076922983178
47619,3164.0,3115.3,-0.015506654943434839,-0.015387045813585791,0.010035587188611443,-0.9156199620535351,-0.0251700369023234,,Blk 688 CP,Woodlands Ave 7,1.44430697551185,103.80713784459924
43401,1396.8695652173915,1447.3,0.035441116354853364,0.03607663836272565,0.010035587188611443,0.9143029082741927,0.025782310548679088,,Bt Batok Polyclinic,Bt Batok West Ave 3,1.35226498779767,103.74681637316733
43239,575.6086956521739,596.4,0.035423039782346066,0.03605790981752363,0.010035587188611443,0.9136536407477572,0.02576376808795832,,The Petals Condo,Hillview Ave,1.35308576389352,103.76002837789773
15191,1275.7391304347825,1321.75,0.035403629756770805,0.0360378001021623,0.010035587188611443,0.9129564787560017,0.02574385818021209,,Pasir Panjang Stn/FC,Pasir Panjang Rd,1.27581227029734,103.79263571257981
11291,368.3913043478261,381.7,0.03539486487908583,0.03602871939736308,0.010035587188611443,0.9126416651788296,0.02573486770015931,,Cold Storage Jelita,Holland Rd,1.31792777802094,103.78592333300938
46271,342.60869565217394,337.35,-0.015422634597590523,-0.015304314817157457,0.010035587188611443,-0.9126021509007531,-0.025088127910721816,,Opp Blk 802,Woodlands Ave 2,1.44040195107982,103.78588806965098
65049,606.5652173913044,628.45,0.0353868990290227,0.036020466580793664,0.010035587188611443,0.912355550774987,0.025726696882542484,,Blk 126A,Punggol Rd,1.38993499998792,103.90187166698628
40371,675.3478260869565,699.7,0.035372356029999885,0.03600539984571858,0.010035587188611443,0.9118332008107619,0.025711779848661513,,Opp Blk 465A,Bt Batok West Ave 5,1.35813308018627,103.74305344718294
59551,684.5217391304348,674.0500000000001,-0.015393449105077117,-0.01527557556922706,0.010035587188611443,-0.9115538773674641,-0.025059674212362146,,Blk 722,Yishun Ave 3,1.42539008150192,103.82822466548578
59501,346.30434782608694,341.0,-0.015390741543951592,-0.015272909364046662,0.010035587188611443,-0.9114566282062123,-0.025057034498262742,,Blk 871,Yishun Ave 1,1.41289253257843,103.83810681040471
92221,658.5217391304348,682.25,0.03534589014565448,0.035977981409453234,0.010035587188611443,0.9108826091398613,0.025684633838547487,,Blk 19,Marine Terr,1.30496423786628,103.91493558885941
30111,491.0,483.5,-0.015361285161486826,-0.015243902439024029,0.010035587188611443,-0.9103986249496261,-0.02502831578241693,,Blk 804B,Brickland Rd,1.37245788679333,103.74282538457524
46229,714.1304347826087,739.8,0.035265731006227874,0.035894941634241465,0.010035587188611443,0.9080034833456488,0.025602419136149815,,Casablanca,Woodlands Ave 2,1.43013056874728,103.78706868583511
40201,775.7391304347826,803.6,0.03524070498732712,0.03586901763224156,0.010035587188611443,0.9071046082197554,0.025576752711789403,,Chelsea Gdns Condo,Stevens Rd,1.31358972201496,103.82743055599407
04223,1294.8695652173913,1341.35,0.0352398605720996,0.03586814292903867,0.010035587188611443,0.9070742788314914,0.025575886699528066,,Old Hill St Police Stn,Hill St,1.29084476137495,103.84857901022669
95049,516.4347826086956,508.6,-0.015257388995336463,-0.015141584740778001,0.010035587188611443,-0.9066669215652956,-0.02492701470001564,,SATS Cargo Ter,Airport Cargo Rd,1.373575,103.994414
64031,1174.2173913043478,1216.35,0.03522322073983197,0.03585090640029582,0.010035587188611443,0.9064766156001269,0.02555882143077766,,Blk 436,Hougang Ave 8,1.37699995735935,103.893660799245
63089,680.9565217391304,705.4,0.03521574459412147,0.03584316225693342,0.010035587188611443,0.9062080902128739,0.025551154232254528,,Blk 241,Hougang Ave 3,1.35653228525134,103.89213497244268
66539,543.695652173913,563.2,0.03518159626646167,0.035807790549170285,0.010035587188611443,0.9049815634350438,0.02551613397335296,,Blk 531,S'goon Nth Ave 5,1.37500340591534,103.8750162086281
11031,733.2608695652174,759.55,0.035177482158744944,0.035803529133112105,0.010035587188611443,0.9048337944628203,0.025511914898191428,,Opp Queen's Cl,Queensway,1.29119666696879,103.80045500000118
28289,1710.5217391304348,1771.8000000000002,0.03517733686354685,0.03580337863584408,0.010035587188611443,0.9048285758045911,0.025511765896245424,,Blk 228,Jurong Town Hall Rd,1.342062,103.73576
42319,1549.4347826086955,1526.05,-0.01519762686305004,-0.015082725743129799,0.010035587188611443,-0.9045204077951408,-0.024868740518001878,,Burgundy Hill,Bt Batok East Ave 3,1.33915373900693,103.76043841269879
59409,1828.1304347826087,1800.55,-0.015193276203518735,-0.015078440694081617,0.010035587188611443,-0.9043641424438905,-0.02486449804466477,,Evangel Family Ch,Yishun Ring Rd,1.42663883088373,103.84640616622914
16109,387.26086956521743,401.15000000000003,0.0351476954086829,0.035772676371780464,0.010035587188611443,0.9037639251872411,0.025481368686035157,,The Alpha,Science Pk Rd,1.28911169277414,103.77950843257454
21141,464.0,457.0,-0.01516822147317054,-0.015053763440859413,0.010035587188611443,-0.9034642360710361,-0.024840065981542227,,Aft Jln Buroh,Jurong Port Rd,1.31517431113868,103.71957368500223
63391,647.5652173913044,670.75,0.035123682270819856,0.03574780451833479,0.010035587188611443,0.9029014303411635,0.025456743956212616,,Blk 639,Hougang Ave 8,1.3708774514093,103.88018734514235
12079,541.9130434782609,561.3,0.03508634911216024,0.035709137503002766,0.010035587188611443,0.901560512002404,0.02541846113150576,,Opp Blk 116,Clementi Rd,1.32383187575187,103.77263094375739
76099,2001.391304347826,1971.4,-0.015091043143215188,-0.014977744001737027,0.010035587188611443,-0.9006921738692938,-0.02476480186205315,,Blk 285,Tampines Ave 2,1.35026359502623,103.95249172187374
83062,4623.347826086956,4554.2,-0.01506591290403314,-0.014952989845806522,0.010035587188611443,-0.8997895553985702,-0.024740293660317995,,Kembangan Stn,Sims Ave East,1.32096859171096,103.9133277893385
46009,60922.30434782609,60011.45,-0.015063726630961227,-0.014950836261699496,0.010035587188611443,-0.8997110296653904,-0.02473816147395313,,Woodlands Int,Woodlands Sq,1.436946,103.785936
64499,1081.8695652173913,1065.7,-0.015044751720506788,-0.014932144864691107,0.010035587188611443,-0.8990294959747466,-0.024719655792326198,,Regentville,Hougang Ave 9,1.3748828566071,103.87828864496953
44029,4576.608695652174,4739.7,0.035008061207017604,0.035628057178136364,0.010035587188611443,0.8987485964967816,0.025338186410600056,,Bt Panjang Stn Exit A/LRT,Upp Bt Timah Rd,1.37863409952448,103.7621954983533
96219,769.4782608695652,758.0,-0.015009662650564692,-0.014897579143388594,0.010035587188611443,-0.8977691799697611,-0.024685433511704654,,Tanah Merah Ferry Ter,Tanah Merah Ferry Rd,1.31520306285456,103.98889428788505
77311,641.304347826087,631.75,-0.014986853967225322,-0.014875109997969592,0.010035587188611443,-0.8969499462678509,-0.024663187616902525,,Bet Blks 771/772,Pasir Ris St 71,1.37581953068998,103.936865329717
93019,948.0434782608695,981.8,0.0349510282700507,0.03556899395272078,0.010035587188611443,0.8967001089367143,0.02527971003000045,,Neptune Ct,Marine Parade Rd,1.30787614366531,103.92111718654822
63231,768.4347826086956,795.8,0.03494750952835357,0.035565350059332465,0.010035587188611443,0.8965737240970585,0.025276102341880814,,Bet Blks 210/211,Hougang St 21,1.35901223241231,103.88763070107527
71179,455.5652173913044,471.8,0.03494091231504548,0.035558518236359186,0.010035587188611443,0.8963367678729633,0.025269338399045587,,Aft SCDF HQ,Airport Rd,1.334175,103.891169
75241,1124.0869565217392,1107.4,-0.01494279334860682,-0.014831703829655329,0.010035587188611443,-0.8953673935548239,-0.024620212726844365,,Opp Temasek Poly West G,Tampines Ave 1,1.34844803009871,103.92980219657613
04239,557.2173913043479,577.05,0.03491189345939638,0.035528467949216866,0.010035587188611443,0.8952944795398364,0.025239586687795537,,Opp Clarke Quay Stn,New Bridge Rd,1.28882717929599,103.8474938118651
55309,352.1304347826087,346.90000000000003,-0.014922410159196708,-0.01481162275301615,0.010035587188611443,-0.8946352778307934,-0.02460033117326953,,Opp AMK Police Div HQ,Ang Mo Kio Ave 9,1.384084,103.844597
14509,493.5217391304348,486.2,-0.014916395541908045,-0.014805697204149836,0.010035587188611443,-0.8944192470712072,-0.02459446449991517,,Blk 92B,Telok Blangah St 31,1.275651111,103.8068061
80091,2350.913043478261,2316.1,-0.014912654266095338,-0.014802011313639006,0.010035587188611443,-0.8942848693349605,-0.024590815231951165,,Bef Lor 23 Geylang,Sims Ave,1.31489775184137,103.88095141640784
63019,1324.304347826087,1304.7,-0.01490283410265203,-0.014792336460861847,0.010035587188611443,-0.8939321524011803,-0.024581236507300395,,Aft Upp S'goon Shop Ctr,Upp S'goon Rd,1.35347964311763,103.87800141702434
70059,1231.8260869565217,1275.55,0.03485196099983767,0.035466408040909655,0.010035587188611443,0.8931418480188349,0.025178143398970485,,Blk 7,Upp Aljunied Rd,1.33477611102342,103.87831166701761
06031,343.8695652173913,356.1,0.03484958088986545,0.0354639435199189,0.010035587188611443,0.8930563601248392,0.02517570336515185,,The Landmark Condo,Chin Swee Rd,1.28607055552165,103.83879166662209
47501,417.7826086956522,411.6,-0.01487335098230158,-0.01476328903654529,0.010035587188611443,-0.8928731887832816,-0.024552477694556568,,Opp Blk 583,Woodlands Dr 16,1.43046208317462,103.79470229416464
66461,450.2608695652174,466.25,0.03481884929953338,0.03543212255515994,0.010035587188611443,0.8919525544321242,0.025144198569516364,,Ang Mo Kio Linear Pk,Ang Mo Kio Ave 5,1.37889000002038,103.87128027800178
76249,2408.608695652174,2373.2,-0.014803828733022328,-0.014694790783277886,0.010035587188611443,-0.8903761148051506,-0.024484660031361096,,Blk 370,Tampines Ave 7,1.35836639849151,103.95947435534286
71099,2863.3478260869565,2821.3,-0.014788534016643595,-0.01467972070431043,0.010035587188611443,-0.8898267649399179,-0.024469739686812243,,Blk 311,Eunos Link,1.33022638900189,103.9038336109893
47499,410.30434782608694,424.84999999999997,0.03475372547031519,0.035364693446088356,0.010035587188611443,0.8896134612499718,0.02507743942763377,,Opp Twin Fountains,Woodlands Ave 6,1.430873,103.80047
28539,718.5217391304348,743.95,0.03473036194355483,0.035340503957943276,0.010035587188611443,0.8887742988909358,0.02505349028321559,,Blk 538,Jurong West Ave 1,1.34975477386966,103.71542393424821
84101,902.2608695652174,934.15,0.03469554043450973,0.03530445246690725,0.010035587188611443,0.887523593037526,0.02501779699528266,,ECO Condo,Bedok Sth Ave 3,1.32298200464523,103.94421518494586
11199,694.8695652173913,684.7,-0.014722022184495032,-0.014614183067791359,0.010035587188611443,-0.8874378179910227,-0.024404853224047608,,Blk 15,C'wealth Ave West,1.30837970735444,103.78843145303215
20211,429.17391304347825,422.9,-0.014691997499912013,-0.014584596725287313,0.010035587188611443,-0.886359402672889,-0.024375560847739956,,Blk 41,Teban Gdns Rd,1.32177193921987,103.74184000241928
97049,394.60869565217394,408.55,0.034633415534069734,0.03524013627871174,0.010035587188611443,0.8852922142502894,0.024954119844683906,,Changi Prison,Upp Changi Rd Nth,1.35817903735465,103.96973879358464
62141,892.5217391304348,879.55,-0.014623952370676818,-0.01451754172546394,0.010035587188611443,-0.8839153833364422,-0.024309172098002915,,Opp Blk 1,Upp S'goon Rd,1.35149112412235,103.87515194713767
80169,498.5652173913043,516.15,0.034594812910160755,0.035200174064403615,0.010035587188611443,0.8839056997365903,0.02491455468993589,,Nicoll Highway Stn,Nicoll Highway,1.30070547633658,103.86336013257065
76211,1157.6521739130435,1140.85,-0.014607656431060434,-0.014501482231978982,0.010035587188611443,-0.8833300719118676,-0.02429327216963538,,Blk 449,Tampines Ave 7,1.35674667237884,103.95100259167165
52311,618.3478260869565,640.1,0.03451841999035299,0.03512109512109547,0.010035587188611443,0.8811618476008631,0.02483626146511175,,Blk 23,Toa Payoh East,1.33435800960389,103.85721839168514
28451,968.1304347826087,1002.15,0.03450111767544506,0.03510318528488111,0.010035587188611443,0.8805403895674143,0.024818529578788596,,Parc Oasis,Jurong East Ave 1,1.34394189080479,103.73465998158574
84069,2452.4347826086955,2538.45,0.03445852732566568,0.03505910081695519,0.010035587188611443,0.8790106454170719,0.024774883128618832,,Blk 55,New Upp Changi Rd,1.32548742810424,103.94219019887281
09169,2470.826086956522,2557.45,0.03444442242363177,0.035044501512699985,0.010035587188611443,0.8785040308555739,0.02476042888122361,,Delfi Orchard,Orchard Rd,1.3070135326348,103.82835507326037
22231,427.7391304347826,442.75,0.034412694386445786,0.03501166210323459,0.010035587188611443,0.8773644351598698,0.024727915760020824,,Blk 639,Jurong West St 61,1.34079486676221,103.69717899290252
67319,569.9130434782609,589.9,0.034409888421773616,0.035008757901149996,0.010035587188611443,0.8772636515770734,0.024725040413724676,,Farmway Stn Exit A,Anchorvale St,1.39738047818719,103.8888966274991
45299,612.3913043478261,603.6,-0.014435993081435505,-0.01433229373405186,0.010035587188611443,-0.8771643323422885,-0.024125764707449766,,Blk 702,Choa Chu Kang Dr,1.3914375,103.7451665
59121,489.17391304347825,482.15,-0.014433088267053584,-0.014329430548164393,0.010035587188611443,-0.877059998312829,-0.02412292996981895,,Blk 121,Yishun Ring Rd,1.43453851053761,103.82999668990018
10021,346.2608695652174,341.3,-0.014388737452099676,-0.014285714285714353,0.010035587188611443,-0.8754670224370705,-0.024079648066681534,,Blk 3,Neil Rd,1.27744837946643,103.83838894560753
43501,550.1739130434783,542.3,-0.014388737452099676,-0.014285714285714353,0.010035587188611443,-0.8754670224370705,-0.024079648066681534,,Opp Blk 291E,Bt Batok St 23,1.34376366037202,103.75423776871699
71189,582.6086956521739,574.3000000000001,-0.014339072689238286,-0.014236757803769299,0.010035587188611443,-0.8736831821807939,-0.024031178010214194,,Paya Lebar Air Base,Airport Rd,1.344908,103.8991505
66439,1081.9565217391305,1066.55,-0.014328517649803807,-0.014226352978963288,0.010035587188611443,-0.8733040702478052,-0.024020876566445293,,Blk 504A CP,S'goon Nth Ave 4,1.37393762072692,103.87551294197841
96069,793.0869565217391,781.8,-0.014315736758560682,-0.014213753832676384,0.010035587188611443,-0.8728450110074699,-0.02400840260369912,,Mera Terr P/G,Upp Changi Rd East,1.34665000850794,103.96311235602505
28431,2237.2608695652175,2205.65,-0.01422363841658214,-0.014122960372959749,0.010035587188611443,-0.8695370574304808,-0.02391851125643545,,Blk 134,Jurong East Ctrl,1.33449626498358,103.73881557585635
44211,620.7391304347826,642.35,0.034168299312150374,0.03475874125874144,0.010035587188611443,0.8685863448832566,0.02447750790538557,,Blk 127,Petir Rd,1.37610015820197,103.76921822286211
43841,780.6086956521739,769.6,-0.014184793925209327,-0.014084663736997445,0.010035587188611443,-0.8681418556122661,-0.02388059513105525,,Blk 324,Bt Batok St 33,1.3619538889938,103.74752277796905
54381,1570.8260869565217,1548.75,-0.014144428579936807,-0.014044866120822862,0.010035587188611443,-0.8666920283362034,-0.02384119293901432,,Blk 443,Ang Mo Kio Ave 10,1.3657416739059,103.85608617430734
67539,406.52173913043475,400.8,-0.014139826436501579,-0.014040328603434904,0.010035587188611443,-0.8665267302807625,-0.023836700505831258,,Blk 122C,Sengkang East Way,1.38772020397705,103.90661294770753
78081,747.9565217391304,737.4499999999999,-0.014127538547650254,-0.014028213166144473,0.010035587188611443,-0.8660853785147464,-0.023824705446009502,,Blk 467,Pasir Ris Dr 6,1.37368803498525,103.95635599319583
76469,312.7391304347826,323.6,0.03403180926718097,0.03461751662971178,0.010035587188611443,0.8636839468293899,0.024337686466595725,,East Spring Sec Sch,Tampines St 34,1.35630339357193,103.95985048163843
50321,392.4347826086956,406.05,0.03402071059800349,0.03460603381589157,0.010035587188611443,0.8632853090079402,0.02432631774457657,,Aft Gloucester Rd,Dorset Rd,1.3136845041501,103.85083079337346
46611,954.2608695652174,987.3,0.03400183035491722,0.03458650038687313,0.010035587188611443,0.8626071755441889,0.024306978397264246,,W'lands Ring Sec Sch,Woodlands Ave 1,1.42923412810157,103.77760584579323
84331,391.9130434782609,386.45,-0.014001515762847028,-0.013903950426026438,0.010035587188611443,-0.861558939571154,-0.023701677364925827,,Opp Blk 416,Bedok Nth Ave 2,1.32898829919632,103.93099993868753
67739,457.17391304347825,473.0,0.033958486854995584,0.03454165875877826,0.010035587188611443,0.8610503800305584,0.024262582309974207,,Aft Sengkang East Dr,Buangkok Dr,1.37998423176832,103.90195091871207
10161,8890.95652173913,9198.05,0.03395311135665402,0.03453609759675434,0.010035587188611443,0.8608573049047193,0.024257076402960185,,Opp Tiong Bahru Stn/Plaza,Tiong Bahru Rd,1.28593135445772,103.82668969231534
44799,735.9565217391305,761.4,0.03394245546054542,0.034525073746312356,0.010035587188611443,0.8604745704396767,0.024246162084116563,,Blk 610,Senja Rd,1.38338692962433,103.7609562427946
92271,476.2173913043478,469.59999999999997,-0.01396365774325492,-0.013866618075802,0.010035587188611443,-0.8601991694750037,-0.02366471594426109,,Opp D'Ecosia,Still Rd Sth,1.30610999016148,103.90952850508972
96061,496.69565217391306,513.85,0.0338868461134334,0.03446754608194307,0.010035587188611443,0.8584772148441102,0.024189206007420874,,Opp Mera Terr P/G,Upp Changi Rd East,1.34695398893694,103.96294329979929
85021,825.7826086956521,814.4000000000001,-0.013863002725726936,-0.013767353807319959,0.010035587188611443,-0.8565838804467694,-0.023566437953127784,,Country Pk,Bedok Rd,1.32190305598591,103.95468472199643
46581,415.04347826086956,429.35,0.03380906124537031,0.03438708328978994,0.010035587188611443,0.8556833672349439,0.024109542683500677,,Blk 189B,Woodlands St 13,1.4364411890996,103.77379636706418
46319,337.3478260869565,332.7,-0.013832051858020833,-0.013736828578771489,0.010035587188611443,-0.8554721988318802,-0.02353621601942995,,Opp Blk 18,Marsiling Rd,1.44229032785462,103.7802984405171
21431,1350.1304347826087,1331.6000000000001,-0.013809680012724534,-0.013714763804865084,0.010035587188611443,-0.8546686553143543,-0.023514370478355678,,Blk 210,Boon Lay Pl,1.34765638897246,103.71241055602675
52209,469.82608695652175,463.4,-0.013742533875493734,-0.013648536337612392,0.010035587188611443,-0.852256925634298,-0.023448801038929257,,Blk 101C CP,Lor 2 Toa Payoh,1.339253,103.846775
46591,706.6956521739131,730.95,0.033698074155071644,0.034272286047796856,0.010035587188611443,0.8516969747064158,0.023995886052537198,,Blk 303,Woodlands Ave 1,1.43068958976223,103.77322606797722
63229,348.2608695652174,343.5,-0.01372502979094925,-0.01363127100709541,0.010035587188611443,-0.8516282205149991,-0.02343170725457554,,Opp Kovan Hub,Hougang St 21,1.35757166659958,103.88511923530164
58521,1134.4347826086957,1119.0,-0.013686960652109725,-0.0135937200842433,0.010035587188611443,-0.8502608675171954,-0.023394529432993402,,Blk 106A,Canberra st,1.44819389,103.8326
44459,826.304347826087,854.5500000000001,0.033571895354957526,0.034141791044776645,0.010035587188611443,0.8471649320636183,0.02386668763153558,,Opp South View Stn,Choa Chu Kang Way,1.38028731431529,103.74454562435122
46461,523.2173913043478,516.15,-0.013573499364348152,-0.013481794807995039,0.010035587188611443,-0.8461856076956001,-0.023283716232282523,,Opp Blk 757A CP,Woodlands Ave 9,1.44659598354815,103.79359661898341
74949,1370.7826086956522,1417.5,0.03348890698991713,0.03405597286932219,0.010035587188611443,0.844184187208865,0.023781722134732307,,Blk 961A,Bedok Reservoir Rd,1.340276,103.936345
46331,1345.608695652174,1327.55,-0.013501232653762685,-0.013410499806276534,0.010035587188611443,-0.8435899591894183,-0.02321312960877854,,Blk 511,Woodlands Ave 2,1.43314769562187,103.78816378743082
93089,471.95652173913044,488.05,0.03346126968274543,0.03402739474168033,0.010035587188611443,0.8431915208138687,0.023753427955790156,,Opp Goodwill Ct,Upp East Coast Rd,1.31295810131062,103.92790605020116
76419,423.17391304347825,437.6,0.03344429257712633,0.034009840098400704,0.010035587188611443,0.8425817435252319,0.02373604773324919,,Blk 307A,Tampines St 32,1.35366243500181,103.95648530342
05022,3324.913043478261,3438.0,0.03343649549553085,0.03400177787073789,0.010035587188611443,0.8423016908836777,0.023728065610871447,,Aft Chinatown Stn Exit D,Eu Tong Sen St,1.28571089865595,103.84437203405348
46551,531.5652173913044,524.45,-0.013450325746929614,-0.013360274308106155,0.010035587188611443,-0.8417615040735689,-0.023163403144872276,,Blk 101,Woodlands St 13,1.435183889,103.7817369
84701,1080.2608695652175,1065.85,-0.013417450621747484,-0.01332783787044132,0.010035587188611443,-0.8405807077030378,-0.023131288991592665,,Blk 151,Kaki Bt Ave 1,1.33601304352046,103.91214210205735
40421,951.1739130434783,938.5,-0.0133998810219218,-0.01331050228310434,0.010035587188611443,-0.8399496494305319,-0.02311412564848192,,Blk 220A,Tengah Garden Walk,1.35938,103.729694
54321,1177.1739130434783,1161.5,-0.013392850015716107,-0.013303564838734221,0.010035587188611443,-0.8396971123964408,-0.023107257133690846,,Blk 354,Ang Mo Kio Ave 8,1.3639846735447,103.85237785571755
43411,2638.130434782609,2727.65,0.03335749925789422,0.033920098846786775,0.010035587188611443,0.8394643337581861,0.023647198139480213,,Opp Blk 628,Bt Batok Ctrl,1.35176519952681,103.75019891787089
21161,554.1304347826087,546.75,-0.013384125284864545,-0.01329495614035101,0.010035587188611443,-0.8393837407981182,-0.02309873397025739,,Blk 216B,Corporation Rd,1.35043949411648,103.7127413228723
76449,804.3913043478261,793.7,-0.0133635667253591,-0.01327467069747347,0.010035587188611443,-0.8386453261970211,-0.02307865008100157,,Blk 343,Tampines St 33,1.35207508249597,103.96113006140774
64449,343.0869565217391,354.75,0.033333830953741206,0.0338956280010102,0.010035587188611443,0.8386142245194935,0.02362297043296476,,Opp Hougang G. Shop Mall,Hougang St 51,1.37973333296925,103.88860666697411
58049,750.2173913043479,740.25,-0.013357128677744079,-0.01326831809237131,0.010035587188611443,-0.8384140868263721,-0.023072360594588674,,Opp Blk 590C,Sembawang Rd,1.44919525191106,103.82703542333945
46121,671.2173913043479,662.3,-0.013354410641934322,-0.013265636116680411,0.010035587188611443,-0.8383164614393552,-0.023069705266672593,,Opp Marsiling Lane Mkt/FC,Admiralty Rd,1.44387999997343,103.7764388889843
21019,954.8260869565217,942.15,-0.01335064230119265,-0.013261917758369766,0.010035587188611443,-0.8381811115951785,-0.023066023853504772,,Aft Yuan Ching Rd,Jln Ahmad Ibrahim,1.32554867828642,103.72703317988619
40089,538.8695652173913,557.15,0.03330017897304938,0.03386083595071334,0.010035587188611443,0.8374055253452104,0.02358852407212542,,Aft Stevens Stn Exit 5,Dunearn Rd,1.320510556,103.8273903
10299,2944.391304347826,3044.05,0.033275642364990254,0.033835468823806836,0.010035587188611443,0.836524228693689,0.023563408989817174,,Aft Dawson Pl,Alexandra Rd,1.29233498466278,103.81146486767658
46631,1069.4347826086957,1055.3,-0.01329266898017778,-0.013204711616571385,0.010035587188611443,-0.8360988476748816,-0.023009386104771965,,W'lands Stn Exit 5,Woodlands Ave 2,1.43689297551872,103.78915264291737
13121,1322.695652173913,1367.4,0.033214612989924674,0.033772376416488566,0.010035587188611443,0.8343321985744429,0.02350094346076202,,Opp Great World City,Zion Rd,1.29409221679274,103.8308377640795
17379,541.4347826086956,559.75,0.033207311601773704,0.03376482847066387,0.010035587188611443,0.8340699500634261,0.02349347051038242,,Blk 304,Clementi Ave 6,1.32049089180327,103.76389432891798
47809,631.2608695652174,622.95,-0.013231840326988653,-0.013144684362535646,0.010035587188611443,-0.8339140270084326,-0.02294995527401993,,North Link Bldg,Admiralty Rd West,1.46379183832972,103.813587498325
82099,818.8260869565217,846.5,0.033198610567787945,0.033755833686890085,0.010035587188611443,0.8337574296002086,0.02348456509765451,,CDAC Bldg,Tg Katong Rd,1.31299461549467,103.89427184817765
44931,515.9565217391304,533.4,0.03318584846675776,0.03374264087468422,0.010035587188611443,0.8332990452596682,0.023471503367579638,,Blk 643 CP,Senja Close,1.387703,103.763361
52049,687.4782608695652,710.7,0.03317273126163478,0.033729081149352524,0.010035587188611443,0.8328279064240008,0.023458078369981858,,Blk 19,Jln Tenteram,1.32721151783698,103.85978762051998
01029,1477.2608695652175,1457.9,-0.013183581591298399,-0.013097058823528868,0.010035587188611443,-0.8321806879067933,-0.0229028029364084,,Opp Natl Lib,Nth Bridge Rd,1.2966729849642,103.85441422464267
01529,574.5217391304348,593.9,0.03311632240923856,0.033670771322806964,0.010035587188611443,0.8308018344986084,0.023400347902575377,,Plaza Parkroyal,Beach Rd,1.30041667676526,103.86044115259938
65559,359.0,354.3,-0.01314152842317462,-0.013055555555555886,0.010035587188611443,-0.830670238044936,-0.022861712039711872,,Opp Blk 227A,Punggol Field,1.404046,103.8925
55041,572.1304347826087,564.65,-0.013137813311039359,-0.013051888939462561,0.010035587188611443,-0.8305368000458067,-0.022858081854657174,,Aft AMK St 64/Apple SG,Yio Chu Kang Rd,1.39122406741106,103.84602799523668
84329,378.4347826086957,391.2,0.03308918252808368,0.03364271800160361,0.010035587188611443,0.8298270344640294,0.02337257331566064,,Blk 414,Bedok Nth Rd,1.33029323198176,103.92970061275057
03381,630.8260869565217,622.6,-0.013105040228321485,-0.013019543077346611,0.010035587188611443,-0.8293596687980931,-0.022826057376979132,,The Sail,Marina Blvd,1.28162601329006,103.85306513725685
59079,7932.130434782609,7828.85,-0.01310436350360078,-0.013018875163046563,0.010035587188611443,-0.8293353624543262,-0.02282539609899198,,Yishun Stn,Yishun Ave 2,1.42926606883551,103.83516195358482
47511,513.7391304347826,507.05,-0.013080361550596109,-0.012995185404172627,0.010035587188611443,-0.828473269341781,-0.022801941718597448,,Blk 554,Woodlands Dr 16,1.43190354583508,103.79644777764182
05419,615.304347826087,607.3,-0.013072731340143307,-0.012987654320987493,0.010035587188611443,-0.8281992103151113,-0.022794485463312326,,The Amara,Tg Pagar Rd,1.27470669455555,103.84318683838887
97189,305.7826086956522,301.8,-0.01306686019418457,-0.012981859410431569,0.010035587188611443,-0.827988332704744,-0.022788748130262458,,SATS Maintenance Ctr 2,Changi Nth Cres,1.34674882374419,103.97146767080093
28291,2559.9565217391305,2645.95,0.03302720374861767,0.03357865607279853,0.010035587188611443,0.8276009039949296,0.02330914789816283,,Blk 303,Jurong Town Hall Rd,1.34446090409168,103.73638303040048
63021,336.5652173913044,347.9,0.03302661983297739,0.03357805255023198,0.010035587188611443,0.8275799311327755,0.02330855037212098,,The Helping Hand,Upp S'goon Rd,1.3570580828827,103.88161613087621
21561,2073.521739130435,2046.65,-0.013037845815397908,-0.012953221276774379,0.010035587188611443,-0.8269462051698768,-0.02276039454151723,,Blk 158,Corporation Dr,1.328801,103.722753
84229,1215.0434782608695,1255.8,0.03296626990575824,0.0335156780721518,0.010035587188611443,0.8254123051655009,0.023246795639048856,,Blk 111,Bedok Nth Rd,1.3315995317556,103.93531396427683
76121,699.0869565217391,690.05,-0.012992370880740012,-0.012908334368400774,0.010035587188611443,-0.8253128535857627,-0.02271595362384764,,Opp St. Hilda's Sec Sch,Tampines Ave 4,1.35003333718868,103.93817517168992
20231,1090.8695652173913,1076.8,-0.012969497899620208,-0.012885756381157314,0.010035587188611443,-0.8244913104603795,-0.022693599968659803,,Bef Hasanah Mque,Teban Gdns Rd,1.322339,103.739647
52109,1094.0434782608695,1130.7,0.03292685833525422,0.03347494639879334,0.010035587188611443,0.8239967352125269,0.023206468670499313,,Bet Blks 33/34,Jln Bahagia,1.32697666701265,103.8581711110213
21109,336.4782608695652,332.15,-0.012908256991155831,-0.012825302757021434,0.010035587188611443,-0.8222916825641465,-0.02263374700416758,,Ctrl Fish Proc Fty,Jln Tepong,1.31100299869144,103.72109770773132
21631,494.4347826086957,488.1,-0.012868758205323516,-0.012786309784993498,0.010035587188611443,-0.820872980043843,-0.02259514146142975,,Blk 115,Yuan Ching Rd,1.33363626085559,103.72493610114242
97059,448.2608695652174,463.25,0.032819479947610475,0.03336397948320969,0.010035587188611443,0.820139958707471,0.02309660430830143,,Changi Women's Prison,Upp Changi Rd Nth,1.36075141209876,103.97097232582753
04222,4886.782608695652,5049.85,0.03281779956441966,0.033362243037207515,0.010035587188611443,0.8200796033365995,0.023094885115409417,,Clarke Quay Stn Exit E,Eu Tong Sen St,1.28898962180798,103.84708976365569
05069,2438.1304347826085,2407.0,-0.012845069152926492,-0.012762923351158799,0.010035587188611443,-0.8200221255775326,-0.02257198739227483,,Outram Pk Stn Exit 4,New Bridge Rd,1.28027629959632,103.84029791443083
59171,1991.0,1965.6,-0.012832995798487623,-0.012751004016064191,0.010035587188611443,-0.8195884793777822,-0.02256018648620202,,Blk 309,Yishun Ave 9,1.43226509746155,103.84019665786346
59819,1318.2173913043478,1301.3999999999999,-0.012829959130612245,-0.012748006064201197,0.010035587188611443,-0.8194794094841805,-0.022557218321613545,,Blk 467C,Yishun St 42,1.42696,103.851955
67499,1071.5217391304348,1057.85,-0.012829227672642496,-0.012747283930597977,0.010035587188611443,-0.8194531372521787,-0.02255650336303943,,Fernvale Pr Sch,Sengkang West Ave,1.39068028707514,103.87467870992985
17221,867.3913043478261,856.35,-0.012796187911161994,-0.012714664797476844,0.010035587188611443,-0.8182664275370596,-0.022524208329542713,,Blk 377,Clementi Ave 5,1.31735631283972,103.76790022594946
07231,551.695652173913,570.1,0.03275683338341562,0.033299244808056,0.010035587188611443,0.8178898429978664,0.02303251282877854,,Bef Tai Hoe Hotel,Kitchener Rd,1.309658889,103.8573711
44589,496.8695652173913,490.55,-0.012774461671256176,-0.01269321456641315,0.010035587188611443,-0.8174860726309124,-0.02250297122529038,,Opp Blk 489A,Choa Chu Kang Ave 5,1.37512566998176,103.7401815256426
46039,773.5652173913044,763.75,-0.012752879079774182,-0.012671905697446258,0.010035587188611443,-0.8167108772347761,-0.022481874078578736,,Opp Kranji Lodge 1,Woodlands Rd,1.4330873187738,103.76200180616921
22349,2190.9565217391305,2263.85,0.032713997660422045,0.03325498363582237,0.010035587188611443,0.8163512856247866,0.022988691430012937,,Blk 734A CP,Jurong West Ave 4,1.34520537289138,103.7007962851633
61111,798.5652173913044,788.45,-0.012731601201319442,-0.012650897226753686,0.010035587188611443,-0.8159466264064441,-0.022461074345421765,,Blk 114B,Bidadari Pk Dr,1.3354995,103.872035
58341,1759.4782608695652,1818.0,0.03270138826987967,0.03324195500234558,0.010035587188611443,0.81589838628206,0.022975792247407853,,Blk 405,Sembawang Dr,1.45267992935187,103.81687772159036
75361,790.8695652173913,780.9,-0.012669832738925635,-0.012589908307252979,0.010035587188611443,-0.8137280500267703,-0.022400691404192468,,Bef Tampines Ind Ave 5,Tampines Ave 10,1.370387,103.930339
82121,403.8695652173913,417.3,0.032633924406083814,0.03317225085910699,0.010035587188611443,0.8134752446188473,0.022906780675813025,,Questa @ Dunman,Dunman Rd,1.30965150589688,103.8965764453886
63069,946.6521739130435,934.75,-0.012639182989301112,-0.012559643971371078,0.010035587188611443,-0.8126271838577802,-0.02237072777096432,,Blk 25,Upp S'goon Rd,1.36637999879956,103.89194715850095
22341,624.7826086956521,645.5,0.032570157878391015,0.03310637115264354,0.010035587188611443,0.8111849024819311,0.02284155554186816,,Blk 673C,Jurong West Ave 4,1.34491616105023,103.70103326346653
29009,1151.9565217391305,1190.1,0.032547718141341164,0.03308318877743452,0.010035587188611443,0.8103789204539589,0.022818603503837954,,Jurong Town Hall Int,Venture Dr,1.330212,103.7433
75079,456.5652173913043,450.85,-0.012569159883068615,-0.012490497909539867,0.010035587188611443,-0.8101121202881488,-0.02230226873574985,,Blk 819,Tampines Ave 3,1.34858249441921,103.9370121634589
11109,737.0434782608695,761.45,0.03253419606327412,0.03306921944035357,0.010035587188611443,0.8098932395443001,0.022804772964341982,,Spanish Village,Farrer Rd,1.31552472199926,103.80574305602846
11051,1014.4782608695652,1048.05,0.03252529822843098,0.03306002740195213,0.010035587188611443,0.8095736504619722,0.02279567225688372,,Opp Queenstown Polyclinic,Queensway,1.29872166703909,103.8002979755481
81151,742.9565217391305,767.55,0.032523028068120574,0.033057682192741654,0.010035587188611443,0.8094921116985395,0.02279335034937846,,Kong Hwa Sch,Guillemard Rd,1.31153305600814,103.88784583298123
64397,313.6521739130435,324.05,0.032511197713500195,0.03304546082630971,0.010035587188611443,0.8090671934747928,0.022781250412913876,,Blk 513,Hougang Ave 10,1.371948,103.890003
43519,866.9130434782609,856.1,-0.012536931412545194,-0.012458671475804262,0.010035587188611443,-0.8089545502162176,-0.02227075852547677,,Opp Bt Batok Swim Cplx,Bt Batok East Ave 6,1.34527424103226,103.74835776931137
46409,385.4347826086956,398.2,0.0324994290469931,0.03303330333033347,0.010035587188611443,0.8086444909414768,0.022769213712296153,,Blk 701A CP,Woodlands Ave 4,1.440652,103.795673
47529,1268.3478260869565,1252.55,-0.012523719672933531,-0.012445624250727963,0.010035587188611443,-0.8084800159263731,-0.022257840935995976,,Blk 573A,Woodlands Dr 16,1.431536111,103.7981161
46561,711.2608695652174,702.4,-0.01251851410651561,-0.012440483457453334,0.010035587188611443,-0.808293044351397,-0.022252751220999952,,Blk 183C,Woodlands St 13,1.434716944,103.7772439
65141,1868.9565217391305,1845.6999999999998,-0.012514917719628649,-0.012436931804971392,0.010035587188611443,-0.8081638706810422,-0.022249234857292584,,Aft Soo Teck Stn,Punggol Way,1.40454805557377,103.89716388800268
44791,705.4782608695652,696.7,-0.01250322052843611,-0.012425380023386457,0.010035587188611443,-0.8077437353711676,-0.022237797852763773,,West View Pr Sch,Senja Rd,1.38372439268243,103.76068878232401
84199,424.6521739130435,419.4,-0.012415880592610229,-0.012339121552604615,0.010035587188611443,-0.8046066924350794,-0.02215239643535239,,Opp Blk 220 CP,Bedok Nth Ave 3,1.32553283664673,103.9355563841307
41081,2006.6521739130435,2072.7,0.032368484659347274,0.03289804227304256,0.010035587188611443,0.8039412797197092,0.022635296591942602,,Sixth Ave Stn,Bt Timah Rd,1.33082323351422,103.79727250094409
68009,831.5652173913044,858.95,0.03236269002748493,0.03289205702647742,0.010035587188611443,0.8037331503138526,0.02262937081403828,,Woodleigh Int,Bidadari Pk Dr,1.340141,103.871449
77381,568.4782608695652,587.2,0.03234641627104562,0.03287524812948559,0.010035587188611443,0.8031486356562814,0.02261272892814333,,Blk 524B,Pasir Ris Dr 8,1.370821,103.94712
10519,550.0434782608696,568.15,0.032330305816913096,0.032858608174214966,0.010035587188611443,0.8025699864294905,0.022596254305385786,,Blk 4,Delta Rd,1.291728,103.826122
96059,292.17391304347825,301.8,0.032306528757860775,0.03283405012605595,0.010035587188611443,0.8017159709732651,0.022571940262919844,,Changi Ct,Upp Changi Rd East,1.34351280089212,103.96217940266345
59049,9890.608695652174,9769.4,-0.012329384344520022,-0.012253688897484634,0.010035587188611443,-0.8014999527574769,-0.02206781262840181,,Opp Khatib Stn,Yishun Ave 2,1.41700998157675,103.83339984073773
65311,476.9130434782609,492.6,0.03229667405819736,0.03282387190684153,0.010035587188611443,0.8013620135805323,0.02256186317321774,,Oasis Stn Exit B/Blk 617D,Punggol Dr,1.40201500002599,103.91285694443438
96131,343.2608695652174,339.05,-0.012307046115278553,-0.012231624147512006,0.010035587188611443,-0.8006976166487537,-0.022045967111023516,,Blk 130,Simei St 1,1.34639164071686,103.95526044455801
78209,706.3913043478261,697.75,-0.012290959814625246,-0.01221573448063958,0.010035587188611443,-0.8001198349575368,-0.022030235321892543,,Blk 242,Pasir Ris St 21,1.3713650312338,103.96221418839181
52499,349.4782608695652,345.2,-0.01228203861234256,-0.012206922218087297,0.010035587188611443,-0.7997994065723122,-0.022021510616878126,,St. Michael's Ter,Whampoa Rd,1.32603759751245,103.85537211273478
17329,428.5217391304348,442.6,0.03225090036088751,0.032776596821540466,0.010035587188611443,0.7997179311519538,0.022515057807247756,,Blk 705,West Coast Highway,1.30505055600585,103.76058388902574
28551,665.2173913043479,657.1,-0.01225913518695343,-0.012184298113946664,0.010035587188611443,-0.798976769961124,-0.021999111303004835,,Blk 560A,Jurong West St 42,1.35309201855261,103.71993998752167
43009,22687.17391304348,22410.85,-0.012253978902574403,-0.012179204642141991,0.010035587188611443,-0.7987915684798688,-0.021994068439298565,,Bt Batok Int,Bt Batok Ctrl,1.34999354306126,103.75106190953444
76031,4161.869565217391,4111.5,-0.012173519710577452,-0.012099722181605314,0.010035587188611443,-0.7959016655103888,-0.021915375706542572,,Tampines East Stn Exit B,Tampines Ave 2,1.35507956918888,103.95529781026745
10349,745.0,769.35,0.03211935682402345,0.032640750670241615,0.010035587188611443,0.7949931999141138,0.022380561406307106,,Blk 116,Henderson Rd,1.284977,103.821011
55149,493.17391304347825,509.3,0.03211128214200887,0.03263241245820891,0.010035587188611443,0.7947031765252084,0.022372306041705627,,Blk 622,Ang Mo Kio Ave 4,1.38147638900431,103.8392680559805
12121,446.2608695652174,460.85,0.03209813783673887,0.03261883931175285,0.010035587188611443,0.7942310643166623,0.022358867756334083,,Blk 7,Ghim Moh Rd,1.31164833301814,103.7871516670319
40389,2516.3478260869565,2486.0499999999997,-0.012108628180683034,-0.012035613741169666,0.010035587188611443,-0.7935709159678992,-0.021851904239547935,,Tengah CC,Plantation Cres,1.356473,103.734424
62251,681.6956521739131,703.95,0.03207772248231855,0.032597758247356626,0.010035587188611443,0.7934977933019035,0.022337996150755414,,Bef Blk 471B,Upp S'goon Cres,1.377463,103.900695
75471,396.69565217391306,409.65,0.032054250458986466,0.032573521373127745,0.010035587188611443,0.7926547340038477,0.022314000091075627,,Blk 602B,Tampines Ave 6,1.361598056,103.9379408
42099,1773.2608695652173,1752.0,-0.012055318752378419,-0.011982944520682345,0.010035587188611443,-0.7916561679902582,-0.021799758333843837,,Beauty World Stn Exit A,Upp Bt Timah Rd,1.34160317659437,103.77579384383286
14271,361.0869565217391,372.85,0.031970253080269906,0.032486791546590316,0.010035587188611443,0.7896377477757145,0.022228132001240453,,Al-Amin Mque,Telok Blangah Way,1.27568194286532,103.81914854048932
65409,852.8260869565217,842.65,-0.011989811155738828,-0.011918219777980944,0.010035587188611443,-0.7893032907943323,-0.021735676688085636,,Bef Blk 264,Punggol Ctrl,1.40624496856359,103.89957451783918
07021,756.9565217391305,781.55,0.03193179332244522,0.03244708311822341,0.010035587188611443,0.7882563646722496,0.02218881811084831,,Selegie Ctr,Selegie Rd,1.30372355,103.850036756528
01329,1885.391304347826,1863.0,-0.011940924872485326,-0.01186991495148329,0.010035587188611443,-0.787547411675555,-0.021687851812298722,,Blk 8,Nth Bridge Rd,1.30495670239172,103.86363028484124
40409,953.5217391304348,942.1999999999999,-0.011932069094950926,-0.01186116425252799,0.010035587188611443,-0.7872293331918103,-0.021679188059193097,,Blk 132B,Tengah Blvd,1.357394,103.731808
92161,907.5652173913044,937.0,0.031883277955276235,0.03239699478394017,0.010035587188611443,0.7865138079777654,0.02213922744798596,,Aft Katong PO,Tg Katong Rd,1.30380001918907,103.89656923070308
46101,22662.956521739132,22394.65,-0.011909100568260556,-0.011838467898655426,0.010035587188611443,-0.7864043582965914,-0.021656717213452168,,W'lands Checkpt,Woodlands Crossing,1.44460832436456,103.76774882217022
21591,3366.478260869565,3326.9,-0.011822699281415439,-0.011753085782161773,0.010035587188611443,-0.7833010294012421,-0.021572183442982448,,Opp Blk 117,Corporation Dr,1.33476103645994,103.72242808341083
66459,753.3478260869565,744.5,-0.011798435241061611,-0.011729106628241245,0.010035587188611443,-0.782429522733952,-0.021548442542934285,,Opp Ang Mo Kio Linear Pk,Ang Mo Kio Ave 5,1.37848946701219,103.87075091953804
54011,1771.0434782608695,1828.2,0.0317453246552839,0.032254582034987746,0.010035587188611443,0.781558853280824,0.021998229694284218,,Blk 207,Ang Mo Kio Ave 6,1.36567044820875,103.84341042482097
65619,352.69565217391306,364.1,0.031734484937602225,0.032243392747387335,0.010035587188611443,0.7811695163817188,0.021987151582045072,,Nibong Stn Exit A,Punggol Way,1.4115376363476,103.9000027461105
09038,2883.608695652174,2976.6,0.03172835023428888,0.03223706025984967,0.010035587188611443,0.7809491724175043,0.02198088201331106,,Opp Somerset Stn,Orchard Rd,1.30154262450563,103.83852481842337
67209,982.2173913043478,970.75,-0.011731676833708349,-0.011663129035111144,0.010035587188611443,-0.7800317193896772,-0.02148312049491245,,Blk 203,Compassvale Rd,1.386926667,103.8962474
98289,700.2173913043479,722.8,0.03169715618769686,0.03220486111111139,0.010035587188611443,0.7798287563949348,0.021949002791284936,,Opp Estella Gdns,Flora Rd,1.359593,103.966128
66271,3153.217391304348,3116.45,-0.0117250518024683,-0.011656581250775696,0.010035587188611443,-0.779793764011574,-0.0214766377685427,,S'goon Gdn Circus,S'goon Gdn Way,1.36398333300081,103.86578916701893
43611,520.1739130434783,514.1,-0.011722735706410248,-0.011654292149828641,0.010035587188611443,-0.7797105753452496,-0.021474371411816177,,Blk 290H,Bt Batok East Ave 3,1.3440783607984,103.75829172450743
77009,22447.521739130436,23170.35,0.03169183653385588,0.03219937015316231,0.010035587188611443,0.779637687070845,0.02194356639080684,,Pasir Ris Int,Pasir Ris Dr 3,1.373696,103.94845
14359,306.69565217391306,316.6,0.03168157722634568,0.03218878055673313,0.010035587188611443,0.779269197125785,0.0219330820112825,,Blk 50,Telok Blangah Dr,1.27289055599998,103.81035027797056
80279,959.4347826086956,990.35,0.03168157009955852,0.03218877320054341,0.010035587188611443,0.7792689411485266,0.02193307472818296,,Mountbatten Stn Exit B,Mountbatten Rd,1.30514903438296,103.88342000727887
02049,1547.4347826086957,1597.25,0.031664677614726244,0.03217133711461789,0.010035587188611443,0.7786622032374557,0.02191581188502508,,Raffles Hotel,Bras Basah Rd,1.29452091230981,103.85402155505173
64579,1042.4347826086957,1076.0,0.03166145129020226,0.03216800700029203,0.010035587188611443,0.7785463213277451,0.021912514858298388,,Bet Blks 544/546,Hougang Ave 6,1.37820828048176,103.89268060309126
84421,1031.391304347826,1019.4,-0.01168305878641629,-0.01161507685828605,0.010035587188611443,-0.7782854746691863,-0.02143554575850257,,Blk 510,Bedok Nth Ave 2,1.33232270053889,103.93032045625178
01559,354.5652173913044,366.0,0.031653163059132794,0.032159452188799675,0.010035587188611443,0.7782486277642765,0.021904045046342392,,Village Hotel Bugis,Ophir Rd,1.30168731070562,103.85752923961614
54289,2878.7391304347825,2845.45,-0.011627106511626017,-0.01155977292629189,0.010035587188611443,-0.7762758019263666,-0.02138079131945543,,Blk 452,Ang Mo Kio Ave 3,1.369149,103.855987
77339,1255.913043478261,1296.25,0.03158788987208716,0.03209208205057178,0.010035587188611443,0.7759041700039034,0.02183734428937657,,Opp Blk 756,Pasir Ris Dr 12,1.3780301775267,103.93278653475954
28391,933.0869565217391,963.05,0.031573625389204274,0.03207735989573602,0.010035587188611443,0.7753918236775457,0.021822768412028785,,Blk 501,Jurong West St 51,1.34978093237085,103.71937165971983
28009,8261.91304347826,8166.65,-0.011595964264509817,-0.011528990197161578,0.010035587188611443,-0.7751572464178699,-0.02135031444366931,,Jurong East Int,Jurong Gateway Rd,1.33235,103.740664
83059,1127.9565217391305,1114.95,-0.011587713920855336,-0.011520834937996412,0.010035587188611443,-0.77486091368031,-0.02134224021413858,,Mjd Kassim,Changi Rd,1.31888900641724,103.91222670426201
58109,472.4347826086957,487.59999999999997,0.03152999040672899,0.03203232620075322,0.010035587188611443,0.7738245588032812,0.02177818216620338,,Opp Blk 311,Canberra Rd,1.44667607916689,103.82309298513003
60039,608.6521739130435,601.65,-0.011551990803410739,-0.011485522749964401,0.010035587188611443,-0.7735778241958152,-0.02130727888358754,,Opp Blk 66,Kallang Bahru,1.31996473842763,103.86983042567824
78241,470.5652173913044,465.15,-0.011549940729153718,-0.01148349621980463,0.010035587188611443,-0.7735041904003971,-0.021305272488777817,,Bet Blks 453/454,Pasir Ris St 41,1.37212,103.957637
12149,309.2173913043478,319.15000000000003,0.03151632198302412,0.03201822004204628,0.010035587188611443,0.7733336215060943,0.021764216164523974,,Henry Pk,Mt Sinai Rd,1.31576900455367,103.78266099158458
65031,1512.9130434782608,1495.55,-0.011535259365405004,-0.011468983342906875,0.010035587188611443,-0.7729768707040343,-0.021290903810008636,,Blk 227D,Punggol Rd,1.387135,103.901618
17369,532.5217391304348,526.45,-0.011445743919580309,-0.011380490587564143,0.010035587188611443,-0.769761688618774,-0.021203290307608143,,Aft West Coast Lk,West Coast Highway,1.29840583296856,103.76386861099263
58119,613.4347826086956,606.45,-0.011432925249135195,-0.011367817718652884,0.010035587188611443,-0.7693012724392837,-0.02119074335473638,,Blk 502A,Canberra Rd,1.45099925490468,103.82102323159111
53211,488.2608695652174,482.7,-0.011430942991909276,-0.01136585799342344,0.010035587188611443,-0.769230074470459,-0.02118880310109156,,Opp Raffles Instn,Bishan Rd,1.34707169454274,103.84712672325323
46539,1632.304347826087,1613.75,-0.011425024131633599,-0.011360006388755742,0.010035587188611443,-0.7690174830752178,-0.02118300963723551,,Blk 320,Woodlands Ave 3,1.43209962904173,103.77822365534921
21451,304.2173913043478,313.95,0.031389614977230806,0.03188746438746429,0.010035587188611443,0.7687826069705532,0.021634759681761866,,Blk 206,Boon Lay Dr,1.34524833302487,103.71473000001441
54309,483.39130434782606,477.9,-0.011401252781602977,-0.011336504802082223,0.010035587188611443,-0.7681636726734846,-0.02115974155938596,,Opp Blk 5022,Ang Mo Kio Ave 3,1.36988835306854,103.86306604022437
84221,1706.8260869565217,1761.25,0.03137013411473255,0.03186736252545832,0.010035587188611443,0.7680829006848641,0.02161485754934105,,Blk 109,Bedok Nth Rd,1.33185798500032,103.93512740972372
76181,372.69565217391306,384.59999999999997,0.03135886084859063,0.03185573007562539,0.010035587188611443,0.7676779917553721,0.02160334067807386,,Blk 216,Tampines St 23,1.35384110037439,103.95308027923268
58361,945.6086956521739,934.9000000000001,-0.011377170461729591,-0.01131269520484971,0.010035587188611443,-0.7672986929740029,-0.021136168531331784,,Nth Lk Bldg,Admiralty St,1.46118688481447,103.81270708997143
59139,1280.8260869565217,1266.35,-0.011357585411110094,-0.011293331524319728,0.010035587188611443,-0.7665952444985963,-0.02111699724590819,,Aft Chong Pang CC,Yishun Ring Rd,1.43140749331253,103.82955664267413
11299,427.0869565217391,440.7,0.0313045742134852,0.03179971562055722,0.010035587188611443,0.7657281448317267,0.021547882775621058,,Opp Cold Storage Jelita,Holland Rd,1.31826975603165,103.78558843680226
21751,375.4782608695652,387.45,0.03130415587777868,0.03179928398198449,0.010035587188611443,0.7657131192073013,0.02154745542575516,,Jurong Sec Sch,Yuan Ching Rd,1.33089333300685,103.72480472198433
43261,298.04347826086956,307.55,0.03129492970401415,0.03178976446641477,0.010035587188611443,0.7653817369711975,0.021538030494900776,,Opp Hillview Hts,Hillview Ave,1.36056,103.764115
25719,377.4347826086956,389.45,0.031256166942109864,0.0317497702205882,0.010035587188611443,0.7639894706812664,0.02149843362689547,,The Index,Tuas Sth Ave 5,1.289014,103.624893
78199,996.4782608695652,985.3,-0.011269786952116334,-0.011206520791562195,0.010035587188611443,-0.763441732499974,-0.021031049053726995,,Opp White Sands Pr Sch,Pasir Ris St 11,1.36477,103.96189
16049,721.4782608695652,744.4,0.031233656273093935,0.03172654510441093,0.010035587188611443,0.7631809409456387,0.021475439272565927,,Whitehaven,Pasir Panjang Rd,1.28910696351866,103.77738952047318
59259,699.7826086956521,691.95,-0.011239876440495067,-0.01117694503040043,0.010035587188611443,-0.7623674180033005,-0.021001767153626737,,Darul Makmur Mque,Yishun Ave 2,1.43716783426775,103.83379791523895
46911,501.304347826087,495.7,-0.011219984440564268,-0.011157275166623586,0.010035587188611443,-0.7616529446380809,-0.0209822927271547,,Opp Blk 20,Woodlands Loop,1.45068968281344,103.81027103832493
71091,3338.0,3301.0,-0.011143015463581207,-0.011081162024558257,0.010035587188611443,-0.7588884018975869,-0.02090693583574339,,Blk 637,Eunos Link,1.33073374785934,103.90373154551283
06151,322.39130434782606,332.6,0.031079611928726436,0.03156762570583532,0.010035587188611443,0.7576480341742644,0.02131809887724584,,Hotel Miramar,Havelock Rd,1.28870976841461,103.83737276969174
01339,320.04347826086956,316.5,-0.011098741920791966,-0.011037378114842813,0.010035587188611443,-0.7572982014543501,-0.020863586957475335,,Bef Crawford Bridge,Crawford St,1.30774601733202,103.8642627465441
72051,921.5217391304348,911.35,-0.011087252707523199,-0.011026015647092354,0.010035587188611443,-0.7568855362172487,-0.020852337385782436,,Kaki Bt Ind Est,Kaki Bt Ave 1,1.33343973211343,103.90412516288117
85061,523.6521739130435,540.2,0.031053379152181648,0.03154056517775729,0.010035587188611443,0.7567058151815934,0.021291307219188167,,Opp Bedok Mkt Pl,Bedok Rd,1.33146,103.94739
67249,795.8695652173913,787.1,-0.01106602284457825,-0.011005019642078055,0.010035587188611443,-0.7561230099919222,-0.020831549994446315,,Blk 259C,Compassvale Rd,1.39376571527248,103.89850423466406
80151,1306.4782608695652,1292.1,-0.011057854013058588,-0.010996940675711908,0.010035587188611443,-0.7558296049765357,-0.0208235512996789,,Opp Suntec City,Nicoll Highway,1.296265,103.857666
58029,467.30434782608694,482.05,0.03100176754189743,0.03148732708197871,0.010035587188611443,0.7548520487924696,0.021238598090466517,,The Nautical,Sembawang Rd,1.44315919415772,103.82398509211036
76361,1591.7826086956522,1574.35,-0.011005085196758024,-0.010944750777966276,0.010035587188611443,-0.7539342744973442,-0.020771879954225716,,Blk 430,Tampines Ave 9,1.36002524992852,103.95032266084807
59251,1694.0,1675.45,-0.011004278391187228,-0.010943952802359472,0.010035587188611443,-0.7539052959585724,-0.020771089907204675,,Opp Darul Makmur Mque,Yishun Ave 2,1.43669132626001,103.83368337352286
75151,1425.304347826087,1409.7,-0.011000691769371684,-0.010940405426002253,0.010035587188611443,-0.7537764730263766,-0.02076757777713499,,Opp Blk 871A,Tampines Ave 8,1.35451781224143,103.93145206236657
63179,457.47826086956525,471.9,0.030971072666105215,0.03145566619250872,0.010035587188611443,0.753749561798776,0.021207251779631935,,Bef Tai Seng Chr Ch,Yio Chu Kang Rd,1.35999305129204,103.87393532776181
64059,1642.8260869565217,1624.85,-0.01099574856767127,-0.01093551629284857,0.010035587188611443,-0.7535989249685574,-0.020762737221796446,,Blk 355,Upp S'goon Rd,1.37249135705281,103.89837470452339
09037,2991.4347826086955,3085.55,0.030966597701377552,0.031451050475111944,0.010035587188611443,0.7535888317002774,0.02120268192342557,,Bef Cairnhill Rd,Orchard Rd,1.3023400420296,103.83701253388183
44279,655.0869565217391,675.7,0.030934707405434914,0.03141815772034457,0.010035587188611443,0.7524434080556337,0.02117011598695305,,Blk 157,Teck Whye Ave,1.37910867690077,103.75635459940506
56251,371.04347826086956,367.0,-0.010927786319974153,-0.010868294963187988,0.010035587188611443,-0.7511578825399947,-0.02069618379485464,,Opp Horizon Gdns,Ang Mo Kio Ave 2,1.37637472203353,103.8344186109838
84219,1650.2608695652175,1701.95,0.030822881835338656,0.03130282524552993,0.010035587188611443,0.7484268993253793,0.021055929441174327,,Blk 139,Bedok Nth Ave 3,1.32940888887166,103.9348130555732
10191,1421.7826086956522,1466.3,0.03080943950898174,0.03128896222955597,0.010035587188611443,0.7479440829076226,0.02104220416639213,,Blk 78,Tiong Bahru Rd,1.28860026020096,103.81903121724014
51019,499.7826086956522,515.45,0.030806386315174628,0.031285813509289974,0.010035587188611443,0.747834419441826,0.02103908673141664,,Thomson Flyover,Thomson Rd,1.32894248973791,103.84066508496021
52189,2331.173913043478,2306.05,-0.010831190358953968,-0.010772744220730822,0.010035587188611443,-0.7476883851753855,-0.020601582432616377,,Toa Payoh Stn,Lor 2 Toa Payoh,1.333207,103.846713
67761,514.8695652173913,531.0,0.030789536400930295,0.03126843657817125,0.010035587188611443,0.7472292105651073,0.0210218824553108,,Opp Blk 326D,Anchorvale Rd,1.396006,103.887595
52481,1836.0,1816.25,-0.010809436850380827,-0.010751224823081091,0.010035587188611443,-0.7469070508435106,-0.020580276849008546,,Toa Payoh Polyclinic,Lor 8 Toa Payoh,1.33524833301564,103.85859277800392
46931,800.8695652173913,792.25,-0.010807527290351615,-0.010749335791357457,0.010035587188611443,-0.7468384639852306,-0.020578406586467708,,Opp W'lands Spectrum 1,Woodlands Ave 9,1.45305389773625,103.80789928421208
70279,1628.0434782608695,1610.6,-0.010765545082678685,-0.010707803992739868,0.010035587188611443,-0.7453305628541339,-0.02053728744260349,,Opp Trinity Paya Lebar,Paya Lebar Rd,1.33155751923227,103.88951499040957
28629,800.8260869565217,825.85,0.030731564926268717,0.031208654158985123,0.010035587188611443,0.7451470129614329,0.02096269402675995,,Blk 266,Jurong East Ctrl,1.342682,103.744754
66389,1328.4782608695652,1314.25,-0.010759818580492464,-0.010702138792595748,0.010035587188611443,-0.745124880504337,-0.020531678531179,,S'goon Stn Exit F,S'goon Ave 2,1.35092163758707,103.8710690514159
43431,506.60869565217394,501.2,-0.01071241988446392,-0.010655246252676843,0.010035587188611443,-0.7434224319835072,-0.020485251909668142,,Opp Blk 242,Bt Batok East Ave 2,1.35138376789986,103.75644264494997
66031,1013.6956521739131,1002.95,-0.010646498222142142,-0.01059002485217254,0.010035587188611443,-0.7410546825322826,-0.020420678540836807,,Cardiff Residence,Lor Chuan,1.35465640659199,103.86572364607075
84349,596.1739130434783,589.85,-0.01064620451519982,-0.010589734255551361,0.010035587188611443,-0.7410441332768934,-0.02042039083154729,,Fengshan Pr Sch,Bedok Nth Rd,1.33091748609947,103.93233223449336
67139,890.2608695652174,880.85,-0.01061519400336497,-0.01055905166105695,0.010035587188611443,-0.7399303093866408,-0.020390013095471855,,Nth Spring Pr Sch,Rivervale Dr,1.38715714684677,103.90417577185805
64041,2151.7391304347825,2218.6,0.030585954041727703,0.031058509886292145,0.010035587188611443,0.739917016025351,0.020814041568769932,,The Midtown,Upp S'goon Rd,1.37016500002901,103.89535999996711
75571,1289.304347826087,1329.35,0.030563946414261522,0.03103581898439811,0.010035587188611443,0.7391265543467384,0.02079157612083735,,Blk 637B,Tampines Nth Dr 2,1.36378,103.943296
96181,337.2608695652174,333.7,-0.010582793026006954,-0.010526992287918018,0.010035587188611443,-0.7387665432791645,-0.02035827226025221,,Blk 151,Simei Rd,1.34563053684832,103.95770528781159
64611,1225.2173913043478,1263.25,0.030544921642581713,0.031016203949934592,0.010035587188611443,0.7384432297593718,0.020772155978901446,,Blk 913,Hougang Ave 4,1.37837333826782,103.88445923003084
11521,2028.2608695652175,2091.2,0.030544520838114764,0.031015790714117364,0.010035587188611443,0.7384288338154098,0.020771746848943583,,Anchorpoint,Alexandra Rd,1.2885710102662,103.80543003047167
21581,1538.391304347826,1586.1,0.030521370157439165,0.03099192227306144,0.010035587188611443,0.7375973163819208,0.020748115561730857,,Blk 65,Corporation Dr,1.33243350969467,103.72328639029729
67359,566.5652173913044,584.15,0.030512561354762546,0.030982840508656743,0.010035587188611443,0.7372809251234343,0.020739124032600708,,Nan Chiau High Sch,Anchorvale Dr,1.39008740102191,103.89042014225743
82091,904.0869565217392,932.1,0.030481352601468004,0.030950665321612746,0.010035587188611443,0.7361599808710599,0.020707268534188465,,Aft Queen of Peace Ch,Tg Katong Rd,1.31264667096781,103.89411050584133
46429,1359.7391304347825,1401.85,0.030477851270397593,0.030947055628335572,0.010035587188611443,0.7360342213797405,0.02070369470637193,,Blk 856,Woodlands St 83,1.44071444400658,103.7931500000338
53321,548.2608695652174,565.25,0.030462175896356136,0.030930895274281785,0.010035587188611443,0.7354711991958758,0.020687694919573563,,Opp Eunoia JC,Sin Ming Ave,1.36143,103.840319
60269,4953.782608695652,4902.1,-0.010485635563332707,-0.010430852930851687,0.010035587188611443,-0.7352768781095207,-0.020263088131805874,,Potong Pasir Stn Exit B,Upp S'goon Rd,1.33099030126892,103.86922890950602
42161,1509.7391304347825,1494.0,-0.010472814577020095,-0.010418165597029837,0.010035587188611443,-0.7348163787495733,-0.02025052685774506,,Blk 18,Jln Jurong Kechil,1.34027669212035,103.77264625507586
52181,879.2608695652174,870.1,-0.010461525404700467,-0.010406993974117817,0.010035587188611443,-0.7344108985079782,-0.020239466234680172,,Opp Toa Payoh Stn,Lor 2 Toa Payoh,1.332993,103.846519
47009,7219.652173913044,7144.55,-0.010455492295966096,-0.010401023633899852,0.010035587188611443,-0.7341942035796062,-0.020233555215015426,,Woodlands Temp Int,Woodlands Sq,1.437553,103.786282
76111,697.8260869565217,690.6,-0.010394154830855484,-0.010340322279598932,0.010035587188611443,-0.7319911075981023,-0.020173456981774078,,Blk 945,Tampines Ave 4,1.35157455446947,103.94023387732626
58381,869.5217391304348,860.55,-0.010359639461171355,-0.01030616322045805,0.010035587188611443,-0.7307513975430144,-0.020139637322769827,,Blk 469B,Sembawang Way,1.44797049342873,103.81337787352544
82109,931.4347826086956,921.85,-0.010332503097640888,-0.010279306164319567,0.010035587188611443,-0.729776723853145,-0.02011304711497998,,City Plaza,Geylang Rd,1.3151892235607,103.89331774481381
67769,730.8695652173913,723.35,-0.010327607502270908,-0.010274460880412985,0.010035587188611443,-0.7296008857015809,-0.02010824997320791,,Blk 326D,Anchorvale Rd,1.39607378603056,103.88766378607079
03529,1033.2173913043478,1022.6,-0.010319171725724274,-0.010266111741706791,0.010035587188611443,-0.7292978926552064,-0.020099983790499005,,Downtown Stn Exit E,Central Blvd,1.27939957419063,103.85278769921703
67411,927.4782608695652,917.95,-0.01031525343493378,-0.010262233668929685,0.010035587188611443,-0.7291571569616244,-0.02009614424976767,,Opp Sengkang General Hosp,Sengkang East Rd,1.39495624396821,103.89436833778728
44619,841.1304347826087,832.5,-0.010301210722240661,-0.010248334968248068,0.010035587188611443,-0.7286527760934579,-0.02008238364483661,,Blk 506,Jelapang Rd,1.38695072395596,103.76763574907523
52389,399.3478260869565,411.65,0.03026604156612489,0.030728714161599155,0.010035587188611443,0.7284265201569199,0.020487522653123643,,Blk 227,Lor 8 Toa Payoh,1.33972612917249,103.85808211459384
47601,701.1739130434783,694.0,-0.010269267156861162,-0.010216718266254251,0.010035587188611443,-0.7275054391372343,-0.02005108108243698,,Blk 793,Woodlands Ave 7,1.44211880036977,103.80304911976373
01421,723.5217391304348,745.75,0.030218690084560684,0.030679908785405396,0.010035587188611443,0.7267257674674464,0.020439202201039758,,Opp Golden Mile Cplx,Beach Rd,1.30338444400173,103.86483888898641
67181,471.6086956521739,466.8,-0.010226910036026382,-0.01017479300827927,0.010035587188611443,-0.7259840720163255,-0.020009572388578305,,Blk 240,Compassvale Rd,1.39101786005668,103.89778017996501
70271,1100.0434782608695,1088.85,-0.010218274660345195,-0.01016624545885259,0.010035587188611443,-0.7256739098433748,-0.020001109766533,,Le Crescendo,Paya Lebar Rd,1.33078171512111,103.88931512831826
30041,552.8260869565217,547.2,-0.010210531133475698,-0.01015858062490158,0.010035587188611443,-0.725395780760308,-0.019993521089412877,,Opp Home Team Acad,Old Choa Chu Kang Rd,1.37462014104762,103.72188815233464
45061,1402.304347826087,1445.3,0.030178867040438817,0.03063886479117613,0.010035587188611443,0.725295418359965,0.02039856601480051,,Opp Mandai Est,Woodlands Rd,1.40718111138275,103.75606300126093
65329,475.0869565217391,489.65,0.0301305233370055,0.03058904109589049,0.010035587188611443,0.7235590274189163,0.020349237361515806,,Kadaloor Stn Exit A,Punggol Dr,1.39988799999567,103.91612399998853
22181,627.8695652173913,647.1,0.03012113873086264,0.030579369469026937,0.010035587188611443,0.7232219546682892,0.020339661830726368,,S'pore Post,Pioneer Rd Nth,1.33301611112037,103.69637694442996
59319,424.7391304347826,420.45,-0.010125642379466449,-0.010074550653594761,0.010035587188611443,-0.722346778449968,-0.019910326029384633,,Blk 729,Yishun Ring Rd,1.42617166698404,103.83201083297399
44249,805.9130434782609,830.55,0.03007551946699394,0.030532356269195426,0.010035587188611443,0.7215834191219137,0.020293115748164694,,Blk 174,Bt Panjang Rd,1.38049595009817,103.76649141308671
59391,2191.6521739130435,2169.7,-0.01006215324989057,-0.010011699153298336,0.010035587188611443,-0.7200663997941895,-0.019848099013729307,,Blk 342B,Yishun Ring Rd,1.43021107363512,103.84523111093658
76091,1605.2173913043478,1589.1499999999999,-0.010053616916763097,-0.010003248247300185,0.010035587188611443,-0.7197597949943988,-0.01983973207487552,,Blk 206,Tampines Ave 2,1.35071636446812,103.95275166965992
28021,310.2608695652174,307.15,-0.010044692058783333,-0.009994412627462096,0.010035587188611443,-0.7194392353052226,-0.01983098424465037,,Opp 8 @Tradehub 21,Boon Lay Way,1.32615808379173,103.75545022241596
43541,1005.6086956521739,995.55,-0.010042918933368838,-0.009992657221838357,0.010035587188611443,-0.7193755488540735,-0.01982924628051722,,Blk 510,Bt Batok East Ave 5,1.352905,103.7550445
73049,401.8695652173913,397.85,-0.010027443690304949,-0.009977336499028181,0.010035587188611443,-0.7188197148993222,-0.0198140777824915,,Air Force Trg Cmd,Airport Rd,1.35075966304764,103.89911545547028
64159,362.39130434782606,373.45,0.029978055616665777,0.03043192151232424,0.010035587188611443,0.7180827492358555,0.020193678898468393,,Bef Greenwich Dr,Tampines Rd,1.36751138265993,103.9099923734176
44861,711.4782608695652,733.15,0.029963966791872743,0.030417404039788203,0.010035587188611443,0.717576712130643,0.020179305669722623,,Blk 636A,Senja Rd,1.3866920101757,103.75877312173013
66571,552.3478260869565,546.85,-0.009985257211495124,-0.009935570047929594,0.010035587188611443,-0.7173044768344279,-0.01977272631762397,,Buangkok Sq,Buangkok Cres,1.384484444,103.8813056
43679,714.695652173913,736.4,0.029875476002108492,0.030326225624202396,0.010035587188611443,0.7143983332560325,0.020089033191463112,,Blk 402,Bt Batok Rd,1.36506686600259,103.74421935477038
06159,635.2608695652174,654.55,0.02986592643058472,0.03031638649719778,0.010035587188611443,0.7140553353409546,0.020079291824793056,,Opp Hotel Miramar,Havelock Rd,1.28909385421188,103.8368794036018
14299,660.2173913043479,680.2,0.02977328054941797,0.030220936349290007,0.010035587188611443,0.7107277154575231,0.01998479005760933,,Opp Blk 27,Telok Blangah Way,1.27488820445716,103.82127132943862
10059,504.60869565217394,499.7,-0.009755922027994579,-0.009708487402184334,0.010035587188611443,-0.7090673020461256,-0.0195478999366275,,Opp Blk 149,Jln Bt Merah,1.27739664167497,103.83275178077875
71029,522.6521739130435,517.6,-0.009694800567911166,-0.009647957489206656,0.010035587188611443,-0.7068719644518741,-0.019487971441289866,,Comfort Test Ctr,Airport Rd,1.33654331402892,103.89504292943955
62129,502.7826086956522,517.95,0.029662696343385697,0.030107016483991014,0.010035587188611443,0.7067557935744104,0.01987200208583491,,Blk 403,Upp S'goon Rd,1.34698958928417,103.87205488524701
43319,355.7391304347826,352.3,-0.009687233229942471,-0.009640463132236862,0.010035587188611443,-0.7066001636554204,-0.019480551547313006,,Opp Midview Bldg,Bt Batok St 23,1.33972179277053,103.7574111060431
67601,6076.304347826087,6017.8,-0.009673329916287443,-0.009626693757244792,0.010035587188611443,-0.7061007896694276,-0.019466918983107623,,Buangkok Stn Exit B,Sengkang Ctrl,1.38334470717282,103.8932683273077
65089,391.47826086956525,387.7,-0.009673311510828064,-0.009626675528968967,0.010035587188611443,-0.7061001285890663,-0.019466900935945667,,Opp Blk 296,Punggol Rd,1.4013394838038,103.90580511592151
60229,1954.0,1935.25,-0.009637080688388089,-0.009590792838875007,0.010035587188611443,-0.704798803547672,-0.01943137477176977,,Blk 68,Geylang Bahru,1.32258108743147,103.87024013608315
64109,2274.5652173913045,2342.8,0.029545075092378248,0.02998586113340225,0.010035587188611443,0.7025311177589578,0.019752050519647027,,Gracehaven S Army,Yio Chu Kang Rd,1.37202330151763,103.87690900449827
46971,861.6086956521739,853.4,-0.009561696703783262,-0.009516129032257629,0.010035587188611443,-0.7020911899667529,-0.019357452815390787,,Woodgrove Pr Sch,Woodlands Ave 1,1.43187555599274,103.79034249996818
16039,1265.5217391304348,1303.45,0.029507140956249955,0.029946790250600572,0.010035587188611443,0.7011686137377148,0.019713367840247166,,S'pore Science Pk II,Pasir Panjang Rd,1.28799020188116,103.77872029260048
14501,449.5652173913043,463.05,0.02948947178633432,0.029928592106533095,0.010035587188611443,0.7005339791442009,0.019695350510661645,,Opp Blk 91A,Telok Blangah St 31,1.27687216148362,103.80648081848618
53159,451.1304347826087,446.85,-0.009512355809878414,-0.009467256466967632,0.010035587188611443,-0.7003189823137377,-0.019309065841793118,,Blk 260,Marymount Rd,1.357180105,103.8415963
77209,1218.4782608695652,1254.95,0.02946914608668383,0.029907658300056334,0.010035587188611443,0.6998039283157146,0.019674624699866177,,Opp Pasir Ris Elias CC,Pasir Ris Dr 3,1.37902915784394,103.94271591238348
52139,611.4347826086956,605.65,-0.009490440878323625,-0.009445548771829869,0.010035587188611443,-0.6995318500519753,-0.019287573831597536,,Oleander Twrs,Lor 1 Toa Payoh,1.33271833297864,103.84404416701967
42089,1331.5217391304348,1318.95,-0.009479334376216286,-0.009434547115635024,0.010035587188611443,-0.6991329308902995,-0.01927668148648179,,Opp Bt Timah Plaza,Jln Anak Bt,1.34007090936874,103.77941451542826
77281,1958.4347826086955,1939.95,-0.009478511496442188,-0.009433731999023554,0.010035587188611443,-0.6991033750043445,-0.019275874468766954,,Blk 740,Pasir Ris Dr 1,1.37837166677052,103.93618729229594
61099,325.69565217391306,335.45,0.029420539429562353,0.029857599148256437,0.010035587188611443,0.6980580927030829,0.019625062929533674,,Potong Pasir CC,Potong Pasir Ave 2,1.33236805597247,103.86709999996721
78079,765.1304347826087,788.0,0.029413885206293067,0.029850746268656452,0.010035587188611443,0.6978190888166628,0.01961827813928776,,Blk 429,Pasir Ris Dr 6,1.36995048419615,103.95691414168428
76289,903.6521739130435,930.65,0.02940667606798897,0.029843321958955494,0.010035587188611443,0.6975601537009187,0.019610927596598837,,Blk 801,Tampines Ave 4,1.3471495,103.9382105
67179,634.304347826087,653.25,0.0293853694242312,0.029821379687927103,0.010035587188611443,0.6967948696912613,0.01958920334122931,,Opp Blk 225A,Compassvale Dr,1.38741393896265,103.8979957397525
75259,1926.304347826087,1908.4,-0.009333259054103316,-0.009289839379173666,0.010035587188611443,-0.6938862524603444,-0.019133411547979772,,Tropica Condo,Tampines Ave 1,1.34913805600656,103.92798027801848
28109,311.69565217391306,308.8,-0.009303432239538445,-0.009260289210233781,0.010035587188611443,-0.6928149441630349,-0.019104154985820278,,SMRT Ulu Pandan Depot,Toh Tuck Ave,1.33327344230787,103.7593317971408
78071,784.9565217391304,777.7,-0.00927561246276376,-0.009232726669247704,0.010035587188611443,-0.6918157238935289,-0.019076866302791994,,Blk 446,Pasir Ris Dr 6,1.37031163160495,103.95718010428234
62111,345.4347826086957,342.25,-0.009235538687204503,-0.009193022088353873,0.010035587188611443,-0.6903763691086665,-0.019037556221644904,,Aft Sommerville Rd,Upp S'goon Rd,1.34509852230089,103.87077171254077
76149,2021.782608695652,2003.2,-0.009229113905551145,-0.009186656349410946,0.010035587188611443,-0.6901456062198346,-0.019031253731887444,,Opp Tampines Stn/Int,Tampines Ave 4,1.35370728527221,103.94636710560508
08019,346.6521739130435,356.95,0.02919083215105278,0.029621060530264875,0.010035587188611443,0.6898075531463206,0.01939087452964773,,Aft Haw Par Glass Twr,Clemenceau Ave,1.296188,103.8440945
68111,3182.9565217391305,3153.8,-0.009199510114518361,-0.009157324084062035,0.010035587188611443,-0.6890823083977939,-0.019002212908256117,,Bef Piccadilly Circus/TPE,Jln Kayu,1.40222194447692,103.87138805557646
72039,1873.9565217391303,1856.8,-0.009192478776438584,-0.009150357109730254,0.010035587188611443,-0.6888297594435745,-0.018995315156909377,,Kaki Bt Stn Exit A,Kaki Bt Ave 1,1.33546648279458,103.90985114690736
65431,2997.5652173913045,2970.15,-0.009184830138183386,-0.00914277843026324,0.010035587188611443,-0.6885550385340355,-0.018987811778253084,,Twin Waterfalls,Punggol Way,1.40238938083661,103.89673562171807
98319,763.4782608695652,756.5,-0.009170051831865145,-0.009128135130523924,0.010035587188611443,-0.6880242368909543,-0.018973313972507372,,Aft Ballota Pk,Flora Rd,1.359214,103.968401
11119,1822.4347826086955,1876.35,0.029139242314847102,0.029567943918548636,0.010035587188611443,0.687954568830353,0.01933828567793797,,Farrer Rd Stn Exit A,Farrer Rd,1.31747833490912,103.80785606728587
67449,2249.1304347826085,2228.6,-0.009165988364965294,-0.009124108747318501,0.010035587188611443,-0.6878782868165276,-0.018969327594941576,,Blk 323B,Sengkang East Rd,1.39203289077574,103.89307115004729
44631,526.9130434782609,522.1,-0.009158929384663672,-0.009117114149233461,0.010035587188611443,-0.68762474501939,-0.018962402494307733,,Opp Bt Panjang Plaza,Jelebu Rd,1.37961719959059,103.76390959462616
47569,521.304347826087,516.55,-0.009144320962465535,-0.009102638807957354,0.010035587188611443,-0.6871000452101821,-0.01894807097821096,,Opp Blk 620,Woodlands Ave 5,1.4329425,103.7995535
45051,414.7826086956522,411.0,-0.009139199070866688,-0.009097563526090233,0.010035587188611443,-0.6869160790358584,-0.018943046123709305,,Da Di Glass,Woodlands Rd,1.40338556,103.7560103
64331,1114.5652173913043,1147.5,0.029095545249017363,0.029522955803258512,0.010035587188611443,0.6863850740695342,0.019293744558931115,,Blk 508,Hougang Ave 4,1.37143555507852,103.88805955105329
67479,1067.9565217391305,1058.25,-0.0091218487914686,-0.009080370942813535,0.010035587188611443,-0.6862928982319082,-0.018926024363788395,,Layar Stn Exit A/Blk 417A,Sengkang West Ave,1.39198203746983,103.88019668070044
44509,2254.8695652173915,2321.45,0.029087147820726855,0.029514310494362952,0.010035587188611443,0.6860834584013872,0.019285185148742792,,Blk 442,Choa Chu Kang Ave 4,1.38081340360597,103.73845177601393
52129,1287.8260869565217,1325.85,0.02907591808373411,0.029502749384340072,0.010035587188611443,0.6856801129354888,0.01927373890846222,,Blk 29,Jln Bahagia,1.32544666698102,103.85938111100755
59331,634.9130434782609,629.2,-0.009024600578572795,-0.008984001093942508,0.010035587188611443,-0.682799973529969,-0.018830612033675087,,Blk 773,Yishun Ave 3,1.422973728077,103.83276716795122
40031,447.2608695652174,443.25,-0.008987894047094436,-0.008947623666342596,0.010035587188611443,-0.6814815621504136,-0.018794596047643185,,Newton FC,Bt Timah Rd,1.31178509472011,103.84098359641321
64019,1621.304347826087,1606.8,-0.008980790557172824,-0.008940583710771421,0.010035587188611443,-0.6812264216735006,-0.018787626040189513,,Blk 302,Upp S'goon Rd,1.368308353364,103.89393838248249
65199,13367.08695652174,13247.7,-0.008970861687249254,-0.008930743561889859,0.010035587188611443,-0.6808698002612846,-0.01877788366179575,,Aft Punggol Rd,TPE,1.39591721161169,103.90542736761212
64119,3307.391304347826,3277.9,-0.008954060181716628,-0.008914091966409052,0.010035587188611443,-0.6802663301104496,-0.018761397514483698,,Blk 953,Yio Chu Kang Rd,1.37679164872283,103.87713655364794
27309,1496.8260869565217,1483.5,-0.008936766308839772,-0.008896952104498607,0.010035587188611443,-0.6796451752946949,-0.018744427952096143,,Blk 705,Pioneer Rd Nth,1.3410704693164,103.69426536144466
01239,494.5652173913044,509.1,0.028907820463086153,0.029329706966134884,0.010035587188611443,0.6796424458769946,0.01910241581806811,,Sultan Plaza,Jln Sultan,1.30291236608351,103.86161817611134
97051,294.82608695652175,303.5,0.02889934956334894,0.0293209876543209,0.010035587188611443,0.679338191289083,0.019093783140245093,,Komo Shoppes,Upp Changi Rd Nth,1.36044412865764,103.9703768491515
60031,795.4782608695652,788.4,-0.008926672427563176,-0.008886947977510128,0.010035587188611443,-0.6792826270668191,-0.018734523224861407,,Bef Geylang Bahru Stn,Kallang Bahru,1.3204097072077,103.87007832529532
07369,895.8695652173914,922.15,0.028881295600052148,0.02930240449873948,0.010035587188611443,0.6786897358317592,0.019075384624571853,,Aft Kallang Bahru,Lavender St,1.31140805601851,103.86237888899062
15051,1773.8260869565217,1825.8,0.02886336338102513,0.029283946988069534,0.010035587188611443,0.6780456531392869,0.019057110505417967,,Alexandra Pt,Alexandra Rd,1.276978,103.8023815
65799,450.47826086956525,446.5,-0.008850685299811367,-0.008811633281972153,0.010035587188611443,-0.6765533500173985,-0.018659956846712684,,Blk 654D,Punggol East,1.398633889,103.9191989
25691,1758.2173913043478,1742.75,-0.008831079538533793,-0.008792200088972522,0.010035587188611443,-0.6758491576643715,-0.018640716739486637,,Aft Tuas West Rd Stn,Tuas Ave 20,1.328519,103.639669
92119,1509.7826086956522,1553.8999999999999,0.02878343441310882,0.02920168067226861,0.010035587188611443,0.6751747945587339,0.018975661577435226,,Roxy Sq,East Coast Rd,1.30444500073,103.90277451423108
81149,563.9565217391304,580.45,0.028776208227726308,0.029194243496999308,0.010035587188611443,0.6749152471524446,0.01896829829700865,,The Sunny Spring Condo,Guillemard Rd,1.31212569246254,103.88966028743648
62131,3655.0,3622.95,-0.008805062415842002,-0.00876641137855661,0.010035587188611443,-0.6749146844456101,-0.01861518426246997,,S'Goon Stn Exit B,Upp S'goon Rd,1.3489790064228,103.87277432797597
43449,900.8260869565217,927.15,0.028771664434702693,0.029189567062000144,0.010035587188611443,0.6747520449051221,0.018963668326482382,,Blk 258,Bt Batok East Ave 2,1.35150377570255,103.7590516971924
78089,1002.4347826086956,993.65,-0.008793259714908963,-0.008754712075913778,0.010035587188611443,-0.6744907594765952,-0.01860360120263403,,Blk 405,Pasir Ris Dr 6,1.37361141865113,103.95608873577847
05019,553.3913043478261,548.55,-0.008771001439482617,-0.00873264841973154,0.010035587188611443,-0.6736912951189051,-0.01858175676817836,,Aft Duxton Plain Pk,New Bridge Rd,1.28118388885484,103.84105000000471
50231,401.5652173913043,398.05,-0.008770392196879584,-0.008732044497245992,0.010035587188611443,-0.6736694125724373,-0.018581158846191045,,NorthLight Sch,Balestier Rd,1.31872472201456,103.85492583301323
54609,785.3478260869565,778.5,-0.008746532873444401,-0.008708393232334253,0.010035587188611443,-0.6728124423750765,-0.018557742577287522,,Opp Townsville Pr Sch,Ang Mo Kio Ave 10,1.359358,103.855321
66101,1252.913043478261,1242.0,-0.00874128395902396,-0.008703190013869015,0.010035587188611443,-0.6726239138428641,-0.01855259105734977,,Blk 516,Ang Mo Kio Ave 3,1.37094045484466,103.87325896613375
44111,716.4782608695652,710.25,-0.008718663294597917,-0.008680765967761258,0.010035587188611443,-0.6718114333335035,-0.018530389813757778,,Opp Blk 203,Choa Chu Kang Ave 1,1.38094121398036,103.74975224203959
17111,440.52173913043475,436.7,-0.008693513888485604,-0.008655834564253952,0.010035587188611443,-0.670908126432194,-0.018505706125555563,,Blk 343,Clementi Rd,1.31779809827118,103.77124639148465
57061,325.2173913043478,322.4,-0.008674056473572556,-0.008636545381847235,0.010035587188611443,-0.6702092623280435,-0.0184866085980512,,Dieppe Barracks,Sembawang Rd,1.419905,103.8245465
66301,978.1739130434783,969.75,-0.00864030170018637,-0.008603081568314708,0.010035587188611443,-0.6689968710844605,-0.018453477276781947,,Blk 152,S'goon Nth Ave 1,1.36937136450503,103.87207688842045
59341,621.3478260869565,616.0,-0.008630118464004966,-0.00859298588794154,0.010035587188611443,-0.6686311134407512,-0.018443481905825496,,Khoo Teck Puat Hosp,Yishun Ctrl,1.42367163179884,103.83864456915899
06131,319.69565217391306,329.0,0.02860010515324518,0.029013015184381086,0.010035587188611443,0.6685900432168042,0.018788870646223924,,Aft Blk 87,Zion Rd,1.29152472200833,103.83222750001508
92139,478.7826086956522,492.7,0.02859494250313066,0.029007702763933496,0.010035587188611443,0.6684046130934578,0.018783611009321053,,Opp Caltex Stn,East Coast Rd,1.30853972762017,103.91062932209371
54081,1671.695652173913,1657.35,-0.008613355903012376,-0.008576367228113746,0.010035587188611443,-0.6680290420852446,-0.01842702836692193,,Teck Ghee Ct,Ang Mo Kio Ave 1,1.36358972199933,103.84786694396756
96389,604.1304347826087,598.95,-0.008597711065248426,-0.008560856444892156,0.010035587188611443,-0.6674671166919001,-0.018411671696901256,,Opp Changi City Pt,Changi Sth Ave 2,1.33316035695047,103.96219500000879
50991,1282.1739130434783,1319.35,0.02856022465427266,0.028971978450174473,0.010035587188611443,0.6671576304676256,0.018748241647872647,,Blk 82,Whampoa Dr,1.32337986005569,103.85626145335385
44291,2903.7391304347825,2878.9,-0.008588014754225881,-0.008551243095989385,0.010035587188611443,-0.6671188482427449,-0.018402153865030076,,Opp CCK Polyclinic,Teck Whye Ave,1.38151999999791,103.75140111097832
80049,2303.304347826087,2283.6,-0.008587875202732853,-0.008551104737825445,0.010035587188611443,-0.6671138358847521,-0.01840201688157554,,Aft Sims Way,Geylang Rd,1.31077707819718,103.87363663982293
40021,317.9130434782609,327.15,0.028552346271799145,0.028963871847307213,0.010035587188611443,0.6668746576917398,0.018740215591196936,,Bef Winstedt Rd,Bt Timah Rd,1.311033889,103.8427911
08031,4025.391304347826,3991.0,-0.008578158369171973,-0.00854147094712117,0.010035587188611443,-0.6667648303147907,-0.018392478811010034,,Dhoby Ghaut Stn Exit B,Penang Rd,1.29831153783592,103.8452569595532
29021,342.82608695652175,339.9,-0.008546789217501072,-0.008510369246333468,0.010035587188611443,-0.6656381249339159,-0.018361686132828986,,Aft Jln Buroh,Penjuru Rd,1.31267499889159,103.73450231627747
28229,706.8260869565217,727.3,0.02851462759648804,0.028925061425061602,0.010035587188611443,0.6655198925110188,0.01870179078444965,,German Ctr,Jurong Town Hall Rd,1.32536675242565,103.74593185918442
65061,4381.434782608696,4344.2,-0.008532668803605148,-0.008496368903528624,0.010035587188611443,-0.6651309532231975,-0.01834782489567811,,Blk 298A,Punggol Rd,1.39490129020977,103.9018594759131
45021,308.4782608695652,305.85,-0.008528821305882062,-0.008492554088226805,0.010035587188611443,-0.6649927602483607,-0.01834404798390371,,Heavy Veh Pk,Woodlands Rd,1.39385694401888,103.75383583300305
56021,440.47826086956525,436.75,-0.008480808412229202,-0.008444947803821636,0.010035587188611443,-0.663268251208474,-0.018296914709582474,,Opp Sembawang Hills FC,Upp Thomson Rd,1.372666,103.82843
43361,854.5217391304348,847.3,-0.00847715721900677,-0.008441327438126065,0.010035587188611443,-0.6631371090247935,-0.01829333031538737,,Blk 154A,Bt Batok West Ave 8,1.3469143511774,103.74343203545553
28319,637.1304347826087,631.75,-0.00846730625681591,-0.008431559583021333,0.010035587188611443,-0.6627832858731928,-0.018283659512468513,,Blk 207,Jurong East Ctrl,1.33862623918679,103.74173313734524
66529,571.5217391304348,566.7,-0.008457596811020984,-0.008421931956257761,0.010035587188611443,-0.6624345456542279,-0.018274127544599568,,Blk 538,S'goon Nth Ave 5,1.37512174055594,103.87318199195964
52361,2575.478260869565,2553.7999999999997,-0.008449508579526643,-0.00841391181086436,0.010035587188611443,-0.6621440356002092,-0.018266187086367076,,Blk 1,Lor 6 Toa Payoh,1.33974408909931,103.8529812160764
28031,1224.8695652173913,1214.6,-0.00841265926949486,-0.008377371874445885,0.010035587188611443,-0.6608204959543205,-0.018230010206183894,,Bef The Synergy,Boon Lay Way,1.32790100001681,103.75101499996688
78039,1069.8260869565217,1100.65,0.028378661442221897,0.028785171951763944,0.010035587188611443,0.6606363113662145,0.018563291235451546,,Blk 104,Pasir Ris St 12,1.367181,103.959
10089,2303.7391304347825,2370.05,0.028365400481960457,0.02877152936293825,0.010035587188611443,0.6601600091876002,0.018549784197681052,,Blk 119,Jln Bt Merah,1.28292332245689,103.82165660905856
29031,1122.1304347826087,1112.75,-0.008387117723941628,-0.008352043976462548,0.010035587188611443,-0.6599031043361919,-0.01820493396302514,,Aft Penjuru Pl,Penjuru Rd,1.31653138767966,103.73538661201253
40359,2363.7391304347825,2344.0,-0.008382309705785573,-0.008347276103623572,0.010035587188611443,-0.6597304117500294,-0.018200213463173995,,Opp Blk 461C,Bt Batok West Ave 6,1.355593,103.7408
40191,312.82608695652175,321.85,0.028348849798891962,0.028754502632308276,0.010035587188611443,0.6595655479836102,0.018532926642515723,,Aft Draycott Pk,Stevens Rd,1.31268555601325,103.8304269440197
93079,615.0,632.7,0.028328692795952293,0.028733766233767045,0.010035587188611443,0.6588415563400778,0.018512396278235244,,Opp Springvale,East Coast Rd,1.31250502315071,103.9250247698478
10181,757.6086956521739,779.4,0.028320516796640938,0.02872535534158652,0.010035587188611443,0.6585478938746475,0.018504068955626802,,Bef Ar-Rabitah Mque,Tiong Bahru Rd,1.28850399420484,103.82109741719866
76261,746.9565217391305,740.75,-0.008332591096959163,-0.008297971284079162,0.010035587188611443,-0.6579446374746515,-0.018151398530146093,,Blk 489B,Tampines St 45,1.36164005637877,103.95740032197719
43351,1048.0434782608695,1039.35,-0.008321580897941772,-0.008287052387267548,0.010035587188611443,-0.6575491772911073,-0.018140588122126697,,Blk 168,Bt Batok West Ave 8,1.34701122644751,103.7411014207074
46219,16878.565217391304,16739.15,-0.008293705977878929,-0.008259408082837958,0.010035587188611443,-0.6565479764057358,-0.018113218488046243,,Johor Bahru Checkpt,Johor Bahru,1.4654268105665,103.76826657164715
18101,678.8695652173913,698.35,0.02825036831095229,0.02865319434674164,0.010035587188611443,0.6560283269729089,0.018432624943395773,,5 Sci Pk Dr,Buona Vista Flyover,1.2928415,103.7862945
72079,1350.7826086956522,1389.5,0.028239222384463858,0.028641729117750776,0.010035587188611443,0.6556279917811543,0.018421273631485293,,Blk 609,Bedok Reservoir Rd,1.33201510811169,103.91201112281274
44131,1239.0434782608695,1274.55,0.028231016029165446,0.028633287752883332,0.010035587188611443,0.6553332390008083,0.018412916138962735,,Blk 26,Choa Chu Kang Rd,1.37710069702793,103.75532192967427
01521,369.69565217391306,366.65,-0.00824998275377542,-0.008216045038705877,0.010035587188611443,-0.654977542101887,-0.018070286293693786,,Opp Plaza Parkroyal,Beach Rd,1.30088304437602,103.86066098182194
10091,1783.7826086956522,1834.85,0.028210969545032327,0.028612667478684285,0.010035587188611443,0.654613216930165,0.01839250074522751,,Bt Merah Town Ctr,Jln Bt Merah,1.28394108576437,103.81783962251122
01211,1909.5652173913043,1893.9,-0.008233056923601545,-0.008199258129849245,0.010035587188611443,-0.6543696065053892,-0.018053666177462676,,Opp Blk 461,Victoria St,1.30551803523268,103.8605449516032
47041,510.4347826086956,506.25,-0.00821609632536724,-0.008182436453285452,0.010035587188611443,-0.6537604221227852,-0.018037011638971992,,Opp W'lands Auto Hub,Admiralty Rd West,1.4525686110144,103.79164305597227
71089,1854.3478260869565,1839.25,-0.008170753849924495,-0.008137463970192504,0.010035587188611443,-0.6521318281588969,-0.01799248599684276,,Opp Eunos Technolink,Eunos Link,1.33291479894363,103.90097214917817
44251,2452.0434782608695,2432.15,-0.008142775462604668,-0.0081097128677777,0.010035587188611443,-0.6511269109755391,-0.017965010625908506,,Bt Panjang Stn/Blk 604,Bt Panjang Rd,1.38030076722264,103.76231669235113
64411,2249.478260869565,2231.25,-0.008132708599855043,-0.008099727594134349,0.010035587188611443,-0.6507653331889439,-0.01795512456469442,,Blk 670,Hougang Ave 4,1.37353273194871,103.88503406200056
10081,1026.9565217391305,1056.25,0.028098325259988677,0.028496806665821026,0.010035587188611443,0.6505673019046334,0.018277791110900915,,Opp Blk 120,Jln Bt Merah,1.2822783541702,103.82241744338572
55201,1093.5652173913043,1124.75,0.028092257524067854,0.02849056603773603,0.010035587188611443,0.6503493632500137,0.018271612488915557,,Aft Blk 648,Ang Mo Kio Ave 6,1.37859113966821,103.8443777268119
65549,914.8695652173913,907.5,-0.008079070647741382,-0.00804652266793263,0.010035587188611443,-0.6488387854168016,-0.01790244827598086,,Opp Blk 228B,Sumang Crescent,1.403521,103.8912
84541,754.6086956521739,776.1,0.028045398379612507,0.028442372978882687,0.010035587188611443,0.6486662941394772,0.018223898270263623,,Blk 42,Chai Chee St,1.32761801937398,103.92519155563974
10051,706.4347826086956,700.75,-0.008068229968177576,-0.008035769159855106,0.010035587188611443,-0.6484494139691762,-0.017891801613413798,,Blk 149,Jln Bt Merah,1.2774116353284,103.83214410914843
43441,480.3478260869565,476.5,-0.008025980009532141,-0.007993857826754549,0.010035587188611443,-0.6469318958594433,-0.01785030670607373,,Opp Blk 258,Bt Batok East Ave 2,1.35173000550557,103.75897289147882
82059,411.3478260869565,423.05,0.02798414155156337,0.02837937579080632,0.010035587188611443,0.6464660944495916,0.01816152701436391,,Bef Tg Katong Stn Exit 3,Tg Katong Rd Sth,1.301242,103.8974605
71151,454.9130434782609,467.85,0.027980790662305743,0.028375929811176773,0.010035587188611443,0.6463457384706703,0.018158115273556697,,Blk 3021,Ubi Ave 2,1.32814305145316,103.8944494102938
76209,673.1739130434783,667.8,-0.008003047079262693,-0.007971107958209649,0.010035587188611443,-0.646108199503071,-0.017827782877375555,,Blk 233,Tampines Ave 7,1.35660332787929,103.94766913185744
55231,461.8260869565217,474.95,0.027961445298884335,0.028356035697510797,0.010035587188611443,0.6456508989898151,0.018138418825314365,,Liuxun Sanhemiao Tp,Ang Mo Kio St 63,1.38576093943759,103.84831692135697
54271,682.1739130434783,676.75,-0.007970969882206802,-0.007939285941576666,0.010035587188611443,-0.6449560628146,-0.01779627704031732,,Blk 586,Ang Mo Kio Ave 3,1.36996326781056,103.85356664655984
05039,4976.347826086956,4936.85,-0.007967170339759022,-0.007935516557621864,0.010035587188611443,-0.6448195922792892,-0.017792545108489755,,New Bridge Ctr,New Bridge Rd,1.28293819129834,103.84254276754574
44669,737.0,731.15,-0.007958413599205905,-0.007926829268292282,0.010035587188611443,-0.6445050709685559,-0.017783944134979742,,Opp Blk 532,Jelapang Rd,1.38428576640159,103.76489752763662
60121,7476.086956521739,7416.95,-0.007940533134579653,-0.007909090380467054,0.010035587188611443,-0.6438628471711675,-0.017766381498523928,,Boon Keng Stn/Blk 102,S'goon Rd,1.32008815616383,103.86179781146463
63291,2354.521739130435,2335.9,-0.00793698346954308,-0.007905568783801836,0.010035587188611443,-0.6437353516386466,-0.017762894892002445,,Opp Blk 115,Lor Ah Soo,1.35225002342978,103.88785804760475
46771,7387.391304347826,7329.0,-0.007934509890722197,-0.007903114756993351,0.010035587188611443,-0.6436465065657309,-0.01776046524809721,,Opp Admiralty Stn,Woodlands Ave 7,1.44088808355944,103.80018670656507
22391,849.5217391304348,842.8,-0.007934472231049483,-0.00790307739494865,0.010035587188611443,-0.6436451539197832,-0.017760428257277108,,Bef Jln Buroh,Tg Kling Rd,1.31342749923518,103.6957230721563
55129,851.9565217391304,845.25,-0.007893750968626101,-0.007862677133244572,0.010035587188611443,-0.64218254294548,-0.01772042940751724,,Blk 604,Ang Mo Kio Ave 5,1.37955302001994,103.83549938754196
05029,1109.5217391304348,1140.9,0.02786360158054535,0.028255422441469627,0.010035587188611443,0.6421365851475443,0.01803880524999349,,Boat Quay,Sth Bridge Rd,1.28712283362119,103.84819780822524
11159,1683.5217391304348,1731.1,0.027852856022319017,0.028244373322320823,0.010035587188611443,0.6417506302323102,0.018027865913509758,,Aft Ch of Our Saviour,C'wealth Ave,1.29800440816386,103.80362656855579
28339,1702.1739130434783,1688.85,-0.007853750442873064,-0.007822990324969385,0.010035587188611443,-0.6407458191195827,-0.017681136922402283,,Blk 252,Jurong East Ave 1,1.34270510558579,103.73737517747826
54299,1992.2608695652173,2048.5,0.027823935389540644,0.028214636274402734,0.010035587188611443,0.6407118698312781,0.017998424329178198,,Opp Blk 565,Ang Mo Kio Ave 3,1.36890152697813,103.85832656880861
58541,3657.173913043478,3628.6,-0.007841642675801452,-0.007810977204116543,0.010035587188611443,-0.640310936899844,-0.017669243162414795,,Opp Canberra Stn,Canberra Link,1.44284,103.830351
65059,741.3913043478261,762.3,0.02777467029458336,0.028163982430453663,0.010035587188611443,0.6389423846963271,0.017948273775483293,,St. Anne's Ch,Punggol Rd,1.39269,103.901269
67291,539.8260869565217,555.05,0.027760456984036175,0.028149368920331375,0.010035587188611443,0.6384318763586595,0.017933805463368705,,Renjong Stn Exit B,Sengkang East Ave,1.38717956363215,103.88971793853818
67079,369.52173913043475,366.65,-0.007780719488476251,-0.007750528045059718,0.010035587188611443,-0.6381227207918826,-0.017609394618637163,,Ch of St. Vincent de Paul,Yio Chu Kang Rd,1.38256500000442,103.87673500001087
93081,361.6521739130435,358.85,-0.007756898358648456,-0.007726891260040373,0.010035587188611443,-0.6372671224181341,-0.017585992685755635,,Opp Chiang Ct,Upp East Coast Rd,1.31342707975776,103.92903327944508
41139,322.2173913043478,331.3,0.027713040432500335,0.028100618778584364,0.010035587188611443,0.6367287865104404,0.01788553969692902,,Aft The Japanese Assn,Adam Rd,1.32962999996746,103.81485527800427
52051,1850.2173913043478,1835.95,-0.007736884452524073,-0.007707031800460285,0.010035587188611443,-0.6365482704721446,-0.017566330547280528,,Blk 147,Braddell Rd,1.34338820709349,103.85469257245785
60221,1252.4782608695652,1242.85,-0.007710887452513582,-0.007681234824835056,0.010035587188611443,-0.635614520012275,-0.017540789887176625,,Blk 73/Geylang Bahru Stn,Geylang Bahru,1.32212380559601,103.87081431318353
84149,421.69565217391306,418.45,-0.007708092383947651,-0.007678461221970929,0.010035587188611443,-0.6355141277917207,-0.01753804384248344,,Lion Hme For Elders,Bedok Sth Rd,1.32047933475714,103.93839375752798
54329,1670.8695652173913,1658.05,-0.007697350993976393,-0.007667802252100063,0.010035587188611443,-0.635128322590303,-0.01752749077880324,,Blk 420,Ang Mo Kio Ave 8,1.36449772525141,103.85247983714417
76221,2804.2608695652175,2782.8,-0.007679635466641521,-0.007650222408207943,0.010035587188611443,-0.6344920229484561,-0.017510085606039925,,Tampines East Stn Exit A,Tampines Ave 7,1.3563896244901,103.95390226733993
15059,1117.304347826087,1108.75,-0.007678798201277814,-0.007649391547762658,0.010035587188611443,-0.634461950366309,-0.01750926300092004,,Opp Alexandra Pt,Alexandra Rd,1.27686194443878,103.80270111113056
28249,1294.391304347826,1284.5,-0.007665067304444051,-0.007635765590386985,0.010035587188611443,-0.6339687691827965,-0.017495772429351564,,Jurong East Lib,Jurong Town Hall Rd,1.332605,103.739045
59461,1834.0,1820.0,-0.007658680761061909,-0.007629427792914754,0.010035587188611443,-0.6337393797217954,-0.017489497603441848,,Opp Blk 419,Yishun Ave 11,1.4233562505923,103.84695938114267
70371,1444.2173913043478,1484.7,0.02762628760307262,0.028011432009627146,0.010035587188611443,0.6336128310409466,0.01779723907654646,,MacPherson Stn Exit A,Circuit Link,1.32623288866609,103.88932330108935
07589,646.4347826086956,641.5,-0.007651249891679868,-0.007622053589415763,0.010035587188611443,-0.6334724805526639,-0.01748219666910594,,Ch of Our Lady of Lourdes,Ophir Rd,1.30320609782822,103.85549999983388
68039,626.4782608695652,621.7,-0.007644164494848837,-0.0076150221729489225,0.010035587188611443,-0.6332179899365673,-0.017475235115913135,,Aft Abundant Grace Ch,Jln Kayu,1.39652972197871,103.87311388899468
64349,1078.304347826087,1070.1,-0.007630553428483289,-0.007601514663229949,0.010035587188611443,-0.6327291127787023,-0.017461861815120265,,Blk 502,Hougang Ave 8,1.37291834719604,103.88673982857989
43839,410.2608695652174,421.75,0.027553255494669138,0.02793635690876442,0.010035587188611443,0.6309896912640693,0.017722909912490276,,Opp Blk 336,Bt Batok West Ave 7,1.36527346533705,103.74824970624866
52201,754.8695652173913,749.1999999999999,-0.007528990865025342,-0.007500719010641574,0.010035587188611443,-0.6290812268573989,-0.017362067655521462,,Blk 121,Lor 2 Toa Payoh,1.339123,103.846497
44181,429.17391304347825,425.95,-0.007522665504888337,-0.0074944410753985165,0.010035587188611443,-0.6288540349531644,-0.017355852097057294,,Blk 802B,Keat Hong Cl,1.374452,103.74287
55019,646.3478260869565,641.5,-0.007516931557025153,-0.007488750083953815,0.010035587188611443,-0.6286480851723452,-0.01735021765059136,,Aft Lentor Stn Exit 4,Yio Chu Kang Rd,1.382212,103.836047
84529,1253.0,1287.8999999999999,0.02745069921786758,0.02783094098883543,0.010035587188611443,0.6273061135209712,0.017618541391948926,,Blk 109,Bedok Nth Ave 3,1.33213305553955,103.93431305555218
67119,1145.304347826087,1177.15,0.02740225453496148,0.027781149250900364,0.010035587188611443,0.6255660956372324,0.017569244378490556,,Blk 128,Sengkang East Way,1.39050824371994,103.90323582065614
75299,821.9130434782609,844.75,0.0273732705510481,0.02775136049030457,0.010035587188611443,0.6245250598139818,0.017539751595291985,,Bef Tampines Ave 9,Tampines Ave 10,1.364115,103.931119
64009,14342.0,14739.65,0.02734696517019053,0.027724325454924988,0.010035587188611443,0.623580233046936,0.017512985176640516,,Hougang Ctrl Int,Hougang Ctrl,1.37060695394614,103.89266808874676
59601,2340.4347826086955,2323.2999999999997,-0.00734497798964906,-0.007318069559727892,0.010035587188611443,-0.6224719216708315,-0.017181232986693523,,Blk 391,Yishun Ave 6,1.429842,103.849376
83321,1631.6521739130435,1676.8500000000001,0.02730741883096055,0.027683683523740746,0.010035587188611443,0.6221598225215965,0.01747274705859819,,Kembangan Stn,Jln Kembangan,1.32168778524368,103.9136543376456
80249,1138.2608695652175,1129.95,-0.007321704607780255,-0.007294966225241173,0.010035587188611443,-0.6216359971020756,-0.01715835920404689,,Blk 49 Mkt/FC,Sims Pl,1.31693643112186,103.87985994146072
27361,560.8260869565217,576.35,0.027256320208904228,0.02763117164525666,0.010035587188611443,0.6203244814505291,0.017420756931566868,,Blk 710,Jurong West Ave 5,1.34294490356227,103.6945223808434
59611,813.6086956521739,836.1,0.02723566775766173,0.02760994876174202,0.010035587188611443,0.6195826944813659,0.017399744915966794,,Opp Yishun Community Hosp,Yishun Ctrl 2,1.42362582861812,103.83666744952643
70121,714.8260869565217,709.65,-0.007257197959660289,-0.007230928085519879,0.010035587188611443,-0.6193190715982729,-0.017094957339267507,,Aft Jln Muhibbah,MacPherson Rd,1.3319080537309,103.88114282141879
53409,414.30434782608694,425.75,0.027186741971316764,0.027559673366834587,0.010035587188611443,0.6178253965054203,0.017349969051091207,,Blk 131,Bishan St 12,1.34534609724691,103.85126805621526
67101,639.7391304347826,635.15,-0.007188016695403476,-0.007162244690235106,0.010035587188611443,-0.6168342449918148,-0.017026956373602575,,Blk 250A,Sengkang East Way,1.39143144034973,103.89956953538392
10071,1966.0,2020.15,0.02715711694317413,0.027529232333503323,0.010035587188611443,0.6167613358968628,0.01731983047605743,,Blk 111,Jln Bt Merah,1.28045309423663,103.82638920754815
64549,2595.5217391304345,2666.95,0.02713763050624518,0.027509209645010864,0.010035587188611443,0.6160614293908704,0.017300006730492,,Opp Hougang Ctrl Int,Hougang Ctrl,1.3714805,103.8922875
54279,705.1304347826087,700.1,-0.007149442032530651,-0.00712394556985354,0.010035587188611443,-0.6154487347720864,-0.016989037788488,,Blk 427,Ang Mo Kio Ave 3,1.36968919033429,103.85404760550173
84061,2410.521739130435,2393.35,-0.0071461799812899685,-0.007120706752005749,0.010035587188611443,-0.6153315696436148,-0.01698583115112901,,The Tanamera Condo,New Upp Changi Rd,1.32584790501258,103.94223128727671
96289,1795.7826086956522,1845.1,0.027077679882123284,0.027447611673038528,0.010035587188611443,0.6139081454419263,0.017239020788260215,,Changi General Hosp,Simei Ave,1.34004,103.948359
53069,393.39130434782606,404.2,0.027037197688733805,0.027406019182008533,0.010035587188611443,0.6124541212591859,0.017197841555015806,,Aft Windsor Pk Rd,Upp Thomson Rd,1.35777159286274,103.82894351047115
43181,2513.173913043478,2495.5,-0.0070545346384438545,-0.0070297098191123624,0.010035587188611443,-0.6120398867189338,-0.016895738352372607,,Keming Pr Sch,Bt Batok East Ave 3,1.34648944401178,103.75681722199707
05023,1062.5652173913043,1091.7,0.027025020458541604,0.027393508298586212,0.010035587188611443,0.612016744089231,0.017185454978165433,,Opp Hong Lim Pk,Eu Tong Sen St,1.28692928357498,103.84540375642477
21621,417.39130434782606,428.85,0.027019181193201902,0.027387509092798464,0.010035587188611443,0.6118070115549368,0.017179515379735593,,Blk 354,Kang Ching Rd,1.3392149977089,103.72205929003123
94019,436.2608695652174,433.2,-0.007024715071139553,-0.00700009943323089,0.010035587188611443,-0.6109688387260013,-0.016866422171579517,,Opp Evergreen Ave,Upp East Coast Rd,1.3142851610342,103.93574953076752
47579,545.2608695652174,560.2,0.02698070349891868,0.027347978350843963,0.010035587188611443,0.610424984216506,0.017140377410285894,,Blk 556,Woodlands Ave 5,1.4333134741952,103.79597019770507
28641,1586.6521739130435,1630.05,0.026967674434545508,0.027334593055099513,0.010035587188611443,0.60995701118711,0.017127125109164792,,Blk 284,Toh Guan Rd,1.33917889755759,103.74610320575732
77401,358.0,355.5,-0.0069881486339280485,-0.006963788300835458,0.010035587188611443,-0.6096554591995845,-0.01683047182205124,,UMC,Pasir Ris Ind Dr 1,1.381097,103.932503
59431,779.3913043478261,800.7,0.02693900691991402,0.02730514234776299,0.010035587188611443,0.6089273421883922,0.01709796702037061,,Blk 630,Yishun Ring Rd,1.417805,103.8376805
52159,992.8695652173913,1019.95,0.026882869438145107,0.02724747364276641,0.010035587188611443,0.6069110172510344,0.017040871304409656,,Blk 128,Lor 1 Toa Payoh,1.33810803464351,103.84385638188928
12029,466.0,462.8,-0.006875832847466512,-0.006852248394004759,0.010035587188611443,-0.6056213430624627,-0.01672004016177562,,Opp Moonbeam Wk,Holland Rd,1.31958369390988,103.7824392109149
60021,454.8695652173913,451.75,-0.006866630643347804,-0.006843109203624161,0.010035587188611443,-0.6052908217590743,-0.016710991777246876,,Chubb S'pore,Kallang Bahru,1.31828596087227,103.86669874193286
99009,1217.608695652174,1250.75,0.026832777648778894,0.027196018267446387,0.010035587188611443,0.6051118392175107,0.01698992718325919,,Changi Village Ter,Changi Village Rd,1.38969812175274,103.98762553601895
59091,3495.391304347826,3471.5,-0.006856585044603847,-0.006833132297897512,0.010035587188611443,-0.60493000772503,-0.016701114000806917,,Blk 154,Yishun Ave 2,1.43165245434506,103.83510814544051
14039,973.1739130434783,999.65,0.026815224634114898,0.027177988038917838,0.010035587188611443,0.6044813766445988,0.01697207610082482,,Opp St. Theresa's Convent,Lower Delta Rd,1.27663637861466,103.82345826768822
67131,581.1304347826087,596.95,0.026812601046587226,0.02717529315109486,0.010035587188611443,0.6043871436154229,0.016969407989069984,,Bakau Stn/Blk 122F,Rivervale Dr,1.38767805568948,103.90527388892869
71211,511.7391304347826,508.25,-0.006828143053905222,-0.006804884253370741,0.010035587188611443,-0.6039084390100348,-0.01667314662531533,,Ubi 55,Ubi Ave 1,1.32546235545492,103.89525403753592
77361,611.0,606.85,-0.0068041415105231096,-0.006781045751633974,0.010035587188611443,-0.6030463606101585,-0.016649544979948437,,Blk 555,Pasir Ris St 51,1.36800665136778,103.95173655442387
64339,608.1304347826087,604.0,-0.006803965371060983,-0.006780870806566191,0.010035587188611443,-0.6030400340992651,-0.016649371773112952,,Blk 602,Hougang Ave 4,1.37136834322266,103.88702988625133
93039,485.69565217391306,498.9,0.026769094897369783,0.027130605681615464,0.010035587188611443,0.6028245061256146,0.01692516452869471,,Siglap Stn/Laguna Park,Marine Parade Rd,1.30958474832555,103.92954154203639
67489,1358.3478260869565,1349.15,-0.006789347701044335,-0.006766352150967219,0.010035587188611443,-0.6025150021303933,-0.016634997373059006,,Opp Fernvale Stn,Sengkang West Ave,1.39100245036434,103.87708498686095
54219,853.8260869565217,848.0500000000001,-0.006779963786030407,-0.006757031687095678,0.010035587188611443,-0.602177954203475,-0.01662576951615004,,Opp Mayflower Sec Sch,Ang Mo Kio Ave 3,1.36880777071199,103.83679395921905
84249,1069.9565217391305,1098.95,0.026712529532732177,0.027072507307567984,0.010035587188611443,0.6007928126524545,0.01686764341282077,,Blk 124,Bedok Nth Rd,1.32941668893627,103.93960622332179
11141,1677.1739130434783,1722.6,0.0267088810317766,0.027068760039379587,0.010035587188611443,0.6006617671686013,0.016863933377020125,,Queenstown Stn Exit A/D,C'wealth Ave,1.29463705145492,103.80582510668431
06161,601.3478260869565,617.65,0.026704622006584522,0.027064385736971727,0.010035587188611443,0.600508793105052,0.01685960253713354,,Blk 2,Havelock Rd,1.28901705678419,103.83994286096711
67419,1661.695652173913,1650.55,-0.006725931244090155,-0.006703362794833172,0.010035587188611443,-0.6002372337024836,-0.016572633871284406,,Sengkang General Hosp,Sengkang East Rd,1.39451056390105,103.89388277014375
84449,426.5652173913044,423.7,-0.006723794723509258,-0.006701240593857785,0.010035587188611443,-0.6001604949605469,-0.016570532756232315,,Blk 509,Bedok Nth St 3,1.33322170084132,103.93155200621871
50081,671.5217391304348,667.05,-0.0066714157631349025,-0.006649211274890031,0.010035587188611443,-0.5982791671797526,-0.016519020394066372,,Pek Kio Mkt,Owen Rd,1.31634,103.850484
52021,525.0434782608695,521.55,-0.00666319457181519,-0.006641044714438953,0.010035587188611443,-0.5979838815247785,-0.01651093497553789,,Opp Blk 1004,Braddell Rd,1.34431313758435,103.84766088139544
77051,2150.4347826086955,2136.15,-0.0066617945835583114,-0.006639654022593213,0.010035587188611443,-0.5979335972735902,-0.016509558101432287,,Blk 115,Pasir Ris Dr 1,1.36908504460753,103.95508527984948
66051,2166.304347826087,2224.75,0.02660977815887211,0.026966979618038612,0.010035587188611443,0.5971022274866526,0.0167631642332078,,Opp Blk 257,Boundary Rd,1.35585499445871,103.87196190877665
28041,774.2608695652174,795.15,0.026588031697538206,0.02694464696315414,0.010035587188611443,0.5963211462748638,0.016741053472787336,,The Synergy,Boon Lay Way,1.33008349967851,103.74828366332322
44329,659.3913043478261,677.15,0.026535957699854507,0.02689117124234626,0.010035587188611443,0.5944507720291899,0.01668810908004893,,Bangkit Stn,Bt Panjang Ring Rd,1.38021501052151,103.77257633645274
67109,997.8695652173913,991.35,-0.006548337137932236,-0.00652694350134937,0.010035587188611443,-0.5938584754523714,-0.01639796745782183,,Blk 235,Sengkang East Way,1.39102885574104,103.89998669813552
77321,1436.086956521739,1474.7,0.026514335679965306,0.02686896802105773,0.010035587188611443,0.5936741604583663,0.016666126467188392,,Pasir Ris Int/Polyclinic,Pasir Ris Dr 8,1.37313477197799,103.94802646457005
10129,1311.608695652174,1303.05,-0.0065417214619492015,-0.006520370983768901,0.010035587188611443,-0.5936208560928679,-0.01639146024395349,,Blk 121,Kim Tian Rd,1.28231999999009,103.8285719444802
65189,337.0,334.8,-0.006530150839578752,-0.006508875739645384,0.010035587188611443,-0.5932052668342986,-0.016380079215136956,,Bef Punggol Ctrl,Punggol East,1.397182,103.918161
84211,1898.7391304347825,1886.4,-0.006516356369655085,-0.006495170961687487,0.010035587188611443,-0.5927098022564748,-0.0163665106061377,,Blk 403,Bedok Nth Ave 3,1.33012,103.93447
61031,2851.2608695652175,2927.8,0.026480815462861074,0.02683454772720314,0.010035587188611443,0.5924701939190204,0.01663204816906586,,Woodleigh Stn Exit B,Upp S'goon Rd,1.33836472248768,103.8704496726279
60059,749.2173913043478,744.35,-0.0065091128865146786,-0.006487974500144744,0.010035587188611443,-0.5924496335558292,-0.01635938564773621,,Bef Kallang Pl,Boon Keng Rd,1.31434638899368,103.86586250001177
58159,333.9130434782609,342.9,0.026479991014404014,0.026833701155393592,0.010035587188611443,0.5924405816897014,0.016631210008687856,,Aft Admiral Hill,Canberra Rd,1.44821708737482,103.82235611868522
84021,2633.478260869565,2616.4,-0.006503700283747804,-0.0064825969996534765,0.010035587188611443,-0.5922552257272098,-0.016354061577416833,,Blk 32,New Upp Changi Rd,1.32338320435233,103.92508721683168
14031,2011.5652173913043,2065.55,0.02647041423389762,0.026823867441508796,0.010035587188611443,0.5920966064926284,0.01662147400135353,,St. Theresa's Convent,Lower Delta Rd,1.27624277802151,103.82306027800865
11209,633.0434782608695,650.05,0.026468914390321174,0.026822327367482007,0.010035587188611443,0.592042735675662,0.01661994922930953,,Opp Peirce Rd,Holland Rd,1.30817280849852,103.81038349817638
22461,643.5652173913044,660.85,0.026462936223003553,0.02681618887015204,0.010035587188611443,0.5918280141124141,0.016613871723320798,,Opp Blk 653B,Pioneer Rd Nth,1.33596194443399,103.6962049999685
28069,411.7391304347826,422.8,0.026445897881550273,0.02679869377436044,0.010035587188611443,0.5912160373781373,0.016596550456611486,,Blk 203,Boon Lay Way,1.33644240098532,103.74255737341373
43321,1011.5652173913044,1038.7,0.02644527983928402,0.026798059169564865,0.010035587188611443,0.5911938387686786,0.016595922157169735,,Opp Blk 144,Bt Batok West Ave 6,1.34990599565613,103.74510884287126
12041,373.04347826086956,383.05,0.02640070975249298,0.02675229571079904,0.010035587188611443,0.5895929871696184,0.016550613398402924,,Aft Pandan Valley,Ulu Pandan Rd,1.320555,103.776423
54409,554.6086956521739,551.05,-0.0064256397944078,-0.0064050395179593555,0.010035587188611443,-0.5894514784567763,-0.016277274697154526,,Jing Shan Pr Sch,Ang Mo Kio St 52,1.37270833297137,103.85213888899418
84631,333.0869565217391,330.95,-0.006416952794128683,-0.006396408120769898,0.010035587188611443,-0.589139462050951,-0.016268729060447323,,Opp Waterfront Waves,Bedok Reservoir Rd,1.33879275233871,103.92948245969215
55189,769.6521739130435,764.75,-0.006381389758294276,-0.006361071932299357,0.010035587188611443,-0.5878621223174688,-0.01623374396792311,,Yio Chu Kang Stn,Ang Mo Kio Ave 6,1.382955556,103.844225
59061,1231.8260869565217,1224.0,-0.006368321540151989,-0.006348086757186334,0.010035587188611443,-0.587392742977733,-0.01622088781188492,,Blk 763,Yishun Ave 2,1.42556399229911,103.83495820649408
64209,1190.4347826086957,1182.95,-0.0063019746820973666,-0.0062821588877133945,0.010035587188611443,-0.5850097215062399,-0.01615561499347221,,Aft Defu Ave 1,Tampines Rd,1.36146974234447,103.89452504836862
60141,1591.9565217391305,1581.95,-0.006301542431045526,-0.0062817293520385075,0.010035587188611443,-0.5849941960756797,-0.01615518972561003,,Opp Bendemeer Pr Sch,S'goon Rd,1.32258753768004,103.86385682733587
43471,776.7826086956522,771.9,-0.006297387749240713,-0.006277600760243849,0.010035587188611443,-0.5848449697786343,-0.016151102154986753,,Blk 306,Bt Batok West Ave 2,1.35796999999619,103.74730694399486
17151,2262.782608695652,2323.0,0.026252704153176154,0.02660034186720967,0.010035587188611443,0.5842769777697034,0.016400169349186474,,Blk 410,C'wealth Ave West,1.31169519353522,103.76960993525367
17249,412.7391304347826,410.15,-0.00627754407679415,-0.006257881462799531,0.010035587188611443,-0.5841322322218008,-0.016131578786013977,,Blk 355,Clementi Ave 2,1.31517111,103.7693364
19039,3441.173913043478,3532.7,0.026242257396518198,0.02658961727927189,0.010035587188611443,0.583901755096719,0.01638955131941226,,Dover Stn Exit B,C'wealth Ave West,1.31167951129602,103.77868390552867
46761,1319.391304347826,1311.15,-0.0062611221004775786,-0.006241562119266564,0.010035587188611443,-0.5835423938584751,-0.01611542158943599,,Blk 706,Woodlands Ave 7,1.4396175,103.7972525
43169,998.1739130434783,991.95,-0.006248540317582929,-0.006229058787694484,0.010035587188611443,-0.5830904861168464,-0.016103042489401625,,Blk 254,Bt Batok East Ave 4,1.349356,103.757988
60081,1658.1304347826087,1647.8,-0.006245880056823694,-0.0062264150943394546,0.010035587188611443,-0.582994935872345,-0.01610042506345291,,St. Andrew's Village,Jln Toa Payoh,1.32931226062177,103.8662910461625
40039,602.8695652173913,618.9,0.02619995172080447,0.026546187630498985,0.010035587188611443,0.5823822357623017,0.01634655318219436,,Opp Newton FC,Bt Timah Rd,1.31230305602353,103.8407255559936
46439,1333.8260869565217,1369.2,0.026155703163255772,0.026500765447379677,0.010035587188611443,0.5807929327295291,0.016301582308201945,,Blk 880,Woodlands St 82,1.44413536712492,103.79265007190847
59591,1002.4782608695651,1029.0,0.026086576530795824,0.026429809358752724,0.010035587188611443,0.5783100683673847,0.016231331230391454,,Bet Blks 405/406,Yishun Ave 6,1.42653688735925,103.84947950182573
78069,2038.2608695652173,2025.9,-0.006079891100433166,-0.0060614459629442854,0.010035587188611443,-0.5770330070228475,-0.01593709504470144,,Blk 442,Pasir Ris Dr 1,1.36869168470813,103.95815838787027
76319,316.0869565217391,324.45,0.026032792963312623,0.02637460578637014,0.010035587188611443,0.5763782904372159,0.016176676153795356,,Tampines East Stn Exit D,Tampines Ave 9,1.357643,103.955554
75561,1725.2608695652175,1714.85,-0.006049137698335372,-0.006030878500907168,0.010035587188611443,-0.5759284179033421,-0.015906831297141613,,Blk 648C,Tampines Nth Dr 2,1.366506,103.941333
10069,649.0,645.1,-0.006018072325562507,-0.0059999999999994945,0.010035587188611443,-0.5748126235385702,-0.015876259601154522,,Opp Blk 140,Jln Bt Merah,1.27855472196877,103.83008250001669
13051,1873.2608695652173,1922.5,0.025932064404777577,0.026271225758560314,0.010035587188611443,0.5727603599907742,0.016074323297003857,,Opp Valley Pt,River Valley Rd,1.29334305906356,103.8263656209055
46151,1638.0869565217392,1628.4,-0.005927504079672907,-0.005909971086766395,0.010035587188611443,-0.5715596273769027,-0.01578712520393621,,Blk 212,Marsiling Lane,1.44582725741537,103.77347243148317
10399,501.95652173913044,515.15,0.025893692442203076,0.02623184647302928,0.010035587188611443,0.5713821302840549,0.016035335279125557,,Melati Blk 2,Kg Bahru Rd,1.27588166292683,103.83019454205221
66039,814.4782608695652,809.75,-0.005815019092899831,-0.005798144593729959,0.010035587188611443,-0.5675194339666861,-0.015676409804939527,,Blk 307,Lor Chuan,1.35475138514216,103.86668854745251
77011,859.2608695652174,854.3,-0.005783395367282118,-0.005766703729909965,0.010035587188611443,-0.5663835848946235,-0.01564528133360763,,Opp Blk 515,Pasir Ris Dr 1,1.37376489998905,103.94266590001561
44311,686.0869565217391,682.15,-0.005746403695457758,-0.005729924697842741,0.010035587188611443,-0.5650549319514607,-0.015608867733400143,,Opp Blk 253,Bangkit Rd,1.37930410199585,103.77434920734999
66331,3237.913043478261,3322.15,0.025675335177323788,0.02600778575743419,0.010035587188611443,0.5635392562441802,0.015813500802759475,,Blk 554,Ang Mo Kio Ave 3,1.371636,103.870361
67071,580.304347826087,577.0,-0.005700585494461841,-0.005684367988033048,0.010035587188611443,-0.5634092510562393,-0.01556376366935771,,Bef Gerald Dr,Yio Chu Kang Rd,1.38224166699882,103.87700083300696
54391,2531.782608695652,2517.4,-0.005694764445966172,-0.005678580011673076,0.010035587188611443,-0.5632001728276914,-0.015558033201606486,,Aft Ang Mo Kio Int,Ang Mo Kio Ave 8,1.371548,103.848298
82089,349.39130434782606,358.5,0.025663634765740184,0.025995781114282614,0.010035587188611443,0.5631190052655117,0.01580161543623988,,Aft Ipoh Lane,Tg Katong Rd,1.310947,103.894254
64091,343.95652173913044,342.0,-0.005687937979185875,-0.005671792286362524,0.010035587188611443,-0.5629549823636835,-0.015551312918285137,,Hougang Pr Sch,Hougang St 93,1.37748777797023,103.88149277798507
47541,394.04347826086956,404.3,0.025631703244064497,0.025963020030817206,0.010035587188611443,0.5619721008905079,0.015769179862799743,,Blk 639,Woodlands Ave 6,1.43789201937501,103.80334162830194
96301,419.3478260869565,430.25,0.025605442451346327,0.025936077782375618,0.010035587188611443,0.5610288756234679,0.015742505309166852,,Expo Stn Exit B,Changi Sth Ave 1,1.33450022538919,103.9617438259165
56049,381.3478260869565,379.2,-0.005633303757276664,-0.005617466454400442,0.010035587188611443,-0.5609926509480679,-0.015497526860990566,,Meadows @ Peirce,Upp Thomson Rd,1.37945638898658,103.82768833298778
28501,1372.6521739130435,1408.2,0.025549154267189067,0.025878331328732584,0.010035587188611443,0.5590071378144571,0.01568533261706026,,Blk 490,Jurong West Ave 1,1.34980328426271,103.72737769835274
59801,1183.0,1176.45,-0.0055474532999610915,-0.005532094594594766,0.010035587188611443,-0.5579091065404024,-0.015413003245299654,,Blk 382C,Yishun Ave 6,1.431669,103.847891
01621,505.7391304347826,502.95,-0.005519278739821054,-0.005504075504075663,0.010035587188611443,-0.556897143295537,-0.015385262548957366,,Opp Shaw Twrs,Beach Rd,1.29695888888745,103.85655611109846
43701,486.17391304347825,498.75,0.02548680307463247,0.025814368585453648,0.010035587188611443,0.5567676311521634,0.015622005399593622,,Blk 225,Bt Batok Ctrl,1.34847060052694,103.75201666213025
43389,1870.1739130434783,1918.45,0.025472691776521117,0.025799893115225705,0.010035587188611443,0.5562607868587637,0.015607673755826269,,Opp Blk 102,Bt Batok Ave 1,1.34760499094973,103.74834299093746
17219,408.4347826086956,406.2,-0.005473164344600434,-0.005458213868535496,0.010035587188611443,-0.5552408238076543,-0.015339856588888352,,Blk 376,Clementi Ave 4,1.31820000002277,103.76615861100824
65009,15531.565217391304,15446.9,-0.005465729941278141,-0.005450820016292115,0.010035587188611443,-0.5549737977077871,-0.015332536201035526,,Punggol Int,Punggol Pl,1.40370629859822,103.90224337575333
78061,1743.304347826087,1733.8,-0.005463688650545251,-0.005448789850195532,0.010035587188611443,-0.5549004793956821,-0.015330526206415201,,Blk 104,Pasir Ris Dr 1,1.36824361151738,103.95848117561664
28519,2874.4347826086955,2948.5,0.025431772912131834,0.025757919407272876,0.010035587188611443,0.554791078491436,0.015566117093382653,,Blk 425,Jurong West Ave 1,1.35058416759245,103.72452492776075
59051,1771.608695652174,1762.0,-0.005435397486279747,-0.005420652440520566,0.010035587188611443,-0.5538843280077335,-0.015302668366521378,,Blk 790,Yishun Ave 2,1.41968270185637,103.83429674432547
59072,1783.0,1828.85,0.02537596212290083,0.02570067264573913,0.010035587188611443,0.5527864875736723,0.015509439128507094,,Yishun Stn Exit E,Yishun Ave 2,1.42939861,103.8354664
52559,1506.2173913043478,1498.1,-0.00540023555383673,-0.005385680493855449,0.010035587188611443,-0.5526213949548688,-0.015268043896741594,,Caldecott Stn Exit 1,Toa Payoh Lk,1.336478,103.83967
40221,1061.1739130434783,1088.45,0.02535531239765021,0.02567949242734322,0.010035587188611443,0.5520447985156591,0.015488469354110461,,Stevens Stn Exit 3,Stevens Rd,1.31902531287493,103.82545561296305
28211,828.6521739130435,849.95,0.02534682705804503,0.025670789225448763,0.010035587188611443,0.5517400252820057,0.01547985262614083,,Bef Jurong East Stn,Jurong Gateway Rd,1.33418677275445,103.74070680700304
75169,1357.4347826086957,1392.3,0.025341892318507142,0.02566572781974069,0.010035587188611443,0.5515627811649545,0.015474841509926436,,Opp Blk 853,Tampines St 83,1.35327639994383,103.93440612457627
67159,392.0,389.9,-0.005357839070351922,-0.005343511450381492,0.010035587188611443,-0.5510986140211143,-0.015226293839606149,,Kangkar Stn Exit A,Rivervale Dr,1.38436793782529,103.90225602044251
75021,331.1304347826087,339.65,0.025327789607467288,0.0256512632543528,0.010035587188611443,0.5510562452987562,0.015460520662650003,,Blk 879B,Tampines Street 86,1.35168445182114,103.92851745350569
65271,1088.5652173913043,1116.5,0.02531531396681519,0.02563846767757474,0.010035587188611443,0.5506081499342386,0.015447852221121447,,Bet Blks 622A/622B,Punggol Ctrl,1.400166,103.910274
57121,640.2608695652174,656.7,0.025312553376952707,0.025635636314326415,0.010035587188611443,0.5505089961067753,0.015445048989944015,,Opp Blk 115B,Sembawang Rd,1.43345083292583,103.82631132424072
46389,450.0869565217391,461.65,0.025310699525290303,0.025633734939759453,0.010035587188611443,0.550442410160643,0.015443166507196788,,Aft W'lands Ind Pk D St 1,Woodlands Ave 3,1.42930397640592,103.76660954719264
81171,1598.5652173913043,1639.55,0.025299698279674487,0.025622451753194178,0.010035587188611443,0.5500472715620062,0.015431995428961143,,Blk 39,Old Airport Rd,1.30751703730041,103.88500750064323
84281,472.47826086956525,484.6,0.02527923974743196,0.025601469237832786,0.010035587188611443,0.5493124497024836,0.015411221393246428,,Blk 180,Bedok Nth Rd,1.32657714220068,103.9403951168328
59711,958.2608695652174,953.2,-0.00528976729721542,-0.005275801114989044,0.010035587188611443,-0.5486536376990503,-0.01515925626563223,,Blk 672C,Yishun Ring Rd,1.418198,103.8427135
28241,425.2608695652174,436.15,0.025224856908046434,0.025545695634434873,0.010035587188611443,0.5473591473497215,0.015356001949391821,,Opp Jurong East Lib,Jurong Town Hall Rd,1.33175858461326,103.73957485927775
65239,688.9130434782609,685.3000000000001,-0.005250715790481308,-0.005236954877740591,0.010035587188611443,-0.5472510003810189,-0.015120795999735481,,Riviera Stn Exit A,Punggol East,1.39410461413829,103.91603484855351
03129,2521.4347826086955,2508.25,-0.00524071493151812,-0.005227006343077668,0.010035587188611443,-0.5468917932935781,-0.015110946312467913,,UIC Bldg,Shenton Way,1.27807003532092,103.84956718123823
54319,1958.0434782608695,2008.05,0.02520564070127662,0.0255259887256423,0.010035587188611443,0.5466689468688575,0.015336490845978693,,Opp Christ The King Ch,Ang Mo Kio Ave 8,1.36205969144532,103.85305482306448
52409,481.82608695652175,494.15,0.025204226567933752,0.025524538496173064,0.010035587188611443,0.5466181545597953,0.015335055025807974,,Opp Blk 102,Jln Rajah,1.32801971174787,103.85105250762084
63371,365.69565217391306,363.8,-0.005182960177179119,-0.005169551814085807,0.010035587188611443,-0.5448173797688661,-0.015054062644485696,,Blk 679,Hougang Ave 8,1.37115666339413,103.88514405987183
11149,2630.3478260869565,2697.35,0.025144278776855877,0.02546306240809032,0.010035587188611443,0.5444649723670599,0.015274189756442697,,Queenstown Stn Exit B/C,C'wealth Ave,1.29506407111991,103.80596280094791
67491,948.7826086956521,972.95,0.025126842166219632,0.025445181963836886,0.010035587188611443,0.5438386907501968,0.015256486970045632,,Opp Fernvale Pr Sch,Sengkang West Ave,1.39087538517899,103.87466488789592
51011,715.1304347826087,733.35,0.025123432346345176,0.025441685386436607,0.010035587188611443,0.5437162181235645,0.015253025134200812,,Opp Tan Tong Meng Twr,Thomson Rd,1.327841667,103.8406111
21699,1019.8260869565217,1014.5999999999999,-0.005132617837584341,-0.005119468461178004,0.010035587188611443,-0.5430092025665518,-0.015004476913504466,,Summerdale,Boon Lay Way,1.341617,103.712315
22051,430.6521739130435,428.45,-0.005114790743060205,-0.005101732473811947,0.010035587188611443,-0.5423688956964001,-0.014986917148689223,,Opp Buroh St,Jln Buroh,1.31386916701697,103.7020447220124
20261,592.8695652173913,589.85,-0.005097529988717042,-0.005084559631012055,0.010035587188611443,-0.5417489304196713,-0.014969914933106213,,Aft Pandan Gdns,Jurong Town Hall Rd,1.3215997308483,103.74546423225033
85079,503.3478260869565,516.15,0.025066806658506025,0.025383620689654877,0.010035587188611443,0.5416823579843598,0.015195537360979519,,Flextronic,Upp Changi Rd,1.33394889968504,103.9501523198666
52359,332.7391304347826,341.2,0.02503572025965184,0.025351745700885442,0.010035587188611443,0.5405658084127142,0.015163979078109352,,Blk 52,Lor 6 Toa Payoh,1.33862833298637,103.85268888900069
21439,619.0,634.7,0.025007275903225157,0.02532258064516059,0.010035587188611443,0.5395441547263892,0.015135103802728185,,Boon Lay CC,Boon Lay Pl,1.34842277796612,103.71165888901649
47049,1766.0,1757.15,-0.00502107348239722,-0.005008488964346147,0.010035587188611443,-0.5390027944075412,-0.014894600095064074,,W'lands Auto Hub,Admiralty Rd West,1.45246524141338,103.7925804884025
21441,1968.9565217391303,2018.75,0.024962269054516817,0.025276435145335806,0.010035587188611443,0.5379276156772014,0.01508941679881456,,Blk 207,Boon Lay Pl,1.34638242521451,103.71326229185901
44441,643.9565217391305,660.25,0.024949076805155457,0.025262909532155868,0.010035587188611443,0.5374537814308302,0.01507602557443445,,Blk 239,Choa Chu Kang Way,1.37924285981093,103.74754322627454
76199,4417.521739130435,4395.599999999999,-0.0049736770449335665,-0.004961328793813272,0.010035587188611443,-0.5373004270089948,-0.01484790850208353,,Blk 503,Tampines Ave 7,1.35660016333768,103.94535428432116
59169,2796.478260869565,2867.1,0.024931399372724705,0.02524478567654094,0.010035587188611443,0.5368188500674087,0.015058081795180724,,Bet Blks 201/202,Yishun Ctrl,1.4304570083984,103.83769416711105
61061,611.7391304347826,627.2,0.02491930384218488,0.025232384871922302,0.010035587188611443,0.5363844073548123,0.015045804203404817,,Blk 148,Potong Pasir Ave 1,1.33268166698419,103.8682283329788
84639,429.3913043478261,440.25,0.024916803256848752,0.02522982119405992,0.010035587188611443,0.5362945922720485,0.01504326599792483,,Aft Waterfront Waves,Bedok Reservoir Rd,1.33857139776249,103.92937717202952
17179,12367.91304347826,12679.95,0.024914555168333408,0.02522751638926401,0.010035587188611443,0.5362138462750418,0.015040984093380925,,Clementi Stn Exit B,C'wealth Ave West,1.31528191560846,103.76536000516927
84451,1175.0869565217392,1169.3,-0.004932663164757045,-0.004920517560073612,0.010035587188611443,-0.5358273059003897,-0.014807502763654792,,Bedok Nth Stn Exit A,Bedok Nth Rd,1.335644,103.918055
58021,651.6086956521739,648.4,-0.0049288490296124365,-0.004916722185209927,0.010035587188611443,-0.5356903112300875,-0.014803745099160761,,Opp The Nautical,Sembawang Rd,1.44324136994568,103.82367863032862
99131,816.2173913043478,812.2,-0.004928062539364397,-0.004915939561608176,0.010035587188611443,-0.5356620623694308,-0.014802970251609175,,Blk 4,Changi Village Rd,1.38894186746545,103.98734296938127
44371,422.17391304347825,420.1,-0.004912901329461761,-0.004900852768930376,0.010035587188611443,-0.5351175077395484,-0.01478803335941531,,Blk 219,Petir Rd,1.37402225721945,103.77263963002856
80141,665.2608695652174,662.0,-0.0049062997055271396,-0.00489428347689872,0.010035587188611443,-0.5348803930962298,-0.014781529339047137,,Opp S.A. Deaf,Mountbatten Rd,1.30711835522323,103.87989373246151
14191,577.3913043478261,591.95,0.02485944165604792,0.02517101405697936,0.010035587188611443,0.5342342998881189,0.014985043161198608,,Blk 105 CP,Depot Rd,1.28121833300943,103.81211444400743
58141,516.5652173913044,514.05,-0.004871557814021266,-0.00485971102150563,0.010035587188611443,-0.5336325469156221,-0.014747300391244098,,Sembawang Camp,Admiralty Rd West,1.463365158306,103.81653183057891
52131,930.8695652173913,954.3,0.024832573867979768,0.025143470349460975,0.010035587188611443,0.5332692727906002,0.01495777312451103,,Blk 163,Lor 1 Toa Payoh,1.33220703637711,103.84419754508008
07031,4444.086956521739,4555.85,0.02483216380106157,0.025143049972123566,0.010035587188611443,0.5332545441614011,0.01495735692399024,,Tekka Ctr,S'goon Rd,1.30572083298412,103.85120583303191
64071,1499.0869565217392,1536.8,0.02482974617354028,0.025140571561068633,0.010035587188611443,0.5331677087262013,0.014954903138117375,,Opp Punggol Pk,Hougang Ave 8,1.37514056376267,103.89724811886428
47111,720.3913043478261,716.9,-0.004851430957721448,-0.004839681774348987,0.010035587188611443,-0.5329096380677513,-0.014727470152180549,,Bef Senoko Way,Senoko Ave,1.46619184828781,103.81100178837575
67609,3627.086956521739,3609.55,-0.004845384825278742,-0.004833664885073833,0.010035587188611443,-0.532692475358726,-0.01472151304596422,,Buangkok Stn Exit A,Sengkang Ctrl,1.38393305306468,103.89303978530081
25421,2908.6521739130435,2981.75,0.024812147599329926,0.025122530707391087,0.010035587188611443,0.5325356097626541,0.014937041536104163,,Opp Tuas Lk Stn,Tuas West Dr,1.3412625,103.6374186
72171,428.9130434782609,426.85,-0.004810296904258493,-0.004798745954692557,0.010035587188611443,-0.5314322006202828,-0.014686941065705119,,Opp HomeTeamNS,Bedok Nth Rd,1.342458,103.918549
66059,790.7826086956521,810.6,0.024720737784989844,0.02502882872988872,0.010035587188611443,0.5292523864621886,0.01484427056972348,,Blk 257A,Boundary Rd,1.35553141738293,103.87212299732872
01113,3478.521739130435,3462.1,-0.004730711357614936,-0.0047195391670530685,0.010035587188611443,-0.5285736769157244,-0.014608521266794907,,Bugis Stn Exit A,Victoria St,1.30117297541547,103.8561140106393
54419,725.1739130434783,721.75,-0.004726154887569223,-0.004715004191114466,0.010035587188611443,-0.5284100193398945,-0.01460403134980968,,Opp Blk 527,Ang Mo Kio St 52,1.37206167776818,103.8548909469337
58101,510.6521739130435,508.25,-0.0047059912452080965,-0.00469493541808248,0.010035587188611443,-0.5276857892241216,-0.014584161977594937,,Blk 311,Canberra Rd,1.44667277800811,103.82282277802054
94039,631.304347826087,647.1,0.024674164185110037,0.02498109055903205,0.010035587188611443,0.5275795734342238,0.01479700671935802,,Bef Bayshore Stn Exit 3,Upp East Coast Rd,1.31485363967239,103.94066333773824
47759,1024.3478260869565,1019.5500000000001,-0.00469019989266517,-0.004679218080821226,0.010035587188611443,-0.5271186013681008,-0.01456860080582969,,Blk 694C,Woodlands Dr 62,1.439225,103.805645
67631,693.695652173913,690.45,-0.004682997202170469,-0.004672049067468057,0.010035587188611443,-0.5268598978423474,-0.014561503022895998,,Blk 441D,Fernvale Rd,1.392329,103.87567
53049,1467.4347826086955,1460.6,-0.004665333699135132,-0.004654467933913859,0.010035587188611443,-0.5262254667897068,-0.014544096573284518,,Bef Jln Todak,Upp Thomson Rd,1.35362664583092,103.83422172361446
76061,2324.173913043478,2382.15,0.024628304451288052,0.02493408627685662,0.010035587188611443,0.5259324007785906,0.01475046946584771,,Blk 938,Tampines Ave 5,1.3482019444416,103.94189805552267
08111,1209.3478260869565,1239.5,0.02460674627365922,0.02491199080393673,0.010035587188611443,0.5251580822700416,0.01472859353078152,,Winsland Hse,Penang Rd,1.29986928715834,103.84093746088925
76201,786.5217391304348,782.9,-0.004609514369090739,-0.004598906862474785,0.010035587188611443,-0.5242205691062229,-0.01448908754969781,,Blk 423,Tampines Ave 7,1.35687499368341,103.9479674220669
28581,465.39130434782606,463.25,-0.004601790435463826,-0.0045912184208067655,0.010035587188611443,-0.5239431437658675,-0.014481475499423998,,Blk 491,Jurong West St 41,1.34925114010527,103.72570564902432
28331,1133.0869565217392,1161.3,0.024572917065719402,0.024877319429535694,0.010035587188611443,0.523943017514182,0.014694266646817404,,Blk 229,Jurong East Ave 1,1.34204392869092,103.73804926872124
27431,866.1739130434783,862.2,-0.0045931344664325024,-0.004582602155928901,0.010035587188611443,-0.5236322419287187,-0.014472944844675638,,Blk 762,Jurong West Ave 5,1.349874,103.697454
84599,693.7826086956521,690.6,-0.004591249581980428,-0.004580725907384124,0.010035587188611443,-0.5235645413585293,-0.01447108723830159,,Opp SBST Bedok Nth Depot,Bedok Nth Ave 4,1.33772607555094,103.94646797815965
45329,1686.1739130434783,1678.45,-0.004588529515008766,-0.00457801829661127,0.010035587188611443,-0.5234668430170037,-0.014468406530010518,,Opp Yew Tee Stn,Choa Chu Kang Dr,1.3974585,103.7478685
54101,919.2608695652174,915.05,-0.004586235387266768,-0.004575734668808585,0.010035587188611443,-0.5233844434003855,-0.014466145592047883,,Aft Ang Mo Kio Ave 10,Ang Mo Kio Ave 1,1.35732097800984,103.85465761724518
17069,2194.0434782608695,2184.0,-0.004586025647130398,-0.0045755258883655335,0.010035587188611443,-0.5233769100331235,-0.014465938886021186,,Opp Blk 701,West Coast Rd,1.3077663717505,103.76214066046377
58339,504.65217391304344,502.35,-0.0045632764081284805,-0.004552880481513699,0.010035587188611443,-0.5225598114305481,-0.014443518481097765,,Opp Blk 589D,Canberra Link,1.44936138505812,103.82430573345592
63059,4250.217391304348,4230.9,-0.004554322144358025,-0.004543966945528974,0.010035587188611443,-0.5222381955552516,-0.014434693508891056,,Blk 22,Upp S'goon Rd,1.36437667280221,103.88984149586426
53029,381.2608695652174,390.75,0.024520601081822413,0.024823703366696797,0.010035587188611443,0.5220639516987944,0.014641183306468842,,Shunfu Est,Upp Thomson Rd,1.34939240848355,103.83729222566143
62041,709.9130434782609,706.7,-0.004529845523697951,-0.004519601247630362,0.010035587188611443,-0.5213590535085472,-0.014410569905517404,,Opp Bethany Presby Ch,Upp Paya Lebar Rd,1.3483829232168,103.88018488884609
46411,552.8260869565217,550.35,-0.00448089879747382,-0.00447087454859467,0.010035587188611443,-0.5196010034219045,-0.014362327348865198,,Blk 869,Woodlands Ave 4,1.44270591766599,103.79441916127091
04149,489.7826086956522,487.6,-0.004457118779860103,-0.004447200566973733,0.010035587188611443,-0.5187468817011847,-0.014338888588962855,,Grand Pk City Hall,Hill St,1.29276132399953,103.84983741344308
42189,1304.0869565217392,1336.35,0.024420372061340068,0.024720991438185246,0.010035587188611443,0.5184639634720798,0.014539491910824607,,The Hillford,Jln Jurong Kechil,1.34378853697493,103.76960174742553
96351,306.30434782608694,313.9,0.024416510596541485,0.024717034521788188,0.010035587188611443,0.5183252688330833,0.014535574309853666,,Bef Changi Sth St 1,Changi Sth Ave 4,1.33529647913206,103.97039204168856
46519,790.9565217391305,787.45,-0.004437500661918392,-0.004427669503156525,0.010035587188611443,-0.5180422455261469,-0.014319551583351424,,Opp Blk 144,Woodlands Ctr Rd,1.43554811627266,103.77213801008084
67251,612.1739130434783,627.3,0.02436915564581099,0.024668510246047118,0.010035587188611443,0.5166243915394011,0.014487532165243565,,Compassvale Stn Exit A,Compassvale St,1.39442862205324,103.9003121852631
14169,2202.5652173913045,2192.9,-0.004395820081386503,-0.00438617260565855,0.010035587188611443,-0.5165451781251553,-0.014278466993833666,,Opp Telok Blangah Stn,Telok Blangah Rd,1.27118550385957,103.80941810434497
59641,631.304347826087,646.9,0.024365522207350665,0.02466478718283667,0.010035587188611443,0.5164938870645821,0.014483846093923234,,Bet Blks 333C/333D,Yishun St 31,1.43152,103.8457231
71121,913.0434782608696,909.05,-0.0043785964795590715,-0.004369024401845132,0.010035587188611443,-0.5159265472785005,-0.014261489172427241,,Ubi Stn Exit B,Ubi Ave 2,1.330081111,103.8994169
74961,507.5217391304348,520.05,0.02433804037802645,0.02463662790697676,0.010035587188611443,0.5155068050643825,0.014455966605104136,,Blk 966,Tampines St 96,1.338423,103.939921
43691,792.5217391304348,812.05,0.024311672170860277,0.02460961043230481,0.010035587188611443,0.5145597217256351,0.014429217572679297,,Blk 190,Bt Batok Ave 1,1.34490189049397,103.74605567060456
98091,547.8695652173913,545.5,-0.004326519539912255,-0.00431717363751556,0.010035587188611443,-0.514056067364503,-0.01421015359080294,,Blk 156,Pasir Ris Dr 1,1.36432808773556,103.9631266198707
96309,1919.5652173913043,1966.8,0.024296640674351444,0.024594209132275262,0.010035587188611443,0.5140198260926011,0.014413969298039377,,Expo Stn Exit E,Changi Sth Ave 1,1.33427655612286,103.96175810276951
67579,621.7826086956521,619.1,-0.004316759833341344,-0.004307456017872087,0.010035587188611443,-0.5137055218979067,-0.014200532524212085,,Bef Jln Kayu,Sengkang West Way,1.3947623,103.874852
28091,12813.521739130434,12758.4,-0.004310783856510625,-0.00430150576451946,0.010035587188611443,-0.513490879011743,-0.014194641391832099,,Lakeside Stn,Boon Lay Way,1.34425795644531,103.72012487725401
65319,708.3913043478261,705.35,-0.004296419150626285,-0.004287202745771204,0.010035587188611443,-0.5129749329133476,-0.014180480486088106,,Oasis Stn Exit A,Punggol Dr,1.40257805553795,103.91244500001986
46659,812.8695652173913,832.85,0.02425341619540866,0.024549922538597085,0.010035587188611443,0.5124673055296839,0.014370122730413536,,Opp Blk 550,Woodlands Ave 4,1.43269272771322,103.79414300304941
84381,362.0,360.45,-0.004279114818544372,-0.004269972451790371,0.010035587188611443,-0.5123534024278031,-0.0141634213901519,,Blk 544,Bedok Nth St 3,1.33078667404046,103.92426011381585
78259,481.5652173913044,493.40000000000003,0.024228828920651146,0.024524731957833976,0.010035587188611443,0.511584189050763,0.014345182440108292,,Opp Lighthouse,Jln Loyang Besar,1.37802115263457,103.95936584739643
63339,448.47826086956525,459.5,0.024225365868526083,0.02452118398142721,0.010035587188611443,0.5114598044481925,0.014341669715951069,,Opp Blk 615,Hougang Ave 2,1.36811854812783,103.88451259380585
43409,1402.6521739130435,1437.05,0.024210493676001477,0.024505947218435815,0.010035587188611443,0.5109256306356943,0.014326584343529881,,Opp Blk 122,Bt Batok West Ave 3,1.35235542005389,103.74623591627208
43199,900.6086956521739,896.8,-0.004233281020859181,-0.004224333317259217,0.010035587188611443,-0.5107071613365677,-0.01411823572034972,,Ch of St. Mary,Bt Batok East Ave 6,1.34663409083885,103.75920055445125
43699,1477.4782608695652,1513.7,0.024204042852391083,0.02449933833259891,0.010035587188611443,0.510693932381653,0.014320041122755554,,Blk 298,Bt Batok Ave 1,1.34475341160997,103.74628307427523
67561,908.9565217391304,905.15,-0.00419196480796824,-0.004183190787902037,0.010035587188611443,-0.5092231811553385,-0.014077501978015258,,Opp Blk 432A,Sengkang West Way,1.39545828505824,103.87697696683591
96281,3104.782608695652,3091.8,-0.004188902043878784,-0.004180140831268458,0.010035587188611443,-0.5091131739477434,-0.014074482325369089,,Opp Changi General Hosp,Simei Ave,1.339714,103.94825
54089,365.0,373.95,0.024159350346032227,0.024453551912568396,0.010035587188611443,0.5090886837626405,0.0142747096308643,,Opp Ang Mo Kio Swim Cplx,Ang Mo Kio Ave 1,1.36297001065247,103.8484911674186
54571,724.2173913043479,741.9499999999999,0.024157287718767684,0.024451438848920194,0.010035587188611443,0.5090145990930237,0.014272617562352062,,Blk 532,Ang Mo Kio Ave 10,1.37425472964633,103.85491933752174
11419,1396.304347826087,1430.45,0.024143001858823787,0.02443680378368297,0.010035587188611443,0.508501484953436,0.01425812790929146,,Holland V Stn Exit A,Holland Ave,1.31102981378085,103.79604399202725
44299,1414.7391304347825,1408.95,-0.004097505611759367,-0.004089122289785161,0.010035587188611443,-0.5058304313048421,-0.013984368132723022,,CCK Polyclinic,Teck Whye Ave,1.38177250001353,103.75131333302434
52229,318.30434782608694,317.0,-0.004093333590999393,-0.004084967320260966,0.010035587188611443,-0.5056805822337324,-0.013980254446456026,,Jackson Sq,Lor 3 Toa Payoh,1.33775023417492,103.8488028810671
58219,5465.173913043478,5443.05,-0.0040556350712215306,-0.004047422090009063,0.010035587188611443,-0.5043265409918668,-0.013943082260913132,,Opp Sembawang Stn,Sembawang Way,1.44953463697186,103.8199297231716
58371,715.3478260869565,712.45,-0.004053482250236939,-0.004045277980091739,0.010035587188611443,-0.5042492167781665,-0.013940959454603611,,Bet Blks 325/326,Sembawang Cres,1.44449009584233,103.8190895319006
67231,455.4347826086957,453.6,-0.004027914464652227,-0.004019813297770671,0.010035587188611443,-0.5033308826804653,-0.013915747786179185,,Rivervale Pr Sch,Rivervale Dr,1.39322205615326,103.90395664347085
43359,604.7826086956521,602.35,-0.004023730664831859,-0.004015646307327535,0.010035587188611443,-0.5031806105334986,-0.013911622198431594,,Blk 169,Bt Batok West Ave 8,1.34689882191148,103.74106453897556
55169,840.5652173913044,861.0,0.023991758679633435,0.024281876420747903,0.010035587188611443,0.5030691893784026,0.014104739885245396,,Opp Yio Chu Kang CC,Ang Mo Kio St 61,1.38123639226093,103.84100233602071
54621,632.3913043478261,629.85,-0.004020289104543551,-0.004012218561229695,0.010035587188611443,-0.50305699786663,-0.013908228509990002,,Blk 223,Ang Mo Kio Ave 1,1.36595331171712,103.83773071305599
43781,1390.0,1423.75,0.023973446791665687,0.024263120057512227,0.010035587188611443,0.5024114698798425,0.014086169882887474,,Opp Blk 437A,Bt Batok Rd,1.3591085,103.738945
67279,982.8695652173913,978.95,-0.003991782637720931,-0.003983826063899408,0.010035587188611443,-0.5020331133224851,-0.013880118116959874,,Blk 301D,Sengkang East Rd,1.3882215,103.891787
70061,463.04347826086956,461.2,-0.003980553144534937,-0.003972641244261242,0.010035587188611443,-0.5016297766135459,-0.013869044428289857,,Bef Bidadari Pk Dr,Upp Aljunied Rd,1.337594,103.874302
42169,605.695652173913,620.4,0.023947728388915124,0.024236777984807507,0.010035587188611443,0.5014877259714778,0.014060089541720446,,Opp Blk 19,Jln Jurong Kechil,1.34038575681297,103.77366130505683
59041,2393.3478260869565,2384.0,-0.0039117630049352314,-0.0039041220265110515,0.010035587188611443,-0.49915899827528387,-0.013801206008912069,,Bef Khatib Stn,Yishun Ave 2,1.41625420109094,103.832591612732
63249,2695.478260869565,2685.0,-0.003893475681094216,-0.0038859059320525483,0.010035587188611443,-0.4985021610617807,-0.013783170907288369,,Blk 1,Hougang Ave 3,1.36395805601148,103.89261277802149
84629,602.7391304347826,617.3,0.023831575180453868,0.024117816505833035,0.010035587188611443,0.4973157787555583,0.013942310049113064,,Blk 716,Bedok Reservoir Rd,1.33815749250804,103.92537872720727
44091,1682.0434782608695,1722.6,0.023811378099138913,0.02409713252389571,0.010035587188611443,0.49659034759202975,0.013921831580631674,,Choa Chu Kang Mkt,Choa Chu Kang Ave 1,1.37647222708666,103.74421611501322
51091,888.304347826087,884.9,-0.003835448018822518,-0.0038281020827229915,0.010035587188611443,-0.49641794533267775,-0.013725941389771611,,Opp Catholic JC,PIE,1.32648060854916,103.83401870730577
14291,966.304347826087,989.6,0.02379764016948549,0.02408306364616967,0.010035587188611443,0.4960969138063482,0.013907902489514004,,Blk 27,Telok Blangah Way,1.27468440821038,103.82132649422054
17061,591.2608695652174,589.0,-0.003824658972349404,-0.0038173542798419836,0.010035587188611443,-0.49603042842296663,-0.013715300375714943,,Blk 701,West Coast Rd,1.30775834752765,103.76180505768346
82011,2444.173913043478,2434.85,-0.0038204788792732813,-0.0038131901349588047,0.010035587188611443,-0.4958802894134443,-0.013711177605254183,,Aft Paya Lebar Quarter,Sims Ave,1.31736957951855,103.89480000904068
70039,1201.913043478261,1197.35,-0.0038005407055070606,-0.003793327791231326,0.010035587188611443,-0.495164157593786,-0.013691512611288212,,Aljunied Pk,Aljunied Rd,1.32930256265165,103.87975573742911
45269,759.1739130434783,756.3,-0.0037877639342784875,-0.003780599405170471,0.010035587188611443,-0.4947052463345825,-0.013678910692878304,,Blk 544,Choa Chu Kang St 52,1.39436168074215,103.74373102471621
84079,447.9130434782609,458.7,0.023744900912098466,0.024029055690072607,0.010035587188611443,0.4942026450130858,0.013854431149709641,,Opp Blk 71,Bedok Sth Rd,1.32099303797206,103.94325305782594
53231,4110.652173913043,4209.45,0.023744593824254423,0.02402874122324595,0.010035587188611443,0.4941916151475059,0.013854119807386012,,Bishan Stn,Bishan Rd,1.35089997844732,103.84797987894204
22141,562.6086956521739,576.15,0.023741989390027918,0.024026074211216407,0.010035587188611443,0.49409807005939127,0.013851479294454223,,Aft Jln Buroh,Pioneer Rd,1.3173330063793,103.6959517251446
84559,804.304347826087,823.65,0.023738776093097158,0.0240227837166618,0.010035587188611443,0.49398265606987,0.013848221493841704,,Opp Blks 50/51,Chai Chee St,1.32833305090006,103.92287121813423
44501,420.4347826086956,430.55,0.023718340102208302,0.024001857010213505,0.010035587188611443,0.49324864384220296,0.013827502712529706,,Blk 426,Choa Chu Kang Ave 4,1.38087128691259,103.73879787160988
63149,557.2608695652174,570.65,0.023700554673175667,0.023983644859812296,0.010035587188611443,0.49260983349749016,0.013809471515775643,,S'goon Stadium,Boundary Rd,1.35489972198729,103.87452555599006
10131,1605.6521739130435,1599.7,-0.0037115853971272372,-0.003704705977863028,0.010035587188611443,-0.49196909431440833,-0.013603771333166544,,Opp Blk 2,Jln Bt Merah,1.28619141382394,103.80686549059318
21601,1958.3478260869565,1951.1,-0.0037059598923123716,-0.0036991012981249165,0.010035587188611443,-0.49176703955017553,-0.013598222340824886,,Blk 357,Corporation Dr,1.33727029608815,103.72109770581518
77071,940.7826086956521,937.3000000000001,-0.0037047443158240156,-0.003697890217441046,0.010035587188611443,-0.49172337893146756,-0.013597023293287127,,Blk 633,Elias Rd,1.37810945408117,103.94127900809487
42051,4765.434782608696,4879.6,0.023669562717616444,0.02395191009596116,0.010035587188611443,0.49149667610456,0.013778052064566537,,King Albert Pk Stn,Bt Timah Rd,1.33598305556873,103.78263611110306
83099,734.2608695652174,731.55,-0.0036937628732136574,-0.003686949322926597,0.010035587188611443,-0.491328951609726,-0.01358619110613132,,Aft Perpetual Succour Ch,Changi Rd,1.32076378388187,103.91810427638708
47611,1076.8695652173913,1072.8999999999999,-0.0036895862686350256,-0.0036827881085875216,0.010035587188611443,-0.4911789378987433,-0.013582071237097145,,Northoaks Condo,Woodlands Ave 7,1.44388706173517,103.80622284389754
47591,790.695652173913,809.65,0.023659354593384307,0.023941457521005852,0.010035587188611443,0.49113002454121363,0.013767703345087846,,Bef Admiralty Stn/Blk 680,Woodlands Ave 6,1.43973872693624,103.8025081158021
84119,1069.2608695652175,1094.85,0.02362789575500024,0.02390924601884983,0.010035587188611443,0.4900000978267376,0.013735811892385983,,Blk 18,Bedok Sth Rd,1.31964,103.935232
98019,1685.7826086956522,1726.1,0.023620768765589162,0.0239019486544997,0.010035587188611443,0.4897441133040083,0.013728587033734772,,Opp Blk 149A,Loyang Ave,1.3622609999684,103.96338699998489
75351,2802.0,2791.8,-0.0036455953739622515,-0.0036389582590084547,0.010035587188611443,-0.4895988895041516,-0.0135386768754182,,Tampines Wafer Fab Pk,Tampines Ave 10,1.37333,103.9305775
66109,996.1739130434783,992.55,-0.0036408032502981413,-0.0036341835622418703,0.010035587188611443,-0.4894267678103673,-0.013533949619441137,,Blk 151,Ang Mo Kio Ave 3,1.369659,103.875269
46529,5092.260869565217,5073.8,-0.003631152505146673,-0.0036245678432704435,0.010035587188611443,-0.48908013597901634,-0.013524429441050005,,Opp Marsiling Stn,Woodlands Ave 3,1.43208152770031,103.77459689006626
07319,1538.4347826086957,1575.15,0.023569839795981373,0.02384980371113071,0.010035587188611443,0.48791486574572207,0.013676960195997168,,Aft Allenby Rd,Jln Besar,1.31038833299803,103.85870666696984
01121,1550.4347826086957,1544.9,-0.0035739039454112387,-0.0035675251520333206,0.010035587188611443,-0.4870239037615196,-0.013467953518854136,,Aft Victoria Ln,Victoria St,1.30393809691048,103.85867999243207
76329,329.4782608695652,328.3,-0.003571691254571796,-0.0035653203525848327,0.010035587188611443,-0.4869444291649106,-0.013465770626017039,,Blk 125,Tampines St 11,1.34644501660314,103.94989623103628
45379,419.69565217391306,418.2,-0.003561522793935623,-0.0035551880942536725,0.010035587188611443,-0.48657920222367274,-0.013455739040536605,,Yew Mei Green Condo,Choa Chu Kang Nth 6,1.39469439744859,103.75187309514442
83311,560.4782608695652,558.5,-0.0035295295052826248,-0.0035233080377883837,0.010035587188611443,-0.48543007932562976,-0.013424175740322576,,Aft Lor Nangka,Still Rd,1.31241970275404,103.90692990251455
46481,616.5217391304348,614.35,-0.003523061333632782,-0.0035168626346547406,0.010035587188611443,-0.48519775797123815,-0.013417794377907829,,Aft W'lands Ind Pk E6,Woodlands Ave 9,1.44964404178885,103.8011125258027
46241,731.0434782608695,728.5,-0.0034805407658096144,-0.003474490704994884,0.010035587188611443,-0.4836705202229296,-0.013375843450438237,,Opp Blk 15,Marsiling Lane,1.44211845227565,103.77894354468205
44391,555.4782608695652,553.55,-0.003471131875891764,-0.003465114462067648,0.010035587188611443,-0.48333257525681395,-0.013366560368687292,,Aft Blk 202,Choa Chu Kang Dr,1.38288970873929,103.74831030292964
46191,791.4347826086956,788.7,-0.0034570826233863983,-0.003451113793481086,0.010035587188611443,-0.48282795949413304,-0.013352698808991625,,Opp Blk 120,Marsiling Rise,1.43978268235949,103.78053807087814
84709,526.2173913043479,524.4,-0.003453093451086353,-0.0034471383803392915,0.010035587188611443,-0.4826846779051742,-0.013348762895057284,,Opp Blk 150,Kaki Bt Ave 1,1.33644333039135,103.91242511468805
72061,1430.1739130434783,1425.25,-0.0034464035208285893,-0.0034404714888963865,0.010035587188611443,-0.48244439150858376,-0.013342162245013398,,Blk 122,Bedok Reservoir Rd,1.33177922756641,103.9098393917043
75161,439.17391304347825,449.6,0.023410122262278676,0.023686290003950592,0.010035587188611443,0.4821781914954644,0.013515071140547898,,Blk 855,Tampines St 83,1.35324997143303,103.93456070784656
45009,16170.260869565218,16553.2,0.023404199658894953,0.02368022713401955,0.010035587188611443,0.48196546565667747,0.01350906851053372,,Bt Panjang Int,Petir Rd,1.37812611932206,103.763286611367
46901,352.39130434782606,360.75,0.023377411622480082,0.023652805118110524,0.010035587188611443,0.48100330304901906,0.013481918956342905,,Blk 15,Woodlands Loop,1.4479841829065,103.80951476110357
22359,710.695652173913,708.3,-0.003371797007163835,-0.0033661188832549253,0.010035587188611443,-0.47976470283621314,-0.01326854839755638,,Blk 717,Jurong West Ave 4,1.3425266670299,103.69727527800597
53359,556.304347826087,554.45,-0.003332900107291259,-0.0033273521610237417,0.010035587188611443,-0.478367618629233,-0.013230166856625638,,Opp Ai Tong Sch,Sin Ming Ave,1.36125666702141,103.83196166697407
63331,860.9130434782609,858.05,-0.003327260431798429,-0.003321731234867265,0.010035587188611443,-0.4781650548879236,-0.013224601779287998,,Blk 615,Hougang Ave 2,1.36836866548657,103.88492703491212
21379,1695.9565217391305,1735.9,0.02326554981445561,0.02353830386881847,0.010035587188611443,0.47698549273850077,0.013368555377134014,,Blk 263,Jln Boon Lay,1.34534855216089,103.70648912988919
46869,626.6086956521739,624.5500000000001,-0.0032856134044765284,-0.003280221683408147,0.010035587188611443,-0.4766691926384974,-0.013183504661537268,,Blk 628A,Woodlands Ring Rd,1.43507671767646,103.80054550817393
22249,825.5652173913044,845.0,0.023240537543745887,0.023512703171847445,0.010035587188611443,0.47608711141495724,0.013343209045484175,,Blk 622,Jurong West St 62,1.34016007378301,103.69865436006683
43279,1530.1304347826087,1566.1,0.0232204686920765,0.023492162653338755,0.010035587188611443,0.47536628595556646,0.013322872614996751,,Aft Hillview Stn,Hillview Rd,1.36203855984679,103.76591020179649
05411,1084.8695652173913,1081.35,-0.0032465054417398775,-0.0032412412412409874,0.010035587188611443,-0.4752645275550195,-0.013144911524165087,,Tg Pagar Plaza,Tg Pagar Rd,1.2753515,103.843144
44209,529.695652173913,542.15,0.02319682770446896,0.023467966573815783,0.010035587188611443,0.47451715786227083,0.013298916944691788,,Opp Petir Stn,Petir Rd,1.37719530827914,103.76698269593902
11039,370.0869565217391,368.9,-0.0032037204609833836,-0.0031985940246049608,0.010035587188611443,-0.47372779272250937,-0.01310268804493627,,Blk 19,Queensway,1.29245762862665,103.79998683928974
63389,1436.2173913043478,1469.9,0.023165581335081953,0.02343598741529536,0.010035587188611443,0.4733948625292479,0.013267255527088231,,Opp Xinmin Pr Sch,Hougang Ave 8,1.37063835467565,103.882445169636
59401,592.7391304347826,590.85,-0.0031868241452235324,-0.0031817516110127686,0.010035587188611443,-0.47312091721362387,-0.013086012975457705,,Blk 358,Yishun Ring Rd,1.42705456686774,103.84615134332738
19081,1677.4782608695652,1716.8,0.023156816518357992,0.023427017225748047,0.010035587188611443,0.4730800511416505,0.013258374464221649,,Opp ACS Boarding Sch,Dover Rd,1.30256972202724,103.78282472199413
56091,2943.478260869565,2934.15,-0.0031730811141246207,-0.0031680522126897826,0.010035587188611443,-0.4726273001961437,-0.01307244969264198,,Springleaf Stn Exit 3,Upp Thomson Rd,1.3962,103.818459
28401,4484.173913043478,4470.05,-0.0031539909874798155,-0.0031490223829225834,0.010035587188611443,-0.4719416282137472,-0.013053608940881768,,Blk 502,Jurong West Ave 1,1.3506545513673,103.71861401513462
76191,5678.304347826087,5660.45,-0.003148708107007181,-0.0031437561244483086,0.010035587188611443,-0.47175187970165855,-0.013048395007292624,,Blk 401,Tampines Ave 7,1.3569438864901,103.94477445426702
01411,446.7826086956522,457.25,0.023107020523163158,0.023376055927760812,0.010035587188611443,0.47129149733182335,0.013207919511313422,,Opp St. John HQ,Beach Rd,1.30211332865049,103.86295598167331
52099,1261.6521739130435,1291.15,0.02309308899636875,0.023361798836128655,0.010035587188611443,0.47079110999691104,0.013193804076359453,,Opp NKF,Kim Keat Rd,1.32652328466497,103.85488905075222
54349,558.7391304347826,557.0,-0.0031118743021005812,-0.003107037439801189,0.010035587188611443,-0.47042889696301926,-0.013012041154900823,,Blk 504,Ang Mo Kio Ave 8,1.37477333299627,103.84810527802902
14471,559.5652173913044,572.65,0.023073862763464348,0.023342123632979394,0.010035587188611443,0.4701005494011192,0.013174324363566333,,Blk 114,Depot Rd,1.28201169102423,103.80664978771298
76541,955.608695652174,952.65,-0.0030976935477955436,-0.003092900645395735,0.010035587188611443,-0.4699195579682013,-0.012998044821915366,,Citylife @ Tampines,Tampines Ave 9,1.360247,103.940633
70051,1388.4782608695652,1420.9,0.023065680632144314,0.023333750547593395,0.010035587188611443,0.4698066666885096,0.013166034472108842,,Aft Joo Seng Rd,Upp Aljunied Rd,1.33627202154131,103.87777948299751
64491,2019.608695652174,2013.3999999999999,-0.003077416194325444,-0.0030726858028142083,0.010035587188611443,-0.4691912436196225,-0.012978030831479847,,Hougang 1,Hougang Ave 9,1.37513027801163,103.87905166700338
54519,390.34782608695656,389.15,-0.0030654647651653377,-0.0030607710254416383,0.010035587188611443,-0.4687619766861361,-0.01296623443784412,,Extra Space,Ang Mo Kio Ind Pk 2,1.372117,103.864539
44959,391.2608695652174,400.4,0.02303133432304616,0.023298603413877128,0.010035587188611443,0.46857302888790636,0.013131236555914525,,Blk 643A,Senja Close,1.388611,103.762426
14049,786.3478260869565,783.95,-0.0030500938258661847,-0.0030454470152962133,0.010035587188611443,-0.46820988907474176,-0.012951062685145703,,Opp Blk 55,Henderson Rd,1.27324166755337,103.81304231999674
75521,317.82608695652175,325.25,0.023018186472253177,0.023285149324969147,0.010035587188611443,0.46810078933260035,0.013117916145150156,,Blk 660 CP,Tampines Nth Dr 1,1.367719,103.933654
54651,508.39130434782606,506.84999999999997,-0.0030303636329644945,-0.0030257767156028404,0.010035587188611443,-0.4675012274334818,-0.012931587827088352,,Opp Techplace 2,Ang Mo Kio Ave 5,1.37854275740549,103.86551861831312
66349,640.7826086956521,638.85,-0.003015856724242205,-0.003011313596639859,0.010035587188611443,-0.466980173747085,-0.012917268411865331,,Opp Daikin S'pore,Ang Mo Kio Ave 3,1.37082760014108,103.86541771672718
10461,484.2173913043478,495.5,0.02298646347907507,0.02325268817204304,0.010035587188611443,0.46696137480567246,0.013085777522177017,,Opp Blk 95,Kay Siang Rd,1.29680597432594,103.81169140516062
95019,636.9130434782609,635.0,-0.0030034152269742265,-0.0029989094874590806,0.010035587188611443,-0.46653330473178506,-0.012904987548361002,,Aft Changi Airport Ter 2,Airport Blvd,1.3479795,103.984849
03218,420.65217391304344,430.45,0.0229708872181682,0.023236749845328506,0.010035587188611443,0.46640191253006497,0.013069997556682042,,Prince Edward Rd Stn Exit 2,Shenton Way,1.2740788888387,103.84687388890413
10289,407.4782608695652,416.95,0.022923112226749254,0.023187865886109757,0.010035587188611443,0.46468594837305816,0.013021599302364276,,Opp SIS Bldg,Alexandra Rd,1.2918699745378,103.81440639448375
10391,1099.4347826086955,1096.2,-0.0029438785465725203,-0.0029395495851448506,0.010035587188611443,-0.4643948886575546,-0.012846217438607288,,Opp Melati Blk 2,Kg Bahru Rd,1.27627105343758,103.8312563936613
11519,2591.217391304348,2651.2999999999997,0.022913543022617944,0.023178074839402752,0.010035587188611443,0.4643422453013733,0.013011905538272004,,Opp Queensway Shop Ctr,Alexandra Rd,1.28665742231261,103.80334129425303
52561,426.3478260869565,436.25,0.022906851261232042,0.023171227998779378,0.010035587188611443,0.46410189313501177,0.013005126727000185,,Blk 269A,Kim Keat Ave,1.33319,103.859677
01119,1376.0434782608695,1407.95,0.022905952251816686,0.023170308158625356,0.010035587188611443,0.4640696028532609,0.013004216026262816,,Aft Bugis Stn Exit C,Victoria St,1.2996041093804,103.85512934079571
10201,3521.391304347826,3603.0,0.022904232962277504,0.02316854903412996,0.010035587188611443,0.4640078500588149,0.013002474380208252,,Opp Redhill Stn,Tiong Bahru Rd,1.28928144532567,103.81662854691157
52211,446.2608695652174,456.6,0.0228534148637074,0.02311655487508466,0.010035587188611443,0.4621825847247231,0.012950996828620161,,Lighthouse Sch,Toa Payoh Rise,1.338573,103.84164
42159,1569.2173913043478,1605.5,0.022843824000116086,0.023106742350824203,0.010035587188611443,0.4618381036967075,0.012941281800372725,,Opp Beauty World Stn,Jln Jurong Kechil,1.34036805329812,103.77530898996658
58351,2250.7391304347825,2244.3,-0.0028637219506322253,-0.002859625410310798,0.010035587188611443,-0.46151585421932606,-0.012767087380371897,,Blk 483,Sembawang Dr,1.45593548683251,103.81491062256012
28459,1775.8260869565217,1816.85,0.022825808622030763,0.023088310862064726,0.010035587188611443,0.461191034128484,0.012923033444578865,,Opp Parc Oasis,Jurong East Ave 1,1.34440772894012,103.7343152870331
65251,2546.913043478261,2539.65,-0.0028546559602196098,-0.00285058530425604,0.010035587188611443,-0.4611902253885557,-0.012758137095679533,,Punggol Stn/Waterway Pt,Punggol Ctrl,1.40502618974463,103.90299618971393
96259,983.304347826087,980.5,-0.0028531320846401087,-0.002849065771456082,0.010035587188611443,-0.46113549139915044,-0.012756632660767306,,Aft Changi General Hosp,Simei St 3,1.34043019344412,103.95124680626643
54411,507.0869565217391,518.8,0.02279151502215715,0.023053226082491784,0.010035587188611443,0.45995928951796555,0.012888297262984913,,Blk 527,Ang Mo Kio St 52,1.37235305596731,103.8542291670297
43539,1854.5652173913043,1849.35,-0.0028145386648787962,-0.002810581564272211,0.010035587188611443,-0.4597493074765623,-0.012718530827849725,,Opp Blk 140,Bt Batok West Ave 3,1.35142277800259,103.7433686110311
98299,316.82608695652175,324.15,0.022782277500486003,0.023043775649794467,0.010035587188611443,0.4596274996920238,0.012878940728604156,,Parc Olympia,Flora Dr,1.356011,103.965559
84031,12748.173913043478,13041.4,0.02273911027175224,0.022999614638287435,0.010035587188611443,0.4580770354205624,0.012835218495380721,,Bedok Stn Exit B,New Upp Changi Rd,1.32428292329305,103.93003627080394
65029,1702.304347826087,1741.45,0.022722070365391644,0.022982182969164502,0.010035587188611443,0.4574650024785337,0.012817960025140627,,Blk 111,Punggol Rd,1.38461500003195,103.90061583298267
46391,1466.4782608695652,1500.2,0.02271932938584076,0.022979378999762875,0.010035587188611443,0.4573665530068601,0.012815183915628059,,Blk 853,Woodlands Ave 7,1.43921765358175,103.79299454006805
59261,814.4347826086956,812.2,-0.0027443648326457293,-0.0027406025059976817,0.010035587188611443,-0.4572288301871829,-0.012649247072740353,,Blk 174,Yishun Ave 7,1.43755803458153,103.83159143616113
53381,2456.7391304347825,2513.2,0.022712786810954455,0.022972686102463044,0.010035587188611443,0.45713155926503013,0.012808557518118177,,Bishan Nth Shop Mall,Bishan St 22,1.35830432828214,103.84496212009292
64619,1066.7826086956522,1063.9,-0.0027032718692696633,-0.002699621320086604,0.010035587188611443,-0.4557528685979872,-0.012608673070763701,,Opp Blk 913,Hougang Ave 4,1.37809338718149,103.88468027114665
28059,1606.391304347826,1643.25,0.022671796179932535,0.022930754665945408,0.010035587188611443,0.45565927321080785,0.012767042707106073,,Ng Teng Fong General Hosp,Boon Lay Way,1.33260638902834,103.74580722197156
64069,1171.5652173913045,1198.45,0.022669276093795432,0.022928176795579583,0.010035587188611443,0.45556875770561567,0.012764490450137589,,S'goon Sec Sch,Upp S'goon Rd,1.37526504951859,103.90134716214978
46679,711.8695652173914,709.95,-0.002696361852695617,-0.002692729934130855,0.010035587188611443,-0.45550467722393945,-0.012601850156756354,,Opp 888 Plaza,Woodlands Dr 50,1.43677694401385,103.7948505560336
78269,391.47826086956525,400.45,0.022601843261687904,0.02285920017724617,0.010035587188611443,0.4531467306269026,0.012696199174851527,,Ripple Bay,Jln Loyang Besar,1.37861875398733,103.96096176266686
44701,770.8695652173914,788.5,0.022584254918048607,0.022841209936348566,0.010035587188611443,0.4525149991211554,0.012678387682736011,,Blk 548B,Bt Panjang Ring Rd,1.38927144639115,103.76879686807085
95041,306.39130434782606,305.59999999999997,-0.0025775765237545656,-0.002574257425742143,0.010035587188611443,-0.45123819049548197,-0.012484554776384186,,CIAS Cargo Ters,Airport Cargo Rd,1.372739,103.995714
44551,959.6086956521739,957.15,-0.0025627995885662003,-0.002559518421290527,0.010035587188611443,-0.4507074381001275,-0.01246996221683622,,Opp Blk 486,Choa Chu Kang Ave 5,1.37602460873449,103.73843005883766
46579,399.52173913043475,398.5,-0.0025542798050972593,-0.002551020408163756,0.010035587188611443,-0.4504014277247418,-0.012461548638904354,,Blk 154,Woodlands St 13,1.43488583298053,103.77552249997427
03111,2048.304347826087,2043.1,-0.0025427982129588855,-0.0025395680400556613,0.010035587188611443,-0.449989036220533,-0.012450210060092518,,Aft Capital Twr,Robinson Rd,1.2778259536079,103.8481011719729
53281,2059.130434782609,2053.9,-0.0025421136889471896,-0.0025388852542055766,0.010035587188611443,-0.4499644497447683,-0.012449534058317188,,Blk 169,Bishan St 13,1.34665638902153,103.85432083296934
08058,742.4347826086956,740.55,-0.002538455131471551,-0.002535235978712026,0.010035587188611443,-0.44983304305461336,-0.012445921041568237,,Aft Dhoby Ghaut Stn,Orchard Rd,1.2989583431631,103.84654115271174
71201,642.2173913043479,640.6,-0.0025176996663587303,-0.0025145329187510387,0.010035587188611443,-0.44908755607203527,-0.01242542368462004,,Paya Ubi Ind Pk,Ubi Ave 1,1.32612447781531,103.89795152582765
47681,610.3478260869565,624.25,0.02248549909606279,0.02274020339947421,0.010035587188611443,0.448967924683457,0.012578384734171095,,Woodsvale Condo,Woodlands Cres,1.44457845619804,103.80448623998072
78169,743.4782608695652,760.4,0.022475191888575274,0.02272966185831897,0.010035587188611443,0.4485977142850435,0.0125679479324495,,Opp Blk 216,Pasir Ris Dr 4,1.36906973013181,103.96024801184656
10421,410.17391304347825,419.5,0.022428208326640053,0.022681611504705282,0.010035587188611443,0.4469101763943015,0.012520375001135833,,Blk 63B,Lengkok Bahru,1.288964,103.814975
17009,16891.652173913044,17274.75,0.02242503927643469,0.022678370580469648,0.010035587188611443,0.44679635164200643,0.012517166278317803,,Clementi Int,Clementi Ave 3,1.31491572870629,103.76412225438476
07221,831.0869565217391,849.95,0.02241642203062799,0.022669557947539536,0.010035587188611443,0.44648684065106264,0.01250844120660558,,Sri Vadapathira K Tp,S'goon Rd,1.314966,103.857819
81069,1086.9565217391305,1084.3,-0.0024447395286024687,-0.0024417535867001603,0.010035587188611443,-0.4464670013097717,-0.012353367478904104,,Opp Lor 39 Geylang,Geylang Rd,1.314729,103.89069
44351,705.0,721.0,0.022409901399583987,0.022662889518413425,0.010035587188611443,0.4462526350798997,0.01250183903415672,,Aft Chestnut Ave,Petir Rd,1.36823452426378,103.77558853634072
69009,2212.782608695652,2262.9500000000003,0.022408435213549183,0.022661390105465713,0.010035587188611443,0.4461999731618438,0.012500354519188402,,Punggol Coast Int,Sentul Wk,1.414795,103.908557
44899,441.82608695652175,440.75,-0.002433001531950474,-0.002430044182621253,0.010035587188611443,-0.44604540036476553,-0.012341774417998696,,Opp APSN,Choa Chu Kang Gr,1.37432287109092,103.74949989571633
44031,2881.782608695652,2874.85,-0.0024077285410788463,-0.0024048322876454166,0.010035587188611443,-0.44513765459259413,-0.012316813025256076,,Aft Bt Panjang Stn,Upp Bt Timah Rd,1.37785685552262,103.76232373807855
59239,2438.2608695652175,2432.4,-0.0024056147343314294,-0.0024027235620199972,0.010035587188611443,-0.44506173167757784,-0.012314725251664565,,Blk 291,Yishun Ring Rd,1.43560781996531,103.83684372359264
06069,399.6521739130435,398.7,-0.002379388457495857,-0.0023765599565922415,0.010035587188611443,-0.4441197461390156,-0.012288821604545972,,Aft Furama RiverFront,Outram Rd,1.28623157720487,103.83496162445665
40019,3008.478260869565,3001.35,-0.0023714131211978184,-0.002368603542431592,0.010035587188611443,-0.44383329101215857,-0.012280944244320679,,Little India Stn,Bt Timah Rd,1.30664404460339,103.84920416709382
28681,768.2173913043479,766.4,-0.002365445246216069,-0.0023626497852140436,0.010035587188611443,-0.4436189391251561,-0.012275049642889732,,Toh Guan Ctr,Toh Guan Rd East,1.33720242588623,103.75488889772056
21029,349.04347826086956,356.95,0.022335941471362197,0.0225872562414599,0.010035587188611443,0.443596170220064,0.012426957239977518,,Aft Corp Pl,Jln Ahmad Ibrahim,1.32429728567538,103.72180766916203
12071,339.69565217391306,338.9,-0.0023381064332115287,-0.0023353751914243657,0.010035587188611443,-0.44263699393128847,-0.01224804604605054,,Blk 116,Clementi Rd,1.32402249998323,103.77219388896603
65151,478.4347826086956,489.25,0.022307591246926606,0.022558266074181297,0.010035587188611443,0.4425778975311592,0.012398255115372884,,Cove Stn Exit B,Punggol Field,1.39885650320272,103.90662105241732
70171,815.695652173913,813.8,-0.002323822346022908,-0.0023211243611587886,0.010035587188611443,-0.44212394346485734,-0.012233936810250994,,Blk 77,Circuit Rd,1.32833666697134,103.88547138902759
28279,352.7391304347826,360.7,0.022255417158805635,0.022504916420845178,0.010035587188611443,0.44070392827483834,0.012345435537515612,,Blk 114,Jurong Town Hall Rd,1.33948295480474,103.73423653369264
83329,813.8260869565217,832.15,0.022238997752102918,0.022488127634598263,0.010035587188611443,0.44011418220593573,0.012328813562547742,,Opp Kembangan Stn,Jln Kembangan,1.32198642679896,103.91379833222052
91091,1689.5652173913045,1727.55,0.02221998559612981,0.022468688115629194,0.010035587188611443,0.4394313107447734,0.012309567192206295,,Bef Kg Kayu Rd,Mountbatten Rd,1.303159444,103.8843669
96439,492.7826086956522,503.85,0.022165998487833072,0.022413489477854695,0.010035587188611443,0.43749222211228633,0.01225491700118863,,Changi Naval Base,Tanah Merah Coast Rd,1.317708,104.015614
54248,4281.347826086957,4272.05,-0.0021735587138049794,-0.002171198245578952,0.010035587188611443,-0.4367268308892315,-0.012085500341792345,,Blk 324,Ang Mo Kio Ave 3,1.36875490594243,103.84661006967286
20271,844.391304347826,863.3,0.022120328522396093,0.022366796955359,0.010035587188611443,0.43585186548606797,0.012208688409752892,,Opp German Ctr,Jurong Town Hall Rd,1.325103,103.745617
64361,910.4347826086956,930.8,0.02209815734796372,0.02234413013404579,0.010035587188611443,0.43505552958909055,0.012186246803139502,,Blk 535,Hougang Ave 8,1.37634509209583,103.89054894445846
40181,2604.8695652173915,2663.05,0.02208109554086679,0.0223266872445148,0.010035587188611443,0.4344427100246587,0.012168977223975919,,Newton Stn Exit A,Scotts Rd,1.312465,103.83808
66499,1331.2608695652175,1361.0,0.02207680676290824,0.02232230272175424,0.010035587188611443,0.4342886673124435,0.012164636265284783,,Blk 911,Buangkok Green,1.37912306945844,103.88326933020046
64529,678.2173913043479,676.8000000000001,-0.0020889810681419263,-0.002086800665727787,0.010035587188611443,-0.43368900285135425,-0.012001941325732245,,Hougang Polyclinic,Hougang Ave 4,1.3699286957754,103.88933520735068
27531,1213.8695652173913,1240.95,0.02204600775282728,0.022290816691718486,0.010035587188611443,0.4331824400625677,0.012133463076502995,,Blk 918,Jurong West St 91,1.34052795177305,103.68697304819686
50171,1638.5652173913043,1675.1,0.022038570809959523,0.022283214001590935,0.010035587188611443,0.4329153227482626,0.012125935925753084,,Zhongshan Mall,Balestier Rd,1.32663388888255,103.84641000001729
63009,4547.304347826087,4648.65,0.02203745525283729,0.022282073586906717,0.010035587188611443,0.432875254587495,0.012124806842086446,,Buangkok Int,Sengkang Ctrl,1.383707,103.892257
45359,358.7391304347826,358.0,-0.0020567426039281855,-0.002054628958182195,0.010035587188611443,-0.4325310738298163,-0.011970089272246544,,Blk 790,Choa Chu Kang Nth 6,1.39618571003148,103.74944608386802
64401,1431.0869565217392,1462.95,0.02200547142756104,0.02224937761855593,0.010035587188611443,0.43172647159145566,0.012092435736785295,,Opp Blk 477A,Upp S'goon Rd,1.37839309319848,103.9032366204475
85069,987.9130434782609,1009.9,0.02198989808505658,0.022233457902835218,0.010035587188611443,0.43116711413792724,0.012076674197367637,,Bedok Mkt Pl,Bedok Rd,1.3318,103.94738
84499,1370.608695652174,1401.1,0.02198683137117996,0.022230323010111634,0.010035587188611443,0.4310569650633638,0.012073570452545822,,Blk 140,Bedok Reservoir Rd,1.33520779235718,103.91401580602559
58511,1386.391304347826,1383.6000000000001,-0.0020139350992138816,-0.0020119084926349625,0.010035587188611443,-0.43099352999026863,-0.011927793271898536,,Blk 104C,Canberra st,1.44964,103.8315
27451,723.9565217391304,722.5,-0.0020111369698705417,-0.002009115988964921,0.010035587188611443,-0.4308930278338635,-0.011925028514195477,,Bet Blks 272D/271A,Jurong West Ave 3,1.35128613677034,103.7041505569119
59719,1879.913043478261,1876.15,-0.002002651202175798,-0.0020006472342298394,0.010035587188611443,-0.43058823922425027,-0.011916643903947581,,Opp Blk 672C,Yishun Ring Rd,1.41756544907262,103.84200497226853
61039,4315.652173913043,4411.55,0.02197261156283581,0.022215787194183354,0.010035587188611443,0.43054622334027065,0.012059179062665452,,Woodleigh Stn Exit A,Upp S'goon Rd,1.33845332842129,103.87084881783568
81029,1581.0,1577.85,-0.001993135417880154,-0.001991150442477089,0.010035587188611443,-0.4302464548661131,-0.011907241471129166,,Aft Lor 28 Geylang,Geylang Rd,1.313616389,103.8849306
47599,946.5217391304348,944.65,-0.0019773586321987224,-0.0019754049465431165,0.010035587188611443,-0.4296797902171399,-0.011891652420472248,,Blk 683A,Woodlands Ave 6,1.4399264222862,103.80263149734922
47559,1081.6521739130435,1105.65,0.021923686528251274,0.022165776474840086,0.010035587188611443,0.42878895236577325,0.01200966524357075,,Opp Blk 630,Woodlands Ave 6,1.43461254485308,103.80204564158956
65341,936.8260869565217,935.0,-0.0019490469764607,-0.0019471488178028767,0.010035587188611443,-0.42866290282419534,-0.011863677041090924,,Opp Blk 272C,Punggol Field,1.40194694990354,103.9009230492748
75261,436.69565217391306,435.85,-0.001933924056170433,-0.0019320552299596993,0.010035587188611443,-0.428119723466196,-0.011848733421247598,,Blk 709,Tampines Ave 6,1.35801998380195,103.93796778680796
42079,545.0,543.95,-0.0019249284095845809,-0.0019230769230771027,0.010035587188611443,-0.42779662121851453,-0.011839844321698554,,Opp Pei Hwa Presby Pr Sch,Upp Bt Timah Rd,1.339255,103.776989
40121,442.7826086956522,452.6,0.02188092993919355,0.02212207308709703,0.010035587188611443,0.42725323729561154,0.011966396087218844,,Opp Newton Life Ch,Newton Rd,1.31458164930261,103.84053190286843
46689,304.4782608695652,303.9,-0.0018947629024141932,-0.0018929689723889097,0.010035587188611443,-0.42671314788770015,-0.011810035519840396,,Blk 609,Woodlands Ave 4,1.43587054546915,103.79601265965388
62249,357.82608695652175,357.15000000000003,-0.001885940603074232,-0.0018841633345449346,0.010035587188611443,-0.4263962718611405,-0.011801317373712015,,Opp SBST Hougang Depot,Hougang Ave 3,1.34421563693504,103.89102556910234
63099,2297.9565217391305,2293.65,-0.0018750073522566524,-0.0018732506241020816,0.010035587188611443,-0.42600357547407025,-0.0117905130905944,,Blk 106,Hougang Ave 3,1.35357948490597,103.89097410968795
64469,1644.2608695652175,1641.2,-0.001862148674097952,-0.0018604159509519782,0.010035587188611443,-0.425541722312584,-0.01177780594115046,,Opp Blk 579,Buangkok Green,1.3795683329839,103.88576472203239
71119,632.1739130434783,646.15,0.021832978335016406,0.02207306186912029,0.010035587188611443,0.4255309296280413,0.01191787183857018,,Opp Blk 343,Ubi Ave 1,1.32680124825187,103.90021869264116
20219,499.6521739130435,510.7,0.02182691948540949,0.022066869300911084,0.010035587188611443,0.4253133101486992,0.011911740798943703,,Opp Blk 41,Teban Gdns Rd,1.32205689998871,103.74143326706027
43481,1038.0,1036.1,-0.0018303555035386054,-0.0018286814244463379,0.010035587188611443,-0.4243997871808949,-0.011746386724928611,,Blk 315,Bt Batok West Ave 2,1.36015,103.74612
52169,501.7826086956522,512.85,0.021773506863995706,0.022012279488067023,0.010035587188611443,0.4233948557198099,0.011857693383648159,,Blk 117,Lor 1 Toa Payoh,1.34013183349101,103.84465978021645
84089,606.1739130434783,605.1,-0.0017702734928874975,-0.0017687074829925977,0.010035587188611443,-0.4222417841400547,-0.011687008677051433,,Blk 40,Bedok Sth Rd,1.3206814195738,103.9400309260245
75081,2168.304347826087,2164.5,-0.0017552574453505443,-0.0017537178819092883,0.010035587188611443,-0.4217024433973769,-0.01167216801076854,,Blk 831,Tampines Ave 3,1.34986941891093,103.93426738811776
05013,4080.2608695652175,4073.25,-0.001719296658258429,-0.001717819514429638,0.010035587188611443,-0.42041081738395286,-0.011636626324975497,,Chinatown Stn Exit C,Eu Tong Sen St,1.28406979945936,103.84299874303983
58289,569.2173913043479,568.25,-0.0016979714279754532,-0.0016965306900496575,0.010035587188611443,-0.4196448657904798,-0.011615549023690266,,Opp Sembawang Sec Sch,Sembawang Cres,1.44485960840447,103.81627162679553
63399,1577.5217391304348,1612.1,0.021668992562515754,0.021905470170220247,0.010035587188611443,0.41964095038340676,0.011751945309816344,,Blk 632,Hougang Ave 8,1.37022333300436,103.8802849999831
10149,1646.4347826086955,1643.65,-0.001691805319003592,-0.001690375023092668,0.010035587188611443,-0.4194233938096452,-0.01160945451866978,,Blk 1,Tiong Bahru Rd,1.286015,103.832988
45411,2417.8260869565215,2413.75,-0.001686572363568395,-0.0016851508996458449,0.010035587188611443,-0.4192354384862571,-0.011604282301459727,,Opp Blk 670,Choa Chu Kang Cres,1.4035145178289,103.74767347957746
54061,637.695652173913,651.65,0.021612944596025585,0.021848196051735956,0.010035587188611443,0.4176278406221331,0.011695240259805473,,Blk 244,Ang Mo Kio Ave 1,1.36728801688172,103.83404076959498
62071,1311.0869565217392,1308.95,-0.0016299976165958796,-0.0016286698919747934,0.010035587188611443,-0.41720340802192374,-0.011548362482012313,,Bartley Stn Exit A,Bartley Rd,1.34252980960729,103.88002892732668
12049,369.04347826086956,368.45,-0.001605094313155142,-0.0016038068382097795,0.010035587188611443,-0.41630894054372714,-0.011523746464437903,,Opp Pandan Valley,Ulu Pandan Rd,1.32091131971837,103.77655888991401
92079,1846.5652173913045,1843.65,-0.001579115964506883,-0.0015778698169156954,0.010035587188611443,-0.4153758599964649,-0.011498067150141386,,Marine Terr Stn Exit 1,Marine Parade Rd,1.3066285,103.9148705
96299,452.52173913043475,462.4,0.021547407251454764,0.021781229028856635,0.010035587188611443,0.4152738949512118,0.01162893861288458,,Opp Blk 222,Simei St 4,1.34126498344514,103.95716526054423
77351,332.7826086956522,340.05,0.021539185201979727,0.021772827927576077,0.010035587188611443,0.41497857847333786,0.011620620983894952,,Blk 562,Pasir Ris St 51,1.36789609661968,103.95008847029645
67199,607.0,606.05,-0.0015637219761828192,-0.0015625000000000825,0.010035587188611443,-0.41482294451887053,-0.011482850045803118,,Opp Blk 223D,Compassvale Rd,1.388736,103.896814
76269,633.7391304347826,632.75,-0.0015595413654372337,-0.0015583259127336763,0.010035587188611443,-0.4146727869158913,-0.011478717431745404,,Opp Blk 489A,Tampines St 45,1.36187820405808,103.95739818627865
28659,1706.304347826087,1703.6499999999999,-0.0015559108305547298,-0.001554701028827627,0.010035587188611443,-0.41454238673068755,-0.011475128564232193,,IMM Bldg,Toh Guan Rd,1.33446189256828,103.74767782537164
63269,353.7826086956522,361.5,0.021519242265726213,0.021752450980391903,0.010035587188611443,0.41426227559645384,0.011600446499507823,,Blk 232,Hougang Ave 1,1.358676,103.889106
92071,1732.608695652174,1770.3,0.02150855309825861,0.02174152935570458,0.010035587188611443,0.41387834610326346,0.011589633390716558,,Marine Terr Stn Exit 4,Marine Parade Rd,1.306815,103.914746
28101,406.7391304347826,415.6,0.021498945106490197,0.021731712518661205,0.010035587188611443,0.4135332498718307,0.011579914092537471,,Opp SMRT Ulu Pandan Depot,Toh Tuck Ave,1.33312436803086,103.75905617435505
59399,1383.0434782608695,1380.95,-0.0015137263894997588,-0.0015125812835738554,0.010035587188611443,-0.413027221857105,-0.011433427315495988,,Opp Blk 367,Yishun Ring Rd,1.43026750784845,103.84552062872451
84621,817.4782608695652,835.25,0.021480774703493744,0.021713147410358746,0.010035587188611443,0.41288061217720795,0.011561533444827686,,Opp Blk 716,Bedok Reservoir Rd,1.33831497804809,103.9249204585602
14331,624.0,637.55,0.021448331205870197,0.021680000000000664,0.010035587188611443,0.4117153188428409,0.01152871538299053,,Opp Blk 70B,Telok Blangah Hts,1.27694611110347,103.8110680555484
78151,316.5217391304348,323.4,0.021431036550297655,0.02166233054908928,0.010035587188611443,0.41109413591451727,0.01151122149353208,,Blk 230,Pasir Ris Dr 4,1.37239496316057,103.96078021168164
28359,656.9565217391304,656.0,-0.0014548342732663144,-0.0014537765149015356,0.010035587188611443,-0.4109119569960256,-0.011375206823645793,,Blk 350,Boon Lay Way,1.34388722199927,103.73119944403174
71129,704.9130434782609,720.2,0.021424429299523595,0.02165558019216561,0.010035587188611443,0.410856819168498,0.011504538207309994,,Ubi Stn Exit A,Ubi Ave 2,1.329761944,103.8991489
75341,1290.4347826086957,1318.4,0.02142325292729641,0.02165437834562223,0.010035587188611443,0.41081456667368443,0.011503348302163461,,Opp The Clearwater Condo,Bedok Reservoir Rd,1.33832204097015,103.933861255669
43081,410.3913043478261,409.8,-0.0014383622075397895,-0.0014373282604093233,0.010035587188611443,-0.4103203195401292,-0.011358921996951722,,Opp St. Joseph's Ch (Bt Timah),Upp Bt Timah Rd,1.366245,103.766345
67409,11406.260869565218,11389.9,-0.0014352800181978154,-0.001434250496442071,0.010035587188611443,-0.4102096146236269,-0.011355874813262066,,Sengkang Stn,Sengkang East Way,1.392423,103.896122
67799,620.5652173913044,634.0,0.021384157982577534,0.021614437604924625,0.010035587188611443,0.4094103691664684,0.01146380440766685,,Blk 415A,Buangkok Dr,1.388615,103.8798
22259,1110.8695652173913,1134.9,0.021382396773108603,0.021612638329487968,0.010035587188611443,0.4093471107077663,0.011462023009605755,,Blk 668D,Jurong West St 62,1.34089136412278,103.7025463831608
66479,841.1739130434783,840.0,-0.0013948804989434294,-0.0013939081053171154,0.010035587188611443,-0.40875855989934823,-0.011315933259086489,,Aft Yio Chu Kang Rd,Ang Mo Kio Ave 5,1.37863834733323,103.87430288480033
46141,1385.1739130434783,1383.25,-0.0013888945613649284,-0.0013879304936947358,0.010035587188611443,-0.40854355924679525,-0.011310015040265091,,Blk 32,Marsiling Dr,1.44364959550382,103.77329520911692
65489,465.04347826086956,475.09999999999997,0.021348985438102375,0.021578505457597725,0.010035587188611443,0.4081470549546281,0.011428229277658896,,One Punggol,Sentul Cres,1.40819500002156,103.90566900789092
84251,651.695652173913,650.8,-0.001373177922300961,-0.001372235544897784,0.010035587188611443,-0.4079790549213861,-0.011294476034515168,,Blk 99,Bedok Nth Ave 4,1.33346832060545,103.93883800719165
84551,582.7391304347826,581.95,-0.0013527691902464056,-0.0013518546104569725,0.010035587188611443,-0.40724602176626795,-0.011274297602488291,,Blk 51,Chai Chee St,1.32853887137542,103.9225201285922
78201,589.3478260869565,588.5500000000001,-0.0013523649097608725,-0.0013514508764182669,0.010035587188611443,-0.40723150097197897,-0.011273897879900466,,Opp Blk 242,Pasir Ris St 21,1.37134689166636,103.96205663680765
98011,866.5217391304348,865.35,-0.0013515870665248286,-0.001350674084097035,0.010035587188611443,-0.4072035626914439,-0.011273128805690523,,Blk 149A,Loyang Ave,1.36221388889515,103.96291600002557
93011,384.7391304347826,393.05,0.021316491698605944,0.021545311091073705,0.010035587188611443,0.4069799570515843,0.011395364726206392,,Opp Neptune Ct,Marine Parade Rd,1.30822971200422,103.92151900444857
46549,1419.5652173913043,1417.7,-0.001313873496705753,-0.0013130107428142711,0.010035587188611443,-0.4058489808878637,-0.011235839682653188,,Blk 347,Woodlands Ave 3,1.43319818915334,103.7812567265195
21179,910.0434782608695,908.85,-0.0013108712245086807,-0.0013100124081319403,0.010035587188611443,-0.4057411464052873,-0.011232871139049019,,Corp Pl,Corporation Rd,1.32586166697514,103.71929527796603
63299,993.7391304347826,992.45,-0.001296788716631525,-0.0012959482494857612,0.010035587188611443,-0.40523533618868135,-0.011218946720123022,,Blk 115,Lor Ah Soo,1.35263165715857,103.88833522800789
04111,1257.8260869565217,1256.2,-0.0012925837226829273,-0.0012917486961621682,0.010035587188611443,-0.4050843027989954,-0.01121478889303568,,Capitol Bldg,Stamford Rd,1.29395444170081,103.85139096636622
44259,6069.521739130435,6199.95,0.021257951013783583,0.021485510879375114,0.010035587188611443,0.40487731477163263,0.011336158681927253,,Blk 183,Bt Panjang Rd,1.38029564329691,103.76297124601712
70119,1148.9565217391305,1173.6,0.02120352962919725,0.021429921736170966,0.010035587188611443,0.4029226279668581,0.011281121865493019,,Cencon Bldg,MacPherson Rd,1.33075033509776,103.8777335022986
66049,393.2173913043478,401.65,0.02116518652464805,0.02139075769273246,0.010035587188611443,0.4015454347718282,0.011242346951088748,,Blk 233,Boundary Rd,1.35535475300084,103.86896493522666
21551,806.8695652173913,824.15,0.021164571685972078,0.021390129702384412,0.010035587188611443,0.40152335122771915,0.011241725200374201,,Blk 151,Yung Ho Rd,1.3266610431866,103.7209862100987
22189,358.60869565217394,366.3,0.021162469062864453,0.02138798210615359,0.010035587188611443,0.4014478300024668,0.01123959894239076,,Pioneer Junction,Pioneer Rd Nth,1.33369710730493,103.69666289847902
59579,2568.913043478261,2565.9,-0.0011731179617813225,-0.001172430127901581,0.010035587188611443,-0.4007933765715257,-0.01109665585913664,,Blk 456,Yishun Ring Rd,1.420294,103.843953
27459,535.3478260869565,546.8,0.02112737695501643,0.02135214007782069,0.010035587188611443,0.4001874048831199,0.011204113035965753,,Blk 273B,Jurong West Ave 3,1.35145070001383,103.70399035610369
17229,1217.5217391304348,1216.15,-0.0011263745055840602,-0.0011257403839291466,0.010035587188611443,-0.39911446270829243,-0.011050430018617108,,Blk 335,Clementi Ave 5,1.31728402491862,103.76824211745355
21609,699.4347826086956,698.65,-0.0011210502401475253,-0.0011204220980752582,0.010035587188611443,-0.39892322774664973,-0.011045164574585882,,Opp Blk 364,Corporation Dr,1.33775166774993,103.72102625466782
44569,1195.0,1193.7,-0.0010875476873986045,-0.0010869565217387913,0.010035587188611443,-0.3977198956689682,-0.011012031508027686,,Blk 295,Choa Chu Kang Ave 2,1.37811996831753,103.74122138165869
21241,820.1739130434783,837.65,0.021058538374068014,0.021281834065759918,0.010035587188611443,0.3977148866467305,0.01113450557564204,,Blk 216 CP,Boon Lay Ave,1.34973665190679,103.71235425312759
60199,905.3478260869565,904.4,-0.0010463113682597225,-0.0010457641753813965,0.010035587188611443,-0.39623878508144955,-0.010971248443668487,,Boon Keng Stn/Blk 22,Boon Keng Rd,1.3179530560114,103.8612788890282
96169,4612.739130434783,4710.7,0.02101015763739511,0.021232424893512878,0.010035587188611443,0.3959771655597234,0.011085587326746896,,Simei Stn,Simei St 3,1.34226222202581,103.95346611100372
13191,396.2173913043478,404.65,0.021007002874432246,0.021229203152364262,0.010035587188611443,0.3958638539712261,0.011082397596415137,,Opp Orchard Stn Exit 12,Paterson Rd,1.302461,103.8297819
54239,1393.6521739130435,1423.25,0.02100031289159343,0.021222371169373627,0.010035587188611443,0.39562356568604923,0.011075633495152474,,Blk 209,Ang Mo Kio Ave 3,1.369186093503,103.84332015576305
28461,2992.1739130434785,2989.2,-0.0009940589813002276,-0.000993565068344169,0.010035587188611443,-0.394362003516922,-0.010919567980426077,,Blk 347,Jurong East Ave 1,1.345332402809,103.73205383657178
27341,1152.8260869565217,1177.25,0.02094683463660818,0.02116775943929462,0.010035587188611443,0.3937027538552476,0.011021564380388886,,Blk 729,Jurong West St 72,1.346726,103.697809
82032,1873.3478260869565,1871.6,-0.0009329333072418677,-0.0009324982602644431,0.010035587188611443,-0.3921665145667047,-0.010859107924508934,,Blk 416,Sims Ave,1.31776416388008,103.89719868894
67369,1271.7826086956522,1270.6,-0.0009295840780945142,-0.0009291521486639984,0.010035587188611443,-0.3920462182149992,-0.010855795059454587,,Blk 306 CP,Anchorvale Dr,1.39071731059511,103.88853458899818
44451,1044.4782608695652,1066.55,0.020891856807685016,0.0211116193961573,0.010035587188611443,0.39172808089225497,0.010965982137694268,,Bef South View Stn,Choa Chu Kang Way,1.38077375279629,103.74424353296656
68029,1051.391304347826,1073.6000000000001,0.020883491850075764,0.021103077876471508,0.010035587188611443,0.3914276314938137,0.010957525485479108,,Blk 448A,Jln Kayu,1.39312162118162,103.87264955115819
63351,456.69565217391306,466.35,0.020873993306417482,0.021093378930369694,0.010035587188611443,0.3910864663783991,0.010947922906891942,,Opp Hougang Swim Cplx,Hougang Ave 10,1.36922638899711,103.88786388897049
83291,923.4782608695652,922.65,-0.0008963240729054078,-0.000895922494474006,0.010035587188611443,-0.39085159786926466,-0.010822895570949944,,Aft Joo Chiat Pl,Still Rd,1.31473309387158,103.90589521764187
44819,1211.2608695652175,1236.8,0.02084850692137774,0.021067355282978505,0.010035587188611443,0.39017105599482915,0.010922157827204378,,Opp West Spring Sec Sch,Senja Rd,1.387188,103.759842
43329,1002.6086956521739,1023.75,0.020846480469598028,0.021065286141315694,0.010035587188611443,0.39009827066265823,0.010920109244274175,,Blk 146,Bt Batok West Ave 6,1.34976204246765,103.74483998148368
27279,3122.3478260869565,3188.1,0.02083329760132102,0.021051825660870334,0.010035587188611443,0.3896247733625433,0.010906782505477945,,Blk 953,Jurong West St 91,1.34210239034142,103.69119289371211
96221,396.4347826086956,396.1,-0.0008427135874624625,-0.0008423586040906549,0.010035587188611443,-0.38892603663466135,-0.010769863884677934,,Opp S'pore Expo,Xilin Ave,1.33090140156137,103.95796397863708
92059,1240.391304347826,1239.35,-0.0008391724045617721,-0.0008388203978711354,0.010035587188611443,-0.38879884576030405,-0.010766360833632608,,Marine Pde Stn Exit 6,Marine Parade Rd,1.3043585,103.907884
67219,1009.7826086956521,1031.0,0.020773776160593727,0.020991052993806054,0.010035587188611443,0.38748690466120145,0.010846613668027933,,Ranggung Stn Exit B,Sengkang East Ave,1.38368835333684,103.89751366061326
83109,1372.7391304347825,1371.6499999999999,-0.0007931363256634683,-0.0007928218761871866,0.010035587188611443,-0.38714533920860433,-0.010720819347503406,,Opp Eunos Stn,Jln Eunos,1.32135678897249,103.90537221650075
60119,3476.6521739130435,3473.95,-0.0007773130064148148,-0.0007770109769220639,0.010035587188611443,-0.3865770031844811,-0.010705165543354652,,Opp Boon Keng Stn,Bendemeer Rd,1.31880431510648,103.86409707876385
45311,680.9565217391304,695.25,0.020742886545865424,0.020959515460631666,0.010035587188611443,0.3863774231077104,0.010815389487836252,,Blk 547,Choa Chu Kang Nth 5,1.39312896100059,103.74208908630851
96429,296.4347826086956,302.65,0.02068073951173588,0.02089606782634102,0.010035587188611443,0.38414524933094474,0.01075257226129946,,Changi Lodge 2,Tanah Merah Coast Rd,1.313721111,103.9953811
71161,671.8260869565217,671.35,-0.0007078433537683892,-0.0007075928917610936,0.010035587188611443,-0.384081818352408,-0.010636437187600186,,Blk 3019,Ubi Ave 2,1.32732994325917,103.89209147524538
21611,779.3478260869565,778.8,-0.0007022746182272499,-0.0007020280811231743,0.010035587188611443,-0.3838818026055783,-0.01063092766822433,,Blk 367,Corporation Dr,1.3383643422738,103.71931958855112
44629,2375.6521739130435,2374.0,-0.0006954103200973449,-0.0006951685783805048,0.010035587188611443,-0.38363525332939663,-0.010624136320642448,,Blk 457,Choa Chu Kang Ave 4,1.37851168892339,103.73644907938714
82221,681.5217391304348,681.05,-0.0006914098184802597,-0.000691170849789987,0.010035587188611443,-0.3834915648182933,-0.01062017831298289,,Blk 3A,Jln Turi,1.31760511655727,103.89900705591394
66451,568.9130434782609,580.8,0.02064295217154566,0.020857491608178135,0.010035587188611443,0.3827880178709444,0.01071437933161244,,Aft AMK Ind Pk 2,Ang Mo Kio Ave 5,1.37872496881803,103.86854361874474
76089,1808.608695652174,1807.4,-0.0006681552195235696,-0.000667932053530823,0.010035587188611443,-0.3826563148871039,-0.010597170414495028,,The Holy Trinity Ch,Tampines Ave 2,1.34916805553714,103.94923388889873
20189,729.9130434782609,745.15,0.02063215527356821,0.020846469573493724,0.010035587188611443,0.3824002189538563,0.010703466810485248,,Opp Ayer Rajah CC,Pandan Gdns,1.32030501410074,103.74727299945995
44621,1174.1739130434783,1173.4,-0.0006587688662786917,-0.0006585519257096152,0.010035587188611443,-0.38231917938472415,-0.01058788348644993,,Opp Concord Pr Sch,Choa Chu Kang Ave 4,1.37922934454518,103.73710050197961
68021,643.5217391304348,643.1,-0.000654558483200951,-0.0006543443065299203,0.010035587188611443,-0.3821679524303263,-0.010583717673647823,,Opp Blk 448A,Jln Kayu,1.39317909764213,103.8724709608888
70309,702.695652173913,702.25,-0.0006335030612287795,-0.0006333024405313315,0.010035587188611443,-0.38141169171019207,-0.010562884876996413,,Opp Paya Lebar St,Upp Paya Lebar Rd,1.33965000001824,103.88639700003634
10369,639.304347826087,638.9,-0.0006316926515976817,-0.0006314931757993167,0.010035587188611443,-0.3813466660985866,-0.010561093588892347,,Opp Cendex Ctr,Lower Delta Rd,1.28037471151153,103.82387343933006
75311,874.0434782608695,873.5,-0.0006212801054719108,-0.0006210871509488542,0.010035587188611443,-0.38097267218661873,-0.010550790957002485,,Bef Tampines Lk,Tampines Ave 10,1.367478,103.930734
52261,701.2608695652174,700.85,-0.0005852380831887771,-0.0005850668647845756,0.010035587188611443,-0.3796781283981845,-0.010515128563893604,,Opp Blk 73,Lor 4 Toa Payoh,1.33403167346972,103.85128140448401
70109,1493.0434782608695,1524.05,0.020541008205063882,0.020753426650758352,0.010035587188611443,0.3791264328594094,0.010611348350585876,,Gulab Bldg,MacPherson Rd,1.32946242383323,103.874037265782
46809,860.1304347826087,859.65,-0.0005580674345830872,-0.0005579117439156267,0.010035587188611443,-0.37870222326988967,-0.010488243252907155,,Opp W'lands Mart,Woodlands Ave 6,1.44649662319346,103.79808713932866
15229,647.2173913043478,660.65,0.020510594719809205,0.02072238245355176,0.010035587188611443,0.3780340527451142,0.010580612604637553,,Bef Sth Buona Vista Rd,Pasir Panjang Rd,1.27937638961898,103.78572727156029
59191,1387.086956521739,1415.85,0.020509588746803864,0.020721355634905535,0.010035587188611443,0.37799792058540443,0.010579595988332897,,Opp Northland Sec Sch,Yishun Ave 6,1.43649083301477,103.84212083297022
06081,340.0869565217391,347.15,0.02049597215057286,0.020707456978967902,0.010035587188611443,0.3775088448079137,0.010565835427701245,,Havelock Stn Exit 3,Zion Rd,1.28837086415387,103.83349881780524
10018,1456.2608695652173,1455.5,-0.0005222594554412652,-0.0005221231017102411,0.010035587188611443,-0.37741608575490004,-0.010452810202171781,,Outram Pk Stn Exit 6/SGH,Eu Tong Sen St,1.27900819665099,103.83860360621959
76231,2100.086956521739,2099.0,-0.0005174644358678648,-0.0005173305742372108,0.010035587188611443,-0.3772438600469361,-0.010448065292651939,,Opp Blk 390,Tampines Ave 7,1.35666908955685,103.95736200626966
59609,423.0,422.8,-0.00047180939775870456,-0.000471698113207185,0.010035587188611443,-0.375604039574859,-0.01040288623004382,,Opp Blk 391,Yishun Ave 6,1.4289961111075,103.8495613888577
40431,1054.6086956521738,1076.4,0.020433168011771308,0.020643354339140628,0.010035587188611443,0.3752530693929043,0.010502369703680866,,Blk 237A,Tengah Garden Walk,1.36142,103.73163
94051,988.4782608695652,1008.9,0.02042880004470682,0.020638896212320772,0.010035587188611443,0.3750961823961926,0.010497955872251153,,Opp Temasek Sec Sch,Upp East Coast Rd,1.31710244970995,103.94737959133388
67691,665.6521739130435,679.4,0.020412429014466937,0.02062218743885717,0.010035587188611443,0.3745081738948709,0.010481413115069593,,Blk 338A,Anchorvale Cres,1.39899,103.8887775
03223,888.6086956521739,888.25,-0.00040328740884465475,-0.00040320609940831304,0.010035587188611443,-0.37314289257197963,-0.010335074744322293,,Tanjong Pagar Stn Exit C,Anson Rd,1.2757033952327,103.84632468221952
07361,876.304347826087,894.3499999999999,0.020360738243593524,0.02056943205471293,0.010035587188611443,0.37265156424550416,0.010429181901819887,,Bef Kallang Bahru,Lavender St,1.31167636068313,103.86189483728585
21779,883.7391304347826,883.4,-0.0003833847017480352,-0.0003833112192242598,0.010035587188611443,-0.3724280346308088,-0.01031537753717791,,Aft Yuan Ching Rd,Yung Ho Rd,1.32643572160288,103.72425774502393
54209,1544.086956521739,1543.5,-0.00037995792774925263,-0.00037988575287725056,0.010035587188611443,-0.37230495305232125,-0.010311986105835828,,Bet Blks 152/155,Ang Mo Kio Ave 4,1.37638119735545,103.83952322759048
50221,2192.1739130434785,2237.25,0.020344540527354127,0.020552901294530548,0.010035587188611443,0.3720697807712083,0.010412815389201855,,Bef Blk 104,Balestier Rd,1.32143805851672,103.8530377626759
64389,1344.6521739130435,1344.15,-0.00037325220244177615,-0.000373182552504396,0.010035587188611443,-0.3720640993350812,-0.010305349507622973,,Blk 522,Hougang Ave 10,1.37313809346006,103.89156818388481
10169,7065.565217391304,7210.8,0.020344036520754116,0.020552386929262256,0.010035587188611443,0.37205167805188116,0.010412306134602495,,Tiong Bahru Stn/Plaza,Tiong Bahru Rd,1.285965,103.82756
46671,644.4782608695652,644.25,-0.00035369314961908316,-0.0003536306075708214,0.010035587188611443,-0.37136158463875346,-0.01028599182836734,,Bef 888 Plaza,Woodlands Dr 50,1.43689166982219,103.7946223426922
91081,443.8695652173913,453.0,0.020316070711819734,0.020523846755278255,0.010035587188611443,0.3710472126542365,0.010384049532215401,,Aft Katong Pk Stn Exit 2,Fort Rd,1.29930499999248,103.88533388902762
40441,591.695652173913,591.5,-0.00033016013066067273,-0.0003301056338024621,0.010035587188611443,-0.37051633452275284,-0.010262700595794197,,Blk 238,Tengah Dr,1.361914,103.733399
77031,4173.260869565217,4258.8,0.020284905422371935,0.02049204232980538,0.010035587188611443,0.3699278295199477,0.010352561111533713,,Opp Pasir Ris Int/Mall,Pasir Ris Ctrl,1.372262,103.948468
11409,467.1304347826087,467.0,-0.0002786679689199545,-0.0002786291446079513,0.010035587188611443,-0.36866685844144836,-0.010211735570554055,,Blk 9,Holland Ave,1.3076441670056,103.79432583301961
64621,309.4347826086956,309.35,-0.0002731465448189141,-0.0002731092436977423,0.010035587188611443,-0.36846854200911383,-0.010206270514688474,,Blk 565,Buangkok Green,1.38133333296872,103.88821499999295
59159,714.1304347826087,713.95,-0.0002523421468856313,-0.0002523103112839615,0.010035587188611443,-0.367721297475911,-0.010185678237864176,,Opp Yishun Stn Exit B,Yishun Ave 5,1.43055466220788,103.8346706884974
28061,1760.5652173913045,1796.55,0.02022188474247688,0.0204277322539239,0.010035587188611443,0.3676642764634583,0.010288890012517801,,J Gateway,Boon Lay Way,1.33596390763107,103.74254813709638
46011,1010.3913043478261,1031.05,0.020220203510432633,0.020426016679563737,0.010035587188611443,0.3676038906037887,0.010287191483889775,,Blk 188A,Marsiling Rd,1.4385198561158,103.7742921156719
78149,310.82608695652175,310.75,-0.00024403423572838534,-0.00024400446179628375,0.010035587188611443,-0.36742289705045794,-0.010177454914257533,,NTUC Health Pasir Ris,Pasir Ris Dr 3,1.36970105283111,103.96411887211589
92089,621.3913043478261,634.1,0.02021346520586409,0.020419140761439726,0.010035587188611443,0.36736186671691407,0.010280383884027725,,Marine Terr Stn/Katong Convent,Marine Parade Rd,1.3071917122941,103.91764721757994
65539,1366.3478260869565,1366.05,-0.0002178366917151564,-0.00021781296702576159,0.010035587188611443,-0.3664819435265923,-0.010151523654901191,,Blk 224A,Sumang Lane,1.402291,103.8937
59241,1227.304347826087,1227.05,-0.00020709375845662237,-0.00020707231602445003,0.010035587188611443,-0.3660960828939633,-0.01014088972166404,,Blk 236,Yishun Ring Rd,1.43427221606754,103.83922930159359
28499,3291.695652173913,3358.8,0.020174871933024363,0.020379760207046568,0.010035587188611443,0.36597568807140013,0.010241394609894552,,Jurong Polyclinic,Jurong East Ave 1,1.34963044051902,103.73046199733298
70231,1420.8260869565217,1449.8,0.02017310624336499,0.020377958534645933,0.010035587188611443,0.3659122686949044,0.010239610838685414,,Opp Mattar Stn Exit B,Mattar Rd,1.325842,103.884002
40361,1107.5217391304348,1130.05,0.020119043635822287,0.020322795732664344,0.010035587188611443,0.3639704683089222,0.010184996127400701,,Blk 438A,Bt Batok West Ave 8,1.35715418971956,103.74085618975258
46531,1028.8260869565217,1049.75,0.020114254532934694,0.020317909313517814,0.010035587188611443,0.3637984551142518,0.010180158259103279,,Blk 173,Woodlands Ave 3,1.43240249999047,103.77751138903017
50011,523.5217391304348,523.45,-0.0001367799109743828,-0.00013677055702884187,0.010035587188611443,-0.3635705765895725,-0.010071286472147565,,Opp Parish of Christ Ch,Kg Java Rd,1.31181999999518,103.84719777801662
53289,600.0434782608696,612.25,0.020105408023911586,0.020308883101851926,0.010035587188611443,0.3634807095334065,0.01017122173074687,,Zion Bible Presby Ch,Bishan St 13,1.347206111,103.8545811
10101,1055.1739130434783,1055.05,-0.00011732945816511631,-0.00011732257533342858,0.010035587188611443,-0.36287196254764476,-0.010052031723164368,,Opp Bt Merah Sec Sch,Jln Bt Merah,1.28506195168861,103.8137833011436
49251,358.26086956521743,365.55,0.02008615689756077,0.020289241195691487,0.010035587188611443,0.36278925482417745,0.010151774984107863,,TimMac @ Kranji,Kranji Loop,1.437161,103.756171
45309,843.0434782608695,842.95,-0.00011075666128945727,-0.0001107505279968837,0.010035587188611443,-0.36263588330377816,-0.010045524974867668,,Blk 754,Choa Chu Kang Nth 5,1.3919980495631,103.74665022024047
58621,1244.1739130434783,1244.1,-5.936137636375349e-05,-5.935961451211375e-05,0.010035587188611443,-0.36078988680744634,-0.009994644675067723,,Blk 126 CP,Canberra st,1.445953,103.834031
76079,1935.6521739130435,1935.55,-5.275940086768571e-05,-5.275800911497187e-05,0.010035587188611443,-0.36055275953687616,-0.009988108662395618,,Blk 101,Tampines Ave 2,1.34794388891649,103.94563500000055
07249,393.82608695652175,401.8,0.01999477908372871,0.020196013654883955,0.010035587188611443,0.3595071809059125,0.010059473740478391,,Aft Kempas Rd,Lavender St,1.315368056,103.8594669
67551,1589.7826086956522,1621.9,0.01998857047473024,0.02018967967639599,0.010035587188611443,0.35928418242512117,0.010053202695607992,,Blk 471A,Sengkang West Way,1.395806,103.8804
05521,650.304347826087,650.3,-6.675589705018581e-06,-6.675567423319207e-06,0.010035587188611443,-0.35889753855567375,-0.009942484090077409,,Maritime Hse,Cantonment Rd,1.27676861098316,103.84059222200347
67259,1708.4347826086957,1742.8999999999999,0.019961205004076277,0.02016176208764605,0.010035587188611443,0.35830127975183684,0.010025562492525992,,Compassvale Stn Exit B,Compassvale St,1.39465386086721,103.90046238900585
58321,379.69565217391306,379.7,1.1420674847606449e-05,1.1420740063761706e-05,0.010035587188611443,-0.35824756373776717,-0.009924567585236771,,Bet Blks 357/359,Admiralty Dr,1.45020573824638,103.81614518346868
98309,724.3913043478261,724.4,1.1987461116191866e-05,1.1987532966090973e-05,0.010035587188611443,-0.3582272061219375,-0.009924006423917784,,Carissa Pk,Flora Rd,1.360039,103.964436
54191,1167.7826086956522,1167.8,1.4879734545836243e-05,1.48798452496354e-05,0.010035587188611443,-0.3581233225336808,-0.009921142849287117,,Mayflower Stn Exit 2,Ang Mo Kio Ave 4,1.37447193336668,103.83756404776227
46109,16486.91304347826,16487.3,2.3468827135886272e-05,2.3469102530964233e-05,0.010035587188611443,-0.3578148227393743,-0.009912638933791193,,W'lands Checkpt,Woodlands Crossing,1.44694093553778,103.76925342517902
92249,812.9565217391304,829.35,0.01994034717364368,0.02014048394850729,0.010035587188611443,0.3575521160502382,0.01000449577031476,,Opp Amber Gdns,Amber Rd,1.30166304472072,103.90118149629421
47621,668.5217391304348,668.55,4.2209642312052154e-05,4.2210533151538174e-05,0.010035587188611443,-0.3571416971948109,-0.009894083715679779,,Aft Gambas Ave,Woodlands Ave 7,1.44689218119453,103.80982770058664
21459,902.2608695652174,902.3,4.3320361299059584e-05,4.332129963946083e-05,0.010035587188611443,-0.357101802808363,-0.009892983985628668,,Blk 209,Boon Lay Dr,1.3455804550235,103.71491332975407
64421,609.5652173913044,609.6,5.6966261746893565e-05,5.696788435519344e-05,0.010035587188611443,-0.35661167449304365,-0.009879472991670806,,Blk 421,Hougang Ave 10,1.37505042808455,103.89511829229477
52291,759.9565217391304,760.0,5.7134695059524176e-05,5.713632727729923e-05,0.010035587188611443,-0.35660562476872687,-0.009879306222376493,,Blk 59,Lor 5 Toa Payoh,1.3369700601272,103.85224710756584
50041,345.39130434782606,352.35,0.0198899936856467,0.02008911761014156,0.010035587188611443,0.35574353842381035,0.009953639801458547,,Novena Lodge,Thomson Rd,1.32362333324914,103.84161545670325
52031,1138.9565217391305,1161.85,0.01988376558035121,0.020082764407490527,0.010035587188611443,0.35551983968236195,0.009947349723433953,,Opp Blk 998,Braddell Rd,1.34404852974216,103.85026155631283
03021,578.1739130434783,589.8,0.019874750234912142,0.020073568050447185,0.010035587188611443,0.3551960298986863,0.009938244740243272,,Prudential Twr,Cecil St,1.28255524603003,103.84998903789258
81159,876.9130434782609,877.0,9.904422332684959e-05,9.904912836787412e-05,0.010035587188611443,-0.35510033410916075,-0.009837809861632178,,Opp Kong Hwa Sch,Guillemard Rd,1.31167873834387,103.8874161243355
09047,2040.3478260869565,2040.6,0.00012352541551141627,0.0001235330450897006,0.010035587188611443,-0.35422102786416054,-0.009813569214042743,,Orchard Stn/Tang Plaza,Orchard Rd,1.30446065207443,103.83294467208566
64441,368.30434782608694,368.35,0.000123609030679539,0.00012361667059055583,0.010035587188611443,-0.35421802460602864,-0.009813486419434398,,Hougang G. Shop Mall,Hougang St 51,1.37980640697067,103.88818499902484
50051,470.2608695652174,479.7,0.019831571013314786,0.020029523018728665,0.010035587188611443,0.3536451348720651,0.009894637334447681,,Thomson Med Ctr,Thomson Rd,1.325878056,103.8418119
44731,326.3478260869565,332.9,0.019818253028636157,0.020015938371629613,0.010035587188611443,0.3531667845119009,0.009881187662702094,,Opp Blk 180,Jelebu Rd,1.37887883000016,103.76432732997739
75101,712.4782608695652,726.75,0.019805614470745248,0.020003046922607688,0.010035587188611443,0.3527128375473295,0.009868424301504287,,Blk 880,Tampines Ave 3,1.35109968413462,103.93150144928326
01311,4137.04347826087,4137.75,0.0001707235399077689,0.00017073811400067666,0.010035587188611443,-0.35252578339971113,-0.009766833168788765,,Lavender Stn Exit B,Kallang Rd,1.3070916463394,103.86219695240973
92129,753.1304347826086,768.2,0.019785670239924613,0.019982703949265268,0.010035587188611443,0.351996488172671,0.009848283453399076,,The Holy Family Ch,East Coast Rd,1.30687389,103.9065139
77039,4332.478260869565,4419.05,0.019780495192604164,0.0199774255041644,0.010035587188611443,0.35181061277114906,0.009843057454268141,,Pasir Ris Int/Mall,Pasir Ris Ctrl,1.37241,103.948657
43379,825.7826086956521,825.95,0.00020244059292284788,0.0002024610854024926,0.010035587188611443,-0.35138658222932273,-0.009735425392860675,,Blk 185,Bt Batok West Ave 6,1.34716553724092,103.74518662694207
27099,1517.391304347826,1517.7,0.0002032837490233419,0.0002033044125648141,0.010035587188611443,-0.35135629806590923,-0.009734590444891495,,Blk 271 CP,Jln Bahar,1.35023689448473,103.70360999821403
52179,1065.5652173913043,1065.8,0.00022010540692196656,0.00022012963189436125,0.010035587188611443,-0.35075210408997853,-0.009717932398835536,,Braddell Stn/Blk 106,Lor 1 Toa Payoh,1.34069018059141,103.84803485038329
47659,567.9565217391305,579.3,0.019741191696028615,0.019937337612716276,0.010035587188611443,0.35039892457685384,0.00980336787109245,,Blk 685A,Woodlands Dr 73,1.44146349893337,103.80545909188204
64049,1103.1304347826087,1103.4,0.00024411274980362663,0.00024414254774557143,0.010035587188611443,-0.34988981738586067,-0.009694158072311013,,Opp The Midtown,Upp S'goon Rd,1.3703713899857,103.89603248614272
60019,500.7826086956522,510.75,0.019669249050143556,0.019863963261415585,0.010035587188611443,0.3478149157045878,0.009730722558163504,,Bendemeer Stn Exit B,Kallang Bahru,1.31479811892165,103.86413644350252
76229,616.9130434782609,617.1,0.0003025154534590513,0.0003025612158733382,0.010035587188611443,-0.3477921310615204,-0.009636319844758682,,Opp Tampines East Stn,Tampines Ave 7,1.35614001051089,103.95353851635838
96121,1779.0,1779.55,0.00030894103684797614,0.00030898876404493713,0.010035587188611443,-0.3475613393762522,-0.00962995615990131,,Metta Welfare Assn,Simei Rd,1.34719360554366,103.95776019526973
19019,2081.4782608695655,2122.8,0.01964828094142579,0.019842578867152523,0.010035587188611443,0.34706179106905644,0.009709550636565588,,Blk 27,C'wealth Ave West,1.30807305598128,103.78475916699466
84191,603.3478260869565,603.55,0.0003344764306216774,0.00033453237410008263,0.010035587188611443,-0.3466441687154251,-0.009604666347958896,,Blk 220 CP,Bedok Nth Ave 3,1.32566318975139,103.93533757051014
98139,1512.9565217391305,1513.5,0.0003589143597091393,0.0003589787771744959,0.010035587188611443,-0.3457664163780604,-0.009580462841285968,,Aft Loyang Way 1,Loyang Way,1.37394091672222,103.97236010514752
46281,887.6521739130435,888.0,0.00039133200127672296,0.0003914085816334569,0.010035587188611443,-0.344602051731778,-0.009548355255305532,,Blk 825,Woodlands Ave 7,1.43878695707764,103.79002589502426
55029,380.7391304347826,380.9,0.000421323531456963,0.0004214123006824594,0.010035587188611443,-0.3435248272410025,-0.009518649649454041,,Seasons Pk,Yio Chu Kang Rd,1.38565193733046,103.83917105055716
21211,593.8260869565217,594.1,0.00046038665984227123,0.0004604926540460334,0.010035587188611443,-0.3421217725008784,-0.009479957593590592,,Opp Lakepoint Condo,Corporation Rd,1.34004972199531,103.71606833298439
53019,360.7826086956522,360.95,0.0004625777678697318,0.0004626847734642292,0.010035587188611443,-0.3420430731075853,-0.009477787254796591,,Opp St. Theresa's Hme,Upp Thomson Rd,1.34600349626668,103.83871779531225
58409,1047.2608695652175,1047.75,0.0004665025353487451,0.0004666113645788678,0.010035587188611443,-0.34190210478674327,-0.009473899677799855,,Blk 491,Admiralty Link,1.4561083849161,103.81810058815044
27179,469.5217391304348,469.75,0.00048500526373107533,0.0004851228978009444,0.010035587188611443,-0.34123753075401364,-0.00945557207285516,,Aft Lor Danau,Nanyang Ave,1.35618418171977,103.6917825773122
84039,4248.913043478261,4251.0,0.0004909381107474076,0.000491058640585123,0.010035587188611443,-0.3410244369882868,-0.00944969530686843,,Bedok Stn Exit A,New Upp Changi Rd,1.32353645344906,103.92886300203479
08121,4819.086956521739,4913.85,0.01946926564156115,0.019660027782288005,0.010035587188611443,0.3406319869183912,0.00952881335643406,,Somerset Stn,Somerset Rd,1.30027569326586,103.83877618459663
92041,3847.6521739130435,3923.1,0.01941402327036812,0.01960370090037214,0.010035587188611443,0.3386478122257357,0.00947304613136762,,Marine Pde Stn Exit 2,Marine Parade Rd,1.302345,103.904508
17079,879.3913043478261,896.65,0.019413764646717624,0.019603437206775053,0.010035587188611443,0.3386385230788154,0.009472785057797114,,Blk 512,West Coast Rd,1.30968304242083,103.75999360222924
64419,3117.913043478261,3119.75,0.0005887999278204603,0.0005889733045243549,0.010035587188611443,-0.3375094730824992,-0.009352753510776102,,Blk 681,Hougang Ave 4,1.37339164793235,103.88521854859373
11179,2031.1739130434783,2032.4,0.0006031556773615776,0.0006033376123236742,0.010035587188611443,-0.3369938486746682,-0.009338531924941388,,Blk 8,C'wealth Ave,1.30627521395682,103.79427940117534
44271,542.8695652173914,543.2,0.0006073780635542647,0.0006075625549604285,0.010035587188611443,-0.33684219059690623,-0.009334348960805922,,Bet Blks 13/14,Teck Whye Ave,1.37867114732017,103.75614774814443
76359,1193.3478260869565,1216.7,0.019363549352791942,0.01955223880597021,0.010035587188611443,0.3368349090550177,0.009422095357895201,,Blk 493B,Tampines Ave 9,1.36209168075863,103.95217875196944
50169,981.7391304347826,1000.9499999999999,0.019359676315713337,0.019548290049992586,0.010035587188611443,0.33669579876722366,0.00941818583626278,,Aft Irrawaddy Rd,Balestier Rd,1.32647401158756,103.84420812253344
40129,1152.9130434782608,1175.45,0.019342616369736554,0.019530896759608327,0.010035587188611443,0.33608304604980466,0.009400965363435019,,Newton Life Ch,Newton Rd,1.31453779264106,103.84082845008946
77309,353.82608695652175,354.05,0.0006308510880090878,0.0006310501164069357,0.010035587188611443,-0.33599909534090067,-0.009311094768830486,,Opp Blk 778,Pasir Ris St 71,1.37437639672106,103.93874482147835
28311,665.0434782608695,678.05,0.019339811466530854,0.019528037078138265,0.010035587188611443,0.3359823005923613,0.009398134095402152,,Blk 209,Jurong East Ctrl,1.33825277511898,103.74108351905207
81011,1488.086956521739,1517.15,0.01932933704833406,0.01951735817104232,0.010035587188611443,0.33560608438263806,0.00938756129259065,,Aft Aljunied Stn,Sims Ave,1.31532318660502,103.88335173265862
52539,1061.9565217391305,1082.7,0.019326914891852454,0.019514888743455784,0.010035587188611443,0.3355190862779466,0.009385116400927568,,Blk 210 Mkt/FC,Lor 8 Toa Payoh,1.33991805598004,103.85386250003322
84401,760.6521739130435,761.15,0.0006533999139657354,0.0006536134261899447,0.010035587188611443,-0.3351891950986403,-0.009288755645269688,,Opp Blk 550,Bedok Nth St 3,1.33316500001136,103.9269811109948
46841,1476.9565217391305,1505.75,0.0192946082436265,0.019481952166622095,0.010035587188611443,0.3343587082487256,0.009352507077799289,,Opp Blk 739A CP,Woodlands Circle,1.44498571659794,103.79690162812369
76219,753.2173913043479,767.9,0.019280278205875412,0.01946734305643579,0.010035587188611443,0.3338440073472898,0.009338043121903476,,Blk 230E,Tampines Ave 7,1.35644168689504,103.95114418566536
84501,751.1739130434783,765.8,0.019258446614768943,0.01944508670520245,0.010035587188611443,0.33305986847637686,0.009316007906990612,,Christ Ch,Bedok Reservoir Rd,1.33319499998844,103.91598944400951
76399,417.95652173913044,426.1,0.019251030041808725,0.01943752594437547,0.010035587188611443,0.33279348280074256,0.009308522268936978,,Blk 417,Tampines St 41,1.3586225675181,103.94723337005571
53239,6071.0,6189.0,0.019247046603176443,0.01943346508563952,0.010035587188611443,0.332650407151504,0.009304501758385215,,Opp Bishan Stn,Bishan Rd,1.351,103.847641
46641,315.2173913043478,315.45,0.0007353269959233799,0.0007355974150969578,0.010035587188611443,-0.3322465690101357,-0.00920758623901618,,Blk 894C,Woodlands Ave 5,1.43537882843176,103.79002659369449
77259,389.9130434782609,397.5,0.01922235817464646,0.019408297186074903,0.010035587188611443,0.3317636574694627,0.009279583923920915,,Opp Blk 713,Pasir Ris Dr 3,1.3827163599648,103.93855855739126
45421,2822.0,2876.75,0.01920858954168203,0.019394261424016904,0.010035587188611443,0.33126912089381466,0.009265687619438153,,Blk 689A,Choa Chu Kang Cres,1.40274884902867,103.75050925171398
11029,1566.304347826087,1596.65,0.019176631814407763,0.019361684420771626,0.010035587188611443,0.33012127527598595,0.009233434297220117,,Blk 166/Aft Mei Chin Rd,Queensway,1.29013472201419,103.80202111098815
76339,1326.0434782608695,1327.1,0.00079583028453456,0.0007961470414781344,0.010035587188611443,-0.3300734346661147,-0.009147638226144955,,Opp Tampines Changkat CC,Tampines St 11,1.34547166699324,103.94698416699394
75089,2013.086956521739,2014.7,0.0008005602190950256,0.0008008807529570707,0.010035587188611443,-0.3299035466571443,-0.009142951548230851,,Blk 827,Tampines Ave 3,1.34977145890473,103.93404731779178
46299,387.1304347826087,387.45,0.000823006146217331,0.0008233449087038489,0.010035587188611443,-0.3290973422964798,-0.00912071059352419,,Opp Blk 106,Woodlands Ave 5,1.43692705673107,103.78274585693057
21399,1103.9565217391305,1125.3,0.019131936718321363,0.01931612497048923,0.010035587188611443,0.3285159336401145,0.009188327519933977,,Opp River Valley High Sch,Boon Lay Ave,1.3448140795943,103.70805985100185
64391,567.5217391304348,568.0,0.0008408822113796788,0.0008412358519427928,0.010035587188611443,-0.32845527651737966,-0.00910299741245822,,Blk 831,Hougang Ave 10,1.37145414929063,103.88976573946181
55139,1591.9565217391305,1593.3,0.0008430311970650806,0.0008433866477430123,0.010035587188611443,-0.3283780900585118,-0.0091008679866959,,Blk 641,Ang Mo Kio Ave 4,1.37894011617745,103.84007487448596
40399,1073.8260869565217,1074.75,0.0008592238200018087,0.0008595930585335127,0.010035587188611443,-0.32779648952354384,-0.009084822600774787,,Blk 123B,Tengah Blvd,1.35984,103.734244
63139,348.2608695652174,355.0,0.01911161060736788,0.019295406448400613,0.010035587188611443,0.32778586803860216,0.009167814854487907,,Aft En-Naeem Mque,Tampines Rd,1.36120166702627,103.8914116670026
17161,1584.1304347826087,1614.7,0.01910160211906753,0.01928520489330173,0.010035587188611443,0.3274263869235012,0.009157714660763767,,Blk 455,C'wealth Ave West,1.31240993603605,103.76685476875124
60101,1476.086956521739,1477.4,0.0008885463437779961,0.0008889412180265461,0.010035587188611443,-0.32674329415294323,-0.009055766040921561,,Kwong Wai Shiu Hosp,S'goon Rd,1.31783421341306,103.86004042483177
70301,1003.304347826087,1022.65,0.019079560698183506,0.01926273864669473,0.010035587188611443,0.32663471146562795,0.009135471635971408,,Aft Paya Lebar St,Upp Paya Lebar Rd,1.33965760027057,103.88575915318087
82049,3550.130434782609,3553.3,0.0008921529685537166,0.0008925510553893484,0.010035587188611443,-0.32661375276195403,-0.009052192070451026,,Joo Chiat Cplx,Changi Rd,1.31634170548514,103.89891621295058
11511,1996.608695652174,2035.05,0.019060843319814502,0.019243660898901317,0.010035587188611443,0.32596242771548145,0.009116583442292497,,Alexandra Hosp,Alexandra Rd,1.2859468736223,103.80251884462385
63211,1375.9130434782608,1377.2,0.0009342314417111197,0.0009346679718339319,0.010035587188611443,-0.32510239400342494,-0.009010493622417313,,Blk 138,Yio Chu Kang Rd,1.36816,103.875784
44021,2267.608695652174,2269.75,0.0009434392169556105,0.0009438843957223503,0.010035587188611443,-0.32477167259843787,-0.009001368771763218,,Bt Panjang Stn Exit B,Upp Bt Timah Rd,1.37820722702851,103.76172178111382
46921,1010.3913043478261,1011.35,0.0009474488876914933,0.0009478978591702008,0.010035587188611443,-0.3246276547543772,-0.008997395185585903,,Opp Blk 22,Woodlands Link,1.4533158942724,103.81089004960499
59201,1353.5652173913043,1379.55,0.01900144042647156,0.01918311667469132,0.010035587188611443,0.32382881695446397,0.009056640777917159,,Opp Chongfu Pr Sch,Yishun Ave 6,1.43871588444799,103.8403521964609
63309,984.304347826087,1003.2,0.01899590758924319,0.019177477716000594,0.010035587188611443,0.32363009058971837,0.009051057847214264,,Blk 126,Lor Ah Soo,1.35205944401441,103.88581055600547
01629,358.60869565217394,365.5,0.018982037563948673,0.019163341796638075,0.010035587188611443,0.32313191224252713,0.009037062380577427,,Shaw Twrs,Beach Rd,1.297085,103.856894
90079,473.5652173913044,482.65,0.018962451573661276,0.019143380668804243,0.010035587188611443,0.3224284300164827,0.009017299584011622,,Opp Costa Rhu Condo,Rhu Cross,1.29760718196372,103.86732745550238
28071,404.7826086956522,405.2,0.0010280795096875295,0.001028608164577547,0.010035587188611443,-0.3217315944267245,-0.00891748680767221,,Blk 105,Boon Lay Way,1.33765035288669,103.73904242961275
53061,300.7391304347826,301.05,0.0010297290130489856,0.001030259365993459,0.010035587188611443,-0.3216723481859392,-0.00891585201238692,,Bef Windsor Pk Rd,Upp Thomson Rd,1.3571583010953,103.82883507046125
64381,1090.2608695652173,1091.4,0.0010433218399343858,0.0010438662894941364,0.010035587188611443,-0.32118412614685593,-0.00890238028557524,,Hougang Stn Exit C,Hougang Ave 10,1.37299,103.891721
66511,388.04347826086956,388.45,0.001044380685087276,0.0010449262405009495,0.010035587188611443,-0.3211460949452541,-0.008901330866108979,,Yio Chu Kang Amenity Ctr,S'goon Nth Ave 6,1.37665021193432,103.87172116805385
58519,720.695652173913,721.45,0.00104469780255112,0.001045243689379487,0.010035587188611443,-0.3211347048395658,-0.008901016571362769,,Opp Blk 104B,Canberra st,1.44973306,103.831062
76151,437.7391304347826,446.09999999999997,0.018877282704555576,0.019056585075809835,0.010035587188611443,0.31936936663755705,0.00893136638116676,,Blk 237,Tampines St 21,1.355263,103.946998
84319,351.69565217391306,352.1,0.0011457930325260435,0.001146449704142041,0.010035587188611443,-0.31750360442637915,-0.008800816126896989,,Blk 428,Bedok Nth Rd,1.32980564460578,103.92771515822335
67381,1110.7826086956522,1131.9,0.018816035957996746,0.01899417308669974,0.010035587188611443,0.31716952905084533,0.008869574509769619,,Blk 326 CP,Sengkang East Way,1.39459040201234,103.88844266691056
04167,2076.5652173913045,2079.0,0.0011712542123714087,0.0011719403984597062,0.010035587188611443,-0.3165890993534924,-0.00877557870492791,,City Hall Stn Exit B,Nth Bridge Rd,1.29250006522444,103.85145315468638
09213,1815.6521739130435,1850.1,0.018784714670825764,0.018962257377402095,0.010035587188611443,0.3160445428490601,0.008837975910965308,,15 Scotts,Scotts Rd,1.3078105,103.8330555
21569,520.1739130434783,520.8,0.001200580424677966,0.0012013014098607219,0.010035587188611443,-0.3155357714996465,-0.008746509420861652,,Opp Blk 158,Corporation Dr,1.32857203912272,103.72289813113439
46861,631.4347826086956,643.4,0.018742546517482417,0.01891929052660466,0.010035587188611443,0.3145299629913722,0.008795435973420111,,Opp Blk 624B,Woodlands Ring Rd,1.43515578551993,103.79998340500156
02161,769.0,769.95,0.0012330057696328112,0.0012337662337668892,0.010035587188611443,-0.3143711301660004,-0.008714367163382853,,Aft Promenade Stn Exit C,Temasek Ave,1.2927795,103.860879
11019,1123.304347826087,1144.55,0.018720384113746213,0.01889670907614394,0.010035587188611443,0.31373394211695804,0.008773078889425105,,Alexandra Ctrl,Jln Bt Merah,1.28679632523156,103.80565677295323
14281,1079.8260869565217,1100.25,0.018720254185359053,0.018896576692546446,0.010035587188611443,0.3137292753980592,0.00877294782117447,,SAFRA Mt Faber,Telok Blangah Way,1.27699671573899,103.81804377490617
28639,1548.5217391304348,1577.75,0.018687066764139892,0.018862762703779637,0.010035587188611443,0.31253726209603316,0.008739469803968235,,Blk 288E,Toh Guan Rd,1.34045649755771,103.74395996871245
21771,688.0,688.9,0.0013053885384044506,0.001306240928882452,0.010035587188611443,-0.3117713131255773,-0.008642612567767768,,Aft Corp Dr,Yung Ho Rd,1.3266,103.723626
63029,459.69565217391306,460.3,0.0013109561009638782,0.001311815779539119,0.010035587188611443,-0.31157133950946314,-0.008637093108129535,,Opp The Helping Hand,Upp S'goon Rd,1.35727472200293,103.88218027802674
63281,1786.304347826087,1788.65,0.0013115361741053988,0.0013123966137982032,0.010035587188611443,-0.3115505046607331,-0.008636518044966957,,Blk 105 Mkt/FC,Hougang Ave 1,1.354154,103.889794
96139,485.3913043478261,494.55,0.018654803934936126,0.018829891838740852,0.010035587188611443,0.3113784579419556,0.008706925539730693,,Blk 148,Simei St 1,1.34646413372668,103.95585291875304
84009,28364.608695652172,28402.05,0.0013190838267806981,0.0013199542005082998,0.010035587188611443,-0.31127941091323713,-0.008629035549492584,,Bedok Int,Bedok Nth Dr,1.32453874317344,103.92903818515839
28541,962.2608695652174,963.55,0.0013374036294582226,0.0013382983525164302,0.010035587188611443,-0.31062140713711084,-0.008610873662683038,,Blk 551,Jurong West St 42,1.35235805602121,103.7172600000334
76549,1879.4782608695652,1914.8,0.018609151397927626,0.018783380731081427,0.010035587188611443,0.30973872730347046,0.008660876560616121,,Opp Citylife @ Tampines,Tampines Ave 9,1.360559,103.940515
80259,696.7391304347826,697.7,0.0013761712858384456,0.0013771186440683179,0.010035587188611443,-0.30922896504923564,-0.008572439084689661,,Aft Chen Li Presby Ch,Guillemard Rd,1.30989499998519,103.87988833298908
63221,2437.6521739130435,2483.4,0.018585682760771327,0.01875947155413718,0.010035587188611443,0.3088957896288017,0.008637204942261762,,Kovan Hub,Hougang St 21,1.35799327947024,103.8855063915276
59449,739.1739130434783,753.05,0.018573502594472657,0.01874706296992477,0.010035587188611443,0.30845830700088,0.008624919648189153,,Opp Naval Base Pr Sch,Yishun Ave 4,1.41552972203074,103.83953916700452
06051,1061.7826086956522,1081.7,0.018567350231196045,0.018740795287186942,0.010035587188611443,0.3082373287327528,0.008618714240362617,,Blk 55,Tiong Bahru Rd,1.28475980959972,103.83405671725487
71011,615.7826086956522,616.65,0.0014053281499402104,0.0014063160862820986,0.010035587188611443,-0.3081817197804588,-0.008543531744607665,,Aft Paya Lebar Rd,Airport Rd,1.33411688207761,103.89054392713261
05131,1274.304347826087,1298.2,0.01856383612287349,0.018737215327969885,0.010035587188611443,0.3081111103129007,0.008615169851172307,,Opp Chinatown Stn,Upp Cross St,1.284073056,103.8453381
64489,1328.8260869565217,1330.7,0.001408149529180669,0.0014091414372592599,0.010035587188611443,-0.3080803825430013,-0.00854073446596422,,Blk 946A,Hougang Ave 9,1.37488764981722,103.88067688397112
47561,408.4782608695652,416.15,0.01856205447373327,0.01873540029730296,0.010035587188611443,0.30804711770977977,0.008613372854422938,,Blk 620,Woodlands Ave 5,1.4332085,103.7984235
50179,1082.4782608695652,1102.75,0.018536994945929308,0.018709871589084354,0.010035587188611443,0.3071470390237152,0.008588097796254279,,Opp Zhongshan Mall,Balestier Rd,1.32640402126103,103.8464203281907
44469,762.9565217391305,777.25,0.018536930492975223,0.01870980593022589,0.010035587188611443,0.3071447240267735,0.008588032789774018,,Blk 414,Choa Chu Kang Way,1.38243888902379,103.74275222200647
46859,605.8260869565217,606.7,0.0014391015618153702,0.001440137565379824,0.010035587188611443,-0.3069686590866453,-0.008510046311493507,,Blk 608A,Woodlands Ring Rd,1.4362025834102,103.79739593537928
52231,334.8695652173913,341.15,0.01852635156171001,0.01869902912621339,0.010035587188611443,0.3067647539560024,0.008577363062737469,,Blk 79C,Toa Payoh Ctrl,1.3343049899737,103.8487842386021
60089,2980.5652173913045,2984.9,0.0014528055759743808,0.001453861409240082,0.010035587188611443,-0.30647644346492464,-0.008496458826028307,,Opp St. Andrew's Village,Jln Toa Payoh,1.32865054961465,103.86615967295366
81201,530.5652173913044,540.5,0.018517171781524233,0.018689677735972462,0.010035587188611443,0.30643503806699557,0.008568104586739655,,Opp Geylang Meth Sec Sch,Geylang East Ctrl,1.31869302203322,103.88300679740438
96151,348.0869565217391,348.6,0.0014685935258462735,0.0014696724374145562,0.010035587188611443,-0.3059093778247612,-0.008480804894251029,,Blk 106,Simei St 1,1.34232997550862,103.95121028080379
43629,378.5652173913043,385.65,0.01849345815054626,0.01866552119129439,0.010035587188611443,0.3055833007964673,0.008544188058466316,,St. Andrew's Mission Sch,Bt Batok East Ave 3,1.34240810773422,103.75915813592935
57129,1535.304347826087,1563.95,0.018474116386283157,0.018645818593462676,0.010035587188611443,0.30488859058882506,0.00852468122318088,,Blk 114,Sembawang Rd,1.43418656873084,103.82641445936885
66379,1453.8260869565217,1480.95,0.018472422498619245,0.018644093123338038,0.010035587188611443,0.3048277501693726,0.008522972897111462,,Blk 206,S'goon Ctrl,1.35339155862192,103.87285801649963
44201,1182.8695652173913,1184.65,0.0015027815290613589,0.0015039112710709996,0.010035587188611443,-0.30468142599527215,-0.008446906253360814,,Aft Petir Stn,Petir Rd,1.37732275970527,103.7672668951858
77291,698.5652173913044,711.6,0.01846122911445658,0.01863269111249234,0.010035587188611443,0.30442571041074007,0.008511684175218567,,Blk 753,Pasir Ris St 71,1.37746279073187,103.93476034022859
14381,1777.304347826087,1780.0,0.0015147076090604727,0.001515855358059171,0.010035587188611443,-0.3042530695434077,-0.008435080841326159,,Blk 109,Bt Purmei Ave,1.27413014152159,103.82554290547176
40369,955.0434782608696,956.5,0.0015223296851800683,0.0015234890172358207,0.010035587188611443,-0.303979302682656,-0.008427523029231736,,Blk 464A,Bt Batok West Ave 8,1.3576342194572,103.74139552039492
77279,463.60869565217394,472.25,0.018428253500864855,0.018599101628298288,0.010035587188611443,0.30324130473534183,0.00847842843193575,,Aft Pasir Ris Ind Dr 1,Pasir Ris Dr 12,1.38079641020594,103.9346621770568
10361,1539.608695652174,1568.25,0.018420202966408006,0.01859090139414109,0.010035587188611443,0.30295214866932474,0.008470309674278885,,Cendex Ctr,Lower Delta Rd,1.28038092060065,103.82353025808791
78119,819.8695652173913,821.15,0.0015586363898929534,0.001559851694915094,0.010035587188611443,-0.302675252130349,-0.008391521646567104,,Opp Blk 476,Pasir Ris Dr 3,1.37568,103.957966
62039,326.95652173913044,333.05,0.018409638447004717,0.018580140527641092,0.010035587188611443,0.30257269623838495,0.008459655726401706,,Raya Gdn,Upp Paya Lebar Rd,1.3467680506898,103.880911959518
54201,469.6086956521739,470.34999999999997,0.0015739639206850953,0.0015752032520325527,0.010035587188611443,-0.30212472364936843,-0.00837632262059992,,Opp Blk 155,Ang Mo Kio Ave 4,1.375969,103.839271
67041,1352.9130434782608,1378.05,0.01839590583523698,0.018566152858060736,0.010035587188611443,0.3020794534585196,0.008445807036555751,,Opp The Greenwich,Yio Chu Kang Rd,1.38802587904105,103.87037184486725
16891,868.2173913043478,884.35,0.018389790466587286,0.018559923969587902,0.010035587188611443,0.3018598039494755,0.008439640037539237,,Opp Blk 420A,Clementi Ave 1,1.30982186660782,103.76816139829276
72071,516.8260869565217,517.65,0.001589835457640909,0.0015910999160369053,0.010035587188611443,-0.30155465575979085,-0.008360583903859653,,Blk 133,Bedok Reservoir Rd,1.33219165087886,103.91184110459187
55119,968.304347826087,969.85,0.0015933294200438652,0.001594599443796753,0.010035587188611443,-0.3014291609334951,-0.008357119146969662,,Blk 617,Ang Mo Kio Ave 5,1.37728530731209,103.8378470631113
54339,1515.5217391304348,1517.95,0.0015999235678867407,0.0016012041284402207,0.010035587188611443,-0.3011923148136256,-0.008350580085646236,,Blk 422,Ang Mo Kio Ave 8,1.3678447007404,103.85057966582927
66489,1758.913043478261,1761.75,0.0016106889021481052,0.0016119867582384511,0.010035587188611443,-0.30080564959020967,-0.00833990459070824,,Blk 969,Buangkok Green,1.37889334025536,103.8789799431682
20059,670.9130434782609,672.0,0.0016163970803484418,0.0016177041542644027,0.010035587188611443,-0.30060062539443977,-0.00833424400201367,,Opp Cycle & Carriage,AYE,1.32332108750232,103.74769351004639
45439,1846.7826086956522,1849.8000000000002,0.001631647738070896,0.0016329795995192072,0.010035587188611443,-0.3000528580114375,-0.0083191203316712,,Blk 691A,Choa Chu Kang Cres,1.40127194398549,103.75115527801049
65229,866.1739130434783,867.6,0.001643171690363765,0.0016445224367005009,0.010035587188611443,-0.29963894503114596,-0.008307692182675555,,Blk 298,Punggol Ctrl,1.403199,103.9054445
10321,667.7826086956521,680.15,0.01832348852422072,0.018492393706930507,0.010035587188611443,0.29947839574275764,0.008372780747120213,,Opp Grace Ably of God Ch,Tanglin Rd,1.29428332949691,103.81587839882768
50031,2448.608695652174,2452.65,0.0016484160896999,0.0016497754743435128,0.010035587188611443,-0.299450578670032,-0.008302491338557148,,Opp Novena Ch,Thomson Rd,1.321378056,103.8417481
42151,7384.0,7396.2,0.0016506342452409228,0.001651997291807313,0.010035587188611443,-0.2993709077943288,-0.008300291596793609,,Beauty World Stn Exit C,Jln Jurong Kechil,1.34009254981171,103.77531978477353
84579,1175.4347826086957,1177.4,0.0016690919142643423,0.0016704856234752005,0.010035587188611443,-0.2987079521866901,-0.008281986962875363,,Aft Chai Chee St,Chai Chee Dr,1.32584772443012,103.91948961283839
40229,925.3478260869565,942.4499999999999,0.01829358299173034,0.018461935604994446,0.010035587188611443,0.29840426008463283,0.008342625273073164,,Bef Stevens Stn Exit 2,Stevens Rd,1.319241,103.825711
78121,438.17391304347825,438.95,0.001765592191534715,0.0017671517671512332,0.010035587188611443,-0.29524189155498676,-0.008186281281905152,,Bet Blks 232/233,Pasir Ris Dr 3,1.37485968829133,103.96200053620825
20281,579.5217391304348,580.55,0.0017697033725267985,0.0017712702216899224,0.010035587188611443,-0.29509422770375715,-0.008182203747815336,,Opp The Japanese Sec Sch,West Coast Highway,1.31234219524906,103.75484214400765
59589,685.1739130434783,686.4,0.0017852512639029428,0.0017868457736662526,0.010035587188611443,-0.2945357843942746,-0.008166782952574166,,Blk 505C,Yishun St 41,1.4196568772859,103.84477283466764
54221,1386.1739130434783,1388.7,0.0018193751192390195,0.001821031186334739,0.010035587188611443,-0.29331013660415545,-0.00813293720188766,,Opp Ang Mo Kio Pr Sch,Ang Mo Kio Ave 3,1.36995608006054,103.83959341119167
53041,1433.8695652173913,1436.5,0.0018315439279055212,0.0018332222289564044,0.010035587188611443,-0.29287306191539036,-0.008120867287939775,,Bef Thomson Ridge,Upp Thomson Rd,1.353099,103.834337
45461,688.695652173913,701.3,0.018110246685669296,0.018275231671184583,0.010035587188611443,0.2918192556600373,0.008157776406183688,,Blk 540,Choa Chu Kang Nth 5,1.39267723795995,103.74330600001463
64341,1181.2608695652175,1202.85,0.01809615794303543,0.018260885554574734,0.010035587188611443,0.29131322150578687,0.008143572830793063,,Bef Blk 683,Hougang Ave 8,1.3729130421635,103.88633750747994
76059,4351.869565217391,4360.1,0.0018890213394637811,0.001890806664269487,0.010035587188611443,-0.2908086098842721,-0.008063855004369286,,Opp Our Tampines Hub,Tampines Ave 5,1.35296163572491,103.94165154852797
67391,1252.3478260869565,1275.2,0.018068680418019234,0.018232906650016183,0.010035587188611443,0.29032629410610244,0.00811587192112865,,Blk 333B,Sengkang East Way,1.39425676218487,103.89144488028346
54509,678.3478260869565,679.65,0.0019149652830297015,0.0019168000000001585,0.010035587188611443,-0.2898767650858056,-0.008038119935169376,,Aft Blk 5000,Ang Mo Kio Ave 5,1.37758835823729,103.86257049780349
52279,1659.913043478261,1663.1,0.0019169593959489362,0.0019187979372270927,0.010035587188611443,-0.2898051412886515,-0.008036141849196687,,Blk 56,Lor 4 Toa Payoh,1.33702420555118,103.84992957112877
84321,351.7826086956522,358.2,0.018027308590801816,0.018190781365541173,0.010035587188611443,0.2888403163904306,0.008074165188208216,,Blk 516,Bedok Nth Rd,1.33060063600662,103.92977387914273
58469,303.0,303.6,0.0019717390548397162,0.0019736842105262933,0.010035587188611443,-0.2878375861222814,-0.007981800919039985,,Opp Innova Pr Sch,Champions Way,1.429821,103.790446
42059,1584.3478260869565,1587.5,0.001986342838216082,0.001988316924005552,0.010035587188611443,-0.2873130529285277,-0.007967313594370575,,Opp King Albert Pk Stn,Dunearn Rd,1.33679896138996,103.78180146215335
65729,490.7391304347826,499.65000000000003,0.017958900972796066,0.01812113174182213,0.010035587188611443,0.286383277318781,0.008005207594433813,,Punggol Coast Stn,New Punggol Rd,1.414675,103.911277
65099,320.8695652173913,326.7,0.017952169190819767,0.018114277995406772,0.010035587188611443,0.28614148770791914,0.007998421945985091,,Blk 604A,Punggol Rd,1.40446781720997,103.90711426733175
28481,299.3913043478261,300.0,0.002024292189229726,0.0020263424518735603,0.010035587188611443,-0.2859500024247602,-0.007929665883388578,,Blk 306,Jurong East St 32,1.34618139069958,103.73421591577221
83049,661.9565217391305,663.3,0.002024444706361983,0.0020264952780694114,0.010035587188611443,-0.2859445243718185,-0.007929514575654684,,Bef Lor 110 Changi,Changi Rd,1.318489754773,103.91002178191968
96041,2162.3478260869565,2201.5,0.01793613753296963,0.01809795606648375,0.010035587188611443,0.2855656686563365,0.007982262189705165,,Upp Changi Stn/Opp SUTD,Upp Changi Rd East,1.34153333,103.9612189
72021,479.6521739130435,488.35,0.017934102509431504,0.01809588421528717,0.010035587188611443,0.28549257544697365,0.007980210924162782,,Blk 646,Bedok Reservoir Rd,1.33096531210116,103.9063218660858
84111,931.6521739130435,933.6,0.0020863028793725036,0.0020884807235088862,0.010035587188611443,-0.2837227257999849,-0.007868145009843633,,Opp Blk 17,Bedok Sth Rd,1.31958802627855,103.93574197184712
43059,353.6521739130435,360.05,0.017878935525759587,0.018039720485472248,0.010035587188611443,0.28351110849492217,0.007924605230138423,,The Rail Mall,Upp Bt Timah Rd,1.35940861,103.7674364
59009,37142.21739130435,37220.95,0.0021174601194324794,0.0021197035212697024,0.010035587188611443,-0.28260363178057774,-0.007837232437893842,,Yishun Int,Yishun Ave 2,1.4284,103.8360975
10371,1624.3478260869565,1627.8,0.0021217076743758057,0.0021239600888101943,0.010035587188611443,-0.282451069701105,-0.007833018163075724,,Blk 129,Lower Delta Rd,1.28365072319387,103.824502653383
75269,559.6086956521739,560.8000000000001,0.002122764728727411,0.002125019388862923,0.010035587188611443,-0.2824131028208296,-0.00783196938809575,,Blk 522 CP,Tampines Ave 6,1.35917286418935,103.93814214622792
41069,1261.4347826086957,1264.2,0.0021879889559128785,0.0021903843504621633,0.010035587188611443,-0.28007040358228313,-0.007767253884574552,,Opp Tan Kah Kee Stn,Dunearn Rd,1.32652777798065,103.80758583296918
22239,1261.7826086956522,1264.55,0.002189104708757661,0.0021915025478583313,0.010035587188611443,-0.28003032839162667,-0.007766146797447769,,Blk 624,Jurong West St 61,1.34081972201603,103.69742194398371
17319,397.9130434782609,398.8,0.002220965072678993,0.002223433242507447,0.010035587188611443,-0.2788859798340565,-0.007734533362184568,,Blk 716,West Coast Highway,1.30183915639239,103.76229972130764
59561,5815.130434782609,5919.15,0.017726619544669475,0.017884668575399467,0.010035587188611443,0.2780402804251069,0.0077710938964394224,,Opp Khatib Stn Exit D,Yishun Ring Rd,1.41870141531997,103.83293375107691
75201,302.1304347826087,307.55,0.017720714056314257,0.017878657487091464,0.010035587188611443,0.2778281693174709,0.007765142533552561,,Blk 833,Tampines St 83,1.35078500992301,103.93353377368994
65691,320.5217391304348,321.25,0.002262482603546445,0.0022650439486140875,0.010035587188611443,-0.27739476878953256,-0.007693336094846234,,Opp Blk 437B,New Punggol Rd,1.420151,103.911959
46799,2430.695652173913,2474.05,0.017671784584512906,0.017828854440451073,0.010035587188611443,0.2760707389686902,0.007715834323750749,,Blk 786A CP,Woodlands Ave 6,1.44586617373151,103.79970850070715
92101,620.2608695652174,621.7,0.002313788338585532,0.0023164672125407506,0.010035587188611443,-0.2755519887123174,-0.007642423766034338,,Katong Shop Ctr,Mountbatten Rd,1.30370246223719,103.90129169936806
54181,1625.5217391304348,1629.3,0.002320214532566922,0.00232290831328566,0.010035587188611443,-0.2753211750960189,-0.007636046663260328,,Mayflower Stn Exit 6,Ang Mo Kio Ave 4,1.37053305192374,103.83653495602837
66381,1921.0,1955.2,0.017637505326154823,0.017793964620187397,0.010035587188611443,0.27483950947132774,0.0076812911643747575,,Opp S'goon Stn Exit F,S'goon Ave 2,1.35020472222222,103.8712252777778
44069,951.8695652173913,954.1,0.0023380203115346276,0.0023407556123374133,0.010035587188611443,-0.2746816338299989,-0.007618376692738369,,Blk 634 CP,Woodlands Rd,1.38592018696626,103.75717769160771
47671,1163.391304347826,1184.1,0.01762869427608127,0.017784996826108467,0.010035587188611443,0.27452303749168416,0.0076724124731754806,,Opp Admiralty Sec Sch,Woodlands Cres,1.446563,103.803336
58009,4014.608695652174,4086.0,0.017622263281531048,0.01777845147738715,0.010035587188611443,0.2742920514503615,0.007665932158219912,,Sembawang Int,Sembawang Vista,1.44748179252514,103.81941391689068
64359,1365.5652173913045,1389.8,0.017578670041781486,0.017734084184404007,0.010035587188611443,0.27272628587560543,0.007622005693107292,,Montfort Sch,Hougang Ave 8,1.37528677811119,103.88918760776436
14029,1297.4347826086955,1300.55,0.0023963362423389256,0.0023992097508712135,0.010035587188611443,-0.27258706418025996,-0.00756050334720952,,Blk 105,Lower Delta Rd,1.27247333301883,103.82418777803016
71139,1120.5217391304348,1140.4,0.017569120353007506,0.017724365187052147,0.010035587188611443,0.2723832837491787,0.007612383262496792,,Blk 302,Ubi Ave 2,1.33054224737538,103.90087888738246
84041,1679.391304347826,1709.15,0.01755440041735401,0.01770938446014154,0.010035587188611443,0.2718545786416603,0.0075975513822139325,,Blk 221A,New Upp Changi Rd,1.3246905167586,103.93468799273933
52391,842.2173913043479,857.15,0.017554106447305706,0.017709085284108604,0.010035587188611443,0.2718440199361296,0.0075972551787566196,,Opp Blk 231,Lor 8 Toa Payoh,1.3376513888146,103.8598834966415
62231,404.2173913043478,405.2,0.002421957395797314,0.0024248927038628427,0.010035587188611443,-0.27166681323536224,-0.0075350755768246,,Bef S'pore Girls' Hme,Hougang Ave 3,1.34771728070981,103.89029313192805
80251,1051.0434782608695,1053.6,0.0024271055074267522,0.002430053312394293,0.010035587188611443,-0.27148190529985017,-0.0075299662434536695,,Aft Lor 14 Geylang,Guillemard Rd,1.31009487384598,103.87992501726275
75491,408.0,409.0,0.0024420036555516944,0.002444987775061077,0.010035587188611443,-0.27094679922387,-0.007515180167738898,,Blk 614,Tampines Ave 6,1.365746,103.936676
40011,3102.260869565217,3109.85,0.0024425486983314926,0.0024455341506127073,0.010035587188611443,-0.27092722258248525,-0.0075146392209063705,,Little India Stn Exit A,Bt Timah Rd,1.30606411522588,103.84908751469008
07211,5183.608695652174,5196.4,0.002464130245915186,0.002467168710060837,0.010035587188611443,-0.2701520646806951,-0.007493219619733357,,Aft Farrer Pk Stn Exit G,S'goon Rd,1.31313747728456,103.8563561439714
05651,336.39130434782606,342.35,0.017506937818571267,0.01766108247422743,0.010035587188611443,0.2701498348857612,0.007549729318786886,,Aft Keppel Rd,Tg Pagar Rd,1.273218611,103.8430731
26261,552.1304347826087,553.5,0.002472965480822431,0.00247602578211029,0.010035587188611443,-0.26983472403929926,-0.007484450550443327,,Aft Tuas Sth Ave 4,Tuas Sth Ave 3,1.314416,103.6286355
81119,3841.695652173913,3851.25,0.0024832801082279587,0.002486366002126873,0.010035587188611443,-0.26946424713506384,-0.007474213069558753,,Paya Lebar Stn Exit C,Paya Lebar Rd,1.31856724602339,103.89169495502705
78189,1152.2173913043478,1155.1,0.0024965041216677974,0.0024996229829591936,0.010035587188611443,-0.2689892719984793,-0.007461087808428875,,Opp Blk 187,Pasir Ris St 11,1.3648,103.958657
44051,419.69565217391306,420.75,0.002503065625309553,0.0025062009094667754,0.010035587188611443,-0.26875359838073676,-0.007454575239375847,,Opp Blk 632 CP,Woodlands Rd,1.38440811744123,103.75801976703181
76131,2085.391304347826,2090.65,0.002517303227064893,0.002520474295121733,0.010035587188611443,-0.2682422175605989,-0.007440443672294446,,UOB Tampines Ctr,Tampines Ave 4,1.35184112001279,103.94254133694142
28039,614.0434782608696,615.6,0.0025275537852644803,0.002530750742259343,0.010035587188611443,-0.26787404186998376,-0.0074302693306495015,,Aft Boon Lay Sub Stn,Boon Lay Way,1.3280750000324,103.75140833297368
54311,1388.9565217391305,1392.5,0.002546100610840263,0.0025493446776564226,0.010035587188611443,-0.26720788397086,-0.007411860142267502,,Blk 332,Ang Mo Kio Ave 8,1.36143610819625,103.85257506359629
05012,627.2173913043479,638.25,0.017409343106835173,0.017561768980553037,0.010035587188611443,0.2666444647689153,0.007451402591556586,,Bef Pearl's Hill Terr,Eu Tong Sen St,1.28154583300728,103.84087722199499
43179,1379.2608695652175,1403.5,0.01740885034126105,0.01756126756126728,0.010035587188611443,0.26662676580052436,0.007450906154310099,,Blk 231,Bt Batok East Ave 3,1.3489707828044,103.75430345301592
53341,369.0,369.95,0.0025642769972646917,0.0025675675675674845,0.010035587188611443,-0.26655503136572367,-0.007393818312710005,,Bright Hill Stn Exit 2,Sin Ming Ave,1.36355638900203,103.83394166697735
59131,535.2173913043479,536.6,0.0025751295721017087,0.002578448066164283,0.010035587188611443,-0.266165232668153,-0.007383045921385572,,Blk 137,Yishun Ring Rd,1.43192545956112,103.82969184791156
54019,2325.478260869565,2366.3,0.017394417089206193,0.017546580948999354,0.010035587188611443,0.26610835768658053,0.00743636546638364,,Blk 307A,Ang Mo Kio Ave 6,1.366576359,103.8443435
44239,678.0869565217391,690.0,0.01739063883909786,0.017542736410782467,0.010035587188611443,0.26597265192150243,0.0074325591270173325,,Opp Zhenghua Pr Sch,Bt Panjang Rd,1.37846111098819,103.76983083299403
46541,1742.8260869565217,1747.3500000000001,0.002590886290649408,0.002594245537050275,0.010035587188611443,-0.26559928878293504,-0.007367405412193254,,Marsiling Mall,Woodlands Ave 3,1.43328331503309,103.78083569681783
70211,1507.8260869565217,1511.8,0.0026303157440814573,0.002633778059533675,0.010035587188611443,-0.2641830765176842,-0.007328265679905764,,Blk 90,Pipit Rd,1.32362166702646,103.88696166698931
54189,3083.9565217391305,3137.9,0.017334856254439757,0.01748597683005817,0.010035587188611443,0.26396907404497055,0.007376363502383666,,Mayflower Stn Exit 5,Ang Mo Kio Ave 4,1.37046966291161,103.83679073259783
58129,1143.6521739130435,1146.7,0.002659127090122837,0.002662665704410092,0.010035587188611443,-0.2631482414365308,-0.007299665059053558,,Blk 508 CP,Canberra Rd,1.45284216119403,103.8198821920911
84279,514.9130434782609,516.3,0.0026847461200301126,0.0026883532782736386,0.010035587188611443,-0.26222806676454263,-0.007274232713709128,,Aft Bedok Nth St 5,Bedok Nth Ave 4,1.33664160677812,103.94439635871171
59199,1003.3913043478261,1006.1,0.002693222967060649,0.002696852950088837,0.010035587188611443,-0.26192359856398817,-0.007265817493569352,,Blk 250,Yishun Ave 6,1.43609553700432,103.84224938363205
66429,1619.608695652174,1624.0,0.00270599905237745,0.0027096635724636435,0.010035587188611443,-0.2614647119411055,-0.007253134155935216,,Blk 530,S'goon Nth Ave 4,1.37352182697727,103.87243744452265
65439,1497.6521739130435,1523.75,0.017264308749595614,0.017414198265108004,0.010035587188611443,0.2614351753234147,0.007305298120271775,,Blk 220C,Punggol Way,1.40172529138051,103.89631809709375
46789,683.8695652173913,685.75,0.0027419205855707673,0.002745683087861157,0.010035587188611443,-0.2601744958344414,-0.007217472525934858,,Opp Admiralty Pr Sch,Woodlands Ave 6,1.44351138898079,103.80106305603081
21361,857.0434782608695,859.4,0.0027426252257773953,0.0027463896630354244,0.010035587188611443,-0.26014918683275984,-0.007216772971203096,,Blk 695,Jln Boon Lay,1.34302323304896,103.70767181671128
81081,3755.1739130434785,3820.35,0.017202900326354964,0.017351722381702274,0.010035587188611443,0.2592295306945081,0.007243442989424722,,Opp Aljunied Stn,Aljunied Rd,1.31621665907428,103.88168156879213
93021,504.0,505.4,0.0027684415546058716,0.0027722772277220357,0.010035587188611443,-0.2592219256523926,-0.0071911426221193874,,Opp Mandarin Gdns,Marine Parade Rd,1.30867772794032,103.92426998119757
95129,3432.3478260869565,3441.95,0.0027928342829977026,0.0027967378778490947,0.010035587188611443,-0.2583457968165979,-0.007166925009950747,,Changi Airport Ter 2,PTB2 Basement,1.355348,103.9886095
07351,858.5217391304348,873.4,0.017161819595541417,0.01730992968789549,0.010035587188611443,0.257754008469888,0.007202065542593259,,Arc 380,Lavender St,1.31351833300073,103.86054527803076
84511,1009.0869565217391,1026.55,0.017140905291555875,0.017288653581266744,0.010035587188611443,0.257002816372474,0.007181000832697276,,Blk 608,Bedok Reservoir Rd,1.33206972200071,103.91329416702288
07419,2385.304347826087,2426.5,0.01711604997321281,0.017263368862166367,0.010035587188611443,0.25611007240495176,0.007155967339401506,,Opp Veerasamy Rd,Jln Besar,1.30653024120879,103.8561630249311
46359,958.0,960.75,0.0028634667489662036,0.002867570385818481,0.010035587188611443,-0.2558088464933608,-0.0070967962849158754,,Aft Blk 336,Woodlands Ave 1,1.430947,103.783354
52199,314.7391304347826,315.65,0.0028807269173070083,0.002884880198291583,0.010035587188611443,-0.255188902264444,-0.007079658460573187,,Blk 84B,Lor 2 Toa Payoh,1.335495,103.846639
80031,2982.0,3033.35,0.01706772800206302,0.017214213878646883,0.010035587188611443,0.2543744620358817,0.007107300753646538,,Kallang Stn,Sims Ave,1.31107705658993,103.8713149052975
14389,646.2173913043479,648.1,0.002904551048716897,0.0029087733440820106,0.010035587188611443,-0.25433319608099975,-0.007056002714089113,,Aft Radin Mas Pr Sch,Bt Purmei Ave,1.27428160509375,103.82500895193466
41011,358.30434782608694,359.34999999999997,0.0029059865001244134,0.0029102129719255753,0.010035587188611443,-0.25428163807771675,-0.007054577390207632,,NUS Bt Timah Campus,Bt Timah Rd,1.32235611101422,103.81891666700089
67661,1403.4347826086955,1427.6,0.01706001185156314,0.01720636493096385,0.010035587188611443,0.25409731624695303,0.007099529792125386,,Opp Blk 178A,Rivervale Cres,1.38889400053531,103.90878400579224
71131,577.695652173913,587.65,0.01705508406419831,0.017201352366641755,0.010035587188611443,0.25392032183543667,0.007094567032015076,,Automobile Megamart,Ubi Ave 2,1.33127510693644,103.90140378909662
01012,1092.0,1110.8,0.017054114342830218,0.01720036596523298,0.010035587188611443,0.2538854917483867,0.007093590431367249,,Hotel Grand Pacific,Victoria St,1.29684825487647,103.85253591654006
98109,574.6086956521739,584.5,0.017038101029264396,0.01718407734723123,0.010035587188611443,0.25331033157990235,0.007077463655035451,,Opp Loyang Pt,Pasir Ris Dr 3,1.366943,103.965843
65459,748.8695652173914,761.75,0.017031045234528364,0.017176900330492517,0.010035587188611443,0.25305690420071025,0.007070357948236851,,Opp Blk 322 CP,Sumang Walk,1.41060953055987,103.8977216527095
64239,331.5652173913043,332.54999999999995,0.002956795762807829,0.0029611713949533338,0.010035587188611443,-0.2524566901076768,-0.007004125283693643,,Opp Blk 316,Hougang Ave 7,1.36439805444874,103.89682349089492
50229,1146.1739130434783,1165.85,0.017006359410274285,0.017151790790221774,0.010035587188611443,0.2521702480580706,0.0070454978932157864,,Opp Blk 104,Balestier Rd,1.32095764720403,103.85283489560972
84071,493.1304347826087,494.6,0.0029696293974934562,0.0029740431148261837,0.010035587188611443,-0.25199573644822887,-0.006991381455618557,,Blk 71,Bedok Sth Rd,1.32067138376849,103.9426000755741
46419,1920.2608695652173,1953.2,0.016999229124857074,0.01714453823349724,0.010035587188611443,0.2519141451506337,0.007038317396987214,,Evergreen Pr Sch,Woodlands Ave 4,1.443561111,103.7940981
01511,569.3478260869565,571.05,0.002980004222421506,0.0029844488489096203,0.010035587188611443,-0.2516230973920407,-0.006981079111606699,,DUO,Beach Rd,1.29919826103807,103.85864518302436
40351,303.4347826086956,308.65,0.016985741798608345,0.017130819765780906,0.010035587188611443,0.25142971244370294,0.007024735234249244,,Blk 461C,Bt Batok West Ave 6,1.35499656917814,103.7410021897397
80149,816.9565217391304,830.9499999999999,0.01696315957953587,0.017107850954127934,0.010035587188611443,0.250618612800079,0.007001994637834315,,S.A. Deaf,Mountbatten Rd,1.3074963710946,103.8798058337351
84409,825.9565217391305,828.45,0.0030107103680521163,0.0030152471083067117,0.010035587188611443,-0.2505202056125341,-0.006950586859860584,,Blk 550,Bedok Nth St 3,1.33291002440884,103.92669166477268
70191,506.9130434782609,515.6,0.016958621990634803,0.01710323574730322,0.010035587188611443,0.2504556333900948,0.00699742528712702,,Opp Blk 66,Circuit Rd,1.327333,103.887875
47551,1304.4782608695652,1326.8,0.01695398024195871,0.01709851462066239,0.010035587188611443,0.25028891280852184,0.006992751069009646,,Blk 630,Woodlands Ave 6,1.43472623786722,103.80188755233279
46509,318.82608695652175,319.8,0.0030405061972977876,0.0030451332245789524,0.010035587188611443,-0.24945001023425525,-0.006920997688299384,,Marsiling Pk,Woodlands Ctr Rd,1.43804390195153,103.7709643228368
47509,463.1304347826087,471.04999999999995,0.016919290010850574,0.017063231850117728,0.010035587188611443,0.24904292214663268,0.006957818863657486,,Blk 583,Woodlands Dr 16,1.430331111,103.7948411
45279,528.1304347826087,537.15,0.016902361657884057,0.017046014790468345,0.010035587188611443,0.2484348959374185,0.00694077287055807,,Blk 563,Choa Chu Kang St 52,1.39565860027275,103.74540871067298
52039,1432.1739130434783,1436.6,0.0030835520996310706,0.0030883111367290403,0.010035587188611443,-0.2479039037187733,-0.006878248786480715,,Aft Muhajirin Mque,Braddell Rd,1.34333817728421,103.85130310024304
83011,586.2608695652174,596.25,0.01686665357430428,0.017009698674761035,0.010035587188611443,0.24715234643362097,0.006904817587231473,,Casa Sarina,Sims Ave East,1.31971491091921,103.90725404505461
63191,447.5217391304348,455.15,0.01686455171939727,0.017007561070181865,0.010035587188611443,0.2470768528003091,0.006902701221623882,,Aft S'goon Nth Ave 1,Yio Chu Kang Rd,1.36426277802723,103.87403972199432
84259,1063.695652173913,1081.8,0.016861293044047265,0.017004246978111617,0.010035587188611443,0.24695980892580807,0.006899420057957686,,Blk 88,Bedok Nth Ave 4,1.33328807616427,103.93910677080204
80029,386.04347826086956,387.25,0.003112428382146426,0.0031172770164007253,0.010035587188611443,-0.24686673627379285,-0.0068495707081643745,,Bef Kg Bugis,Kallang Rd,1.3094187398083,103.86753497349068
45399,442.17391304347825,449.7,0.01683965645734009,0.01698224271558974,0.010035587188611443,0.24618267414950004,0.006877634427034394,,Regent Gr Condo,Choa Chu Kang Nth 7,1.39984083299841,103.74991277803167
10351,1137.0869565217392,1140.7,0.003169635208957189,0.0031746638141805367,0.010035587188611443,-0.24481200300377423,-0.0067927540984253605,,Blk 95B,Henderson Rd,1.28675501760897,103.82204990181914
60051,991.4347826086956,1008.25,0.016801459548655195,0.016943397879611622,0.010035587188611443,0.24481073196248904,0.006839175548485132,,Opp Kallang Pl,Boon Keng Rd,1.3141464005633,103.86571468040536
28349,1644.8695652173913,1650.1000000000001,0.0031728768295291587,0.003177915731078773,0.010035587188611443,-0.24469557169637038,-0.006789534492166448,,Opp Chinese Gdn Stn,Boon Lay Way,1.34255113741933,103.73318514055593
52451,1179.9565217391305,1199.95,0.016788188505128865,0.016929902069066485,0.010035587188611443,0.24433406761696225,0.0068258138306245796,,Blk 114,Whampoa Rd,1.3253199216809,103.85731928602708
47119,491.82608695652175,493.4,0.003188559131000801,0.0031936479929416755,0.010035587188611443,-0.24413230069567604,-0.006773958544088527,,Aft Senoko Way,Senoko Ave,1.46646104980927,103.81068004378777
77331,2769.782608695652,2778.65,0.003195209985852543,0.003200320110470285,0.010035587188611443,-0.24389341779480928,-0.006767352719884669,,Blk 747A,Pasir Ris Dr 12,1.3782973982979,103.93338764757789
65801,466.0,473.9,0.016774997886178866,0.016916488222698096,0.010035587188611443,0.24386029193109252,0.006812533262554967,,Blk 309D,Anchorvale Rd,1.3904399999914,103.88569800003212
45489,339.60869565217394,340.7,0.0031988608246189543,0.0032039826397750686,0.010035587188611443,-0.24376228834234664,-0.006763726581012693,,Bef Choa Chu Kang Lk,Choa Chu Kang Nth 5,1.3937917601606,103.75199938008781
76049,682.2608695652174,693.8,0.016747301064431674,0.016888323258033813,0.010035587188611443,0.24286548791397783,0.006784648141454752,,Opp Blk 842C,Tampines St 82,1.35118252345739,103.93633200959248
66369,1256.1304347826087,1260.2,0.003231957731667734,0.003237186138202982,0.010035587188611443,-0.24257352609421848,-0.00673085298838975,,Blk 238,S'goon Ave 2,1.35355301663986,103.86822572103661
81129,1766.5652173913043,1796.4,0.01673816003451556,0.01687902789393423,0.010035587188611443,0.2425371638425692,0.006775445134929548,,Paya Lebar Stn Exit D,Paya Lebar Rd,1.31631147367096,103.89217268755989
62229,528.9130434782609,537.85,0.0167243148663907,0.016864949130292045,0.010035587188611443,0.24203987830584026,0.006761506256120957,,The Minton,Lor Ah Soo,1.35108999372692,103.88212234368397
07111,4118.434782608696,4131.9,0.0032633744742458504,0.003268705077733292,0.010035587188611443,-0.2414451113610538,-0.006699647217098025,,Aft Blk 672B,S'goon Rd,1.30879366465919,103.8531751994068
04142,1079.608695652174,1097.8,0.016694185784328575,0.016834312384324434,0.010035587188611443,0.2409577132783523,0.006731173913027101,,Armenian Ch,Hill St,1.2930982644668,103.84965994500728
52281,340.47826086956525,341.6,0.003279566681214874,0.0032849503437744547,0.010035587188611443,-0.2408635257666572,-0.006683563361987157,,Blk 68,Lor 5 Toa Payoh,1.334382333,103.853628
28631,2114.1739130434785,2121.15,0.003292688216646411,0.0032981150691688355,0.010035587188611443,-0.24039223139659724,-0.0066705294396567335,,Opp Blk 288D,Toh Guan Rd,1.34053157728505,103.74418616293988
70341,335.3478260869565,341.0,0.016664915858624063,0.01680455015511839,0.010035587188611443,0.23990640710548974,0.0067017073976057134,,Tannery Blk,Tannery Rd,1.32626471325242,103.87490379761162
43801,396.0869565217391,402.75,0.01664058377433708,0.016779809482097917,0.010035587188611443,0.2390324564618237,0.006677212544816085,,Ren Ci @ Bt Batok St 52,Bt Batok St 52,1.35520792569828,103.75173377561002
28079,670.304347826087,672.55,0.0033396244949601694,0.0033452072538866897,0.010035587188611443,-0.2387063918211711,-0.00662390515699266,,Blk 210,Boon Lay Way,1.33839906637569,103.7386009027093
11499,366.39130434782606,372.55,0.016624359999740435,0.016763313609467482,0.010035587188611443,0.2384497370332617,0.00666088057311165,,Queenstown Pr Sch,Margaret Dr,1.29685053610951,103.80788663334461
80101,4251.826086956522,4266.15,0.0033624335074993184,0.003368092828297723,0.010035587188611443,-0.23788714629518706,-0.006601246970784851,,Kallang Stn/Opp Blk 2C,Lor 1 Geylang,1.31251933500742,103.87153830811837
76051,2170.1304347826085,2177.5,0.0033885969760856227,0.0033943447612942513,0.010035587188611443,-0.23694741667967809,-0.006575255873709154,,Our Tampines Hub,Tampines Ave 5,1.35313809279079,103.9412639409046
47521,1475.1304347826087,1499.8,0.01657420654705888,0.016712320697476017,0.010035587188611443,0.23664834419999045,0.006610394320311981,,Opp Blk 575,Woodlands Dr 16,1.43165346145517,103.79813585749302
67051,1516.3478260869565,1521.55,0.0034226012115770033,0.003428464998997245,0.010035587188611443,-0.23572606535011018,-0.006541474650417838,,Opp Seletar Hills Est,Yio Chu Kang Rd,1.3873944756683,103.87302341120069
62221,1459.0,1483.35,0.016540530273530862,0.016678082191780783,0.010035587188611443,0.23543877248476217,0.006576496004124394,,Opp The Minton,Lor Ah Soo,1.35090140225527,103.88255343944132
30121,883.695652173913,886.75,0.003446481809691093,0.0034524277570274825,0.010035587188611443,-0.23486833101684118,-0.0065177499833524565,,Blk 805D,Brickland Rd,1.37211783027051,103.74443713836388
76251,480.7826086956522,488.8,0.01650415151089124,0.016641097373882852,0.010035587188611443,0.23413213378296865,0.006539878662748461,,Blk 487B,Tampines St 45,1.35970826873107,103.95823716945422
50201,1161.1739130434783,1180.5,0.01649250342314712,0.01662925551814399,0.010035587188611443,0.23371376215226955,0.006528154466206209,,Shaw Plaza,Balestier Rd,1.32495,103.85092
67789,369.0,375.15,0.01648499436796058,0.016621621621621764,0.010035587188611443,0.23344405473484495,0.006520596419124449,,Blk 409A,Buangkok Dr,1.388633,103.877235
82029,3526.391304347826,3585.0,0.016478784705116212,0.016615308763711575,0.010035587188611443,0.2332210184024133,0.006514346284980405,,Blk 14 Mkt/FC,Geylang Rd,1.31569833821527,103.89559528546464
10061,559.3913043478261,568.7,0.016474609010719732,0.016611063697726452,0.010035587188611443,0.23307103738301052,0.006510143397439639,,Blk 140,Jln Bt Merah,1.27860472196885,103.82948638898173
84659,1916.8260869565217,1923.55,0.0034998759906983423,0.003506007708003376,0.010035587188611443,-0.23295053892353196,-0.006464702396063942,,Bef Heartbeat @ Bedok,Bedok Nth St 1,1.327201,103.93063
44269,3148.304347826087,3159.35,0.003501194470718616,0.0035073308114970054,0.010035587188611443,-0.23290318225450235,-0.006463392438761039,,Blk 223,Bt Panjang Rd,1.37577833299245,103.77422500002575
18109,455.9130434782609,463.5,0.016468462317446253,0.016604814920544157,0.010035587188611443,0.2328502627679214,0.006503956707325392,,Blk 55/Opp 5 Sci Pk Dr,Buona Vista Flyover,1.29403436577434,103.78672599789039
28469,2077.3478260869565,2084.65,0.0035072935690303453,0.0035134513200289386,0.010035587188611443,-0.23268411713733234,-0.006457332742835898,,Blk 316,Jurong East Ave 1,1.34612717332075,103.73193313637753
67559,629.7826086956521,632.0,0.003509137670532958,0.00351530190239874,0.010035587188611443,-0.232617881393769,-0.006455500547620924,,Opp Blk 471A,Sengkang West Way,1.3954939065925,103.88094503218825
53221,1444.9130434782608,1468.9,0.016453385244617813,0.01658948761125762,0.010035587188611443,0.23230873014179676,0.0064887816882657256,,Blk 115,Bishan St 11,1.34816840593896,103.8484543562104
67321,435.2608695652174,436.8,0.003521795973713715,0.0035280047837350417,0.010035587188611443,-0.2321632252253099,-0.006442923880523817,,Blk 311A,Sengkang East Ave,1.39056792623455,103.88425489183726
54241,3175.521739130435,3186.75,0.003528533343526874,0.0035347659457973303,0.010035587188611443,-0.2319212349126273,-0.0064362298965216225,,Blk 700B,Ang Mo Kio Ave 3,1.36913518643274,103.84618005827467
72179,471.4782608695652,473.15000000000003,0.0035319901960351174,0.003538235023466142,0.010035587188611443,-0.2317970729855599,-0.006432795287174374,,HomeTeamNS,Bedok Nth Rd,1.342322,103.918768
71149,310.0,315.15,0.016423872325388444,0.016559485530546997,0.010035587188611443,0.23124869621898272,0.006459077704474287,,Blk 3024,Ubi Ave 2,1.32886553888796,103.89713767691656
98021,315.60869565217394,320.85,0.01641898569239597,0.016554517989563474,0.010035587188611443,0.23107317997472013,0.006454159520356291,,Blk 275,Loyang Ave,1.36473730490409,103.96537675659532
59179,1003.5217391304348,1020.15,0.016417896399763876,0.01655341066482001,0.010035587188611443,0.2310340551720221,0.006453063197852892,,Blk 241,Yishun Ave 9,1.43221439515231,103.83988331688866
10379,781.4347826086956,784.25,0.00359156438684316,0.003598021782618812,0.010035587188611443,-0.22965730962667538,-0.006373602561778347,,Blk 25B,Lower Delta Rd,1.28373603376667,103.82489520929732
17239,4245.434782608696,4315.5,0.016365132489685408,0.01649977474710254,0.010035587188611443,0.22913890091266886,0.006399960199901347,,NTUC Fairprice,Clementi Ave 3,1.31244056,103.7658489
64111,2104.391304347826,2112.0,0.00360739597368287,0.0036139104576239614,0.010035587188611443,-0.22908867665032892,-0.006357871754659585,,Opp Blk 953,Yio Chu Kang Rd,1.37594188334629,103.87684285462154
11059,767.8695652173913,780.55,0.016357788324495637,0.016492309432254722,0.010035587188611443,0.22887511595207574,0.006392569059487571,,Queenstown Polyclinic,Queensway,1.29882892782979,103.80097389222824
63209,1408.1739130434783,1431.4,0.01634770371934735,0.01648205856036591,0.010035587188611443,0.2285129009006846,0.006382420038978955,,Parkwood Residences,Yio Chu Kang Rd,1.36605804817414,103.87522122785421
93029,1217.8695652173913,1237.95,0.016340403395898484,0.016474637939644952,0.010035587188611443,0.22825069063123715,0.006375073148616787,,Mandarin Gdns,Marine Parade Rd,1.30851455788092,103.92471047692146
95159,2172.217391304348,2180.15,0.0036435223573967335,0.003650168053777697,0.010035587188611443,-0.22779110279978337,-0.006321974409443604,,Near SATS Flight Kitchen,Airport Blvd,1.341239,103.981954
44399,1324.4347826086957,1346.25,0.016324934400838487,0.01645891422010743,0.010035587188611443,0.2276950810899376,0.006359505657988776,,Opp Blk 210,Choa Chu Kang Dr,1.38306278590518,103.74851002579776
28441,2225.5652173913045,2233.7,0.0036468540775045355,0.003653511940794246,0.010035587188611443,-0.22767143533116924,-0.006318663746869966,,Seventh-Day Advent Ch,Jurong East Ctrl,1.33576638902918,103.73884916698127
22191,451.7391304347826,453.40000000000003,0.00366177880619567,0.0036684913089410913,0.010035587188611443,-0.22713537454441876,-0.006303833211850363,,Soon Lee Depot,Soon Lee Rd,1.33130584013018,103.69832754842358
58281,781.2608695652174,784.15,0.003686504620961095,0.003693308136949971,0.010035587188611443,-0.22624728203764685,-0.006279262960738758,,Sembawang Sec Sch,Sembawang Cres,1.4450136750226,103.8162666133863
67301,927.2608695652174,942.5,0.016283562080984026,0.016416861826697934,0.010035587188611443,0.22620908567991396,0.006317871091897348,,Blk 305D,Sengkang East Ave,1.38888930138858,103.88694431255796
20199,703.695652173913,706.3,0.0036888934826286857,0.003695705824283667,0.010035587188611443,-0.2261614798035515,-0.006276889096526341,,Blk 410,Pandan Gdns,1.31908111097886,103.74819972197395
65359,513.6086956521739,522.05,0.01627026419881883,0.016403345724906607,0.010035587188611443,0.2257314573542597,0.006304489284401882,,Opp Punggol View Pr Sch,Punggol Pl,1.40552300002668,103.90435300000112
76239,2624.2608695652175,2634.0,0.003702912005505432,0.0037097762541201482,0.010035587188611443,-0.22565796777610325,-0.006262958468719803,,Blk 390,Tampines Ave 7,1.3564927293972,103.95754826481253
10141,2302.1304347826085,2310.7,0.003713928469825767,0.0037208336479648036,0.010035587188611443,-0.2252622825577666,-0.0062520109397565604,,Blk 18,Tiong Bahru Rd,1.28583847140468,103.83238179897589
64321,572.1739130434783,581.55,0.016225834837129582,0.01635818857619631,0.010035587188611443,0.22413566026643014,0.006259780811469765,,Opp Rio Vista,Hougang Ave 7,1.37229075864076,103.90046238900685
71111,1125.7391304347825,1130.0,0.0037744614214636485,0.003781593671619183,0.010035587188611443,-0.22308808278831907,-0.006191854620093109,,Blk 343,Ubi Ave 1,1.3267052749653,103.90058695177659
76459,693.5217391304348,704.85,0.01617928678202407,0.01631088018029298,0.010035587188611443,0.22246376474605217,0.006212942465867496,,Blk 323,Tampines St 33,1.35208003080961,103.95873194771903
65661,1092.7826086956522,1096.95,0.0038028327999990452,0.0038100727431734545,0.010035587188611443,-0.22206905029442092,-0.006163658513029653,,Blk 421C,Northshore Dr,1.418851944,103.9057239
44879,982.7391304347826,986.5,0.003815746218014837,0.003823035445947469,0.010035587188611443,-0.2216052310073544,-0.0061508246060481215,,Opp Blk 810 CP,Choa Chu Kang Ave 7,1.37431656227768,103.74701128990601
52059,2968.0,2979.4,0.0038323239158124522,0.0038396766588074936,0.010035587188611443,-0.22100979949849356,-0.00613434873819643,,Blk 219,Braddell Rd,1.34309745890513,103.85622585798508
43061,1055.2608695652173,1059.35,0.003863851954005959,0.0038713262533955424,0.010035587188611443,-0.21987738729131223,-0.0061030136100192695,,Hillview Stn Exit B,Upp Bt Timah Rd,1.36301133873589,103.76739148459211
82139,611.2608695652174,621.2,0.01610313531360852,0.01623348956114259,0.010035587188611443,0.2197285849705368,0.00613632079022357,,Maranatha Hall,Dunman Rd,1.30938972202558,103.89936888898059
85099,5976.391304347826,6073.4,0.0160989828644027,0.016229269711957296,0.010035587188611443,0.21957943886314157,0.00613214286893167,,Tanah Merah Stn Exit 1,New Upp Changi Rd,1.32684437763421,103.94645987386455
54091,549.3913043478261,551.55,0.00391443932711244,0.003922110751243961,0.010035587188611443,-0.21806040906756682,-0.006052733700585806,,Blk 331,Ang Mo Kio Ave 1,1.36167975047647,103.85092799797833
67151,436.17391304347825,437.90000000000003,0.0039405104165854965,0.003948284435604087,0.010035587188611443,-0.2171239974902716,-0.006026820074677852,,Kangkar Stn Exit B,Rivervale Dr,1.38353305558266,103.90215499999188
10199,1492.913043478261,1517.05,0.01602773532050339,0.01615686845168834,0.010035587188611443,0.21702039640233017,0.006060460978523746,,Delta Swim Cplx,Tiong Bahru Rd,1.28875723330649,103.81936618662205
75359,2278.086956521739,2287.1,0.003946873760304115,0.00395467292393972,0.010035587188611443,-0.21689544130605146,-0.006020495061562804,,IKEA Tampines/Aft TPE,Tampines Ave 10,1.374303,103.931336
70041,974.7391304347826,978.6,0.003949058782350967,0.003956866589430702,0.010035587188611443,-0.21681696050671884,-0.006018323192057604,,Opp Blk 4,Upp Aljunied Rd,1.33340805598283,103.87841250002135
53011,309.04347826086956,314.05,0.016018816288910998,0.01614780535689287,0.010035587188611443,0.21670004598314235,0.006051487933503918,,St. Theresa's Hme,Upp Thomson Rd,1.34555351143315,103.8382633553218
27271,631.0434782608696,633.55,0.0039578997589977405,0.003965742587878777,0.010035587188611443,-0.21649941363568412,-0.006009535384419281,,Blk 962,Jurong West St 91,1.34199989028017,103.69132051378558
28511,4947.739130434783,5027.6,0.01600879234140251,0.01613761959568196,0.010035587188611443,0.21634000961002312,0.006041403376741657,,Blk 463,Jurong West Ave 1,1.35063596491215,103.7237236090261
67141,730.3478260869565,742.15,0.016008739732271238,0.016137566137565947,0.010035587188611443,0.2163381200150506,0.006041350449778792,,Blk 119D,Rivervale Dr,1.38602111109914,103.90353194446361
83361,589.6521739130435,592.0,0.003967093066427729,0.003974972396025731,0.010035587188611443,-0.21616921188021193,-0.0060003972824909674,,Hua Yu Mansions,Lengkong Empat,1.32850781433023,103.914495706562
84231,2761.217391304348,2772.2999999999997,0.004004187041601881,0.004012214509452004,0.010035587188611443,-0.2148368844438432,-0.005963525202042856,,Blk 85,Bedok Nth Rd,1.33173871602405,103.93855496527853
44041,1572.0,1597.3,0.01595594031633052,0.016083916083916672,0.010035587188611443,0.21444169046950318,0.005988233456348286,,Junction 10,Woodlands Rd,1.3809505774787,103.7603697770399
75581,625.4782608695652,628.0,0.004017182296656152,0.004025261989034637,0.010035587188611443,-0.21437012576483594,-0.005950607360584468,,Blk 637 CP,Tampines Ave 12,1.363484,103.944546
45451,508.0,510.05,0.004019416224562811,0.004027504911591647,0.010035587188611443,-0.21428988838324128,-0.005948386723425282,,Blk 293,Choa Chu Kang Ave 1,1.3779238888638,103.73970805552322
59271,675.8695652173913,686.75,0.015946811308046982,0.01607464028776945,0.010035587188611443,0.21411379818656798,0.005979049823350718,,Blk 118,Yishun Ave 7,1.4362831713903,103.82855161345292
81111,7413.739130434783,7532.900000000001,0.01594304237951505,0.016070810782283663,0.010035587188611443,0.21397842723036195,0.00597525836735218,,Paya Lebar Stn Exit B,Paya Lebar Rd,1.31860238558389,103.89211689790608
09048,3559.086956521739,3616.3,0.015942920639972158,0.016070687086295145,0.010035587188611443,0.21397405463528896,0.0059751359003915195,,Orchard Stn/Lucky Plaza,Orchard Rd,1.3038385,103.834171
63239,301.4782608695652,302.7,0.004030962057210985,0.004039097312059349,0.010035587188611443,-0.2138751895125847,-0.005936909503597841,,Opp Blk 211,Hougang St 21,1.35891911967242,103.8878789953328
84391,1080.1304347826087,1084.5,0.0040335177346131346,0.0040416633153701614,0.010035587188611443,-0.2137833956537328,-0.0059343689957747905,,Blk 534,Bedok Nth St 3,1.33274999618407,103.92447655289592
44579,1090.8260869565217,1095.25,0.004043661093753315,0.004051847722204834,0.010035587188611443,-0.21341907029857862,-0.005924285779931851,,Aft Blk 272,Choa Chu Kang Ave 2,1.37850611289436,103.74345256107138
44229,3359.304347826087,3373.05,0.004082253636498834,0.0040905973837759456,0.010035587188611443,-0.2120329178763136,-0.0058859211301486,,Bef Pending Stn,Pending Rd,1.37656055754166,103.771459794786
64369,660.4347826086956,663.15,0.00409663904453339,0.004105041740616707,0.010035587188611443,-0.21151622820588017,-0.0058716202906297,,Blk 532,Hougang Ave 8,1.376302,103.891097
47801,581.0434782608696,590.35,0.01586290884037833,0.0159893926944055,0.010035587188611443,0.2111002209377246,0.005894649239405718,,Opp North Link Bldg,Admiralty Rd West,1.46417400978934,103.8129834777538
44009,22462.043478260868,22554.6,0.004111925415761775,0.004120390980353837,0.010035587188611443,-0.2109671780786162,-0.005856423559017647,,Choa Chu Kang Int,Choa Chu Kang Loop,1.38586897797184,103.74578895932125
70181,1939.6521739130435,1947.65,0.0041127364255384435,0.004121205332138098,0.010035587188611443,-0.21093804853476045,-0.005855617298530798,,Blk 36,Circuit Rd,1.32886177068404,103.88691723349123
81161,1042.608695652174,1046.95,0.004151268230084604,0.004159896679581543,0.010035587188611443,-0.20955407768427528,-0.005817310383473339,,Blk 56,Guillemard Rd,1.31054638768125,103.88318148792811
96141,510.3478260869565,512.5,0.004199993446726502,0.004208825780121193,0.010035587188611443,-0.20780398369542047,-0.005768867436353186,,Blk 120/Opp Simei Stn,Simei St 1,1.34470972121071,103.95324349664256
10331,369.7391304347826,371.3,0.004201318065771176,0.0042101559751376505,0.010035587188611443,-0.2077564065272235,-0.005767550457987938,,Bef Bt Merah Ctrl,Henderson Rd,1.28136306628839,103.81834423228645
59671,2648.4347826086955,2659.6,0.004205333600619809,0.004214188424110535,0.010035587188611443,-0.20761217805816856,-0.005763558074923388,,Bef Yishun Stn,Yishun Ave 2,1.427779,103.835106
46981,2132.304347826087,2166.2,0.015763897140057104,0.015888802836995078,0.010035587188611443,0.20754395595829975,0.005795058830229735,,W'lands Sth Stn Exit 2,Woodlands Ave 1,1.42742,103.793617
43371,1227.2173913043478,1232.4,0.00421074076857586,0.0042196183935715595,0.010035587188611443,-0.20741796543503832,-0.00575818205695937,,Blk 109,Bt Batok West Ave 6,1.34682313984594,103.74590277613717
75279,2551.2608695652175,2591.8,0.015758790970465952,0.015883615549725637,0.010035587188611443,0.20736055448112986,0.005789923083197415,,Opp Blk 721,Tampines Ave 9,1.3604749400553,103.93620400344062
65351,465.82608695652175,467.8,0.0042194547578162656,0.004228369190648365,0.010035587188611443,-0.20710497964986144,-0.0057495182067071595,,Punggol View Pr Sch,Punggol Pl,1.40589404110743,103.90472620505594
03071,839.0434782608696,842.6,0.004224798272385755,0.004233735313907195,0.010035587188611443,-0.20691305330510754,-0.005744205400577459,,80 Robinson Rd,Robinson Rd,1.27990609626764,103.84940030424481
92239,801.5652173913044,814.3000000000001,0.015743024189414534,0.015867598461454836,0.010035587188611443,0.20679424917469125,0.005774065138711136,,Blk 45,Marine Cres,1.30438002120698,103.91266110940761
81189,1049.7391304347825,1054.2,0.004236472149274029,0.004245458683328754,0.010035587188611443,-0.206493755389637,-0.005732598513087297,,Dakota Stn Exit B/Blk 60,Old Airport Rd,1.308338,103.888514
81089,2511.304347826087,2551.1,0.015716150826766473,0.015840299049894105,0.010035587188611443,0.20582902185151,0.005747036970687157,,Aljunied Stn,Aljunied Rd,1.31628194302502,103.88202243551633
44261,4472.260869565218,4491.35,0.004258306446272897,0.004267385916315399,0.010035587188611443,-0.20570951932949946,-0.00571088914634342,,Blk 270,Bt Panjang Rd,1.3760822219899,103.774277778025
76039,3193.130434782609,3243.7,0.015708009560578162,0.015832028857279693,0.010035587188611443,0.20553660691731804,0.0057388489496715475,,Tampines East Stn Exit C,Tampines Ave 2,1.35506418976437,103.9555498102644
45069,1090.1304347826087,1094.8,0.004270435162951003,0.004279566464775301,0.010035587188611443,-0.20527388464968105,-0.005698829622288622,,Aft Mandai Est,Woodlands Rd,1.4069390779681,103.75626773948963
53389,4521.391304347826,4592.9,0.01568843292593769,0.015812142479449474,0.010035587188611443,0.2048334607238779,0.005719160160402676,,Opp Bishan Nth Shop Mall,Bishan St 22,1.35804473736933,103.84516933880761
53291,450.95652173913044,458.1,0.01568206689221352,0.015805675805676583,0.010035587188611443,0.204604807921051,0.005712757738691089,,Shunfu Mart,Shunfu Rd,1.35231394964571,103.8371139764859
66339,3626.086956521739,3641.75,0.004309056119920385,0.0043183534516874214,0.010035587188611443,-0.2038867116560198,-0.0056604280180242795,,Blk 101,Ang Mo Kio Ave 3,1.37125183222903,103.87055805068519
64121,634.695652173913,637.45,0.004323449382401812,0.004332808973394375,0.010035587188611443,-0.20336973987252044,-0.005646116124571901,,Aft Ang Mo Kio Ave 5,Yio Chu Kang Rd,1.37974139718092,103.87650111729936
62021,312.7826086956522,314.15,0.0043482988159952995,0.004357766384924207,0.010035587188611443,-0.2024772072712182,-0.005621406686759617,,Wisma AUPE,Upp Paya Lebar Rd,1.3436889743392,103.8825074871872
77241,640.6086956521739,650.6999999999999,0.015605723804035243,0.01572812902351463,0.010035587188611443,0.20186274561903295,0.005635981451651742,,Opp Blk 640,Pasir Ris Dr 1,1.37531331487507,103.940272636011
11161,3909.086956521739,3970.55,0.01559683344381746,0.015719098874704976,0.010035587188611443,0.20154342500748498,0.005627041025270536,,C'wealth Stn Exit A/D,C'wealth Ave,1.30213305598263,103.79839083302141
52239,713.9130434782609,717.0500000000001,0.004378286721551383,0.004387885422368246,0.010035587188611443,-0.20140011296832866,-0.005591586908302232,,Blk 177,Toa Payoh Ctrl,1.33412194449168,103.84894805557066
43339,638.6521739130435,648.7,0.015586167531478345,0.015708265361609967,0.010035587188611443,0.20116033078324538,0.005616315152605828,,Blk 148,Bt Batok St 11,1.34907250002611,103.74377833982919
14241,1534.2608695652173,1558.3500000000001,0.015568753565910143,0.015690578006853563,0.010035587188611443,0.20053486252341152,0.005598803537192715,,Opp Blk 1,Henderson Rd,1.27914353103301,103.8168725087535
81049,1394.7391304347825,1400.9,0.004404341830476888,0.004414055199053093,0.010035587188611443,-0.20046427537432457,-0.005565677151243384,,Aft Lor 34 Geylang,Geylang Rd,1.314075556,103.8873525
50038,4811.652173913044,4832.95,0.0044156191595448036,0.004425382370744013,0.010035587188611443,-0.20005922051418618,-0.0055544625249127925,,Novena Stn,Thomson Rd,1.32033749274601,103.842832976035
10151,809.6521739130435,813.25,0.0044283674725713595,0.004438187181549989,0.010035587188611443,-0.19960133140596967,-0.005541784941104466,,Ctrl Green Condo,Tiong Bahru Rd,1.28572048365401,103.8285292287095
59141,1419.4347826086957,1425.75,0.0044361207508520906,0.004445974900521138,0.010035587188611443,-0.19932285207538505,-0.005534074599934384,,Blk 741,Yishun Ave 5,1.43034383196416,103.83275541050214
10099,1467.9565217391305,1490.95,0.015531689584296515,0.015652933167583306,0.010035587188611443,0.1992036123844587,0.005561532732334206,,Opp Bt Merah Town Ctr,Jln Bt Merah,1.28420923932422,103.81765723225827
53199,328.7391304347826,333.9,0.01553015179445083,0.015651371308016845,0.010035587188611443,0.19914837862767862,0.005559986391208934,,Blk 22A CP,Sin Ming Rd,1.35754830843445,103.83899242953868
59111,3932.086956521739,3993.55,0.015506329403567776,0.01562717635224063,0.010035587188611443,0.19829273495982197,0.005536031833485314,,Blk 701,Yishun Ave 5,1.43016395103424,103.82888452126694
40209,757.695652173913,769.55,0.015503833879963125,0.015624641833810992,0.010035587188611443,0.1982031016824239,0.005533522497713602,,Novotel Mercure @ Stevens,Stevens Rd,1.31388805600649,103.82738777802837
54261,13313.739130434782,13373.55,0.004482020438896228,0.00449207971551648,0.010035587188611443,-0.1976742443590413,-0.0054884278766108305,,Aft Ang Mo Kio Stn Exit A,Ang Mo Kio Ave 3,1.36946941916508,103.85075454495572
44349,699.0434782608696,702.2,0.0044989014551779505,0.00450903670579423,0.010035587188611443,-0.19706791837105178,-0.005471639368866316,,Bet Blks 443A/443B,Fajar Rd,1.3813330335154,103.7693280970516
10109,723.4782608695652,726.75,0.004505827016259012,0.004515993518574302,0.010035587188611443,-0.1968191686752528,-0.005464751678107383,,Bt Merah Sec Sch,Jln Bt Merah,1.28535315729277,103.81370529674271
43251,617.9565217391304,627.6,0.015460093662533758,0.015580219162686289,0.010035587188611443,0.19663205701869402,0.005489541204689706,,Hillbrooks,Hillview Ave,1.35859534411792,103.76319656643706
72049,629.4782608695652,639.3000000000001,0.015458140906011053,0.015578235983725323,0.010035587188611443,0.19656191864502193,0.005487577730346701,,Opp Blk 660A CP,Kaki Bt Ave 1,1.33490332816583,103.90747460787432
84289,427.0,428.95,0.004545727275108824,0.004556074766355233,0.010035587188611443,-0.19538604619824032,-0.005425068672588245,,Opp Blk 180,Bedok Nth Rd,1.32663077053638,103.94017072989195
84469,671.8695652173914,674.95,0.004567608919161081,0.004578056345309469,0.010035587188611443,-0.19460010954446283,-0.005403305499851511,,Blk 703,Bedok Reservoir Rd,1.3375152915469,103.9197283469228
43491,1702.3478260869565,1710.15,0.004570035120600835,0.004580493656992823,0.010035587188611443,-0.19451296615448738,-0.005400892404992014,,Blk 331,Bt Batok West Ave 4,1.36395398644152,103.74714799810218
67189,1366.8260869565217,1388.05,0.01539737854357437,0.01551652892561997,0.010035587188611443,0.19437947898486418,0.005426483785848064,,Opp Blk 241,Compassvale Rd,1.39059955869523,103.89742612835978
21429,1855.5652173913043,1884.35,0.015385356821868257,0.01550432074190311,0.010035587188611443,0.19394768731017184,0.005414396901116763,,Blk 185,Boon Lay Ave,1.34740203306581,103.71059149459593
77019,1292.695652173913,1312.75,0.015382674041358513,0.015501596370358311,0.010035587188611443,0.19385132820974904,0.005411699598586677,,Blk 515,Pasir Ris Dr 1,1.3737108000359,103.94351079998545
78111,1696.0,1703.85,0.004615144073638611,0.004625810253388286,0.010035587188611443,-0.19289275976043185,-0.0053560260686269755,,Blk 476,Pasir Ris Dr 3,1.37545781179514,103.95798631897796
09022,4072.7391304347825,4091.6,0.004619181936950767,0.004629866803279845,0.010035587188611443,-0.19274772930602962,-0.0053520098241074615,,Orchard Stn Exit 13,Orchard Blvd,1.30252834773643,103.83239784275958
75121,1230.6521739130435,1236.4,0.004655905234297819,0.004666760802032688,0.010035587188611443,-0.19142871573631387,-0.005315482399508953,,Opp Darul Ghufran Mque,Tampines Ave 5,1.35593392058986,103.93903255460283
67261,574.9565217391304,577.65,0.004665629538974869,0.004676530535215487,0.010035587188611443,-0.19107944182161435,-0.0053058097371723794,,Blk 203B,Sengkang East Ave,1.38657611,103.8946458
91059,359.2608695652174,360.95,0.004677674030952872,0.004688631426502403,0.010035587188611443,-0.19064683229286808,-0.005293829078826866,,Aft Margate Rd,Mountbatten Rd,1.30052638901127,103.88831333297796
43421,1009.6521739130435,1014.4,0.004686784317758708,0.004697784469778622,0.010035587188611443,-0.1903196124409213,-0.005284766979043138,,Blk 503,Bt Batok East Ave 2,1.35109278850869,103.75362047618977
76421,1278.2608695652175,1297.95,0.015273780307221152,0.015391020630118987,0.010035587188611443,0.1899401240597838,0.005302222525063846,,Opp Blk 331,Tampines St 32,1.35384124345467,103.95987193850509
67379,2753.521739130435,2766.5,0.004700555477372248,0.0047116204186002375,0.010035587188611443,-0.18982498511404158,-0.00527106850247745,,Opp Blk 313 CP,Anchorvale Rd,1.3929735,103.8871335
64079,726.8695652173913,738.05,0.015243714171446321,0.015360492204766367,0.010035587188611443,0.1888602199133469,0.0052719974263249056,,Punggol Pk,Hougang Ave 8,1.37500833299826,103.89774777801168
83111,1495.0434782608695,1502.15,0.004738964051743899,0.004750210700689263,0.010035587188611443,-0.18844544039857472,-0.005232861648601697,,Blk 17,Jln Eunos,1.32346854012914,103.90527311322877
66351,11752.478260869566,11932.6,0.015208731871677372,0.015324973180926705,0.010035587188611443,0.18760373883924716,0.0052368313150609165,,S'goon Stn Exit E,S'goon Ctrl,1.35049831450162,103.87324486521683
63349,2362.782608695652,2374.1,0.0047764056445993575,0.004787830853274578,0.010035587188611443,-0.18710062736118865,-0.005195615285144317,,Blk 708,Hougang Ave 2,1.36687207146588,103.88923358520269
52191,700.391304347826,703.75,0.0047771899301123355,0.004788618894122957,0.010035587188611443,-0.18707245768937586,-0.005194835074171185,,Blk 138B,Lor 2 Toa Payoh,1.33636138602833,103.84608389640735
92111,1067.4782608695652,1072.65,0.004828608326923778,0.004840284842319606,0.010035587188611443,-0.1852256310690325,-0.005143682472369837,,Opp Roxy Sq,East Coast Rd,1.30477657929676,103.90293341562067
04321,747.7391304347826,759.15,0.015125149851095365,0.015240113814528927,0.010035587188611443,0.18460167128823035,0.005152815100707541,,UE Sq,Clemenceau Ave,1.2921400077773,103.84303646191061
65169,962.5652173913044,967.25,0.004850144827740266,0.0048619258189691724,0.010035587188611443,-0.18445209114006905,-0.005122256517755898,,Meridian Stn Exit A,Punggol Field,1.39645725997371,103.90932129998102
54451,463.39130434782606,465.65000000000003,0.00485198685121091,0.004863776799926062,0.010035587188611443,-0.1843859300344757,-0.005120423927914146,,Blk 643,Ang Mo Kio Ave 5,1.37723501808517,103.84059645206445
45469,545.1304347826086,553.45,0.015118792641121814,0.01523365974046681,0.010035587188611443,0.18437333541355652,0.0051464251535175785,,Blk 537,Choa Chu Kang Nth 5,1.39231423792189,103.74449399998608
28329,1677.4347826086957,1702.95,0.0150874031378736,0.015201792560356786,0.010035587188611443,0.18324589905238908,0.005114874601720957,,Blk 246,Jurong East Ave 1,1.3414709231345,103.74043571670437
54109,312.9130434782609,314.45,0.004884174859096646,0.004896121883656901,0.010035587188611443,-0.18322981328433285,-0.005088400220887278,,Bef Ang Mo Kio Ave 10,Ang Mo Kio Ave 1,1.35708169204878,103.85433890252277
28321,1191.8260869565217,1209.95,0.015079820945207878,0.015194095133952729,0.010035587188611443,0.1829735647105196,0.005107253655982319,,Blk 239,Jurong East Ave 1,1.34127166427214,103.74090313908255
65541,309.39130434782606,314.1,0.015056275189918367,0.015170191903628255,0.010035587188611443,0.18212785713577306,0.00508358792516287,,Blk 228B,Sumang Crescent,1.403562,103.8912
58349,547.3913043478261,555.7,0.015037404031418511,0.0151510346467929,0.010035587188611443,0.1814500499687768,0.005064621012433901,,Blk 478,Sembawang Dr,1.45273139537549,103.81642343207659
56051,1024.3913043478262,1039.9,0.015011423461508855,0.015124660786973835,0.010035587188611443,0.1805168896390839,0.005038509199985318,,Opp Tagore Rd,Upp Thomson Rd,1.38249472962714,103.82576395474278
22021,367.6521739130435,373.2,0.01493683246513644,0.015048944450997102,0.010035587188611443,0.17783775831097812,0.00496354517204697,,Givaudan,Jln Ahmad Ibrahim,1.32168245080395,103.70369314086494
82061,5893.347826086956,5923.1,0.005034880587089674,0.005047576897545154,0.010035587188611443,-0.17781682167908286,-0.004938450045062462,,Eunos Stn/Int,Sims Ave,1.31876162629115,103.9022689641617
58211,2606.8695652173915,2646.05,0.014912182898406456,0.015023924242676573,0.010035587188611443,0.1769524044524398,0.0049387735613850405,,Sembawang Stn,Sembawang Way,1.44926202582359,103.81979401898032
53039,813.2173913043479,825.45,0.014912023532003715,0.015023762481977957,0.010035587188611443,0.17694668038997924,0.0049386134079204835,,Thomson CC,Upp Thomson Rd,1.35144681735328,103.83591070615076
59019,308.17391304347825,309.75,0.005084786436452049,0.005097735902123276,0.010035587188611443,-0.1760243221686203,-0.0048887894140764426,,Aft Sg Seletar Bridge,Lentor Ave,1.403681,103.82751
54231,1923.7826086956522,1933.6,0.005087555951409861,0.00510051953919158,0.010035587188611443,-0.17592484777294273,-0.004886033434877677,,Blk 129,Ang Mo Kio Ave 3,1.36966012463918,103.84193909880943
50331,459.3478260869565,461.7,0.00509654849511243,0.005109557990178283,0.010035587188611443,-0.175601856973455,-0.004877084788808819,,Blk 122,Mcnair Rd,1.31862919267946,103.85727882383885
27159,850.0434782608696,854.4,0.005105977736193701,0.005119035455196243,0.010035587188611443,-0.1752631810419127,-0.004867701490697175,,Blk 924,Jurong West St 92,1.34033777802121,103.69005138898682
80319,580.5217391304348,583.5,0.005108425077065881,0.00512149532710319,0.010035587188611443,-0.17517527837376123,-0.004865266059769642,,Geylang West CC,Upp Boon Keng Rd,1.31484297001272,103.87262229395158
72041,1401.2608695652175,1408.45,0.005113716477013419,0.005126813841002013,0.010035587188611443,-0.17498522386238016,-0.004860000389959308,,Blk 660A CP,Kaki Bt Ave 1,1.33470286981513,103.90743417265202
41009,1376.4782608695652,1383.55,0.00512069675989224,0.005133829934978844,0.010035587188611443,-0.17473450868964913,-0.004853054007014169,,Tengah Int,Tengah Blvd,1.3627,103.735967
97039,535.3913043478261,538.15,0.005129885185766625,0.00514306557509947,0.010035587188611443,-0.17440448226805347,-0.004843910131057943,,Bef Jln Bena,Upp Changi Rd Nth,1.35535232677111,103.96894056406585
63079,1182.608695652174,1188.7,0.005133186200569462,0.005146383572714279,0.010035587188611443,-0.17428591766102416,-0.004840625100652189,,Blk 248,Hougang Ave 3,1.35978917315442,103.89296017669749
50089,1063.391304347826,1068.9,0.005162095608571171,0.005175442179649962,0.010035587188611443,-0.17324756042729486,-0.00481185521639834,,Blk 51/Opp Pek Kio Mkt,Owen Rd,1.31665493432357,103.85044724612104
47571,437.17391304347825,443.7,0.014784004205257162,0.014893828140504177,0.010035587188611443,0.17234853040445972,0.004809970077802337,,Blk 618,Woodlands Ave 5,1.43349024051919,103.79639715585557
66009,10978.217391304348,11141.7,0.014780417267083124,0.014890187785618294,0.010035587188611443,0.17221969610941873,0.004806365893027008,,Serangoon Int,S'goon Ave 2,1.35046610176969,103.87168992264617
68031,743.5217391304348,747.4,0.00519554306424741,0.005209063302966492,0.010035587188611443,-0.1720462073055288,-0.004778568148355408,,Jln Kayu Shophouse,Jln Kayu,1.39705024252478,103.87307298530668
70049,762.3478260869565,766.35,0.005229226781044538,0.0052429230506345695,0.010035587188611443,-0.17083636824576254,-0.004745044826902622,,Aft Blk 4,Upp Aljunied Rd,1.33290666703267,103.87871499999147
45231,465.65217391304344,468.1,0.005231794782037724,0.005245504518773962,0.010035587188611443,-0.17074413175280698,-0.004742489007907593,,Blk 432,Choa Chu Kang Way,1.384581,103.742313
67009,8078.652173913044,8121.1,0.005239917603294231,0.005253669981489326,0.010035587188611443,-0.17045237931673202,-0.004734404676207862,,Sengkang Int,Sengkang Sq,1.39178060381601,103.89588499436073
84059,2964.913043478261,2980.5,0.005241604070424621,0.005255365310191013,0.010035587188611443,-0.1703918054252091,-0.004732726192079987,,Blk 65,New Upp Changi Rd,1.32493504095045,103.93953481204565
60179,2665.6521739130435,2679.8,0.005291439226613903,0.005305463616649455,0.010035587188611443,-0.16860184504552542,-0.004683125656124725,,MOM Svcs Ctr,Bendemeer Rd,1.32634025655419,103.86834025123765
40189,1846.7826086956522,1874.1,0.014675661020899788,0.014783877267700182,0.010035587188611443,0.16845710069423894,0.004701111663110201,,Newton Stn Exit B,Scotts Rd,1.312274,103.8381
46189,2016.4347826086957,2027.15,0.005297252695776855,0.0053113079459494355,0.010035587188611443,-0.1683930390485968,-0.004677339395349253,,Blk 12,Marsiling Rd,1.44008271628617,103.77854042726402
63061,609.6521739130435,612.9,0.005304524824255807,0.0053186187255245924,0.010035587188611443,-0.1681318414754648,-0.004670101254765011,,Opp Blk 25,Upp S'goon Rd,1.36623834226067,103.89129134480065
59269,355.6521739130435,357.55,0.00530711625498359,0.005321223942459989,0.010035587188611443,-0.16803876344212207,-0.004667521922939044,,Opp Blk 174,Yishun Ave 7,1.43774971409693,103.8312528105951
98291,1110.3478260869565,1126.75,0.014650960860820739,0.014758812253042245,0.010035587188611443,0.16756992964283463,0.004676295691301023,,Opp Palm Isles,Flora Dr,1.3569495,103.9652145
67371,890.0869565217391,894.85,0.005330971236618076,0.005345206147840293,0.010035587188611443,-0.16718194919192422,-0.004643778001750032,,Blk 313 CP,Anchorvale Rd,1.39259972198676,103.88713972197542
84301,994.9130434782609,1000.3,0.0053944866852448925,0.005409063127564481,0.010035587188611443,-0.1649006252183819,-0.004580555496984697,,Blk 41,Bedok Nth Ave 1,1.32782140214678,103.92656628872025
75499,651.9130434782609,661.5,0.01457660210924594,0.014683358859958405,0.010035587188611443,0.16489913999594158,0.004601591993687891,,Opp Blk 614,Tampines Ave 6,1.366074,103.936768
67549,661.2608695652174,664.85,0.005404878846157146,0.0054195115546219145,0.010035587188611443,-0.16452736349483918,-0.004570210884190889,,Opp Hockey Stadium,Sengkang East Way,1.39454660425441,103.88618230819876
75531,669.5652173913044,673.25,0.005479997225374511,0.005495039875510422,0.010035587188611443,-0.16182928982824044,-0.00449543300324638,,Opp Blk 662B,Tampines St 64,1.36908,103.935023
67759,2555.0,2569.1,0.00550127214068219,0.005516431924882277,0.010035587188611443,-0.16106514542910919,-0.004474253502599874,,Compassvale Int,Compassvale Rd,1.3912175,103.8971153
43589,903.6086956521739,908.6,0.005502472734636221,0.005517639142555814,0.010035587188611443,-0.16102202294742896,-0.004473058279690059,,Opp Blk 347,Bt Batok West Ave 5,1.36227296946091,103.75153180716009
96129,1309.304347826087,1328.4,0.014468275811126752,0.014573447921160004,0.010035587188611443,0.1610083167992672,0.004492773116222065,,Melville Pk,Simei Rd,1.3474583546739,103.95795115114063
65149,754.0,765.0,0.014464420491566266,0.014569536423840724,0.010035587188611443,0.1608698428826193,0.004488900483050627,,Bef Soo Teck Stn,Punggol Way,1.40444046572287,103.89692479945528
45261,1153.8695652173913,1160.25,0.005509604097001741,0.005524809878773992,0.010035587188611443,-0.16076588135856815,-0.0044659587910095295,,Blk 551,Choa Chu Kang St 52,1.39431509144869,103.7435570382963
01039,1790.6521739130435,1816.75,0.014461276213895147,0.014566346340516807,0.010035587188611443,0.1607569079008837,0.0044857420959953775,,Bugis Cube,Nth Bridge Rd,1.29820784139683,103.85549139837407
76511,1022.9130434782609,1028.6,0.005538772766501943,0.005554140127387682,0.010035587188611443,-0.15971821206793438,-0.004436919964075391,,The Tampines Trilliant,Tampines Concourse,1.359138,103.939389
44189,1057.7391304347825,1063.65,0.005567406132271913,0.005582932939099044,0.010035587188611443,-0.15868976961516928,-0.0044084132341377785,,Blk 803,Keat Hong Cl,1.374321,103.742872
64471,1886.7391304347825,1897.35,0.005605202086336192,0.005620940623704061,0.010035587188611443,-0.1573322287652832,-0.004370783189130347,,Blk 917,Hougang Ave 9,1.37454805598778,103.8839677779891
97011,430.2608695652174,436.5,0.014363532980824267,0.014467184191954021,0.010035587188611443,0.15724620325064545,0.004387565210130595,,The Japanese Sch,Upp Changi Rd Nth,1.35332331548207,103.96595966764757
53279,521.304347826087,524.25,0.005623879932884712,0.005639723632731543,0.010035587188611443,-0.15666136490418317,-0.0043521868057298735,,Kuo Chuan Presby Sch,Bishan St 13,1.34970265350038,103.85391302825673
92099,747.1304347826087,751.35,0.005624300380879355,0.005640146452025564,0.010035587188611443,-0.15664626341138824,-0.004351768187515442,,One Amber,Mountbatten Rd,1.3023783312326,103.89900426571224
47201,3471.304347826087,3490.9,0.005627549942609278,0.005643414347069158,0.010035587188611443,-0.15652954687646245,-0.004348532761868023,,W'lands Nth Stn,Nth Woodlands Dr,1.448472,103.7848997
40279,812.0,816.6,0.005642109901629944,0.005658056580566356,0.010035587188611443,-0.15600658774941922,-0.004334036011770384,,KK Women & Children Hosp,Bt Timah Rd,1.30981925741503,103.8460393043403
64231,593.8695652173913,602.45,0.014321023672113853,0.014424060809823697,0.010035587188611443,0.15571936990291033,0.004344870296528237,,Blk 316,Hougang Ave 7,1.36479332441286,103.8968501202605
43051,365.9130434782609,371.2,0.014306462979333467,0.014409290200260627,0.010035587188611443,0.1551963844209617,0.004330246445893249,,Opp The Rail Mall,Upp Bt Timah Rd,1.35910148170791,103.76705036241354
58369,345.2608695652174,350.25,0.01430577139301814,0.014408588648919978,0.010035587188611443,0.15517154428403376,0.004329551865078919,,Bef Acacia Hme,Admiralty St,1.46077451756536,103.81206144667213
52339,636.9130434782609,646.1,0.014298863496123637,0.014401581243183937,0.010035587188611443,0.15492342904383793,0.004322614084049299,,Opp Blk 26,Lor 6 Toa Payoh,1.332871667,103.8558608
58271,800.6086956521739,812.15,0.014295016233215385,0.014397678581113637,0.010035587188611443,0.15478524450299208,0.004318750198340911,,Blk 335,Sembawang Cres,1.44702783502401,103.81470654183288
63011,1052.695652173913,1058.7,0.005682195830463144,0.005698370125850535,0.010035587188611443,-0.15456679644783844,-0.004294123016826919,,Opp Upp S'goon Shop Ctr,Upp S'goon Rd,1.35432115760902,103.87823575937183
51089,327.1304347826087,331.85,0.01428074169099336,0.014383198621968444,0.010035587188611443,0.15427253686907794,0.004304414110257623,,Marymount Convent Sch,Marymount Rd,1.34154969745419,103.83962581957273
12129,324.39130434782606,326.25,0.005695933325179148,0.005712185996793542,0.010035587188611443,-0.15407337828407536,-0.0042804444186485486,,Blk 3,Ghim Moh Rd,1.31182111096862,103.78732611099163
92131,315.7391304347826,317.55,0.005700945862341378,0.005717227179134905,0.010035587188611443,-0.15389333986123976,-0.0042754533248640265,,Caltex Stn,East Coast Rd,1.30878111099591,103.91089222198016
71109,344.04347826086956,349.0,0.014262721447900084,0.014364919354838456,0.010035587188611443,0.1536252925613302,0.004286316463638192,,Maha Bodhi Sch,Ubi Ave 1,1.32831828375817,103.90256616022272
44301,1338.5652173913043,1346.25,0.005720381152041654,0.005736773774747949,0.010035587188611443,-0.15319527044215264,-0.004256100941778743,,Opp Blk 271,Bangkit Rd,1.377468,103.77388
60191,422.2173913043478,424.65,0.0057314378658164244,0.005747893979864686,0.010035587188611443,-0.15279813955906335,-0.004245091225628354,,Blk 7,Boon Keng Rd,1.31718305596849,103.86195722198198
80051,2817.217391304348,2833.45,0.005743360503252859,0.0057598852188405205,0.010035587188611443,-0.15236990675586926,-0.004233219130102283,,Aft Lor 1 Geylang,Sims Ave,1.31251499997324,103.87326194447365
59751,363.04347826086956,368.25,0.014200615136207517,0.01430192284724762,0.010035587188611443,0.15139458143772608,0.004223945881462778,,Opp The Shaughnessy,Yishun Ave 1,1.41725535689777,103.84590800002533
43161,1097.695652173913,1113.4,0.014192438012505804,0.014293628808864346,0.010035587188611443,0.15110087858686622,0.004215734251606886,,Blk 272,Bt Batok East Ave 4,1.34883190699072,103.75766163401367
75551,599.8695652173913,608.45,0.014179029709334934,0.014280028943560754,0.010035587188611443,0.1506192842010979,0.004202269512862933,,Blk 641A,Tampines St 62,1.366268,103.943413
81179,999.9565217391305,1005.8,0.0058209197153029635,0.00583789418816769,0.010035587188611443,-0.14958416417442974,-0.004155985248131546,,Blk 22,Old Airport Rd,1.30726086825664,103.88490711001795
98101,1180.8695652173913,1197.7,0.01414007425203323,0.014240517970790276,0.010035587188611443,0.14922009675042217,0.004163151116173114,,Loyang Pt,Pasir Ris Dr 3,1.36705781222851,103.96535083584567
84361,877.3913043478261,889.9,0.014140016442205194,0.01424045933772204,0.010035587188611443,0.14921802035878115,0.004163093065675706,,Blk 547,Bedok Nth Rd,1.32936638901809,103.92462499999526
65161,648.1739130434783,652.0,0.005876477678916636,0.005893778045676536,0.010035587188611443,-0.14758865415201367,-0.004100656645637057,,Meridian Stn Exit B,Punggol Field,1.39735631138291,103.90859112878573
59419,3153.5652173913045,3198.3,0.01408135686250489,0.014180966163601599,0.010035587188611443,0.14711110765736127,0.004104191008287771,,Blk 413,Yishun Ring Rd,1.42536,103.84607
47749,1181.7391304347825,1198.5,0.014071757889112746,0.014171231114215891,0.010035587188611443,0.14676633534457234,0.004094552685134419,,W'lands Hosp,Woodlands Dr 17,1.425821,103.793911
98129,1400.304347826087,1420.15,0.01406292311092372,0.0141622711759229,0.010035587188611443,0.14644901110740957,0.004085681771666971,,Opp Krislite Bldg,Loyang Way,1.372043,103.970477
84239,1282.0,1300.15,0.014047403177015028,0.014146531566640724,0.010035587188611443,0.14589157196371844,0.004070098549172815,,Opp Blk 85,Bedok Nth Rd,1.33151836127292,103.9383568845181
46969,620.6086956521739,629.4,0.014043750443654801,0.014142827166538308,0.010035587188611443,0.14576037446194837,0.004066430955526213,,Blk 532,Woodlands Ave 4,1.43059181782407,103.79269972105995
65159,496.7391304347826,499.7,0.005931014028761616,0.005948637316561522,0.010035587188611443,-0.1456298380683575,-0.004046342449601961,,Cove Stn Exit A,Punggol Field,1.39856872266182,103.90665292741664
77201,892.7826086956521,898.1,0.005931684394203884,0.005949311669990707,0.010035587188611443,-0.14560576013475954,-0.004045674796464053,,Pasir Ris Elias CC,Pasir Ris Dr 3,1.37864001176536,103.94276350247947
60261,3173.2173913043475,3192.15,0.0059467793600749275,0.0059644965551257385,0.010035587188611443,-0.1450635848330665,-0.00403064078644734,,Potong Pasir Stn Exit C,Upp S'goon Rd,1.33132471594343,103.86891794930561
66091,581.1739130434783,584.65,0.00595311875981519,0.005970873786407801,0.010035587188611443,-0.1448358886596473,-0.0040243269185371855,,Golden Hill Est,Ang Mo Kio Ave 1,1.35454666698201,103.86145166702076
78101,1862.7391304347825,1889.0,0.013992074085760642,0.01409042131292934,0.010035587188611443,0.1439042824925448,0.004014545799920126,,Opp Downtown East,Pasir Ris Dr 3,1.375053,103.954039
64051,1419.9565217391305,1428.5,0.005994481079786951,0.006012483936111856,0.010035587188611443,-0.14335025242164603,-0.0039831302020730906,,Blk 465A,Upp S'goon Rd,1.37239666924933,103.89777362456783
53161,719.5652173913044,729.7,0.01396705060277803,0.014065045556025021,0.010035587188611443,0.14300549845080449,0.0039894221733606395,,Marymount CC,Marymount Rd,1.362208,103.842055
44149,2029.695652173913,2058.25,0.01396341868893547,0.014061362565836965,0.010035587188611443,0.14287504873663248,0.003985775776902166,,Opp Phoenix Stn,Choa Chu Kang Rd,1.37798495709362,103.75776732086608
65071,746.9565217391304,757.45,0.013932026769792216,0.01402952973318647,0.010035587188611443,0.14174752560225645,0.003954259231293015,,Blk 203A,Punggol Rd,1.39845074063981,103.90416383740006
57089,875.7826086956522,881.1,0.0060463472407104035,0.006064663294654495,0.010035587188611443,-0.14148734317848718,-0.003931469291106698,,Blk 713,Sembawang Rd,1.42740500891774,103.82685672676006
28531,901.0869565217391,913.7,0.013885223120177592,0.013982070561017853,0.010035587188611443,0.1400664497345181,0.003907271607519562,,Blk 536,Jurong West Ave 1,1.35006115514965,103.71652940446651
06171,1721.8695652173913,1732.4,0.006093545175190229,0.006112148589310242,0.010035587188611443,-0.13979210553538807,-0.0038844558043958782,,Opp State Ct,Upp Cross St,1.286101944,103.8425356
53241,837.4347826086956,849.1500000000001,0.013876004907131367,0.013972723501348028,0.010035587188611443,0.1397353534284976,0.0038980174190648346,,Opp Blk 217,Bishan Rd,1.35615639153054,103.84995659632311
64629,540.4347826086956,548.0,0.013875820717531795,0.01397253673813531,0.010035587188611443,0.13972873777579786,0.003897832511508024,,Opp Blk 565,Buangkok Green,1.38153999996628,103.88805638900106
43369,377.4347826086956,379.75,0.0060992386086970996,0.006117876838235376,0.010035587188611443,-0.13958761093396743,-0.003878784470635175,,Blk 183,Bt Batok West Ave 8,1.34687447962614,103.7435830555251
62261,629.2173913043478,638.0,0.013839628950928606,0.013935839944808534,0.010035587188611443,0.13842881552724678,0.0038615003329271497,,Opp S'goon Sec Sch,Upp Serangoon View,1.374585,103.902922
03041,672.6521739130435,676.8,0.006138343910252253,0.006157222150509304,0.010035587188611443,-0.1381830414338048,-0.0038398300884599466,,Telok Ayer Stn Exit A,Cross St,1.28179509394707,103.84893207391676
10121,421.69565217391306,424.3,0.006142380583336937,0.00616128368648446,0.010035587188611443,-0.13803805372954484,-0.003835808907397939,,Blk 126 CP,Kim Tian Rd,1.28259924598805,103.82890541983913
84341,492.0,498.85,0.013798879370499506,0.0138945233265719,0.010035587188611443,0.13696518743747446,0.0038205942314385533,,Opp Fengshan Pr Sch,Bedok Nth Rd,1.33110349338955,103.93198370934411
06029,1338.9130434782608,1347.25,0.006202736304687484,0.006222013109221972,0.010035587188611443,-0.13587021965083992,-0.0037756828846044746,,Outram Pk Stn Exit 1,Outram Rd,1.28177041153491,103.8383828488293
54461,634.1304347826087,638.1,0.006230549750636527,0.006250000000000455,0.010035587188611443,-0.13487122676954605,-0.003747974068070214,,Blk 649,Ang Mo Kio Ave 5,1.37747997146347,103.84339938777067
60011,480.30434782608694,486.95,0.013713131813937629,0.013807588075881111,0.010035587188611443,0.1338853389803434,0.0037345227585186993,,Bendemeer Stn Exit A,Kallang Bahru,1.31471795031338,103.86376795493321
13019,1346.2608695652175,1364.85,0.013703399692368556,0.013797721625197134,0.010035587188611443,0.13353578430145888,0.003724754339653935,,Napier Stn Exit 1,Napier Rd,1.3067380217198,103.82013079894885
54071,949.6086956521739,955.6,0.006282819567442921,0.006302597877790633,0.010035587188611443,-0.13299381916633898,-0.003695898796211149,,Blk 310C,Ang Mo Kio Ave 1,1.36433664907741,103.84490672378502
67611,1065.8260869565217,1072.55,0.006282947378782211,0.0063027264946816175,0.010035587188611443,-0.13298922848676864,-0.003695771457241497,,Blk 204C,Sengkang Ctrl,1.38776293807936,103.89426271274473
84669,1496.5652173913043,1517.2,0.013684821695761684,0.01377888746951571,0.010035587188611443,0.1328685068129747,0.003706107317786271,,Blk 73,Bedok Sth Ave 3,1.31994111212465,103.94418156021838
53051,2839.9565217391305,2879.0499999999997,0.01366685621141972,0.013760674604388621,0.010035587188611443,0.1322232293094428,0.003688075413407752,,Upp Thomson Stn Exit 5,Upp Thomson Rd,1.354995,103.8316003
77199,847.1304347826087,858.8,0.013665365496398074,0.013759163377249042,0.010035587188611443,0.13216968636847135,0.0036865792016318997,,Opp Blk 500A,Pasir Ris Dr 3,1.376671,103.94637
81141,410.69565217391306,413.3,0.006305981029005814,0.006325905586651278,0.010035587188611443,-0.1321619145089987,-0.0036728226698287893,,Versailles Condo,Guillemard Rd,1.31200805596649,103.89035749999957
81211,2218.1304347826085,2248.65,0.013659225453368506,0.01375293887147367,0.010035587188611443,0.13194915061433957,0.0036804165417669192,,Geylang Polyclinic,Geylang East Ctrl,1.31904666371972,103.88666750777982
84159,1382.7826086956522,1391.55,0.006315828601308304,0.006335815502560638,0.010035587188611443,-0.1318082131141324,-0.0036630112176036815,,Opp Casafina/Temasek JC,Bedok Sth Ave 1,1.31664972197451,103.93304055596909
67599,1346.304347826087,1354.8500000000001,0.006322747089885894,0.006342777849489842,0.010035587188611443,-0.13155971744585068,-0.003656118047682229,,Opp Blk 293D,Sengkang East Rd,1.3972004371065,103.89490664468322
11009,1891.4347826086957,1903.45,0.006329008219292831,0.00634907871157493,0.010035587188611443,-0.1313348325567992,-0.003649879790174267,,Ghim Moh Ter,Ghim Moh Rd,1.3110673548964,103.78932237623975
43231,507.5652173913044,510.8,0.006340462004131631,0.006360605283406528,0.010035587188611443,-0.13092343982470855,-0.0036384677449178408,,Opp The Petals Condo,Hillview Ave,1.35393625714127,103.76006304222618
80109,635.5652173913044,644.3,0.013628449677462129,0.013721740318284837,0.010035587188611443,0.13084375788080005,0.003649527973498076,,Opp Kallang Stn/Blk 2C,Lor 1 Geylang,1.31324473748019,103.871430158598
61049,612.7826086956521,621.2,0.013620776508487253,0.013713961889920504,0.010035587188611443,0.1305681558861062,0.0036418268306245044,,Aft Bartley Rd,Upp S'goon Rd,1.34196277802503,103.8709686110327
66361,413.5652173913043,419.25,0.01361947018335563,0.013712637650760752,0.010035587188611443,0.13052123579179148,0.0036405157489393177,,Blk 319,S'goon Ave 2,1.35258501828366,103.86824850324253
84471,1963.4782608695652,1990.3999999999999,0.013611215003174415,0.01370426930482612,0.010035587188611443,0.130224729337685,0.0036322305498425944,,Blk 745,Bedok Reservoir Rd,1.3373330466218,103.92199745160043
27351,1009.2608695652174,1023.1,0.013605593898118329,0.013698571182647442,0.010035587188611443,0.1300228326023318,0.003626589043492765,,Blk 715,Jurong West Ave 5,1.34423200986065,103.69613170622605
67271,463.39130434782606,469.75,0.013599642376716403,0.013692538151858821,0.010035587188611443,0.12980906809705314,0.003620615956143027,,Blk 201 CP,Sengkang East Rd,1.388381,103.8921
70221,1796.2173913043478,1820.8,0.013585448272839251,0.013678149796787943,0.010035587188611443,0.12929924961732936,0.0036063705619674355,,Blk 79 FC,Circuit Rd,1.32620809233247,103.88512100988676
64241,1027.4347826086955,1041.5,0.01358365679104434,0.013676333812463337,0.010035587188611443,0.12923490384861872,0.0036045726210358077,,Blk 308,Hougang Ave 5,1.36712666702422,103.89641722203109
67201,1041.304347826087,1055.55,0.013574901899513492,0.013667459224961502,0.010035587188611443,0.12892044895037125,0.0035957862103247378,,Blk 206A,Compassvale Rd,1.38669709800422,103.89628892246895
53349,1336.4782608695652,1354.75,0.013568860638564217,0.013661335413822324,0.010035587188611443,0.12870346121381315,0.0035897232446066474,,Bright Hill Stn Exit 1,Sin Ming Ave,1.3637398272719,103.83379317461136
66421,652.3478260869565,656.55,0.006411160691397022,0.006431756172223252,0.010035587188611443,-0.12838411098985855,-0.0035680238024278846,,Blk 537,S'goon Nth Ave 4,1.37365500000249,103.87340722201968
84549,427.2608695652174,433.1,0.013542404068562774,0.01363451776649724,0.010035587188611443,0.12775320409201255,0.0035631720540691613,,Opp Blk 42,Chai Chee St,1.32720168851924,103.92512088883021
82009,1901.9130434782608,1927.85,0.013538077573701734,0.013630132291452027,0.010035587188611443,0.12759780667829212,0.003558830152555155,,Eunos Int,Eunos Rd 2,1.31933717157385,103.90180834139497
21449,2122.8695652173915,2151.8,0.0135296289095157,0.013621568507031771,0.010035587188611443,0.1272943507385372,0.003550351456825144,,Boon Lay Shop Ctr,Boon Lay Pl,1.34639805597018,103.71306138901696
66589,706.6521739130435,711.25,0.006476280185585992,0.0064972966330785736,0.010035587188611443,-0.1260451735116538,-0.00350313454338925,,Buangkok Sports Pk,Buangkok Cres,1.381992,103.8794283
59129,1220.8695652173913,1237.45,0.01347848143751662,0.01356972565206568,0.010035587188611443,0.12545725509361527,0.0034990237059778786,,Opp Blk 121,Yishun Ring Rd,1.43490004260739,103.830267560125
43549,553.7391304347826,561.25,0.013448622846831348,0.013539462340308618,0.010035587188611443,0.12438480547357526,0.00346906108669899,,Regent Hts,Bt Batok East Ave 5,1.352709,103.7552615
58601,375.0869565217391,377.55,0.006527780552540108,0.006549132947976665,0.010035587188611443,-0.12419540271858336,-0.0034518132676286846,,Blk 108A,Canberra Wk,1.448139,103.831129
45401,1337.1739130434783,1355.25,0.013417605194122828,0.013508025212814839,0.010035587188611443,0.1232707251001103,0.00343793631456964,,Blk 681,Choa Chu Kang Cres,1.40279972616248,103.74594266826703
22469,1059.8260869565217,1074.15,0.013412254805662549,0.013502602565678987,0.010035587188611443,0.12307855186153469,0.003432567546177087,,Blk 653B,Pioneer Rd Nth,1.33649062479414,103.69631873743737
46179,708.8260869565217,713.5,0.006563005287770096,0.006584588999142073,0.010035587188611443,-0.12293021393885825,-0.00341670950335034,,Blk 18,Marsiling Lane,1.44401436320878,103.77787477069215
52079,3867.217391304348,3892.8,0.006591766042047809,0.006613539547483817,0.010035587188611443,-0.12189719599362715,-0.0033880466040337657,,Opp Trellis Twrs,Jln Toa Payoh,1.32931477158443,103.84382885735747
67191,805.304347826087,810.65,0.006607938762312138,0.006629819358317264,0.010035587188611443,-0.12131631031535406,-0.0033719285473633467,,Blk 223D,Compassvale Rd,1.389133,103.897095
46989,549.0,552.65,0.006614439917600912,0.006636363636363884,0.010035587188611443,-0.12108280426703592,-0.003365449292444383,,W'lands Sth Stn Exit 1,Woodlands Ave 1,1.42802334589801,103.79221259917931
44219,714.695652173913,719.45,0.00662100698100776,0.006642974302897832,0.010035587188611443,-0.12084693095574374,-0.003358904308665793,,Bet Blks 139/140,Petir Rd,1.37578333297826,103.769352222019
64039,1302.391304347826,1311.05,0.006621236172582812,0.006643205017013066,0.010035587188611443,-0.12083869893902964,-0.0033586758868971336,,Blk 434,Hougang Ave 8,1.37668753222312,103.89393761218089
80011,887.3478260869565,893.25,0.0066220157959566706,0.006643989819890758,0.010035587188611443,-0.12081069672017469,-0.0033578988817226157,,Aft Padang Jeringau,Kallang Rd,1.30972720802554,103.86737828692955
44809,786.695652173913,791.95,0.006648380897748218,0.006670530441021762,0.010035587188611443,-0.11986372491910412,-0.0033316219648816194,,Blk 628,Senja Rd,1.38500083704863,103.75978425435241
45249,474.4347826086957,480.79999999999995,0.013299372999052927,0.013388203017833113,0.010035587188611443,0.11902410562581095,0.0033193046579215366,,Blk 511A,Choa Chu Kang Way,1.38856706129182,103.74086222271667
60219,1792.3913043478262,1804.4,0.006673763054290127,0.006696082234289979,0.010035587188611443,-0.11895205817548272,-0.003306324051033515,,Bef Siemens Ctr,MacPherson Rd,1.32829192682419,103.8704918465033
63039,4614.04347826087,4644.95,0.006674583359165709,0.006696908032333167,0.010035587188611443,-0.11892259477376335,-0.003305506458016334,,Kovan Stn Exit C,Upp S'goon Rd,1.360036,103.885203
59291,976.7826086956521,989.85,0.013275796783886129,0.013364311441148854,0.010035587188611443,0.11817730400465855,0.0032956504649531856,,Blk 666,Yishun Ave 4,1.4189297001887,103.8407248899634
59321,708.4782608695652,717.95,0.013261958214154212,0.01335028802549337,0.010035587188611443,0.11768025546652339,0.0032817663842006294,,Blk 794,Yishun Ring Rd,1.42004673882783,103.831802328761
28301,5200.086956521739,5269.5,0.013257600869138741,0.013345872518286868,0.010035587188611443,0.1175237499885696,0.0032773947489211307,,Blk 131,Jurong Gateway Rd,1.3348645,103.740441
65331,679.9130434782609,684.5,0.0067138904650843045,0.006736479152033118,0.010035587188611443,-0.11751077694044335,-0.0032663285120094064,,Opp Blk 268D,Punggol Field,1.4028650002354,103.89851804993967
77021,1043.5217391304348,1057.45,0.013246459069573113,0.013334582084582606,0.010035587188611443,0.11712356302607461,0.0032662164955531577,,Opp Blk 571,Pasir Ris Dr 1,1.3726630000055,103.94557280001845
76189,1126.0434782608695,1133.65,0.006726420261461641,0.006749093434149559,0.010035587188611443,-0.11706073643097345,-0.003253839563821401,,Opp Blk 216,Tampines St 23,1.3537000000187,103.95279611102576
83119,1428.2608695652175,1447.3,0.013233018608410418,0.013320962492014287,0.010035587188611443,0.11664081360166176,0.0032527322255521116,,Opp Blk 16,Jln Eunos,1.32306974700238,103.90560762847845
64201,1846.0,1858.5,0.006744933165885314,0.006767731456416354,0.010035587188611443,-0.11639579689902166,-0.003235386726611305,,Aft Hougang Ave 3,Tampines Rd,1.36172833297814,103.89420777799334
43619,1184.5217391304348,1200.3,0.013221339869599724,0.013309128250266589,0.010035587188611443,0.11622134105749196,0.0032410155673493627,,Blk 289E,Bt Batok East Ave 3,1.34406411828167,103.75861329619691
67441,2079.521739130435,2107.2,0.013215804459443703,0.013303519184151139,0.010035587188611443,0.11602252227929964,0.003235462232212863,,Sengkang Community Hub,Sengkang East Rd,1.392382,103.893479
21369,625.6521739130435,629.9,0.0067557312228112565,0.006778602650385603,0.010035587188611443,-0.11600795635525783,-0.0032246235474648077,,Opp Blk 695,Jln Boon Lay,1.34309123717886,103.70800310705765
64129,1159.8695652173913,1175.3,0.013204569507204944,0.013292134831461185,0.010035587188611443,0.11561898949415826,0.0032241909930264896,,Blk 988B,Yio Chu Kang Rd,1.37995970749936,103.87686804999332
84411,762.9565217391304,768.15,0.006775130173017452,0.0067981332878034,0.010035587188611443,-0.11531119216443918,-0.00320528696401614,,Blk 526,Bedok Nth St 3,1.33383806396564,103.92928425024714
43429,1054.3478260869565,1068.35,0.013180581684947512,0.013267828451365723,0.010035587188611443,0.11475740392447298,0.003200126118081718,,Blk 240,Bt Batok East Ave 2,1.35108692530475,103.75389074656302
43439,603.0869565217391,611.1,0.01317751253334798,0.013264718583561605,0.010035587188611443,0.11464716729269558,0.0031970471495349046,,Blk 242,Bt Batok East Ave 2,1.3512355,103.756353
53121,1961.913043478261,1987.9,0.013152105543522197,0.013238974904201813,0.010035587188611443,0.11373460859653245,0.003171559256151416,,Marymount Stn,Marymount Rd,1.35016694219359,103.83947418569129
43511,449.5652173913044,452.65,0.006823142360570245,0.006846473029045691,0.010035587188611443,-0.11358670848598881,-0.003157427520393126,,Bt Batok Swim Cplx,Bt Batok East Ave 6,1.34497394208663,103.74849870531534
76349,340.0869565217391,344.6,0.013144587691917842,0.01323135755258183,0.010035587188611443,0.11346458523268411,0.0031640175895838196,,Dunman Sec Sch,Tampines Ave 9,1.3603851367314,103.95556569101933
84209,3998.0434782608695,4050.9,0.013130704822254202,0.013217291091347467,0.010035587188611443,0.11296594554627792,0.0031500908909478658,,Bedok Resvr Stn Exit B,Bedok Nth Ave 3,1.33702513693776,103.93333589306084
72019,3012.6521739130435,3052.45,0.013119408829552981,0.01320584586086529,0.010035587188611443,0.11256022033278434,0.0031387593788433908,,Opp Blk 322,Jln Eunos,1.32884628389091,103.90546507501655
59469,1052.3478260869565,1066.25,0.013111748876563745,0.013198084781442364,0.010035587188611443,0.11228509302488757,0.0031310754125343163,,Blk 419,Yishun Ave 11,1.42357927683882,103.84747960044407
50211,2173.8260869565215,2202.45,0.013075612545637938,0.0131614721816838,0.010035587188611443,0.11098716189412805,0.0030948265909848988,,Opp Balestier Pt,Balestier Rd,1.32306968689436,103.8525670514891
27139,506.47826086956525,513.15,0.01306117740172752,0.013146847155585801,0.010035587188611443,0.11046868582922834,0.003080346877315888,,Blk 934,Jurong West St 91,1.34202746082141,103.68898154351334
77059,829.7826086956521,835.55,0.006918132922969278,0.00694211848440408,0.010035587188611443,-0.11017487322470577,-0.0030627323863091716,,Blk 425,Pasir Ris Dr 1,1.36936138996292,103.95506338293471
54479,1100.8260869565217,1115.25,0.013005970761004626,0.013090916265487832,0.010035587188611443,0.10848579449014864,0.003024971709542197,,Blk 538,Ang Mo Kio Ave 5,1.37579335077466,103.853200441537
70019,1321.0,1338.3,0.013001347981445477,0.013086232980333469,0.010035587188611443,0.10831975523417721,0.0030203349569230134,,Blk 125,Aljunied Rd,1.32322990499562,103.88145725676175
92151,452.9130434782609,458.85,0.012994703841227029,0.013079501915709259,0.010035587188611443,0.10808111350698137,0.003013670771314521,,Christ Meth Ch,East Coast Rd,1.3098029425373,103.91602380242344
28029,624.5652173913044,628.9499999999999,0.006984862270273062,0.007009313316651951,0.010035587188611443,-0.10777811364834841,-0.0029962051935051013,,8 @ Tradehub 21,Boon Lay Way,1.32688998200812,103.75436027668461
95051,643.1304347826087,647.65,0.006992035938505836,0.007016537293284173,0.010035587188611443,-0.10752045253327354,-0.002989052993400618,,3rd Cargo Agents,Airport Cargo Rd,1.375293,103.996226
59231,1526.1739130434783,1536.9,0.00699893773898097,0.007023487544484327,0.010035587188611443,-0.10727255626197361,-0.002982171799026566,,Blk 227,Yishun Ring Rd,1.43537970016985,103.83680745007868
59639,1656.086956521739,1667.75,0.0070136278118253514,0.0070382809015298396,0.010035587188611443,-0.10674492375559122,-0.002967525426925274,,Bet Blks 445/449,Yishun Ring Rd,1.42318166665872,103.84412388893058
52429,1152.608695652174,1167.65,0.012954211102745639,0.013038480382920036,0.010035587188611443,0.10662671056959938,0.0029730568233412554,,Blk 17A,Lor 7 Toa Payoh,1.33630975081569,103.85712939407202
44289,2186.173913043478,2214.65,0.012935554357716761,0.013019580558592238,0.010035587188611443,0.10595660462493829,0.002954344785302672,,Blk 6,Teck Whye Ave,1.38140148022937,103.75380266661918
40101,890.7826086956521,897.1,0.0070590300241502035,0.0070840037053289525,0.010035587188611443,-0.10511418418485922,-0.0029222569191825107,,KK Women & Children Hosp,Kg Java Rd,1.31036186651665,103.84779148902439
20239,2780.782608695652,2816.85,0.01288223446475012,0.01296556790297105,0.010035587188611443,0.10404148078150607,0.002900868792668063,,Aft Hasanah Mque,Teban Gdns Rd,1.32246879634748,103.73947011845992
44801,319.3478260869565,323.5,0.012878174138151621,0.012961454940282318,0.010035587188611443,0.10389564349924126,0.0028967966958618747,,Opp Blk 628,Senja Rd,1.38503510909651,103.75908340599958
72059,946.5217391304348,958.8,0.0128750490574836,0.01295828935896839,0.010035587188611443,0.10378339802823629,0.0028936625673677053,,Opp Kaki Bt Ind Est,Kaki Bt Ave 1,1.333808,103.904357
52009,30108.0,30322.6,0.0071021568506353105,0.007127436978975574,0.010035587188611443,-0.10356517106615575,-0.0028792551931071777,,Toa Payoh Int,Lor 6 Toa Payoh,1.33202083385749,103.84692763524869
54611,601.2173913043479,605.55,0.007168669970979202,0.00719442639520585,0.010035587188611443,-0.10117617784834569,-0.002812931375332861,,Blk 220,Ang Mo Kio Ave 1,1.36489470522366,103.84057417396242
63051,785.5217391304348,795.65,0.01279507307632688,0.012877280265340121,0.010035587188611443,0.10091085084381213,0.002813458369955462,,Opp Blk 370,Upp S'goon Rd,1.36415166798646,103.8891427848695
64481,1538.086956521739,1549.2,0.007194599641263899,0.007220542953190265,0.010035587188611443,-0.10024484571222106,-0.0027870743082000957,,Bet Blks 930/931,Hougang Ave 9,1.37514474329335,103.8807864140804
59439,1852.304347826087,1865.7,0.0072019862465166895,0.007227982921221582,0.010035587188611443,-0.09997953640542086,-0.0027797082627600287,,Blk 858,Yishun Ring Rd,1.417834,103.838374
44539,9046.304347826088,9111.7,0.0072021937442858786,0.0072281919188027875,0.010035587188611443,-0.09997208357865915,-0.0027795013417526355,,Lot 1/Choa Chu Kang Stn,Choa Chu Kang Ave 4,1.38463078337388,103.74502387945829
59351,824.695652173913,835.3,0.012761154602384472,0.012842925596334853,0.010035587188611443,0.09969257986527551,0.002779445044641951,,Opp Blk 322,Yishun Ctrl,1.42877888900017,103.8402288889874
58259,4344.652173913044,4400.35,0.012735467029701297,0.012816908454227003,0.010035587188611443,0.09876994329966528,0.002753686405602046,,Opp Sun Plaza,Sembawang Dr,1.44777267175187,103.81895151565973
70131,549.7391304347826,553.75,0.007256312258220099,0.0072827030867604805,0.010035587188611443,-0.09802827516795234,-0.00272553178993771,,Bef Davidson Rd,MacPherson Rd,1.3327616336301,103.88503448837113
54581,391.7391304347826,394.6,0.00725799852786313,0.007284401638436753,0.010035587188611443,-0.09796770836970606,-0.0027238501148583194,,Blk 574,Ang Mo Kio Ave 10,1.37105833303092,103.85665833302312
28521,1854.1304347826087,1877.8500000000001,0.01270487871403514,0.012785928564732917,0.010035587188611443,0.097671283692465,0.002723014328412849,,Blk 457,Jurong West Ave 1,1.35097548065061,103.72120042369096
44581,457.39130434782606,463.25,0.012700004585015634,0.01278099212747838,0.010035587188611443,0.09749621656119639,0.0027181269389810777,,Blk 489A,Choa Chu Kang Ave 5,1.37532277779344,103.74031352986161
70291,922.2608695652174,929.0,0.007272759329079115,0.007299270072992035,0.010035587188611443,-0.0974375354682979,-0.002709129411207999,,Asiawide Ind Bldg,Upp Paya Lebar Rd,1.33743499996855,103.88713611112668
27419,800.3478260869565,806.2,0.007276376416926134,0.007302913569529546,0.010035587188611443,-0.09730761826865258,-0.0027055221159961013,,Blk 827,Jurong West St 81,1.34575472199235,103.6928200000021
67591,1467.0869565217392,1485.8,0.012665996315107897,0.01274654978380626,0.010035587188611443,0.09627472032498051,0.0026840268101252364,,Blk 286B,Sengkang East Rd,1.39790048032037,103.8953647897483
11169,7390.260869565218,7484.4,0.012656117906605147,0.012736545509090983,0.010035587188611443,0.0959199113670815,0.0026741219366314965,,C'wealth Stn Exit B/C,C'wealth Ave,1.30270500001823,103.79838166697326
76241,2675.1304347826085,2709.15,0.012632100390300494,0.012712222384688587,0.010035587188611443,0.09505725925778638,0.0026500404837491312,,Blk 497D,Tampines Ave 7,1.35845802746258,103.95917058122039
67521,777.6521739130435,783.4,0.007354651484601682,0.007381763359205029,0.010035587188611443,-0.09449616385434047,-0.002627455767962802,,Blk 160,Sengkang East Dr,1.38710967446608,103.90839913039454
53059,1222.5652173913043,1231.6,0.00735685310909151,0.007383981238007316,0.010035587188611443,-0.09441708673471098,-0.0026252599257267292,,Upp Thomson Stn Exit 2,Upp Thomson Rd,1.355471,103.8312231
76139,2700.0434782608695,2720.0,0.00736128802249425,0.0073884489086342734,0.010035587188611443,-0.0942577951846237,-0.0026208366453159943,,Opp Century Sq,Tampines Ave 4,1.35162691843499,103.94385009279503
65339,601.695652173913,606.15,0.007363530951047359,0.007390708411484352,0.010035587188611443,-0.09417723452119811,-0.0026185995926034564,,Blk 268C,Punggol Field,1.4031330662473,103.8980438895579
45321,7601.173913043478,7697.55,0.012597751858217876,0.012677437803830615,0.010035587188611443,0.09382354161286402,0.002615601518133281,,Yew Tee Stn,Choa Chu Kang Dr,1.397347,103.747665
59389,1167.695652173913,1176.35,0.007377850532996888,0.007405133928572084,0.010035587188611443,-0.09366290916730662,-0.0026043174056481575,,Opp Blk 314,Yishun Ring Rd,1.43202071867504,103.84208246442347
65301,328.95652173913044,331.4,0.007378169506530696,0.00740545526419888,0.010035587188611443,-0.0936514523959961,-0.0026039992627719354,,Damai Stn Exit B,Punggol Dr,1.404519,103.9093865
56099,1329.304347826087,1339.2,0.007411107549591733,0.007438637774944779,0.010035587188611443,-0.0924683961647757,-0.002571146449300024,,Springleaf Stn Exit 2,Upp Thomson Rd,1.39606817759915,103.8188299218487
01059,388.82608695652175,393.75,0.01255194434951612,0.01263105063573476,0.010035587188611443,0.09217824475943921,0.0025696752471342822,,Bugis Stn Exit B,Victoria St,1.30075679526626,103.85611040457583
44771,1341.0869565217392,1351.1000000000001,0.007433106716368876,0.007460800829338398,0.010035587188611443,-0.09167823837400696,-0.0025492036042411596,,Fajar Stn,Fajar Rd,1.38458556236413,103.77079566381067
84029,1979.695652173913,1994.5,0.007446523023696194,0.007474317323733069,0.010035587188611443,-0.09119635649796048,-0.0025358214080432075,,Opp Blk 32,New Upp Changi Rd,1.32295305994698,103.92517704260585
52161,531.9130434782609,535.9,0.0074535920165077485,0.0074814391776121935,0.010035587188611443,-0.09094245507526018,-0.002528770316012928,,Braddell Stn/Blk 111,Lor 1 Toa Payoh,1.34093830148518,103.84540645330499
09011,1175.0434782608695,1183.85,0.007460364193124569,0.007488262042959273,0.010035587188611443,-0.09069921458490658,-0.002522015241802059,,Opp Ngee Ann City,Orchard Turn,1.30211335092372,103.83431672376756
70101,838.0,848.55,0.012496091064561732,0.012574493444577098,0.010035587188611443,0.09017212749628034,0.002513680001149848,,Bef Jln Wangi,MacPherson Rd,1.3296996501314,103.87395296821519
71059,342.8695652173913,345.45,0.00747609348312217,0.007504109242634397,0.010035587188611443,-0.09013425586802556,-0.0025063254979196324,,Bef Kim Chuan Rd,Hougang Ave 3,1.34065465828861,103.89195372882892
10209,3825.2608695652175,3873.35,0.0124898547380905,0.0125681787191499,0.010035587188611443,0.08994813346973651,0.0025074280180442093,,Redhill Stn,Tiong Bahru Rd,1.28954631749853,103.81672885450702
70031,1379.5652173913043,1396.9,0.012478117360146257,0.012556293893490443,0.010035587188611443,0.08952655474724248,0.0024956612785251193,,Opp Aljunied Pk,Aljunied Rd,1.3292670732562,103.87941087761011
14279,2165.304347826087,2181.6,0.007494176527143459,0.007522328148519605,0.010035587188611443,-0.08948475590018672,-0.00248828761280321,,Blk 25,Telok Blangah Way,1.27591552267791,103.81920892602811
75271,771.4347826086956,777.25,0.007500227921220848,0.007528425081616453,0.010035587188611443,-0.08926740420574761,-0.0024822512580705823,,Blk 721,Tampines Ave 9,1.36024833439953,103.93601495043112
63219,1618.9565217391305,1639.25,0.012449358791349674,0.012527174642368093,0.010035587188611443,0.08849361529929986,0.0024668313526376557,,Bef Yio Chu Kang Chapel,Yio Chu Kang Rd,1.368497,103.876166
46979,1338.6521739130435,1348.8,0.007546424765600079,0.00757497079060176,0.010035587188611443,-0.08760812334002371,-0.00243616802142457,,Opp Blk 507,Woodlands Ave 1,1.43130555598072,103.79065444401148
45369,1062.608695652174,1075.9,0.01241898732040081,0.012496423169684601,0.010035587188611443,0.08740274423902468,0.0024363854227382065,,Blk 765,Choa Chu Kang Nth 5,1.3925860608387,103.75002597798891
76351,2091.173913043478,2107.05,0.007559674385578141,0.00758832086450565,0.010035587188611443,-0.08713222847743879,-0.0024229505921842306,,Blk 484,Tampines Ave 9,1.36213822350227,103.95309131019367
53361,750.5217391304348,759.9,0.012401806755901745,0.0124790280590106,0.010035587188611443,0.08678565919092887,0.00241916314770687,,Blk 454,Sin Ming Ave,1.35929833296604,103.83032083300758
44339,460.7826086956522,464.3,0.007588122458213498,0.007616985217965011,0.010035587188611443,-0.0861104413137296,-0.0023945710441535045,,Blk 442D,Fajar Rd,1.38084522961484,103.77114903339667
66509,330.52173913043475,333.05,0.007597296825023747,0.007626229508196829,0.010035587188611443,-0.08578091986030704,-0.00238541860403251,,Blk 546,S'goon Nth Ave 5,1.37528324399418,103.87015339999972
53379,1947.1304347826087,1971.35,0.012355563932870517,0.01243220925301846,0.010035587188611443,0.08512472688129111,0.0023728095275117062,,Blk 245,Bishan St 22,1.36018670154842,103.84386020713477
48119,348.1304347826087,350.8,0.007617241291799637,0.007646326276462768,0.010035587188611443,-0.0850645620106965,-0.0023655215147409562,,Bird Paradise,Mandai Lake Rd,1.410027,103.778718
67639,374.1304347826087,377.0,0.007620404039690776,0.0076495132127959485,0.010035587188611443,-0.08495096362255129,-0.0023623662434083385,,Blk 436A,Fernvale Rd,1.393047,103.875914
43621,373.30434782608694,377.95,0.012335039529233427,0.012411429898943217,0.010035587188611443,0.08438753907781578,0.002352236634498022,,Opp Parkview Apts,Bt Batok East Ave 3,1.34169275195642,103.75908187494267
05199,937.3913043478261,944.6,0.0076526158220131535,0.007681971922346445,0.010035587188611443,-0.08379399295114298,-0.0023302300395337356,,Opp Hong Lim Cplx,Sth Bridge Rd,1.28451455846092,103.84666049314171
14391,556.7391304347826,563.65,0.012314725285783368,0.012390863735578357,0.010035587188611443,0.08365789972882393,0.002331874813958507,,Opp Blk 85,Telok Blangah Hts,1.27790999999895,103.80858611110148
28051,677.695652173913,686.1,0.012307044456703053,0.012383087764254525,0.010035587188611443,0.08338202260134657,0.0023241761037125874,,Opp Ng Teng Fong Gen Hosp,Boon Lay Way,1.332415,103.745637
21689,1467.7826086956522,1479.1000000000001,0.007675752732002827,0.007705286839145555,0.010035587188611443,-0.08296297012796719,-0.0023071467768300863,,Blk 200,Boon Lay Way,1.34241984576482,103.71442338427325
62091,363.7391304347826,366.55,0.007676976902951438,0.0077065204434375355,0.010035587188611443,-0.08291900081667115,-0.002305925429475965,,Opp Gambir Ridge,Bartley Rd,1.34366730308769,103.8751907687792
21421,2479.5217391304345,2510.2,0.012291809813580912,0.012367664586693146,0.010035587188611443,0.08283483042472971,0.0023089061689132513,,Blk 176,Boon Lay Ave,1.34720307776277,103.71032595632526
46521,5562.304347826087,5605.2,0.007680889272691616,0.007710462971647407,0.010035587188611443,-0.0827784777931455,-0.00230202207373298,,Marsiling Stn,Woodlands Ave 3,1.43237833345523,103.77429333367095
54269,816.7826086956522,823.1,0.007695340027682462,0.007725025253867254,0.010035587188611443,-0.08225944101533572,-0.002287604480526802,,Opp Ang Mo Kio Stn,Ang Mo Kio Ave 3,1.36921006543476,103.85111893571647
43019,913.1739130434783,924.4499999999999,0.012259275496099065,0.012334728431465698,0.010035587188611443,0.08166627505688115,0.002276297263202191,,Springdale Condo,Upp Bt Timah Rd,1.34820194,103.7710775
78181,1221.0869565217392,1230.55,0.007713521246679456,0.007743347089796299,0.010035587188611443,-0.08160641483567724,-0.0022694646880665774,,Bef Blk 187,Pasir Ris St 11,1.36476141959655,103.95905802330991
67529,2240.478260869565,2257.85,0.00772024812690475,0.007750126081390715,0.010035587188611443,-0.08136480128406279,-0.002262753051684254,,Opp Blk 157A,Sengkang East Dr,1.38731666838873,103.9092635072425
59149,929.4347826086956,940.9,0.012247126747977788,0.012322429906541553,0.010035587188611443,0.08122992089522772,0.002264120934882537,,Blk 145,Yishun Ave 5,1.43061861098729,103.83218000002928
44071,583.9565217391304,588.5,0.00773719732102407,0.007767206778653056,0.010035587188611443,-0.0807560265101678,-0.002245842066092267,,Blk 464,Choa Chu Kang Ave 3,1.37677726111171,103.73622221734738
42091,2552.304347826087,2572.25,0.007781348430913049,0.007811701801587145,0.010035587188611443,-0.07917022356575304,-0.0022017891401375105,,Beauty World Stn Exit B,Upp Bt Timah Rd,1.34278636864291,103.77539033846315
63369,970.695652173913,982.6,0.012176669959765185,0.012251107432100504,0.010035587188611443,0.07869928049949346,0.002193507111621544,,S'goon Sports Cplx,Yio Chu Kang Link,1.356702,103.874108
66419,315.8695652173913,318.35,0.007797456996953223,0.00782793633369884,0.010035587188611443,-0.07859164215475246,-0.0021857159123051285,,Blk 330,S'goon Ave 3,1.35021638901553,103.86930944403264
54389,2391.217391304348,2409.95,0.007800146089995685,0.00783064648043435,0.010035587188611443,-0.0784950563231558,-0.0021830326932484067,,Blk 465,Ang Mo Kio Ave 10,1.36638973614786,103.85660537812751
43171,1439.695652173913,1457.3,0.01214528501330392,0.01221933848382437,0.010035587188611443,0.07757200780728422,0.0021620538156396046,,Blk 229,Bt Batok East Ave 3,1.34859644473183,103.75460496382075
64601,919.3478260869565,926.6,0.00784893495578931,0.007879818594104263,0.010035587188611443,-0.07674267620802984,-0.0021343491475460438,,Blk 919,Hougang Ave 4,1.37548640364406,103.8845866729986
44531,3816.4347826086955,3846.55,0.00785790792934904,0.00788886231364236,0.010035587188611443,-0.0764203883215655,-0.0021253952852734585,,Opp Choa Chu Kang Stn,Choa Chu Kang Ave 4,1.3843775,103.7446955
44591,668.3478260869565,676.5,0.012105708324405384,0.012179278986684472,0.010035587188611443,0.0761505071939746,0.0021223923446498523,,Blk 490B,Choa Chu Kang Ave 6,1.37543194866252,103.7419701443328
11021,1664.3478260869565,1677.5,0.007866531266333077,0.007897553716418941,0.010035587188611443,-0.07611065855000702,-0.0021167902391871374,,Aft Queenstown NPC HQ,Queensway,1.28941805603102,103.80228694398484
75569,364.60869565217394,367.5,0.00787708772564244,0.007908193602092415,0.010035587188611443,-0.07573149561848666,-0.002106256070086135,,Blk 636C,Tampines Nth Dr 2,1.365866,103.941721
23499,1219.5217391304348,1229.2,0.007898335440366111,0.007929609575377163,0.010035587188611443,-0.07496832819969221,-0.002085052883231741,,Joo Koon Stn Exit A,Joo Koon Circle,1.32755092355685,103.67805103515069
21579,298.8695652173913,301.25,0.007906891992759846,0.007938234014788374,0.010035587188611443,-0.07466099717190731,-0.002076514135171175,,Jurong Sec Sch,Corporation Dr,1.33013472279057,103.72318086110512
03501,917.0,924.3,0.007920618634494225,0.007952069716775721,0.010035587188611443,-0.07416796882145266,-0.0020628159029872375,,Marina Bay Sands Theatre,Bayfront Ave,1.28500467671367,103.8606110538643
55031,680.8260869565217,686.25,0.007923506183638018,0.007954980232113744,0.010035587188611443,-0.07406425491831672,-0.0020599343061653646,,Opp NCS Hub,Yio Chu Kang Rd,1.38944774212221,103.84360331162512
52369,2986.4347826086955,3010.2,0.007923583478714136,0.007955058142073675,0.010035587188611443,-0.07406147866287029,-0.002059857170309045,,Blk 237,Lor 6 Toa Payoh,1.34001833298065,103.85273333299853
44691,2159.5652173913045,2185.75,0.012046561134414269,0.012119413197029244,0.010035587188611443,0.07402608068968906,0.002063121373988453,,Blk 485,Segar Rd,1.38826258050731,103.7714646491703
53169,1173.7826086956522,1183.15,0.007942101023703074,0.007973723168024345,0.010035587188611443,-0.07339637245284221,-0.002041377597720298,,Blk 254,Marymount Rd,1.361908333,103.84244
64479,1226.304347826087,1236.1000000000001,0.007949753677214844,0.00798143687119183,0.010035587188611443,-0.07312150732482922,-0.0020337405369421184,,Blk 665,Hougang Ave 9,1.374401340713,103.88353995121632
60159,2463.826086956522,2483.5,0.007950180013376773,0.007981866610220528,0.010035587188611443,-0.07310619434305825,-0.0020333150677466273,,Blk 54,Bendemeer Rd,1.32409476572475,103.86764196002876
59511,1218.9565217391305,1228.7,0.007955017004890763,0.00798674222174721,0.010035587188611443,-0.07293246110273241,-0.002028487899685889,,Yishun Sec Sch,Yishun St 71,1.42716904966997,103.82895211582186
62051,1301.8695652173913,1312.3,0.007973863917174917,0.008005739838484101,0.010035587188611443,-0.0722555248021843,-0.002009679040891351,,Aft Jln Chermat,Upp Paya Lebar Rd,1.35170429575719,103.87775496869286
60139,2677.521739130435,2709.8500000000004,0.011997186384876457,0.012069441288185677,0.010035587188611443,0.07225265702279393,0.0020136459797771844,,Blk 44,Bendemeer Rd,1.32204861560134,103.86628982237994
44099,1448.7826086956522,1466.25,0.01197628030118647,0.012048283100914216,0.010035587188611443,0.07150176017886119,0.00199269801760651,,Opp Choa Chu Kang Mkt,Choa Chu Kang Ave 1,1.37631844004137,103.74462947882313
71299,338.17391304347825,340.9,0.008005302986092033,0.008037431098576978,0.010035587188611443,-0.07112630815998011,-0.001978302661192605,,Empire Technocentre,Kaki Bt Rd 3,1.33675693078428,103.9040176205713
07371,2299.2608695652175,2326.95,0.011965513921851745,0.012037387063848834,0.010035587188611443,0.07111505741889373,0.0019819102422017733,,Aft Kallang Rd,Lavender St,1.30950750000455,103.86350138902452
52501,464.7391304347826,468.5,0.008042627206458874,0.008075056011949236,0.010035587188611443,-0.06978571086345559,-0.0019410515842508648,,Bef Toa Payoh Pk,Lor 6 Toa Payoh,1.33090220918791,103.85011762889827
76109,3484.565217391304,3512.75,0.008053626411726356,0.008086144097395291,0.010035587188611443,-0.06939064554928218,-0.0019300736686341303,,Blk 302,Tampines Ave 2,1.35296639979416,103.9551184525466
43771,548.9130434782609,555.5,0.011907007755441512,0.011978178368121692,0.010035587188611443,0.06901365495827458,0.0019232898366654222,,Opp Blk 433B,Bt Batok Rd,1.36200917978122,103.74136328540868
44059,635.0869565217391,642.7,0.011897500973550024,0.011968557758031594,0.010035587188611443,0.06867219394510095,0.0019137648157531626,,Blk 632 CP,Woodlands Rd,1.38449631673384,103.75817595629141
76141,4469.217391304348,4522.7,0.011893202213391518,0.011964207557264087,0.010035587188611443,0.06851779269598553,0.0019094578380360531,,Tampines Stn/Int,Tampines Ave 4,1.35366689109025,103.94609060451609
70069,655.304347826087,663.15,0.011883401366722168,0.011954289499833702,0.010035587188611443,0.06816576957482062,0.0018996383251830592,,Aft Bidadari Pk Dr,Upp Aljunied Rd,1.337778056,103.8736111
59479,662.695652173913,668.1,0.00810983654894315,0.008142810350475366,0.010035587188611443,-0.06737171100089835,-0.0018739704443528926,,Opp Blk 430B,Yishun Ave 1,1.42034812354505,103.84865147425622
56039,433.95652173913044,437.5,0.008113735743877193,0.008146741303478046,0.010035587188611443,-0.06723166118509982,-0.0018700785488072885,,Aft Yio Chu Kang Rd,Upp Thomson Rd,1.37673055602474,103.82848388900504
53369,516.8260869565217,521.05,0.008123922315923515,0.008157010915197582,0.010035587188611443,-0.06686578372505021,-0.0018599109746645606,,Opp Blk 454,Sin Ming Ave,1.35947344252352,103.8301455974542
65569,403.82608695652175,408.65,0.011845576628443766,0.011916013317581518,0.010035587188611443,0.0668071948643674,0.0018617424502874761,,Blk 656A,Punggol East,1.400196,103.920347
28649,1607.5217391304348,1620.65,0.008128566661889103,0.008161693156016869,0.010035587188611443,-0.06669896985501095,-0.001855275256004072,,Blk 286A,Toh Guan Rd,1.33901303401774,103.74603439301079
07529,1984.7391304347825,2000.95,0.008130502823363805,0.008163645121737086,0.010035587188611443,-0.06662942753602584,-0.0018533426847709606,,Jln Besar Stn Exit A,Jln Besar,1.30431906266143,103.85501564257024
59821,1229.3478260869565,1244.0,0.011838615072059966,0.011908968831719458,0.010035587188611443,0.06655715230283499,0.001854767957555327,,Blk 334B,Yishun Ave 6,1.432912,103.845777
46181,874.7391304347826,885.15,0.011817986222208532,0.011888094528845282,0.010035587188611443,0.06581621303955136,0.0018341010591420921,,Opp Blk 12,Marsiling Rd,1.44015882292646,103.778867882596
75479,1326.1304347826087,1341.9,0.011812411106755683,0.011882453151618597,0.010035587188611443,0.06561596814145453,0.001828515733933517,,Blk 619A,Tampines Ave 6,1.361776111,103.9381889
47629,304.0,306.5,0.008163310639160315,0.008196721311474782,0.010035587188611443,-0.06545104875866901,-0.0018205951359150229,,Seagate,Woodlands Ave 7,1.44667808186871,103.80985736845511
59349,984.304347826087,996.0,0.011800193950476157,0.011870090901067862,0.010035587188611443,0.06517715692132518,0.0018162763131571204,,Opp Khoo Teck Puat Hosp,Yishun Ctrl,1.42345056032348,103.83882425770956
72011,1800.913043478261,1822.3,0.01179914360266654,0.011869028086092429,0.010035587188611443,0.06513943092410024,0.0018152240581782732,,Blk 322,Jln Eunos,1.32816499999482,103.90548361097667
51079,809.3478260869565,816.0,0.008175524443552185,0.008209035304217602,0.010035587188611443,-0.0650123579303787,-0.0018084034934630038,,Opp MacRitchie Resvr,Thomson Rd,1.34178289872759,103.83615392311769
40109,758.6086956521739,767.6,0.011767251585448335,0.011836758056207049,0.010035587188611443,0.06399394545532883,0.0017832746592712481,,Opp KK Women & Child Hosp,Kg Java Rd,1.30949131269895,103.84770747833439
21249,451.69565217391306,457.05,0.011758298275911017,0.011827698809066119,0.010035587188611443,0.06367236385381896,0.0017743054236761466,,Blk 213,Boon Lay Ave,1.34958421982025,103.71249318123603
75159,2033.304347826087,2050.15,0.008246694839540325,0.00828079249396254,0.010035587188611443,-0.062456086439198574,-0.0017373592741749776,,Blk 874,Tampines Ave 8,1.35405115206724,103.93146643451303
95029,6663.782608695652,6742.3,0.011712083096728776,0.011780938091199903,0.010035587188611443,0.06201242444554266,0.0017280093144505582,,Changi Airport Ter 1,PTB1 Basement,1.361057,103.990812
13063,343.04347826086956,345.9,0.008268514295660445,0.008302792872488397,0.010035587188611443,-0.06167238342815711,-0.0017155774886568127,,RV Suites,River Valley Rd,1.29534692836828,103.82964309110659
28299,2395.086956521739,2415.0,0.008276308106574426,0.008310651424424076,0.010035587188611443,-0.06139244826170985,-0.0017077970183096687,,Blk 253,Jurong Town Hall Rd,1.344658,103.736797
54291,937.8260869565217,945.65,0.008299185552676391,0.008333719260871663,0.010035587188611443,-0.06057074476477822,-0.0016849583809980919,,Blk 564,Ang Mo Kio Ave 3,1.3693065,103.858548
52071,4114.434782608696,4162.75,0.01167162399302768,0.011740003169403587,0.010035587188611443,0.060559229589537564,0.0016874811169142146,,Trellis Twrs,Jln Toa Payoh,1.329978333,103.8438753
60099,1003.1739130434783,1011.55,0.008306675063836089,0.008341271215794956,0.010035587188611443,-0.060301739322352416,-0.001677481461353791,,Bef Lavender St,Bendemeer Rd,1.315304,103.861404
67461,482.5652173913044,486.6,0.00830920578875638,0.008343823053407178,0.010035587188611443,-0.06021084169735062,-0.0016749549784807222,,Aft Sengkang East Ave,Sengkang East Rd,1.38575273465234,103.89121528705635
59581,906.5217391304348,914.1,0.00831582810457654,0.008350500646769286,0.010035587188611443,-0.059972983850676766,-0.001668343732850561,,Blk 432C,Yishun St 41,1.41903123253322,103.84618997941803
54009,24235.782608695652,24438.35,0.00832311647779349,0.008357849908333548,0.010035587188611443,-0.05971120280516061,-0.0016610674926294435,,Ang Mo Kio Int,Ang Mo Kio Ave 8,1.36968769913339,103.84856716193268
58389,381.52173913043475,386.0,0.011639207050266442,0.01170720618322347,0.010035587188611443,0.05939489004271844,0.001655009997484253,,Opp Blk 469B,Sembawang Way,1.44773992017207,103.8135666814871
59209,1356.913043478261,1372.8,0.011631628496111546,0.01169953893442588,0.010035587188611443,0.05912268638751107,0.0016474189295111596,,Blk 272,Yishun Ave 6,1.43856611102095,103.84021166701386
14379,1104.0434782608695,1113.3,0.008341724032805864,0.008376613157066426,0.010035587188611443,-0.05904286364899487,-0.0016424906731877598,,Blk 40,Lower Delta Rd,1.27243833303297,103.82379361102515
62029,407.4782608695652,410.9,0.008341905523619353,0.008376796168174858,0.010035587188611443,-0.05903634493027775,-0.0016423094804547968,,Paya Lebar Gdns,Upp Paya Lebar Rd,1.3441045,103.8827165
52151,889.4347826086956,896.9,0.008348840302468297,0.00838378906249975,0.010035587188611443,-0.05878726415416197,-0.0016353860666527575,,Blk 131,Lor 1 Toa Payoh,1.33834001400213,103.84365712218609
76391,689.2608695652174,695.05,0.008351898860770035,0.008386873267825735,0.010035587188611443,-0.058677408008466936,-0.001632332505604905,,Blk 418,Tampines St 41,1.35844376751138,103.947541136035
20159,523.0869565217391,527.5,0.008385187196452648,0.008420441347270663,0.010035587188611443,-0.05748177009873158,-0.0015990979543963047,,Blk 411,West Coast Rd,1.3184165,103.746512
63329,343.7826086956522,347.8,0.011584593335080662,0.011651954602774352,0.010035587188611443,0.05743329517987539,0.0016003073898237538,,Opp Blk 627,Hougang Ave 2,1.36862870083779,103.882008479663
65039,577.8695652173913,582.75,0.008395632751607707,0.008430974913624621,0.010035587188611443,-0.057106590580875936,-0.0015886690482393646,,Blk 124,Punggol Rd,1.38732058981564,103.90185567950667
28399,2152.608695652174,2170.8,0.008411418612007004,0.008446893989864765,0.010035587188611443,-0.05653959998960258,-0.001572908141948477,,Blk 458,Jurong West St 51,1.34974947213063,103.71964821094637
65279,1783.304347826087,1804.05,0.011559674067446402,0.01162674529106498,0.010035587188611443,0.056538254305785525,0.0015753485546805878,,Bet Blks 187/188,Punggol Ctrl,1.39929726136961,103.91103404530959
63321,944.5217391304348,955.5,0.011543908840469186,0.011610796891524645,0.010035587188611443,0.05597200481799912,0.0015595586164421464,,Blk 627,Hougang Ave 2,1.36913602302795,103.88132215113495
78049,1311.391304347826,1326.6,0.011521904544443018,0.01158853735299021,0.010035587188611443,0.05518166279679476,0.0015375202458968158,,Blk 612,Pasir Ris Dr 1,1.3744627816256,103.94180578126523
46449,1493.7391304347825,1511.05,0.01151464906942401,0.011581197824253849,0.010035587188611443,0.0549210633763679,0.0015302536417994368,,Blk 875,Woodlands St 82,1.442376,103.789952
46008,13808.95652173913,13968.85,0.01151161681800339,0.011578130460380184,0.010035587188611443,0.05481215211132571,0.0015272167548693418,,Woodlands Int,Woodlands Sq,1.43684944,103.7857369
64541,4380.782608695652,4431.5,0.011508129088461772,0.011574602355603463,0.010035587188611443,0.05468688115459715,0.0015237237049001416,,Hougang Ctrl Int,Hougang Ctrl,1.371235,103.8928055
19011,1995.695652173913,2012.85,0.008554672570828536,0.008591368347704872,0.010035587188611443,-0.051394258224254044,-0.0014298692632469388,,Blk 19A CP,C'wealth Ave West,1.30781638901709,103.78423666696615
22251,326.73913043478257,330.5,0.011409851727986364,0.011475192358716057,0.010035587188611443,0.05115699191731401,0.0014253014333006726,,Blk 665A,Jurong West St 62,1.34073333303053,103.70265666700926
44699,1276.5652173913043,1287.55,0.008561462580975565,0.00859821671658038,0.010035587188611443,-0.05115037719587582,-0.001423088938907507,,Blk 457,Segar Rd,1.38805300466507,103.77154344868076
58251,2858.5652173913045,2891.35,0.011399729102793188,0.011464953626273127,0.010035587188611443,0.05079341127626306,0.0014151644316219207,,Sun Plaza/ Sembawang Stn,Sembawang Dr,1.44803148822713,103.81895207486829
75131,2027.8260869565217,2045.3,0.00857594085006852,0.008612819578680505,0.010035587188611443,-0.05063035217690415,-0.0014086311690176643,,Bet Blks 701/702,Tampines Ave 5,1.35594818346107,103.93709646027764
77289,3157.0434782608695,3184.25,0.008578095483654735,0.008614992772078275,0.010035587188611443,-0.05055296285886102,-0.0014064795681975216,,Blk 738,Pasir Ris Dr 1,1.37889759950996,103.93596534133927
44089,680.7391304347826,688.55,0.011392132945097444,0.011457270408163168,0.010035587188611443,0.050520575343702356,0.0014075575530055498,,Opp Blk 296A,Choa Chu Kang Ave 1,1.37648110284286,103.74094532328145
70269,764.7826086956521,773.55,0.011383886749226413,0.01144892976778553,0.010035587188611443,0.050224391584666975,0.001399299784186873,,Citipoint Ind Cplx,Paya Lebar Rd,1.32824611112671,103.89014388885742
44709,576.0434782608695,582.65,0.01138387215754122,0.011448915009041265,0.010035587188611443,0.0502238674860112,0.0013992851720836448,,Blk 547C,Segar Rd,1.3885418939603,103.76842967593706
46779,9119.347826086956,9198.05,0.008592275669361271,0.008629295221387633,0.010035587188611443,-0.05004364428674997,-0.0013923192262345527,,Admiralty Stn,Woodlands Ave 7,1.44071357576488,103.80070754495145
76551,1690.2173913043478,1709.55,0.011366336735475713,0.011431178980923705,0.010035587188611443,0.04959403679742918,0.0013817253669218027,,Tampines Stn Exit D,Tampines Ctrl 1,1.355401,103.943599
58359,363.04347826086956,367.2,0.011352962523695886,0.011417651976592008,0.010035587188611443,0.04911366689341077,0.001368332765212243,,Opp Blk 484A CP,Sembawang Dr,1.45619440004203,103.81465411421149
84379,1240.0434782608695,1250.8,0.008629975040014948,0.008667320627802781,0.010035587188611443,-0.0486895724834473,-0.0013546716354986743,,Opp Blk 546,Bedok Nth Ave 1,1.33041495636834,103.92645503858006
46669,456.5217391304348,460.5,0.008657653131244558,0.008695239000285293,0.010035587188611443,-0.04769544122201207,-0.0013270306564711727,,W'lands Pr Sch,Woodlands Dr 50,1.43740934044808,103.79182446445486
03031,1878.1739130434783,1899.55,0.01131104564888652,0.01137525739802445,0.010035587188611443,0.04760811236351317,0.0013263594138716618,,Raffles Pl Stn Exit F,Robinson Rd,1.28207492207952,103.85086074925066
53371,1075.7826086956522,1085.15,0.008661804657045025,0.008699426633287337,0.010035587188611443,-0.047546328281142664,-0.0013228846312665552,,Blk 257,Bishan St 22,1.35994333341045,103.84379568310376
67241,384.9130434782609,389.3,0.011303606063234106,0.011367733213158749,0.010035587188611443,0.04734090012666365,0.001318909988365137,,Blk 248A,Compassvale Rd,1.39299612191324,103.89844142173672
06071,548.9565217391305,555.2,0.011288718081472027,0.011352676100877198,0.010035587188611443,0.04680615920227769,0.0013040024816668241,,Havelock Stn Exit 2,Zion Rd,1.28685859481289,103.83360028266564
78229,688.0869565217391,694.1,0.008688250203164216,0.008726102593223381,0.010035587188611443,-0.046596467110994855,-0.0012964737203299476,,Blk 485,Pasir Ris Dr 4,1.37411139885456,103.96093853137384
51071,1793.608695652174,1813.95,0.011270917803670066,0.01133467390250939,0.010035587188611443,0.04616681552505802,0.0012861791508890256,,MacRitchie Resvr,Thomson Rd,1.34219256998908,103.83596576505084
52329,1271.7391304347825,1282.8999999999999,0.008730947071227568,0.008769172958016162,0.010035587188611443,-0.04506289707702717,-0.0012538312972915032,,Aft Lor 4 Toa Payoh,Lor 6 Toa Payoh,1.33146817532374,103.85268688199498
13199,937.5652173913044,945.8,0.008735532934101009,0.008773799045721595,0.010035587188611443,-0.04489818378067581,-0.001249251173814557,,Aft Orchard Stn Exit 12,Paterson Rd,1.302127,103.829875
28439,617.5217391304348,622.95,0.008737897589552901,0.008776184451005564,0.010035587188611443,-0.044813250976323535,-0.0012468894696189567,,Blk 124,Jurong East Ctrl,1.33451434015094,103.7385749816785
27131,1248.4782608695652,1259.45,0.008742727182334598,0.008781056440949191,0.010035587188611443,-0.04463978348087897,-0.0012420658871576823,,Blk 932,Jurong West St 91,1.34193999997072,103.6885297219715
50209,896.1304347826087,906.25,0.011216782362008182,0.011279926335174939,0.010035587188611443,0.04422239911060137,0.0012319755485319657,,Aft Pegu Rd,Balestier Rd,1.32392782849174,103.85158181192296
95149,488.4347826086956,493.95,0.01120552694016208,0.01126854401705606,0.010035587188611443,0.04381813110580919,0.0012207063237014203,,Bef Cargo Bldg D,Airline Rd,1.381045,103.997657
47491,702.7391304347826,708.95,0.008786810893869124,0.00882552823427648,0.010035587188611443,-0.0430564013251875,-0.0011980359600032593,,Twin Fountains,Woodlands Ave 6,1.431049,103.8005965
65379,517.7391304347826,523.55,0.011139634230842965,0.011201910988181088,0.010035587188611443,0.041451421577634845,0.0011547353522622452,,Blk 661A,Edgedale Plains,1.40280775893278,103.91633762054916
43189,3342.5652173913045,3372.25,0.008839003282167468,0.008878182622038539,0.010035587188611443,-0.04118177476998479,-0.001145904739648321,,Blk 283,Bt Batok East Ave 3,1.346993,103.756815
50029,1306.8695652173913,1318.5,0.008853349680493672,0.00889265649413277,0.010035587188611443,-0.04066648623557085,-0.0011315746781358168,,Opp United Sq,Thomson Rd,1.316795,103.844656
67211,649.4347826086956,656.7,0.01110786470798697,0.011169786096256868,0.010035587188611443,0.040310335815252556,0.001122929649243763,,Ranggung Stn Exit A,Sengkang East Ave,1.38393828115359,103.89765917692944
52271,1952.7391304347827,1974.55,0.011101801296121927,0.011163654975966053,0.010035587188611443,0.04009255247044056,0.0011168594469968484,,Jackson Sq,Lor 4 Toa Payoh,1.33683113907107,103.84974718092391
98121,749.6086956521739,756.3,0.008875004551010868,0.008914504170528347,0.010035587188611443,-0.03988869474825737,-0.0011099440775186738,,Krislite Bldg,Loyang Way,1.37205479195352,103.97023200986916
28099,7004.0,7082.15,0.01109454422545042,0.011156316916487871,0.010035587188611443,0.039831895737967915,0.0011095942975592877,,Opp Lakeside Stn,Boon Lay Way,1.344324,103.719266
03059,1274.5217391304348,1285.95,0.008919775751359715,0.008959675495109091,0.010035587188611443,-0.038280619628136586,-0.0010652215695657855,,One Raffles Quay,Raffles Quay,1.281111,103.851461
84661,524.0434782608696,528.75,0.008924122250828503,0.008964060947333336,0.010035587188611443,-0.03812450369644577,-0.001060879690646003,,Blk 168,Bedok Sth Ave 3,1.31992811557233,103.94438908816849
66609,1631.1304347826087,1649.25,0.011040614964865192,0.011101787474359947,0.010035587188611443,0.037894884857806246,0.0010556066531439991,,Opp Blk 991A,Buangkok Cres,1.385071,103.882087
17241,409.2608695652174,412.95,0.008951968986398384,0.00899215769393757,0.010035587188611443,-0.037124315131082455,-0.0010330621097997276,,Blk 334,Clementi Ave 2,1.31519114798349,103.76905503649127
52269,758.0,766.4,0.01100640041722123,0.011067193675888466,0.010035587188611443,0.03666597961551337,0.0010213565743247275,,Blk 73,Lor 4 Toa Payoh,1.33404239936331,103.85147452356613
92061,1170.695652173913,1183.65,0.010995397324319534,0.011056068870830337,0.010035587188611443,0.03627077466675774,0.0010103423039373898,,CHIJ Katong Convent (Pr),Marine Parade Rd,1.30585304722559,103.91059595623031
77239,1075.5652173913043,1087.45,0.010979047070992287,0.01103953798311872,0.010035587188611443,0.03568351242276267,0.0009939756650572374,,Blk 643,Pasir Ris Dr 1,1.37741830757924,103.93793201117523
92159,640.7826086956521,646.6,0.009023591195632896,0.009064426529367838,0.010035587188611443,-0.034551815581803154,-0.000961511328473867,,St. Patrick's Sch,East Coast Rd,1.309748,103.9166295
84481,1448.608695652174,1461.75,0.009024570741321014,0.009065414954559984,0.010035587188611443,-0.03451663262852492,-0.0009605327241507313,,Aft Bedok Ind Pk C,Bedok Reservoir Rd,1.33753167256033,103.91532871743395
84479,1241.695652173913,1255.35,0.01092775851677441,0.01098768455671346,0.010035587188611443,0.03384134943981607,0.0009426374478072957,,Blk 713,Bedok Reservoir Rd,1.33742106440195,103.92253160478627
18049,881.1739130434783,890.85,0.010908740113601212,0.01096845736816121,0.010035587188611443,0.03315825359407258,0.0009236012981942262,,Opp Science Pk,AYE,1.29018147748939,103.79208093037771
67399,1013.1304347826087,1024.25,0.01090495448577311,0.01096463022507974,0.010035587188611443,0.033022282838833204,0.0009198121811274464,,Blk 325 CP,Sengkang East Way,1.39385005995777,103.89167010585574
85031,333.7826086956522,337.45,0.010894979041990993,0.010954545454545337,0.010035587188611443,0.032663988604298574,0.0009098276116109647,,Excelsior Gdns,Bedok Rd,1.32501115145725,103.95232021806196
53251,376.1304347826087,380.25,0.01086421945545979,0.010923449388978823,0.010035587188611443,0.03155917735464209,0.0008790405126602575,,Blk 125,Bishan St 11,1.34678829540395,103.85199823380812
43191,1065.304347826087,1076.95,0.010862299699602396,0.01092150866462834,0.010035587188611443,0.03149022428644364,0.0008771190711040408,,Blk 288C,Bt Batok East Ave 6,1.346377,103.759219
59381,957.4347826086956,967.9,0.010859888316981703,0.010919070949010597,0.010035587188611443,0.031403613153232694,0.0008747055763235945,,Blk 314,Yishun Ring Rd,1.43181131616813,103.84196021620254
50059,1727.8695652173913,1743.7,0.009114856682970185,0.009156523488582768,0.010035587188611443,-0.03127377616429243,-0.0008703294331197848,,Opp Thomson Med Ctr,Thomson Rd,1.325264,103.842208
92049,5202.173913043478,5258.95,0.01085271371937857,0.010911818037485596,0.010035587188611443,0.031145918657383146,0.0008675247288198073,,Marine Pde Stn/Parkway Pde,Marine Parade Rd,1.302999,103.905955
46489,1962.4347826086957,1983.8500000000001,0.01084796491588591,0.010907017427311917,0.010035587188611443,0.030975352921209266,0.0008627718169080163,,Aft Gambas Ave,Woodlands Ave 9,1.44952095631928,103.80160651744906
43579,3184.9565217391305,3219.7,0.010846162500522283,0.010905195354614572,0.010035587188611443,0.030910614444693358,0.0008609678480969616,,Bt Gombak Stn,Bt Batok West Ave 5,1.35911715344895,103.75166771394562
63289,764.5217391304348,771.55,0.009139118299133386,0.009181007553814536,0.010035587188611443,-0.030402356568168764,-0.000846088638495987,,Aljunied CC,Hougang Ave 1,1.353941,103.88966
70259,1314.1304347826087,1328.45,0.01082947221089725,0.010888323194921662,0.010035587188611443,0.03031113890496026,0.0008442633280712134,,MacPherson Stn Exit B,Paya Lebar Rd,1.32498730068675,103.89080428753108
65069,3198.6521739130435,3228.05,0.009145868080722153,0.009187819328188025,0.010035587188611443,-0.030159920454002266,-0.0008393445450601819,,Blk 190C,Punggol Rd,1.39504382175966,103.90236824858533
76071,1401.0434782608695,1416.3,0.010822853460836335,0.010881632399913311,0.010035587188611443,0.030073409131884585,0.0008376390119647138,,Blk 141,Tampines Ave 2,1.34802638899143,103.94517805600674
17059,1346.2608695652175,1360.9,0.010807237829317806,0.01086584696808297,0.010035587188611443,0.02951253275746846,0.0008220104222094959,,Regent Pk,Clementi Ave 6,1.31694333299923,103.76170111103328
06039,331.04347826086956,334.65,0.0108030314255263,0.01086159486709461,0.010035587188611443,0.02936144872957556,0.0008178005695644087,,Blk 8,Chin Swee Rd,1.28705997883119,103.83962555611693
04143,782.3913043478261,790.9,0.010802799934131357,0.010861360861361007,0.010035587188611443,0.02935313410879641,0.0008175688888824881,,Bef Stamford Rd,Hill St,1.29411640848293,103.85020606905503
01013,920.695652173913,929.2,0.009184542982893618,0.009226850323128265,0.010035587188611443,-0.02877080987688014,-0.000800701357200947,,St. Joseph's Ch,Victoria St,1.29770970610083,103.8532247463225
59189,698.7391304347826,705.2,0.009190888717357737,0.009233254629054468,0.010035587188611443,-0.028542886175234154,-0.0007943606836569314,,Blk 245,Yishun Ave 9,1.43425361497792,103.84204166750071
64249,882.1304347826087,891.7,0.010777670729951616,0.010835959038991637,0.010035587188611443,0.028450552812896057,0.0007924194558411494,,Blk 327,Hougang Ave 5,1.36809355475239,103.89589220748978
78031,851.8260869565217,861.05,0.010757630907356486,0.01081570226867144,0.010035587188611443,0.02773077000886648,0.0007723639542557211,,Blk 191,Pasir Ris St 12,1.366365,103.958641
46681,653.7391304347826,659.8,0.009214340049098269,0.009256922770435983,0.010035587188611443,-0.02770057006997435,-0.0007709277059661212,,Blk 899A,Woodlands Ave 4,1.4357329097814,103.79577696652271
77319,631.5217391304348,638.35,0.010737445079447738,0.010795298322793946,0.010035587188611443,0.02700574304094575,0.0007521627394309191,,Opp Blks 771/772,Pasir Ris St 71,1.37554666701554,103.93754166696733
98119,907.2173913043479,915.65,0.009241952327527336,0.0092847910383454,0.010035587188611443,-0.026708802647933932,-0.0007433363336789453,,Loyang Pt/Opp Blk 256,Pasir Ris Dr 2,1.3671897219745,103.96432861100051
47079,760.3913043478261,768.6,0.010723476077947325,0.010781178620374364,0.010035587188611443,0.026504009703650428,0.0007381833286075028,,Opp British American Tobacco,Admiralty Rd West,1.45786431264124,103.8029959994045
63049,731.7391304347826,738.55,0.009252147570507852,0.009295080994480785,0.010035587188611443,-0.02634261374853413,-0.0007331486172599343,,Glad Tidings Ch,Upp S'goon Rd,1.36219166668854,103.88752277779692
11171,463.82608695652175,468.15,0.00925921765170834,0.009302216817884066,0.010035587188611443,-0.026088673233489793,-0.0007260836945049424,,Opp Blk 7B,C'wealth Ave,1.30535666699303,103.79479722196947
66481,1425.2173913043478,1440.55,0.010693164892589202,0.01075054110904469,0.010035587188611443,0.025415303958529138,0.0007078502277561218,,Opp Blk 968,Buangkok Green,1.3791866640778,103.8783096213561
53009,13003.652173913044,13143.4,0.010688659431394854,0.010745987221963245,0.010035587188611443,0.025253478499420404,0.0007033415875268002,,Bishan Int,Bishan St 13,1.35045541249544,103.84988083722291
03151,1046.0,1057.25,0.010687668530495742,0.010744985673351951,0.010035587188611443,0.025217887693948338,0.0007023499901771646,,Aft Telok Ayer St,Cecil St,1.27892124625262,103.84776234627124
71101,694.3913043478261,701.85,0.010668782815089095,0.010725897211454026,0.010035587188611443,0.024539557677453878,0.0006834511888477409,,Blk 318,Ubi Ave 1,1.3283069439771,103.90283722202501
76119,468.95652173913044,473.34999999999997,0.009305262351833044,0.009348690905727155,0.010035587188611443,-0.024434857027825708,-0.0006800713673824451,,Opp Blk 945,Tampines Ave 4,1.35188664573357,103.94009028016603
59181,3216.217391304348,3246.3,0.009307060070881334,0.009350505432726166,0.010035587188611443,-0.024370287231796142,-0.0006782748692966065,,Opp Blk 245,Yishun Ave 9,1.43416611096992,103.84218833299445
14249,1712.7391304347825,1731.1,0.01065693588158556,0.010713923279886788,0.010035587188611443,0.024114043979623145,0.0006715962287660198,,Blk 1,Henderson Rd,1.279469339,103.8173996
84521,2655.391304347826,2683.85,0.010656311271851848,0.010713291978329466,0.010035587188611443,0.024091609482340466,0.0006709711997419654,,Blk 506,Bedok Nth Ave 3,1.33230500002897,103.93393805556471
55039,1012.3478260869565,1023.2,0.010652291339069642,0.01070922898700011,0.010035587188611443,0.023947223049963058,0.0006669485777859774,,NCS Hub,Yio Chu Kang Rd,1.3891573228776,103.84383135324573
54281,1312.695652173913,1325.05,0.0093603245590419,0.009404269402615106,0.010035587188611443,-0.022457153397331574,-0.0006250450914839367,,Blk 570,Ang Mo Kio Ave 3,1.369694,103.855165
95109,4533.086956521739,4575.8,0.009376333305484152,0.009420428828967434,0.010035587188611443,-0.02188215726907226,-0.0006090462231694968,,Changi Airport Ter 3,PTB3 Basement,1.357429,103.987082
54659,1729.1739130434783,1747.55,0.010564941823907326,0.010620947881590029,0.010035587188611443,0.020809836046874832,0.000579544622390891,,Techplace 2,Ang Mo Kio Ave 5,1.37834008020794,103.86686274044777
66359,6831.652173913043,6896.25,0.009409870794826247,0.009454282823526795,0.010035587188611443,-0.020677570351988927,-0.0005755285976632578,,S'goon Stn Exit C/Blk 201,S'goon Ctrl,1.35080698547823,103.87328604946424
06011,1919.9565217391305,1940.35,0.010560356963414286,0.010616314336154736,0.010035587188611443,0.020645158753645372,0.0005749571152831559,,Outram Pk Stn Exit 7,Outram Rd,1.28165999996967,103.83801388886192
22519,1228.5217391304348,1240.15,0.009413105389069365,0.00945754800381947,0.010035587188611443,-0.020561391413619734,-0.000572295859793334,,Blk 608,Jurong West St 63,1.33773359608761,103.6999522210238
67471,1451.391304347826,1465.2,0.009462646359057914,0.009507558748690019,0.010035587188611443,-0.018781997503148316,-0.000522782015424988,,Layar Stn Exit B,Sengkang West Ave,1.39218567915754,103.88018144124133
61019,675.2173913043478,681.65,0.009467674015350092,0.009512634218478613,0.010035587188611443,-0.01860141603709481,-0.0005177569748690214,,Opp Blk 101,Upp S'goon Rd,1.33320166700854,103.86976166703383
62059,1704.2173913043478,1722.2,0.010490422580936354,0.01054563997960206,0.010035587188611443,0.01813328193043065,0.000504984970292309,,Blk 161,Upp Paya Lebar Rd,1.35170138896709,103.87859583297927
65719,390.9130434782609,394.65,0.009489994733758778,0.009535167517195787,0.010035587188611443,-0.017799708875871605,-0.000495447564187865,,Blk 432B,New Punggol Rd,1.416996944,103.911575
28601,330.5652173913044,334.05,0.010455249930820365,0.010510097036454235,0.010035587188611443,0.016869963924222874,0.00046979517737941114,,Yuhua Sec Sch,Jurong West St 41,1.34733744665393,103.72316770207861
46069,11552.08695652174,11662.65,0.009524497736640214,0.00957000011290066,0.010035587188611443,-0.016560443006947416,-0.00046096106079462164,,W'lands Train Checkpt,Woodlands Ctr Rd,1.44288948418349,103.76933833799299
28239,1890.086956521739,1908.2,0.009532533119250175,0.009578112426715836,0.010035587188611443,-0.016271831159263013,-0.0004529293499142607,,Jurong Town Hall Int,Jurong Town Hall Rd,1.329722,103.7431495
84049,3335.304347826087,3370.3,0.010434714957941793,0.01048934645207514,0.010035587188611443,0.01613239649871076,0.0004492507682097777,,Blk 27,New Upp Changi Rd,1.32432719820227,103.93471220144858
65231,435.5652173913044,439.75,0.009540047327693202,0.00958569863559427,0.010035587188611443,-0.016001938649111806,-0.00044541851665783104,,Riviera Stn Exit B,Punggol East,1.3942824799683,103.91576531457447
65399,910.6521739130435,920.1999999999999,0.010418638872437214,0.01047310186951511,0.010035587188611443,0.015554981711360437,0.00043316758978905763,,Blk 670A,Edgefield Plains,1.40580472725369,103.91259546667418
63241,3107.826086956522,3137.7,0.009563510521815033,0.009609387018725461,0.010035587188611443,-0.015159196475306053,-0.00042196549833683686,,Blk 21,Hougang Ave 3,1.36409785233957,103.89213557756084
84489,1596.0434782608695,1612.75,0.010406569356589124,0.010460906021997162,0.010035587188611443,0.015121473384668535,0.0004210929186857416,,Opp Bedok Ind Pk C,Bedok Reservoir Rd,1.33804722197723,103.91618833296936
63341,2350.391304347826,2373.1,0.009611220929232722,0.009657557043009453,0.010035587188611443,-0.013445552022143944,-0.00037427408538566497,,Opp Blk 709,Hougang Ave 2,1.36751402871615,103.88882988119938
64609,698.7391304347826,705.5,0.009615607347654098,0.009661985833230203,0.010035587188611443,-0.013288002296541472,-0.000369889299070285,,Blk 687,Hougang Ave 4,1.37595638900393,103.884701388976
43509,640.8695652173913,647.55,0.010353988181743823,0.010407776197249821,0.010035587188611443,0.013232882540629985,0.00036849098522790676,,Blk 291E,Bt Batok St 23,1.34359093090915,103.75436398130816
76101,4045.0434782608695,4084.2,0.009631202047616583,0.009677731331735644,0.010035587188611443,-0.012727877733875702,-0.0003543002458674511,,Tampines East CC,Tampines Ave 2,1.35303315550855,103.95480210652737
43571,3753.173913043478,3792.0,0.010288998219820655,0.010342111968128877,0.010035587188611443,0.010898597553586237,0.00030347918766964664,,Opp Bt Gombak Stn,Bt Batok West Ave 5,1.35920995233758,103.75150455211015
84359,2045.9565217391305,2067.1,0.010276244913566934,0.010329226847918035,0.010035587188611443,0.010440529100516105,0.00029072209240064794,,Opp Bedok Ctrl PO,Bedok Nth St 1,1.32787704925987,103.934076210002
44599,354.82608695652175,358.5,0.010272085458788993,0.010325024437928,0.010035587188611443,0.010291131369618617,0.0002865614370303455,,Bet Blks 801B/801C,Choa Chu Kang Ave 6,1.37551323792473,103.7421877620434
98099,1307.391304347826,1320.9,0.010271724962908735,0.010324660219984617,0.010035587188611443,0.010278183214299293,0.00028620083791086696,,Blk 269A,Pasir Ris Dr 1,1.36457166700645,103.96328361098551
70251,1432.1304347826087,1446.1,0.009700386878971123,0.009747588131787863,0.010035587188611443,-0.010242923005744255,-0.00028513753423798705,,MacPherson Stn Exit C,Paya Lebar Rd,1.32497158481981,103.89037074589527
55089,437.1304347826087,441.65,0.010262727705804942,0.010315570110151407,0.010035587188611443,0.009955023120640729,0.00027720104627133196,,Aft Sunrise Gdns,Yio Chu Kang Rd,1.39129403706334,103.85630398734284
50159,1720.608695652174,1738.35,0.01025233833014827,0.010305073616687846,0.010035587188611443,0.009581861436859499,0.0002668088446531946,,Bef Kim Keat Lane,Kim Keat Rd,1.32456066077113,103.85326623915941
63031,6050.739130434783,6113.1,0.010251888929209585,0.010304619584741426,0.010035587188611443,0.009565720023119713,0.0002663593239113723,,Kovan Stn Exit B,Upp S'goon Rd,1.36050444441455,103.88535194446017
17259,1276.5652173913043,1289.05,0.00972488472414934,0.009772325074870658,0.010035587188611443,-0.009363018624787082,-0.0002606463743258409,,Opp Blk 460,Clementi Ave 2,1.31092798217655,103.76746074010758
40411,395.9130434782609,400.0,0.010244204670637913,0.010296856172636454,0.010035587188611443,0.00928971971646279,0.0002586730480974857,,Blk 221B,Tengah Gdn Ave,1.3576545,103.7292115
66099,643.7391304347826,650.05,0.00974065812881797,0.009788252747993734,0.010035587188611443,-0.008796475413758978,-0.00024487695656957305,,Opp Golden Hill Est,Ang Mo Kio Ave 1,1.35427474694456,103.86142199387719
64351,1083.8260869565217,1094.45,0.009745552126581458,0.009793194661537125,0.010035587188611443,-0.008620694644423506,-0.000239984145260668,,Opp Montfort Sch,Hougang Ave 8,1.374811,103.888082
46399,1516.8695652173913,1531.75,0.009755757795760545,0.009803500329409165,0.010035587188611443,-0.008254131260748341,-0.00022978087321485544,,Aft 888 Plaza,Woodlands Ave 7,1.43896035246776,103.79423705109248
51059,351.39130434782606,355.0,0.01018851261140341,0.010240592227020097,0.010035587188611443,0.007289393298017743,0.00020296813400335202,,Aft Toa Payoh Rise,Thomson Rd,1.3370325833883,103.83735019393414
17041,4958.0,5006.8,0.00979258939109684,0.009840693688243638,0.010035587188611443,-0.006931227884623481,-0.00019295706293902194,,Blk 726 Clementi West Mkt,West Coast Rd,1.3042101570614,103.76455953939507
70021,733.3913043478261,740.9,0.010172464444284657,0.010224379847255724,0.010035587188611443,0.006712981272739689,0.00018691683841534526,,Opp Canossa Catholic Pr,Aljunied Rd,1.32640814876454,103.88033937941422
78109,1701.3478260869565,1718.75,0.010170558998785495,0.010222454921591921,0.010035587188611443,0.006644542198601103,0.0001850110385720344,,Downtown East,Pasir Ris Dr 3,1.375403,103.954556
04329,362.5652173913044,366.15,0.009811787910258829,0.009860081320258285,0.010035587188611443,-0.006241662700598844,-0.00017376206400971517,,Opp UE Sq,Clemenceau Ave,1.29197057108024,103.84328384973516
11071,849.7391304347826,858.15,0.009837991543804492,0.009886543670464945,0.010035587188611443,-0.005300490455199636,-0.00014756264040295328,,Blk 97,Queensway,1.30621305601609,103.80170944396954
54589,1608.9130434782608,1625.3,0.010127328676449388,0.010178783623203444,0.010035587188611443,0.005091811754882153,0.00014177365273889073,,Blk 555,Ang Mo Kio Ave 10,1.37173441613541,103.85671893941708
72069,2134.5652173913045,2156.3,0.010126089326004895,0.010177531658454753,0.010035587188611443,0.0050472972321673045,0.00014053412735526156,,Blk 121,Bedok Reservoir Rd,1.33150994155892,103.90977961908514
75009,43662.391304347824,44106.6,0.010122079783231541,0.010173481316552902,0.010035587188611443,0.004903283984216594,0.00013652402914364904,,Tampines Int,Tampines Ctrl 1,1.35407552367477,103.94339098473914
10079,3443.8695652173915,3478.9,0.010117516048396169,0.010168871163166216,0.010035587188611443,0.004739365474406538,0.00013195968166405288,,Blk 201,Jln Bt Merah,1.2803950142786,103.82708906887606
63109,1283.2173913043478,1296.25,0.01009714045947252,0.010148288587195695,0.010035587188611443,0.0040075227417876455,0.00011158161159247025,,Blk 172,Hougang Ave 3,1.35081444397072,103.88984416702769
08137,496.95652173913044,501.9,0.009878575709352688,0.009927529904828597,0.010035587188611443,-0.003842803674849608,-0.00010698364013452108,,Orchard Plaza,Orchard Rd,1.30073968408393,103.84100500816844
45059,511.2608695652174,516.35,0.009885621898477304,0.009934646070277355,0.010035587188611443,-0.0035897213063923747,-9.993818001507421e-05,,Opp Da Di Glass,Woodlands Rd,1.40340952558706,103.75620896675814
52381,697.2608695652174,704.2,0.00988867895211154,0.009937733499376683,0.010035587188611443,-0.0034799192047782423,-9.688142722488769e-05,,Braddell Tech Bldg,Lor 8 Toa Payoh,1.33988664001033,103.8583063045366
44739,1219.0,1231.35,0.010072056929072204,0.010122950819671751,0.010035587188611443,0.003106581939502906,8.649559695562837e-05,,Blk 180,Jelebu Rd,1.37876549999936,103.76459849996492
66371,2419.478260869565,2443.6,0.009916361259864281,0.009965691293492864,0.010035587188611443,-0.002485636495852495,-6.920141825213474e-05,,Blk 261,S'goon Ctrl,1.353767301605,103.87268543240587
14309,333.17391304347825,336.55,0.010052092292239578,0.010102784283111794,0.010035587188611443,0.0023894996293874794,6.652943257909545e-05,,Blk 41,Telok Blangah Rise,1.27128899958763,103.82302593897191
81219,864.5217391304348,873.15,0.009919493918873812,0.00996885517657069,0.010035587188611443,-0.0023731188288300216,-6.606897112060887e-05,,Opp Geylang Polyclinic,Geylang East Ctrl,1.31877141262042,103.8866869928233
75039,570.1304347826087,575.9,0.01005132549978427,0.010102009744214676,0.010035587188611443,0.0023619582666348404,6.576258940352433e-05,,Springfield Sec Sch,Tampines Ave 8,1.3506577199911,103.92956819494434
67049,1026.1739130434783,1036.55,0.010050907281909716,0.010101587301587413,0.010035587188611443,0.0023469368744537165,6.534434411333904e-05,,The Greenwich,Yio Chu Kang Rd,1.38773464426252,103.869986495669
84351,867.0434782608695,875.7,0.009923055026368033,0.009972451790633751,0.010035587188611443,-0.0022452123104228184,-6.250809256476417e-05,,Bedok Ctrl PO,Bedok Nth St 1,1.32766562447954,103.93409675152876
21651,712.695652173913,719.9,0.010043817403989408,0.010094425830033346,0.010035587188611443,0.0020922853082793484,5.825402804437619e-05,,Opp Chinese Gdn,Yuan Ching Rd,1.33873014874255,103.72402172321266
76081,1822.3478260869565,1840.55,0.009933332084870017,0.009982831389941979,0.010035587188611443,-0.0018760847919221527,-5.223162365625866e-05,,Opp The Holy Trinity Ch,Tampines Ave 2,1.34950194446778,103.94932305553937
62139,2038.5217391304348,2058.9,0.009942099166218021,0.009991686030399481,0.010035587188611443,-0.001561192064410907,-4.346496179818499e-05,,S'goon Stn Exit A/Blk 413,Upp S'goon Rd,1.3490461240579,103.87341165935781
10189,1253.9130434782608,1266.55,0.010019621318828165,0.010069985794962842,0.010035587188611443,0.0012232194300150305,3.405682610366929e-05,,Blk 104A CP,Tiong Bahru Rd,1.28858805222806,103.82183192865197
92231,980.1739130434783,990.05,0.01001526190124391,0.010065582487703376,0.010035587188611443,0.0010666395103158973,2.969726955405907e-05,,Blk 34,Marine Cres,1.30425500081318,103.9123223933556
07379,1237.304347826087,1249.75,0.010000389028426149,0.010050560022471322,0.010035587188611443,0.0005324412633042165,1.4824065656493486e-05,,Aperia/Bef Kallang Rd,Lavender St,1.31017336740849,103.86338225534827
83081,797.8260869565217,805.85,0.009994518696776922,0.01004463070810504,0.010035587188611443,0.00032159290099930586,8.953664215703227e-06,,Opp Perpetual Succour Ch,Sims Ave East,1.32138694232025,103.91736615804473
67719,299.0869565217391,302.1,0.009990496334958188,0.010040567951318207,0.010035587188611443,0.0001771192234023078,4.9312744718509775e-06,,Opp Sengkang Fire Stn,Buangkok Dr,1.37972132476485,103.89527238603087
55269,365.52173913043475,369.2,0.00998556507264503,0.010035587188611443,0.010035587188611443,0.0,0.0,,Opp Bullion Pk Condo,Lentor Ave,1.39267,103.836298
